point_id,gas,temperature_K,pressure_MPa,pressure_basis,salt,salt_molality,salt_composition,m_Na,m_Cl,m_K,m_Ca,m_Mg,m_SO4,source_id,reference,method,flags,gas2,gas2_mole_fraction_feed,solubility_mole_fraction,solubility_mol_per_kgw,value_as_printed,unit_as_printed
C2H6_amirijafari1972_c2c4_001,C2H6,377.5944,4.5850134,total,none,0,,0.000000,0.000000,0.000000,0.000000,0.000000,0.000000,amirijafari1972_c2c4,Amirijafari & Campbell 1972,analytical_sampling,,,,,,1.178,X1: mole fraction of hydrocarbon in water x 10^3
C2H6_amirijafari1972_c2c4_002,C2H6,377.5944,4.5850134,total,none,0,,0.000000,0.000000,0.000000,0.000000,0.000000,0.000000,amirijafari1972_c2c4,Amirijafari & Campbell 1972,analytical_sampling,,,,0.000398,0.022101129,0.398,X2: mole fraction of hydrocarbon in water x 10^3
C2H6_amirijafari1972_c2c4_003,C2H6,377.5944,14.2376732,total,none,0,,0.000000,0.000000,0.000000,0.000000,0.000000,0.000000,amirijafari1972_c2c4,Amirijafari & Campbell 1972,analytical_sampling,,,,,,2.068,X1: mole fraction of hydrocarbon in water x 10^3
C2H6_amirijafari1972_c2c4_004,C2H6,377.5944,14.2376732,total,none,0,,0.000000,0.000000,0.000000,0.000000,0.000000,0.000000,amirijafari1972_c2c4,Amirijafari & Campbell 1972,analytical_sampling,,,,0.0007,0.03888308,0.700,X2: mole fraction of hydrocarbon in water x 10^3
C2H6_amirijafari1972_c2c4_005,C2H6,377.5944,20.78769235,total,none,0,,0.000000,0.000000,0.000000,0.000000,0.000000,0.000000,amirijafari1972_c2c4,Amirijafari & Campbell 1972,analytical_sampling,,,,,,2.370,X1: mole fraction of hydrocarbon in water x 10^3
C2H6_amirijafari1972_c2c4_006,C2H6,377.5944,20.78769235,total,none,0,,0.000000,0.000000,0.000000,0.000000,0.000000,0.000000,amirijafari1972_c2c4,Amirijafari & Campbell 1972,analytical_sampling,,,,0.000803,0.044609045,0.803,X2: mole fraction of hydrocarbon in water x 10^3
C2H6_amirijafari1972_c2c4_007,C2H6,377.5944,27.68244935,total,none,0,,0.000000,0.000000,0.000000,0.000000,0.000000,0.000000,amirijafari1972_c2c4,Amirijafari & Campbell 1972,analytical_sampling,,,,,,2.676,X1: mole fraction of hydrocarbon in water x 10^3
C2H6_amirijafari1972_c2c4_008,C2H6,377.5944,27.68244935,total,none,0,,0.000000,0.000000,0.000000,0.000000,0.000000,0.000000,amirijafari1972_c2c4,Amirijafari & Campbell 1972,analytical_sampling,,,,0.000906,0.050336191,0.906,X2: mole fraction of hydrocarbon in water x 10^3
C2H6_amirijafari1972_c2c4_009,C2H6,377.5944,34.57720636,total,none,0,,0.000000,0.000000,0.000000,0.000000,0.000000,0.000000,amirijafari1972_c2c4,Amirijafari & Campbell 1972,analytical_sampling,,,,,,2.942,X1: mole fraction of hydrocarbon in water x 10^3
C2H6_amirijafari1972_c2c4_010,C2H6,377.5944,34.57720636,total,none,0,,0.000000,0.000000,0.000000,0.000000,0.000000,0.000000,amirijafari1972_c2c4,Amirijafari & Campbell 1972,analytical_sampling,,,,0.000998,0.055452698,0.998,X2: mole fraction of hydrocarbon in water x 10^3
C2H6_amirijafari1972_c2c4_011,C2H6,377.5944,4.5850134,total,none,0,,0.000000,0.000000,0.000000,0.000000,0.000000,0.000000,amirijafari1972_c2c4,Amirijafari & Campbell 1972,analytical_sampling,,,,,,1.276,X1: mole fraction of hydrocarbon in water x 10^3
C2H6_amirijafari1972_c2c4_012,C2H6,377.5944,4.5850134,total,none,0,,0.000000,0.000000,0.000000,0.000000,0.000000,0.000000,amirijafari1972_c2c4,Amirijafari & Campbell 1972,analytical_sampling,,,,0.000271,0.015046847,0.271,X2: mole fraction of hydrocarbon in water x 10^3
C2H6_amirijafari1972_c2c4_013,C2H6,377.5944,14.2376732,total,none,0,,0.000000,0.000000,0.000000,0.000000,0.000000,0.000000,amirijafari1972_c2c4,Amirijafari & Campbell 1972,analytical_sampling,,,,,,2.244,X1: mole fraction of hydrocarbon in water x 10^3
C2H6_amirijafari1972_c2c4_014,C2H6,377.5944,14.2376732,total,none,0,,0.000000,0.000000,0.000000,0.000000,0.000000,0.000000,amirijafari1972_c2c4,Amirijafari & Campbell 1972,analytical_sampling,,,,0.000476,0.026434569,0.476,X2: mole fraction of hydrocarbon in water x 10^3
C2H6_amirijafari1972_c2c4_015,C2H6,377.5944,20.78769235,total,none,0,,0.000000,0.000000,0.000000,0.000000,0.000000,0.000000,amirijafari1972_c2c4,Amirijafari & Campbell 1972,analytical_sampling,,,,,,2.570,X1: mole fraction of hydrocarbon in water x 10^3
C2H6_amirijafari1972_c2c4_016,C2H6,377.5944,20.78769235,total,none,0,,0.000000,0.000000,0.000000,0.000000,0.000000,0.000000,amirijafari1972_c2c4,Amirijafari & Campbell 1972,analytical_sampling,,,,0.000546,0.030324129,0.546,X2: mole fraction of hydrocarbon in water x 10^3
C2H6_amirijafari1972_c2c4_017,C2H6,377.5944,27.68244935,total,none,0,,0.000000,0.000000,0.000000,0.000000,0.000000,0.000000,amirijafari1972_c2c4,Amirijafari & Campbell 1972,analytical_sampling,,,,,,2.882,X1: mole fraction of hydrocarbon in water x 10^3
C2H6_amirijafari1972_c2c4_018,C2H6,377.5944,27.68244935,total,none,0,,0.000000,0.000000,0.000000,0.000000,0.000000,0.000000,amirijafari1972_c2c4,Amirijafari & Campbell 1972,analytical_sampling,,,,0.000613,0.034047504,0.613,X2: mole fraction of hydrocarbon in water x 10^3
C2H6_amirijafari1972_c2c4_019,C2H6,377.5944,34.57720636,total,none,0,,0.000000,0.000000,0.000000,0.000000,0.000000,0.000000,amirijafari1972_c2c4,Amirijafari & Campbell 1972,analytical_sampling,,,,,,3.162,X1: mole fraction of hydrocarbon in water x 10^3
C2H6_amirijafari1972_c2c4_020,C2H6,377.5944,34.57720636,total,none,0,,0.000000,0.000000,0.000000,0.000000,0.000000,0.000000,amirijafari1972_c2c4,Amirijafari & Campbell 1972,analytical_sampling,,,,0.000672,0.03732671,0.672,X2: mole fraction of hydrocarbon in water x 10^3
C2H6_amirijafari1972_c2c4_021,C2H6,344.2611,34.473785,total,none,0,,0.000000,0.000000,0.000000,0.000000,0.000000,0.000000,amirijafari1972_c2c4,Amirijafari & Campbell 1972,analytical_sampling,,,,,,2.780,X1: mole fraction of hydrocarbon in water x 10^3
C2H6_amirijafari1972_c2c4_022,C2H6,344.2611,34.473785,total,none,0,,0.000000,0.000000,0.000000,0.000000,0.000000,0.000000,amirijafari1972_c2c4,Amirijafari & Campbell 1972,analytical_sampling,,,,0.000323,0.017934998,0.323,X2: mole fraction of hydrocarbon in water x 10^3
C2H6_amirijafari1972_c2c4_023,C2H6,360.9278,34.473785,total,none,0,,0.000000,0.000000,0.000000,0.000000,0.000000,0.000000,amirijafari1972_c2c4,Amirijafari & Campbell 1972,analytical_sampling,,,,,,2.830,X1: mole fraction of hydrocarbon in water x 10^3
C2H6_amirijafari1972_c2c4_024,C2H6,360.9278,34.473785,total,none,0,,0.000000,0.000000,0.000000,0.000000,0.000000,0.000000,amirijafari1972_c2c4,Amirijafari & Campbell 1972,analytical_sampling,,,,0.000329,0.018268265,0.329,X2: mole fraction of hydrocarbon in water x 10^3
C2H6_amirijafari1972_c2c4_025,C2H6,377.5944,34.473785,total,none,0,,0.000000,0.000000,0.000000,0.000000,0.000000,0.000000,amirijafari1972_c2c4,Amirijafari & Campbell 1972,analytical_sampling,,,,,,3.158,X1: mole fraction of hydrocarbon in water x 10^3
C2H6_amirijafari1972_c2c4_026,C2H6,377.5944,34.473785,total,none,0,,0.000000,0.000000,0.000000,0.000000,0.000000,0.000000,amirijafari1972_c2c4,Amirijafari & Campbell 1972,analytical_sampling,,,,0.000367,0.020379052,0.367,X2: mole fraction of hydrocarbon in water x 10^3
C2H6_amirijafari1972_c2c4_027,C2H6,377.5944,4.5850134,total,none,0,,0.000000,0.000000,0.000000,0.000000,0.000000,0.000000,amirijafari1972_c2c4,Amirijafari & Campbell 1972,analytical_sampling,,,,,,1.175,X1: mole fraction of hydrocarbon in water x 10^3
C2H6_amirijafari1972_c2c4_028,C2H6,377.5944,4.5850134,total,none,0,,0.000000,0.000000,0.000000,0.000000,0.000000,0.000000,amirijafari1972_c2c4,Amirijafari & Campbell 1972,analytical_sampling,,,,0.000137,0.0076056891,0.137,X2: mole fraction of hydrocarbon in water x 10^3
C2H6_amirijafari1972_c2c4_029,C2H6,377.5944,14.2376732,total,none,0,,0.000000,0.000000,0.000000,0.000000,0.000000,0.000000,amirijafari1972_c2c4,Amirijafari & Campbell 1972,analytical_sampling,,,,,,2.234,X1: mole fraction of hydrocarbon in water x 10^3
C2H6_amirijafari1972_c2c4_030,C2H6,377.5944,14.2376732,total,none,0,,0.000000,0.000000,0.000000,0.000000,0.000000,0.000000,amirijafari1972_c2c4,Amirijafari & Campbell 1972,analytical_sampling,,,,0.00026,0.01443593,0.260,X2: mole fraction of hydrocarbon in water x 10^3
C2H6_amirijafari1972_c2c4_031,C2H6,377.5944,20.78769235,total,none,0,,0.000000,0.000000,0.000000,0.000000,0.000000,0.000000,amirijafari1972_c2c4,Amirijafari & Campbell 1972,analytical_sampling,,,,,,2.614,X1: mole fraction of hydrocarbon in water x 10^3
C2H6_amirijafari1972_c2c4_032,C2H6,377.5944,20.78769235,total,none,0,,0.000000,0.000000,0.000000,0.000000,0.000000,0.000000,amirijafari1972_c2c4,Amirijafari & Campbell 1972,analytical_sampling,,,,0.000304,0.016879677,0.304,X2: mole fraction of hydrocarbon in water x 10^3
C2H6_amirijafari1972_c2c4_033,C2H6,377.5944,27.68244935,total,none,0,,0.000000,0.000000,0.000000,0.000000,0.000000,0.000000,amirijafari1972_c2c4,Amirijafari & Campbell 1972,analytical_sampling,,,,,,2.882,X1: mole fraction of hydrocarbon in water x 10^3
C2H6_amirijafari1972_c2c4_034,C2H6,377.5944,27.68244935,total,none,0,,0.000000,0.000000,0.000000,0.000000,0.000000,0.000000,amirijafari1972_c2c4,Amirijafari & Campbell 1972,analytical_sampling,,,,0.000328,0.01821272,0.328,X2: mole fraction of hydrocarbon in water x 10^3
C2H6_amirijafari1972_c2c4_035,C2H6,377.5944,4.5850134,total,none,0,,0.000000,0.000000,0.000000,0.000000,0.000000,0.000000,amirijafari1972_c2c4,Amirijafari & Campbell 1972,analytical_sampling,,,,,,1.230,X1: mole fraction of hydrocarbon in water x 10^3
C2H6_amirijafari1972_c2c4_036,C2H6,377.5944,4.5850134,total,none,0,,0.000000,0.000000,0.000000,0.000000,0.000000,0.000000,amirijafari1972_c2c4,Amirijafari & Campbell 1972,analytical_sampling,,,,0.000119,0.0066062826,0.119,X2: mole fraction of hydrocarbon in water x 10^3
C2H6_amirijafari1972_c2c4_037,C2H6,377.5944,14.2376732,total,none,0,,0.000000,0.000000,0.000000,0.000000,0.000000,0.000000,amirijafari1972_c2c4,Amirijafari & Campbell 1972,analytical_sampling,,,,,,2.000,X1: mole fraction of hydrocarbon in water x 10^3
C2H6_amirijafari1972_c2c4_038,C2H6,377.5944,14.2376732,total,none,0,,0.000000,0.000000,0.000000,0.000000,0.000000,0.000000,amirijafari1972_c2c4,Amirijafari & Campbell 1972,analytical_sampling,,,,0.000194,0.010770714,0.194,X2: mole fraction of hydrocarbon in water x 10^3
C2H6_amirijafari1972_c2c4_039,C2H6,377.5944,20.78769235,total,none,0,,0.000000,0.000000,0.000000,0.000000,0.000000,0.000000,amirijafari1972_c2c4,Amirijafari & Campbell 1972,analytical_sampling,,,,,,2.668,X1: mole fraction of hydrocarbon in water x 10^3
C2H6_amirijafari1972_c2c4_040,C2H6,377.5944,20.78769235,total,none,0,,0.000000,0.000000,0.000000,0.000000,0.000000,0.000000,amirijafari1972_c2c4,Amirijafari & Campbell 1972,analytical_sampling,,,,0.000258,0.014324856,0.258,X2: mole fraction of hydrocarbon in water x 10^3
C2H6_amirijafari1972_c2c4_041,C2H6,377.5944,27.68244935,total,none,0,,0.000000,0.000000,0.000000,0.000000,0.000000,0.000000,amirijafari1972_c2c4,Amirijafari & Campbell 1972,analytical_sampling,,,,,,2.842,X1: mole fraction of hydrocarbon in water x 10^3
C2H6_amirijafari1972_c2c4_042,C2H6,377.5944,27.68244935,total,none,0,,0.000000,0.000000,0.000000,0.000000,0.000000,0.000000,amirijafari1972_c2c4,Amirijafari & Campbell 1972,analytical_sampling,,,,0.000275,0.015269002,0.275,X2: mole fraction of hydrocarbon in water x 10^3
C2H6_amirijafari1972_c2c4_043,C2H6,377.5944,34.57720636,total,none,0,,0.000000,0.000000,0.000000,0.000000,0.000000,0.000000,amirijafari1972_c2c4,Amirijafari & Campbell 1972,analytical_sampling,,,,,,3.276,X1: mole fraction of hydrocarbon in water x 10^3
C2H6_amirijafari1972_c2c4_044,C2H6,377.5944,34.57720636,total,none,0,,0.000000,0.000000,0.000000,0.000000,0.000000,0.000000,amirijafari1972_c2c4,Amirijafari & Campbell 1972,analytical_sampling,,,,0.000317,0.017601734,0.317,X2: mole fraction of hydrocarbon in water x 10^3
C2H6_amirijafari1972_c2c4_045,C2H6,377.5944,4.5850134,total,none,0,,0.000000,0.000000,0.000000,0.000000,0.000000,0.000000,amirijafari1972_c2c4,Amirijafari & Campbell 1972,analytical_sampling,,,,,,0.768,X1: mole fraction of hydrocarbon in water x 10^3
C2H6_amirijafari1972_c2c4_046,C2H6,377.5944,4.5850134,total,none,0,,0.000000,0.000000,0.000000,0.000000,0.000000,0.000000,amirijafari1972_c2c4,Amirijafari & Campbell 1972,analytical_sampling,,,,0.000596,0.03310272,0.596,X2: mole fraction of hydrocarbon in water x 10^3
C2H6_amirijafari1972_c2c4_047,C2H6,377.5944,14.2376732,total,none,0,,0.000000,0.000000,0.000000,0.000000,0.000000,0.000000,amirijafari1972_c2c4,Amirijafari & Campbell 1972,analytical_sampling,,,,,,1.305,X1: mole fraction of hydrocarbon in water x 10^3
C2H6_amirijafari1972_c2c4_048,C2H6,377.5944,14.2376732,total,none,0,,0.000000,0.000000,0.000000,0.000000,0.000000,0.000000,amirijafari1972_c2c4,Amirijafari & Campbell 1972,analytical_sampling,,,,0.001002,0.055675177,1.002,X2: mole fraction of hydrocarbon in water x 10^3
C2H6_amirijafari1972_c2c4_049,C2H6,377.5944,20.78769235,total,none,0,,0.000000,0.000000,0.000000,0.000000,0.000000,0.000000,amirijafari1972_c2c4,Amirijafari & Campbell 1972,analytical_sampling,,,,,,1.508,X1: mole fraction of hydrocarbon in water x 10^3
C2H6_amirijafari1972_c2c4_050,C2H6,377.5944,20.78769235,total,none,0,,0.000000,0.000000,0.000000,0.000000,0.000000,0.000000,amirijafari1972_c2c4,Amirijafari & Campbell 1972,analytical_sampling,,,,0.00117,0.065020871,1.170,X2: mole fraction of hydrocarbon in water x 10^3
C2H6_amirijafari1972_c2c4_051,C2H6,377.5944,27.68244935,total,none,0,,0.000000,0.000000,0.000000,0.000000,0.000000,0.000000,amirijafari1972_c2c4,Amirijafari & Campbell 1972,analytical_sampling,,,,,,1.635,X1: mole fraction of hydrocarbon in water x 10^3
C2H6_amirijafari1972_c2c4_052,C2H6,377.5944,27.68244935,total,none,0,,0.000000,0.000000,0.000000,0.000000,0.000000,0.000000,amirijafari1972_c2c4,Amirijafari & Campbell 1972,analytical_sampling,,,,0.001269,0.070529628,1.269,X2: mole fraction of hydrocarbon in water x 10^3
C2H6_amirijafari1972_c2c4_053,C2H6,377.5944,34.57720636,total,none,0,,0.000000,0.000000,0.000000,0.000000,0.000000,0.000000,amirijafari1972_c2c4,Amirijafari & Campbell 1972,analytical_sampling,,,,,,1.800,X1: mole fraction of hydrocarbon in water x 10^3
C2H6_amirijafari1972_c2c4_054,C2H6,377.5944,34.57720636,total,none,0,,0.000000,0.000000,0.000000,0.000000,0.000000,0.000000,amirijafari1972_c2c4,Amirijafari & Campbell 1972,analytical_sampling,,,,0.001396,0.077598016,1.396,X2: mole fraction of hydrocarbon in water x 10^3
C2H6_chapoy2004_c2c4_001,C2H6,278.15,2.004,total,none,0,,0.000000,0.000000,0.000000,0.000000,0.000000,0.000000,chapoy2004_c2c4,"Chapoy, Mohammadi, Richon & Tohidi 2004",analytical_sampling,,,,3.87e-05,0.0021482572,0.387,x2·10^4 mole fraction C2H6 (xexp)
C2H6_chapoy2004_c2c4_002,C2H6,283.14,0.987,total,none,0,,0.000000,0.000000,0.000000,0.000000,0.000000,0.000000,chapoy2004_c2c4,"Chapoy, Mohammadi, Richon & Tohidi 2004",analytical_sampling,,,,1.72e-05,0.00095476045,0.172,x2·10^4 mole fraction C2H6 (xexp)
C2H6_chapoy2004_c2c4_003,C2H6,283.15,2.077,total,none,0,,0.000000,0.000000,0.000000,0.000000,0.000000,0.000000,chapoy2004_c2c4,"Chapoy, Mohammadi, Richon & Tohidi 2004",analytical_sampling,,,,3.02e-05,0.0016764035,0.302,x2·10^4 mole fraction C2H6 (xexp)
C2H6_chapoy2004_c2c4_004,C2H6,283.14,3.413,total,none,0,,0.000000,0.000000,0.000000,0.000000,0.000000,0.000000,chapoy2004_c2c4,"Chapoy, Mohammadi, Richon & Tohidi 2004",analytical_sampling,,,,4.28e-05,0.0023758601,0.428,x2·10^4 mole fraction C2H6 (xexp)
C2H6_chapoy2004_c2c4_005,C2H6,283.15,3.415,total,none,0,,0.000000,0.000000,0.000000,0.000000,0.000000,0.000000,chapoy2004_c2c4,"Chapoy, Mohammadi, Richon & Tohidi 2004",analytical_sampling,,,,4.36e-05,0.0024202706,0.436,x2·10^4 mole fraction C2H6 (xexp)
C2H6_chapoy2004_c2c4_006,C2H6,288.16,1.038,total,none,0,,0.000000,0.000000,0.000000,0.000000,0.000000,0.000000,chapoy2004_c2c4,"Chapoy, Mohammadi, Richon & Tohidi 2004",analytical_sampling,,,,1.72e-05,0.00095476045,0.172,x2·10^4 mole fraction C2H6 (xexp)
C2H6_chapoy2004_c2c4_007,C2H6,298.14,2.964,total,none,0,,0.000000,0.000000,0.000000,0.000000,0.000000,0.000000,chapoy2004_c2c4,"Chapoy, Mohammadi, Richon & Tohidi 2004",analytical_sampling,,,,3.3e-05,0.0018318368,0.33,x2·10^4 mole fraction C2H6 (xexp)
C2H6_chapoy2004_c2c4_008,C2H6,298.14,7.257,total,none,0,,0.000000,0.000000,0.000000,0.000000,0.000000,0.000000,chapoy2004_c2c4,"Chapoy, Mohammadi, Richon & Tohidi 2004",analytical_sampling,,,,5.62e-05,0.0031197459,0.562,x2·10^4 mole fraction C2H6 (xexp)
C2H6_chapoy2004_c2c4_009,C2H6,298.14,11.749,total,none,0,,0.000000,0.000000,0.000000,0.000000,0.000000,0.000000,chapoy2004_c2c4,"Chapoy, Mohammadi, Richon & Tohidi 2004",analytical_sampling,,,,6.74e-05,0.0037415165,0.674,x2·10^4 mole fraction C2H6 (xexp)
C2H6_chapoy2004_c2c4_010,C2H6,298.14,14.407,total,none,0,,0.000000,0.000000,0.000000,0.000000,0.000000,0.000000,chapoy2004_c2c4,"Chapoy, Mohammadi, Richon & Tohidi 2004",analytical_sampling,,,,6.72e-05,0.0037304134,0.672,x2·10^4 mole fraction C2H6 (xexp)
C2H6_chapoy2004_c2c4_011,C2H6,313.12,7.46,total,none,0,,0.000000,0.000000,0.000000,0.000000,0.000000,0.000000,chapoy2004_c2c4,"Chapoy, Mohammadi, Richon & Tohidi 2004",analytical_sampling,,,,4.06e-05,0.0022537315,0.406,x2·10^4 mole fraction C2H6 (xexp)
C2H6_chapoy2004_c2c4_012,C2H6,313.12,12.624,total,none,0,,0.000000,0.000000,0.000000,0.000000,0.000000,0.000000,chapoy2004_c2c4,"Chapoy, Mohammadi, Richon & Tohidi 2004",analytical_sampling,,,,5.86e-05,0.0032529813,0.586,x2·10^4 mole fraction C2H6 (xexp)
C2H6_tabasinejad2011_c2c4_001,C2H6,424.41,3.69,total,none,0,,0.000000,0.000000,0.000000,0.000000,0.000000,0.000000,tabasinejad2011_c2c4,"Tabasinejad, Moore, Mehta, Van Fraassen & Barzin (2011, JCED)",gravimetric,,,,,,0.15,"y_H2O (mole fraction water, measured) in the vapour of synthetic gas mixture BG I (Table 2; mixture composition per Table 1: CH4 0.96 / C2H6 0.030 / C3H8 0.0100)"
C2H6_tabasinejad2011_c2c4_002,C2H6,424.41,7.32,total,none,0,,0.000000,0.000000,0.000000,0.000000,0.000000,0.000000,tabasinejad2011_c2c4,"Tabasinejad, Moore, Mehta, Van Fraassen & Barzin (2011, JCED)",gravimetric,,,,,,0.077,"y_H2O (mole fraction water, measured) in the vapour of synthetic gas mixture BG I (Table 2; mixture composition per Table 1: CH4 0.96 / C2H6 0.030 / C3H8 0.0100)"
C2H6_tabasinejad2011_c2c4_003,C2H6,424.41,14.2,total,none,0,,0.000000,0.000000,0.000000,0.000000,0.000000,0.000000,tabasinejad2011_c2c4,"Tabasinejad, Moore, Mehta, Van Fraassen & Barzin (2011, JCED)",gravimetric,,,,,,0.044,"y_H2O (mole fraction water, measured) in the vapour of synthetic gas mixture BG I (Table 2; mixture composition per Table 1: CH4 0.96 / C2H6 0.030 / C3H8 0.0100)"
C2H6_tabasinejad2011_c2c4_004,C2H6,424.41,21.76,total,none,0,,0.000000,0.000000,0.000000,0.000000,0.000000,0.000000,tabasinejad2011_c2c4,"Tabasinejad, Moore, Mehta, Van Fraassen & Barzin (2011, JCED)",gravimetric,,,,,,0.033,"y_H2O (mole fraction water, measured) in the vapour of synthetic gas mixture BG I (Table 2; mixture composition per Table 1: CH4 0.96 / C2H6 0.030 / C3H8 0.0100)"
C2H6_tabasinejad2011_c2c4_005,C2H6,424.41,27.61,total,none,0,,0.000000,0.000000,0.000000,0.000000,0.000000,0.000000,tabasinejad2011_c2c4,"Tabasinejad, Moore, Mehta, Van Fraassen & Barzin (2011, JCED)",gravimetric,,,,,,0.028,"y_H2O (mole fraction water, measured) in the vapour of synthetic gas mixture BG I (Table 2; mixture composition per Table 1: CH4 0.96 / C2H6 0.030 / C3H8 0.0100)"
C2H6_tabasinejad2011_c2c4_006,C2H6,424.41,34.6,total,none,0,,0.000000,0.000000,0.000000,0.000000,0.000000,0.000000,tabasinejad2011_c2c4,"Tabasinejad, Moore, Mehta, Van Fraassen & Barzin (2011, JCED)",gravimetric,,,,,,0.025,"y_H2O (mole fraction water, measured) in the vapour of synthetic gas mixture BG I (Table 2; mixture composition per Table 1: CH4 0.96 / C2H6 0.030 / C3H8 0.0100)"
C2H6_tabasinejad2011_c2c4_007,C2H6,424.41,41.62,total,none,0,,0.000000,0.000000,0.000000,0.000000,0.000000,0.000000,tabasinejad2011_c2c4,"Tabasinejad, Moore, Mehta, Van Fraassen & Barzin (2011, JCED)",gravimetric,,,,,,0.022,"y_H2O (mole fraction water, measured) in the vapour of synthetic gas mixture BG I (Table 2; mixture composition per Table 1: CH4 0.96 / C2H6 0.030 / C3H8 0.0100)"
C2H6_tabasinejad2011_c2c4_008,C2H6,424.41,69.14,total,none,0,,0.000000,0.000000,0.000000,0.000000,0.000000,0.000000,tabasinejad2011_c2c4,"Tabasinejad, Moore, Mehta, Van Fraassen & Barzin (2011, JCED)",gravimetric,,,,,,0.0179,"y_H2O (mole fraction water, measured) in the vapour of synthetic gas mixture BG I (Table 2; mixture composition per Table 1: CH4 0.96 / C2H6 0.030 / C3H8 0.0100)"
C2H6_tabasinejad2011_c2c4_009,C2H6,424.41,103.41,total,none,0,,0.000000,0.000000,0.000000,0.000000,0.000000,0.000000,tabasinejad2011_c2c4,"Tabasinejad, Moore, Mehta, Van Fraassen & Barzin (2011, JCED)",gravimetric,,,,,,0.0150,"y_H2O (mole fraction water, measured) in the vapour of synthetic gas mixture BG I (Table 2; mixture composition per Table 1: CH4 0.96 / C2H6 0.030 / C3H8 0.0100)"
C2H6_tabasinejad2011_c2c4_010,C2H6,478.2,3.71,total,none,0,,0.000000,0.000000,0.000000,0.000000,0.000000,0.000000,tabasinejad2011_c2c4,"Tabasinejad, Moore, Mehta, Van Fraassen & Barzin (2011, JCED)",gravimetric,,,,,,0.491,"y_H2O (mole fraction water, measured) in the vapour of synthetic gas mixture BG I (Table 2; mixture composition per Table 1: CH4 0.96 / C2H6 0.030 / C3H8 0.0100)"
C2H6_tabasinejad2011_c2c4_011,C2H6,478.2,7.44,total,none,0,,0.000000,0.000000,0.000000,0.000000,0.000000,0.000000,tabasinejad2011_c2c4,"Tabasinejad, Moore, Mehta, Van Fraassen & Barzin (2011, JCED)",gravimetric,,,,,,0.270,"y_H2O (mole fraction water, measured) in the vapour of synthetic gas mixture BG I (Table 2; mixture composition per Table 1: CH4 0.96 / C2H6 0.030 / C3H8 0.0100)"
C2H6_tabasinejad2011_c2c4_012,C2H6,478.2,14.01,total,none,0,,0.000000,0.000000,0.000000,0.000000,0.000000,0.000000,tabasinejad2011_c2c4,"Tabasinejad, Moore, Mehta, Van Fraassen & Barzin (2011, JCED)",gravimetric,,,,,,0.164,"y_H2O (mole fraction water, measured) in the vapour of synthetic gas mixture BG I (Table 2; mixture composition per Table 1: CH4 0.96 / C2H6 0.030 / C3H8 0.0100)"
C2H6_tabasinejad2011_c2c4_013,C2H6,478.2,21.38,total,none,0,,0.000000,0.000000,0.000000,0.000000,0.000000,0.000000,tabasinejad2011_c2c4,"Tabasinejad, Moore, Mehta, Van Fraassen & Barzin (2011, JCED)",gravimetric,,,,,,0.118,"y_H2O (mole fraction water, measured) in the vapour of synthetic gas mixture BG I (Table 2; mixture composition per Table 1: CH4 0.96 / C2H6 0.030 / C3H8 0.0100)"
C2H6_tabasinejad2011_c2c4_014,C2H6,478.2,28.14,total,none,0,,0.000000,0.000000,0.000000,0.000000,0.000000,0.000000,tabasinejad2011_c2c4,"Tabasinejad, Moore, Mehta, Van Fraassen & Barzin (2011, JCED)",gravimetric,,,,,,0.097,"y_H2O (mole fraction water, measured) in the vapour of synthetic gas mixture BG I (Table 2; mixture composition per Table 1: CH4 0.96 / C2H6 0.030 / C3H8 0.0100)"
C2H6_tabasinejad2011_c2c4_015,C2H6,478.2,35.03,total,none,0,,0.000000,0.000000,0.000000,0.000000,0.000000,0.000000,tabasinejad2011_c2c4,"Tabasinejad, Moore, Mehta, Van Fraassen & Barzin (2011, JCED)",gravimetric,,,,,,0.084,"y_H2O (mole fraction water, measured) in the vapour of synthetic gas mixture BG I (Table 2; mixture composition per Table 1: CH4 0.96 / C2H6 0.030 / C3H8 0.0100)"
C2H6_tabasinejad2011_c2c4_016,C2H6,478.2,41.84,total,none,0,,0.000000,0.000000,0.000000,0.000000,0.000000,0.000000,tabasinejad2011_c2c4,"Tabasinejad, Moore, Mehta, Van Fraassen & Barzin (2011, JCED)",gravimetric,,,,,,0.076,"y_H2O (mole fraction water, measured) in the vapour of synthetic gas mixture BG I (Table 2; mixture composition per Table 1: CH4 0.96 / C2H6 0.030 / C3H8 0.0100)"
C2H6_tabasinejad2011_c2c4_017,C2H6,478.2,69.43,total,none,0,,0.000000,0.000000,0.000000,0.000000,0.000000,0.000000,tabasinejad2011_c2c4,"Tabasinejad, Moore, Mehta, Van Fraassen & Barzin (2011, JCED)",gravimetric,,,,,,0.0574,"y_H2O (mole fraction water, measured) in the vapour of synthetic gas mixture BG I (Table 2; mixture composition per Table 1: CH4 0.96 / C2H6 0.030 / C3H8 0.0100)"
C2H6_tabasinejad2011_c2c4_018,C2H6,478.2,104.3,total,none,0,,0.000000,0.000000,0.000000,0.000000,0.000000,0.000000,tabasinejad2011_c2c4,"Tabasinejad, Moore, Mehta, Van Fraassen & Barzin (2011, JCED)",gravimetric,,,,,,0.0480,"y_H2O (mole fraction water, measured) in the vapour of synthetic gas mixture BG I (Table 2; mixture composition per Table 1: CH4 0.96 / C2H6 0.030 / C3H8 0.0100)"
C2H6_tabasinejad2011_c2c4_019,C2H6,478.2,132.57,total,none,0,,0.000000,0.000000,0.000000,0.000000,0.000000,0.000000,tabasinejad2011_c2c4,"Tabasinejad, Moore, Mehta, Van Fraassen & Barzin (2011, JCED)",gravimetric,,,,,,0.0434,"y_H2O (mole fraction water, measured) in the vapour of synthetic gas mixture BG I (Table 2; mixture composition per Table 1: CH4 0.96 / C2H6 0.030 / C3H8 0.0100)"
C2H6_tabasinejad2011_c2c4_020,C2H6,422.6,3.74,total,none,0,,0.000000,0.000000,0.000000,0.000000,0.000000,0.000000,tabasinejad2011_c2c4,"Tabasinejad, Moore, Mehta, Van Fraassen & Barzin (2011, JCED)",gravimetric,,,,,,0.134,"y_H2O (mole fraction water, measured) in the vapour of synthetic gas mixture BG II (Table 2; mixture composition per Table 1: CH4 0.96 / C2H6 0.030 / C3H8 0.0100)"
C2H6_tabasinejad2011_c2c4_021,C2H6,422.6,7.09,total,none,0,,0.000000,0.000000,0.000000,0.000000,0.000000,0.000000,tabasinejad2011_c2c4,"Tabasinejad, Moore, Mehta, Van Fraassen & Barzin (2011, JCED)",gravimetric,,,,,,0.074,"y_H2O (mole fraction water, measured) in the vapour of synthetic gas mixture BG II (Table 2; mixture composition per Table 1: CH4 0.96 / C2H6 0.030 / C3H8 0.0100)"
C2H6_tabasinejad2011_c2c4_022,C2H6,422.6,14.95,total,none,0,,0.000000,0.000000,0.000000,0.000000,0.000000,0.000000,tabasinejad2011_c2c4,"Tabasinejad, Moore, Mehta, Van Fraassen & Barzin (2011, JCED)",gravimetric,,,,,,0.041,"y_H2O (mole fraction water, measured) in the vapour of synthetic gas mixture BG II (Table 2; mixture composition per Table 1: CH4 0.96 / C2H6 0.030 / C3H8 0.0100)"
C2H6_tabasinejad2011_c2c4_023,C2H6,422.6,20.79,total,none,0,,0.000000,0.000000,0.000000,0.000000,0.000000,0.000000,tabasinejad2011_c2c4,"Tabasinejad, Moore, Mehta, Van Fraassen & Barzin (2011, JCED)",gravimetric,,,,,,0.029,"y_H2O (mole fraction water, measured) in the vapour of synthetic gas mixture BG II (Table 2; mixture composition per Table 1: CH4 0.96 / C2H6 0.030 / C3H8 0.0100)"
C2H6_tabasinejad2011_c2c4_024,C2H6,422.6,28.06,total,none,0,,0.000000,0.000000,0.000000,0.000000,0.000000,0.000000,tabasinejad2011_c2c4,"Tabasinejad, Moore, Mehta, Van Fraassen & Barzin (2011, JCED)",gravimetric,,,,,,0.025,"y_H2O (mole fraction water, measured) in the vapour of synthetic gas mixture BG II (Table 2; mixture composition per Table 1: CH4 0.96 / C2H6 0.030 / C3H8 0.0100)"
C2H6_tabasinejad2011_c2c4_025,C2H6,422.6,34.61,total,none,0,,0.000000,0.000000,0.000000,0.000000,0.000000,0.000000,tabasinejad2011_c2c4,"Tabasinejad, Moore, Mehta, Van Fraassen & Barzin (2011, JCED)",gravimetric,,,,,,0.023,"y_H2O (mole fraction water, measured) in the vapour of synthetic gas mixture BG II (Table 2; mixture composition per Table 1: CH4 0.96 / C2H6 0.030 / C3H8 0.0100)"
C2H6_tabasinejad2011_c2c4_026,C2H6,422.6,41.43,total,none,0,,0.000000,0.000000,0.000000,0.000000,0.000000,0.000000,tabasinejad2011_c2c4,"Tabasinejad, Moore, Mehta, Van Fraassen & Barzin (2011, JCED)",gravimetric,,,,,,0.0208,"y_H2O (mole fraction water, measured) in the vapour of synthetic gas mixture BG II (Table 2; mixture composition per Table 1: CH4 0.96 / C2H6 0.030 / C3H8 0.0100)"
C2H6_tabasinejad2011_c2c4_027,C2H6,422.6,69.41,total,none,0,,0.000000,0.000000,0.000000,0.000000,0.000000,0.000000,tabasinejad2011_c2c4,"Tabasinejad, Moore, Mehta, Van Fraassen & Barzin (2011, JCED)",gravimetric,,,,,,0.0166,"y_H2O (mole fraction water, measured) in the vapour of synthetic gas mixture BG II (Table 2; mixture composition per Table 1: CH4 0.96 / C2H6 0.030 / C3H8 0.0100)"
C2H6_tabasinejad2011_c2c4_028,C2H6,422.6,102.18,total,none,0,,0.000000,0.000000,0.000000,0.000000,0.000000,0.000000,tabasinejad2011_c2c4,"Tabasinejad, Moore, Mehta, Van Fraassen & Barzin (2011, JCED)",gravimetric,,,,,,0.0147,"y_H2O (mole fraction water, measured) in the vapour of synthetic gas mixture BG II (Table 2; mixture composition per Table 1: CH4 0.96 / C2H6 0.030 / C3H8 0.0100)"
C2H6_tabasinejad2011_c2c4_029,C2H6,422.6,132.65,total,none,0,,0.000000,0.000000,0.000000,0.000000,0.000000,0.000000,tabasinejad2011_c2c4,"Tabasinejad, Moore, Mehta, Van Fraassen & Barzin (2011, JCED)",gravimetric,,,,,,0.0130,"y_H2O (mole fraction water, measured) in the vapour of synthetic gas mixture BG II (Table 2; mixture composition per Table 1: CH4 0.96 / C2H6 0.030 / C3H8 0.0100)"
C2H6_tabasinejad2011_c2c4_030,C2H6,478.5,3.76,total,none,0,,0.000000,0.000000,0.000000,0.000000,0.000000,0.000000,tabasinejad2011_c2c4,"Tabasinejad, Moore, Mehta, Van Fraassen & Barzin (2011, JCED)",gravimetric,,,,,,0.475,"y_H2O (mole fraction water, measured) in the vapour of synthetic gas mixture BG II (Table 2; mixture composition per Table 1: CH4 0.96 / C2H6 0.030 / C3H8 0.0100)"
C2H6_tabasinejad2011_c2c4_031,C2H6,478.5,7.21,total,none,0,,0.000000,0.000000,0.000000,0.000000,0.000000,0.000000,tabasinejad2011_c2c4,"Tabasinejad, Moore, Mehta, Van Fraassen & Barzin (2011, JCED)",gravimetric,,,,,,0.282,"y_H2O (mole fraction water, measured) in the vapour of synthetic gas mixture BG II (Table 2; mixture composition per Table 1: CH4 0.96 / C2H6 0.030 / C3H8 0.0100)"
C2H6_tabasinejad2011_c2c4_032,C2H6,478.5,14.13,total,none,0,,0.000000,0.000000,0.000000,0.000000,0.000000,0.000000,tabasinejad2011_c2c4,"Tabasinejad, Moore, Mehta, Van Fraassen & Barzin (2011, JCED)",gravimetric,,,,,,0.163,"y_H2O (mole fraction water, measured) in the vapour of synthetic gas mixture BG II (Table 2; mixture composition per Table 1: CH4 0.96 / C2H6 0.030 / C3H8 0.0100)"
C2H6_tabasinejad2011_c2c4_033,C2H6,478.5,21.38,total,none,0,,0.000000,0.000000,0.000000,0.000000,0.000000,0.000000,tabasinejad2011_c2c4,"Tabasinejad, Moore, Mehta, Van Fraassen & Barzin (2011, JCED)",gravimetric,,,,,,0.117,"y_H2O (mole fraction water, measured) in the vapour of synthetic gas mixture BG II (Table 2; mixture composition per Table 1: CH4 0.96 / C2H6 0.030 / C3H8 0.0100)"
C2H6_tabasinejad2011_c2c4_034,C2H6,478.5,28.18,total,none,0,,0.000000,0.000000,0.000000,0.000000,0.000000,0.000000,tabasinejad2011_c2c4,"Tabasinejad, Moore, Mehta, Van Fraassen & Barzin (2011, JCED)",gravimetric,,,,,,0.096,"y_H2O (mole fraction water, measured) in the vapour of synthetic gas mixture BG II (Table 2; mixture composition per Table 1: CH4 0.96 / C2H6 0.030 / C3H8 0.0100)"
C2H6_tabasinejad2011_c2c4_035,C2H6,478.5,35.04,total,none,0,,0.000000,0.000000,0.000000,0.000000,0.000000,0.000000,tabasinejad2011_c2c4,"Tabasinejad, Moore, Mehta, Van Fraassen & Barzin (2011, JCED)",gravimetric,,,,,,0.082,"y_H2O (mole fraction water, measured) in the vapour of synthetic gas mixture BG II (Table 2; mixture composition per Table 1: CH4 0.96 / C2H6 0.030 / C3H8 0.0100)"
C2H6_tabasinejad2011_c2c4_036,C2H6,478.5,41.81,total,none,0,,0.000000,0.000000,0.000000,0.000000,0.000000,0.000000,tabasinejad2011_c2c4,"Tabasinejad, Moore, Mehta, Van Fraassen & Barzin (2011, JCED)",gravimetric,,,,,,0.074,"y_H2O (mole fraction water, measured) in the vapour of synthetic gas mixture BG II (Table 2; mixture composition per Table 1: CH4 0.96 / C2H6 0.030 / C3H8 0.0100)"
C2H6_tabasinejad2011_c2c4_037,C2H6,478.5,70.21,total,none,0,,0.000000,0.000000,0.000000,0.000000,0.000000,0.000000,tabasinejad2011_c2c4,"Tabasinejad, Moore, Mehta, Van Fraassen & Barzin (2011, JCED)",gravimetric,,,,,,0.0568,"y_H2O (mole fraction water, measured) in the vapour of synthetic gas mixture BG II (Table 2; mixture composition per Table 1: CH4 0.96 / C2H6 0.030 / C3H8 0.0100)"
C2H6_tabasinejad2011_c2c4_038,C2H6,478.5,103.37,total,none,0,,0.000000,0.000000,0.000000,0.000000,0.000000,0.000000,tabasinejad2011_c2c4,"Tabasinejad, Moore, Mehta, Van Fraassen & Barzin (2011, JCED)",gravimetric,,,,,,0.0489,"y_H2O (mole fraction water, measured) in the vapour of synthetic gas mixture BG II (Table 2; mixture composition per Table 1: CH4 0.96 / C2H6 0.030 / C3H8 0.0100)"
C2H6_tabasinejad2011_c2c4_039,C2H6,478.5,130.08,total,none,0,,0.000000,0.000000,0.000000,0.000000,0.000000,0.000000,tabasinejad2011_c2c4,"Tabasinejad, Moore, Mehta, Van Fraassen & Barzin (2011, JCED)",gravimetric,,,,,,0.0430,"y_H2O (mole fraction water, measured) in the vapour of synthetic gas mixture BG II (Table 2; mixture composition per Table 1: CH4 0.96 / C2H6 0.030 / C3H8 0.0100)"
C3H8_amirijafari1972_c2c4_001,C3H8,377.5944,4.5850134,total,none,0,,0.000000,0.000000,0.000000,0.000000,0.000000,0.000000,amirijafari1972_c2c4,Amirijafari & Campbell 1972,analytical_sampling,,,,1.9e-05,0.0010546791,0.019,X3: mole fraction of hydrocarbon in water x 10^3
C3H8_amirijafari1972_c2c4_002,C3H8,377.5944,14.2376732,total,none,0,,0.000000,0.000000,0.000000,0.000000,0.000000,0.000000,amirijafari1972_c2c4,Amirijafari & Campbell 1972,analytical_sampling,,,,3.2e-05,0.0017763248,0.032,X3: mole fraction of hydrocarbon in water x 10^3
C3H8_amirijafari1972_c2c4_003,C3H8,377.5944,20.78769235,total,none,0,,0.000000,0.000000,0.000000,0.000000,0.000000,0.000000,amirijafari1972_c2c4,Amirijafari & Campbell 1972,analytical_sampling,,,,4.1e-05,0.0022759366,0.041,X3: mole fraction of hydrocarbon in water x 10^3
C3H8_amirijafari1972_c2c4_004,C3H8,377.5944,27.68244935,total,none,0,,0.000000,0.000000,0.000000,0.000000,0.000000,0.000000,amirijafari1972_c2c4,Amirijafari & Campbell 1972,analytical_sampling,,,,4.2e-05,0.0023314496,0.042,X3: mole fraction of hydrocarbon in water x 10^3
C3H8_amirijafari1972_c2c4_005,C3H8,377.5944,34.57720636,total,none,0,,0.000000,0.000000,0.000000,0.000000,0.000000,0.000000,amirijafari1972_c2c4,Amirijafari & Campbell 1972,analytical_sampling,,,,3.9e-05,0.002164911,0.039,X3: mole fraction of hydrocarbon in water x 10^3
C3H8_amirijafari1972_c2c4_006,C3H8,377.5944,4.5850134,total,none,0,,0.000000,0.000000,0.000000,0.000000,0.000000,0.000000,amirijafari1972_c2c4,Amirijafari & Campbell 1972,analytical_sampling,,,,4.8e-05,0.0026645298,0.048,X3: mole fraction of hydrocarbon in water x 10^3
C3H8_amirijafari1972_c2c4_007,C3H8,377.5944,14.2376732,total,none,0,,0.000000,0.000000,0.000000,0.000000,0.000000,0.000000,amirijafari1972_c2c4,Amirijafari & Campbell 1972,analytical_sampling,,,,8.6e-05,0.0047741307,0.086,X3: mole fraction of hydrocarbon in water x 10^3
C3H8_amirijafari1972_c2c4_008,C3H8,377.5944,20.78769235,total,none,0,,0.000000,0.000000,0.000000,0.000000,0.000000,0.000000,amirijafari1972_c2c4,Amirijafari & Campbell 1972,analytical_sampling,,,,0.000102,0.0056624317,0.102,X3: mole fraction of hydrocarbon in water x 10^3
C3H8_amirijafari1972_c2c4_009,C3H8,377.5944,27.68244935,total,none,0,,0.000000,0.000000,0.000000,0.000000,0.000000,0.000000,amirijafari1972_c2c4,Amirijafari & Campbell 1972,analytical_sampling,,,,0.000111,0.0061621134,0.111,X3: mole fraction of hydrocarbon in water x 10^3
C3H8_amirijafari1972_c2c4_010,C3H8,377.5944,34.57720636,total,none,0,,0.000000,0.000000,0.000000,0.000000,0.000000,0.000000,amirijafari1972_c2c4,Amirijafari & Campbell 1972,analytical_sampling,,,,0.000123,0.0068283698,0.123,X3: mole fraction of hydrocarbon in water x 10^3
C3H8_amirijafari1972_c2c4_011,C3H8,344.2611,34.473785,total,none,0,,0.000000,0.000000,0.000000,0.000000,0.000000,0.000000,amirijafari1972_c2c4,Amirijafari & Campbell 1972,analytical_sampling,,,,0.000198,0.010992835,0.198,X3: mole fraction of hydrocarbon in water x 10^3
C3H8_amirijafari1972_c2c4_012,C3H8,360.9278,34.473785,total,none,0,,0.000000,0.000000,0.000000,0.000000,0.000000,0.000000,amirijafari1972_c2c4,Amirijafari & Campbell 1972,analytical_sampling,,,,0.000206,0.011437081,0.206,X3: mole fraction of hydrocarbon in water x 10^3
C3H8_amirijafari1972_c2c4_013,C3H8,377.5944,34.473785,total,none,0,,0.000000,0.000000,0.000000,0.000000,0.000000,0.000000,amirijafari1972_c2c4,Amirijafari & Campbell 1972,analytical_sampling,,,,0.000225,0.012492195,0.225,X3: mole fraction of hydrocarbon in water x 10^3
C3H8_amirijafari1972_c2c4_014,C3H8,377.5944,4.5850134,total,none,0,,0.000000,0.000000,0.000000,0.000000,0.000000,0.000000,amirijafari1972_c2c4,Amirijafari & Campbell 1972,analytical_sampling,,,,8.3e-05,0.0046075774,0.083,X3: mole fraction of hydrocarbon in water x 10^3
C3H8_amirijafari1972_c2c4_015,C3H8,377.5944,14.2376732,total,none,0,,0.000000,0.000000,0.000000,0.000000,0.000000,0.000000,amirijafari1972_c2c4,Amirijafari & Campbell 1972,analytical_sampling,,,,0.000161,0.0089382872,0.161,X3: mole fraction of hydrocarbon in water x 10^3
C3H8_amirijafari1972_c2c4_016,C3H8,377.5944,20.78769235,total,none,0,,0.000000,0.000000,0.000000,0.000000,0.000000,0.000000,amirijafari1972_c2c4,Amirijafari & Campbell 1972,analytical_sampling,,,,0.000161,0.0089382872,0.161,X3: mole fraction of hydrocarbon in water x 10^3
C3H8_amirijafari1972_c2c4_017,C3H8,377.5944,27.68244935,total,none,0,,0.000000,0.000000,0.000000,0.000000,0.000000,0.000000,amirijafari1972_c2c4,Amirijafari & Campbell 1972,analytical_sampling,,,,0.000205,0.01138155,0.205,X3: mole fraction of hydrocarbon in water x 10^3
C3H8_amirijafari1972_c2c4_018,C3H8,377.5944,4.5850134,total,none,0,,0.000000,0.000000,0.000000,0.000000,0.000000,0.000000,amirijafari1972_c2c4,Amirijafari & Campbell 1972,analytical_sampling,,,,4e-05,0.0022204238,0.040,X3: mole fraction of hydrocarbon in water x 10^3
C3H8_amirijafari1972_c2c4_019,C3H8,377.5944,14.2376732,total,none,0,,0.000000,0.000000,0.000000,0.000000,0.000000,0.000000,amirijafari1972_c2c4,Amirijafari & Campbell 1972,analytical_sampling,,,,5.6e-05,0.003108643,0.056,X3: mole fraction of hydrocarbon in water x 10^3
C3H8_amirijafari1972_c2c4_020,C3H8,377.5944,20.78769235,total,none,0,,0.000000,0.000000,0.000000,0.000000,0.000000,0.000000,amirijafari1972_c2c4,Amirijafari & Campbell 1972,analytical_sampling,,,,7.9e-05,0.004385508,0.079,X3: mole fraction of hydrocarbon in water x 10^3
C3H8_amirijafari1972_c2c4_021,C3H8,377.5944,27.68244935,total,none,0,,0.000000,0.000000,0.000000,0.000000,0.000000,0.000000,amirijafari1972_c2c4,Amirijafari & Campbell 1972,analytical_sampling,,,,8.7e-05,0.0048296487,0.087,X3: mole fraction of hydrocarbon in water x 10^3
C3H8_amirijafari1972_c2c4_022,C3H8,377.5944,34.57720636,total,none,0,,0.000000,0.000000,0.000000,0.000000,0.000000,0.000000,amirijafari1972_c2c4,Amirijafari & Campbell 1972,analytical_sampling,,,,9.9e-05,0.0054958731,0.099,X3: mole fraction of hydrocarbon in water x 10^3
C3H8_amirijafari1972_c2c4_023,C3H8,377.5944,4.5850134,total,none,0,,0.000000,0.000000,0.000000,0.000000,0.000000,0.000000,amirijafari1972_c2c4,Amirijafari & Campbell 1972,analytical_sampling,,,,0.000216,0.011992399,0.216,X3: mole fraction of hydrocarbon in water x 10^3
C3H8_amirijafari1972_c2c4_024,C3H8,377.5944,14.2376732,total,none,0,,0.000000,0.000000,0.000000,0.000000,0.000000,0.000000,amirijafari1972_c2c4,Amirijafari & Campbell 1972,analytical_sampling,,,,0.000348,0.019323639,0.348,X3: mole fraction of hydrocarbon in water x 10^3
C3H8_amirijafari1972_c2c4_025,C3H8,377.5944,20.78769235,total,none,0,,0.000000,0.000000,0.000000,0.000000,0.000000,0.000000,amirijafari1972_c2c4,Amirijafari & Campbell 1972,analytical_sampling,,,,0.000427,0.023712201,0.427,X3: mole fraction of hydrocarbon in water x 10^3
C3H8_amirijafari1972_c2c4_026,C3H8,377.5944,27.68244935,total,none,0,,0.000000,0.000000,0.000000,0.000000,0.000000,0.000000,amirijafari1972_c2c4,Amirijafari & Campbell 1972,analytical_sampling,,,,0.000461,0.025601162,0.461,X3: mole fraction of hydrocarbon in water x 10^3
C3H8_amirijafari1972_c2c4_027,C3H8,377.5944,34.57720636,total,none,0,,0.000000,0.000000,0.000000,0.000000,0.000000,0.000000,amirijafari1972_c2c4,Amirijafari & Campbell 1972,analytical_sampling,,,,0.000607,0.033714047,0.607,X3: mole fraction of hydrocarbon in water x 10^3
C3H8_forte2013_c2c4_001,C3H8,311.1,1.67,total,none,0,,0.000000,0.000000,0.000000,0.000000,0.000000,0.000000,forte2013_c2c4,Forte et al. (2013),chromatography,,CO2,,,,0.9538,"x1 propane in phase I (propane-rich) (NOT an aqueous phase; x2_CO2=0.0394, x3_H2O=0.0068)"
C3H8_forte2013_c2c4_002,C3H8,311.1,1.67,total,none,0,,0.000000,0.000000,0.000000,0.000000,0.000000,0.000000,forte2013_c2c4,Forte et al. (2013),chromatography,,CO2,,,,0.8045,"x1 propane in phase II (CO2-rich) (NOT an aqueous phase; x2_CO2=0.1885, x3_H2O=0.0070)"
C3H8_forte2013_c2c4_003,C3H8,311.1,1.67,total,none,0,,0.000000,0.000000,0.000000,0.000000,0.000000,0.000000,forte2013_c2c4,Forte et al. (2013),chromatography,,CO2,,0.00035,0.019434733,3.5e-4,"x1 propane in the water-rich phase (ternary propane+CO2+water; x2_CO2=0.0015, x3_H2O=0.9982)"
C3H8_forte2013_c2c4_004,C3H8,311.1,3.47,total,none,0,,0.000000,0.000000,0.000000,0.000000,0.000000,0.000000,forte2013_c2c4,Forte et al. (2013),chromatography,,CO2,,,,0.7313,"x1 propane in phase I (propane-rich) (NOT an aqueous phase; x2_CO2=0.2650, x3_H2O=0.0037)"
C3H8_forte2013_c2c4_005,C3H8,311.1,3.48,total,none,0,,0.000000,0.000000,0.000000,0.000000,0.000000,0.000000,forte2013_c2c4,Forte et al. (2013),chromatography,,CO2,,,,0.4108,"x1 propane in phase II (CO2-rich) (NOT an aqueous phase; x2_CO2=0.5855, x3_H2O=0.0037)"
C3H8_forte2013_c2c4_006,C3H8,311.1,3.48,total,none,0,,0.000000,0.000000,0.000000,0.000000,0.000000,0.000000,forte2013_c2c4,Forte et al. (2013),chromatography,,CO2,,0.0003,0.016657509,3.0e-4,"x1 propane in the water-rich phase (ternary propane+CO2+water; x2_CO2=0.0077, x3_H2O=0.9920)"
C3H8_forte2013_c2c4_007,C3H8,311.1,4.97,total,none,0,,0.000000,0.000000,0.000000,0.000000,0.000000,0.000000,forte2013_c2c4,Forte et al. (2013),chromatography,,CO2,,,,0.5024,"x1 propane in phase I (propane-rich) (NOT an aqueous phase; x2_CO2=0.4928, x3_H2O=0.0048)"
C3H8_forte2013_c2c4_008,C3H8,311.1,4.96,total,none,0,,0.000000,0.000000,0.000000,0.000000,0.000000,0.000000,forte2013_c2c4,Forte et al. (2013),chromatography,,CO2,,,,0.2905,"x1 propane in phase II (CO2-rich) (NOT an aqueous phase; x2_CO2=0.7072, x3_H2O=0.0024)"
C3H8_forte2013_c2c4_009,C3H8,311.1,4.98,total,none,0,,0.000000,0.000000,0.000000,0.000000,0.000000,0.000000,forte2013_c2c4,Forte et al. (2013),chromatography,,CO2,,0.00027,0.014991308,2.7e-4,"x1 propane in the water-rich phase (ternary propane+CO2+water; x2_CO2=0.0126, x3_H2O=0.9872)"
C3H8_forte2013_c2c4_010,C3H8,311.1,6.43,total,none,0,,0.000000,0.000000,0.000000,0.000000,0.000000,0.000000,forte2013_c2c4,Forte et al. (2013),chromatography,,CO2,,,,0.2671,"x1 propane in phase I (propane-rich) (NOT an aqueous phase; x2_CO2=0.7282, x3_H2O=0.0047)"
C3H8_forte2013_c2c4_011,C3H8,311.1,6.44,total,none,0,,0.000000,0.000000,0.000000,0.000000,0.000000,0.000000,forte2013_c2c4,Forte et al. (2013),chromatography,,CO2,,,,0.2141,"x1 propane in phase II (CO2-rich) (NOT an aqueous phase; x2_CO2=0.7838, x3_H2O=0.0022)"
C3H8_forte2013_c2c4_012,C3H8,311.1,6.43,total,none,0,,0.000000,0.000000,0.000000,0.000000,0.000000,0.000000,forte2013_c2c4,Forte et al. (2013),chromatography,,CO2,,0.0002,0.011103895,2.0e-4,"x1 propane in the water-rich phase (ternary propane+CO2+water; x2_CO2=0.0162, x3_H2O=0.9836)"
C3H8_forte2013_c2c4_013,C3H8,323.01,1.86,total,none,0,,0.000000,0.000000,0.000000,0.000000,0.000000,0.000000,forte2013_c2c4,Forte et al. (2013),chromatography,,CO2,,,,0.9789,"x1 propane in phase I (propane-rich) (NOT an aqueous phase; x2_CO2=0.0135, x3_H2O=0.0076)"
C3H8_forte2013_c2c4_014,C3H8,323.01,1.86,total,none,0,,0.000000,0.000000,0.000000,0.000000,0.000000,0.000000,forte2013_c2c4,Forte et al. (2013),chromatography,,CO2,,,,0.9445,"x1 propane in phase II (CO2-rich) (NOT an aqueous phase; x2_CO2=0.0456, x3_H2O=0.0098)"
C3H8_forte2013_c2c4_015,C3H8,323.01,1.86,total,none,0,,0.000000,0.000000,0.000000,0.000000,0.000000,0.000000,forte2013_c2c4,Forte et al. (2013),chromatography,,CO2,,0.00043,0.023878868,4.3e-4,"x1 propane in the water-rich phase (ternary propane+CO2+water; x2_CO2=0.0005, x3_H2O=0.9991)"
C3H8_forte2013_c2c4_016,C3H8,323.01,3.02,total,none,0,,0.000000,0.000000,0.000000,0.000000,0.000000,0.000000,forte2013_c2c4,Forte et al. (2013),chromatography,,CO2,,,,0.8605,"x1 propane in phase I (propane-rich) (NOT an aqueous phase; x2_CO2=0.1330, x3_H2O=0.0066)"
C3H8_forte2013_c2c4_017,C3H8,323.01,3.02,total,none,0,,0.000000,0.000000,0.000000,0.000000,0.000000,0.000000,forte2013_c2c4,Forte et al. (2013),chromatography,,CO2,,,,0.6270,"x1 propane in phase II (CO2-rich) (NOT an aqueous phase; x2_CO2=0.3677, x3_H2O=0.0054)"
C3H8_forte2013_c2c4_018,C3H8,323.01,3.02,total,none,0,,0.000000,0.000000,0.000000,0.000000,0.000000,0.000000,forte2013_c2c4,Forte et al. (2013),chromatography,,CO2,,0.00044,0.024434435,4.4e-4,"x1 propane in the water-rich phase (ternary propane+CO2+water; x2_CO2=0.0039, x3_H2O=0.9956)"
C3H8_forte2013_c2c4_019,C3H8,323.01,4.44,total,none,0,,0.000000,0.000000,0.000000,0.000000,0.000000,0.000000,forte2013_c2c4,Forte et al. (2013),chromatography,,CO2,,,,0.6947,"x1 propane in phase I (propane-rich) (NOT an aqueous phase; x2_CO2=0.2990, x3_H2O=0.0063)"
C3H8_forte2013_c2c4_020,C3H8,323.01,4.46,total,none,0,,0.000000,0.000000,0.000000,0.000000,0.000000,0.000000,forte2013_c2c4,Forte et al. (2013),chromatography,,CO2,,,,0.4618,"x1 propane in phase II (CO2-rich) (NOT an aqueous phase; x2_CO2=0.5341, x3_H2O=0.0041)"
C3H8_forte2013_c2c4_021,C3H8,323.01,4.45,total,none,0,,0.000000,0.000000,0.000000,0.000000,0.000000,0.000000,forte2013_c2c4,Forte et al. (2013),chromatography,,CO2,,0.00032,0.017768365,3.2e-4,"x1 propane in the water-rich phase (ternary propane+CO2+water; x2_CO2=0.0077, x3_H2O=0.9920)"
C3H8_forte2013_c2c4_022,C3H8,323.01,5.98,total,none,0,,0.000000,0.000000,0.000000,0.000000,0.000000,0.000000,forte2013_c2c4,Forte et al. (2013),chromatography,,CO2,,,,0.4899,"x1 propane in phase I (propane-rich) (NOT an aqueous phase; x2_CO2=0.5037, x3_H2O=0.0064)"
C3H8_forte2013_c2c4_023,C3H8,323.01,6.0,total,none,0,,0.000000,0.000000,0.000000,0.000000,0.000000,0.000000,forte2013_c2c4,Forte et al. (2013),chromatography,,CO2,,,,0.3679,"x1 propane in phase II (CO2-rich) (NOT an aqueous phase; x2_CO2=0.6283, x3_H2O=0.0038)"
C3H8_forte2013_c2c4_024,C3H8,323.01,6.0,total,none,0,,0.000000,0.000000,0.000000,0.000000,0.000000,0.000000,forte2013_c2c4,Forte et al. (2013),chromatography,,CO2,,0.00039,0.021656712,3.9e-4,"x1 propane in the water-rich phase (ternary propane+CO2+water; x2_CO2=0.0110, x3_H2O=0.9886)"
C3H8_forte2013_c2c4_025,C3H8,338.1,2.6,total,none,0,,0.000000,0.000000,0.000000,0.000000,0.000000,0.000000,forte2013_c2c4,Forte et al. (2013),chromatography,,CO2,,,,0.9610,"x1 propane in phase I (propane-rich) (NOT an aqueous phase; x2_CO2=0.0205, x3_H2O=0.0185)"
C3H8_forte2013_c2c4_026,C3H8,338.1,2.6,total,none,0,,0.000000,0.000000,0.000000,0.000000,0.000000,0.000000,forte2013_c2c4,Forte et al. (2013),chromatography,,CO2,,,,0.9261,"x1 propane in phase II (CO2-rich) (NOT an aqueous phase; x2_CO2=0.0635, x3_H2O=0.0104)"
C3H8_forte2013_c2c4_027,C3H8,338.1,2.61,total,none,0,,0.000000,0.000000,0.000000,0.000000,0.000000,0.000000,forte2013_c2c4,Forte et al. (2013),chromatography,,CO2,,0.00045,0.024990014,4.5e-4,"x1 propane in the water-rich phase (ternary propane+CO2+water; x2_CO2=0.0006, x3_H2O=0.9990)"
C3H8_forte2013_c2c4_028,C3H8,338.1,3.52,total,none,0,,0.000000,0.000000,0.000000,0.000000,0.000000,0.000000,forte2013_c2c4,Forte et al. (2013),chromatography,,CO2,,,,0.8794,"x1 propane in phase I (propane-rich) (NOT an aqueous phase; x2_CO2=0.1040, x3_H2O=0.0166)"
C3H8_forte2013_c2c4_029,C3H8,338.1,3.53,total,none,0,,0.000000,0.000000,0.000000,0.000000,0.000000,0.000000,forte2013_c2c4,Forte et al. (2013),chromatography,,CO2,,,,0.7445,"x1 propane in phase II (CO2-rich) (NOT an aqueous phase; x2_CO2=0.2476, x3_H2O=0.0078)"
C3H8_forte2013_c2c4_030,C3H8,338.1,3.53,total,none,0,,0.000000,0.000000,0.000000,0.000000,0.000000,0.000000,forte2013_c2c4,Forte et al. (2013),chromatography,,CO2,,0.00049,0.027212437,4.9e-4,"x1 propane in the water-rich phase (ternary propane+CO2+water; x2_CO2=0.0027, x3_H2O=0.9968)"
C3H8_forte2013_c2c4_031,C3H8,338.1,4.59,total,none,0,,0.000000,0.000000,0.000000,0.000000,0.000000,0.000000,forte2013_c2c4,Forte et al. (2013),chromatography,,CO2,,,,0.7744,"x1 propane in phase I (propane-rich) (NOT an aqueous phase; x2_CO2=0.2079, x3_H2O=0.0177)"
C3H8_forte2013_c2c4_032,C3H8,338.1,4.59,total,none,0,,0.000000,0.000000,0.000000,0.000000,0.000000,0.000000,forte2013_c2c4,Forte et al. (2013),chromatography,,CO2,,,,0.6348,"x1 propane in phase II (CO2-rich) (NOT an aqueous phase; x2_CO2=0.3591, x3_H2O=0.0062)"
C3H8_forte2013_c2c4_033,C3H8,338.1,4.58,total,none,0,,0.000000,0.000000,0.000000,0.000000,0.000000,0.000000,forte2013_c2c4,Forte et al. (2013),chromatography,,CO2,,0.00055,0.030546406,5.5e-4,"x1 propane in the water-rich phase (ternary propane+CO2+water; x2_CO2=0.0051, x3_H2O=0.9944)"
C3H8_forte2013_c2c4_034,C3H8,338.1,6.04,total,none,0,,0.000000,0.000000,0.000000,0.000000,0.000000,0.000000,forte2013_c2c4,Forte et al. (2013),chromatography,,CO2,,,,0.6062,"x1 propane in phase I (propane-rich) (NOT an aqueous phase; x2_CO2=0.3766, x3_H2O=0.0172)"
C3H8_forte2013_c2c4_035,C3H8,338.1,6.04,total,none,0,,0.000000,0.000000,0.000000,0.000000,0.000000,0.000000,forte2013_c2c4,Forte et al. (2013),chromatography,,CO2,,,,0.5455,"x1 propane in phase II (CO2-rich) (NOT an aqueous phase; x2_CO2=0.4495, x3_H2O=0.0050)"
C3H8_forte2013_c2c4_036,C3H8,338.1,6.06,total,none,0,,0.000000,0.000000,0.000000,0.000000,0.000000,0.000000,forte2013_c2c4,Forte et al. (2013),chromatography,,CO2,,0.00044,0.024434435,4.4e-4,"x1 propane in the water-rich phase (ternary propane+CO2+water; x2_CO2=0.0078, x3_H2O=0.9918)"
C3H8_forte2013_c2c4_037,C3H8,353.18,3.7,total,none,0,,0.000000,0.000000,0.000000,0.000000,0.000000,0.000000,forte2013_c2c4,Forte et al. (2013),chromatography,,CO2,,,,0.9317,"x1 propane in phase I (propane-rich) (NOT an aqueous phase; x2_CO2=0.0417, x3_H2O=0.0266)"
C3H8_forte2013_c2c4_038,C3H8,353.18,3.71,total,none,0,,0.000000,0.000000,0.000000,0.000000,0.000000,0.000000,forte2013_c2c4,Forte et al. (2013),chromatography,,CO2,,,,0.8924,"x1 propane in phase II (CO2-rich) (NOT an aqueous phase; x2_CO2=0.0930, x3_H2O=0.0146)"
C3H8_forte2013_c2c4_039,C3H8,353.18,3.71,total,none,0,,0.000000,0.000000,0.000000,0.000000,0.000000,0.000000,forte2013_c2c4,Forte et al. (2013),chromatography,,CO2,,0.00065,0.03610391,6.5e-4,"x1 propane in the water-rich phase (ternary propane+CO2+water; x2_CO2=0.0009, x3_H2O=0.9985)"
C3H8_forte2013_c2c4_040,C3H8,353.18,4.21,total,none,0,,0.000000,0.000000,0.000000,0.000000,0.000000,0.000000,forte2013_c2c4,Forte et al. (2013),chromatography,,CO2,,,,0.8865,"x1 propane in phase I (propane-rich) (NOT an aqueous phase; x2_CO2=0.0862, x3_H2O=0.0273)"
C3H8_forte2013_c2c4_041,C3H8,353.18,4.22,total,none,0,,0.000000,0.000000,0.000000,0.000000,0.000000,0.000000,forte2013_c2c4,Forte et al. (2013),chromatography,,CO2,,,,0.8281,"x1 propane in phase II (CO2-rich) (NOT an aqueous phase; x2_CO2=0.1614, x3_H2O=0.0105)"
C3H8_forte2013_c2c4_042,C3H8,353.18,4.21,total,none,0,,0.000000,0.000000,0.000000,0.000000,0.000000,0.000000,forte2013_c2c4,Forte et al. (2013),chromatography,,CO2,,0.00067,0.037215545,6.7e-4,"x1 propane in the water-rich phase (ternary propane+CO2+water; x2_CO2=0.0019, x3_H2O=0.9975)"
C3H8_forte2013_c2c4_043,C3H8,353.18,4.8,total,none,0,,0.000000,0.000000,0.000000,0.000000,0.000000,0.000000,forte2013_c2c4,Forte et al. (2013),chromatography,,CO2,,,,0.8323,"x1 propane in phase I (propane-rich) (NOT an aqueous phase; x2_CO2=0.1389, x3_H2O=0.0288)"
C3H8_forte2013_c2c4_044,C3H8,353.18,4.79,total,none,0,,0.000000,0.000000,0.000000,0.000000,0.000000,0.000000,forte2013_c2c4,Forte et al. (2013),chromatography,,CO2,,,,0.7744,"x1 propane in phase II (CO2-rich) (NOT an aqueous phase; x2_CO2=0.2166, x3_H2O=0.0089)"
C3H8_forte2013_c2c4_045,C3H8,353.18,4.8,total,none,0,,0.000000,0.000000,0.000000,0.000000,0.000000,0.000000,forte2013_c2c4,Forte et al. (2013),chromatography,,CO2,,0.00066,0.036659722,6.6e-4,"x1 propane in the water-rich phase (ternary propane+CO2+water; x2_CO2=0.0030, x3_H2O=0.9964)"
C3H8_forte2013_c2c4_046,C3H8,353.18,5.25,total,none,0,,0.000000,0.000000,0.000000,0.000000,0.000000,0.000000,forte2013_c2c4,Forte et al. (2013),chromatography,,CO2,,,,0.7866,"x1 propane in phase I (propane-rich) (NOT an aqueous phase; x2_CO2=0.1857, x3_H2O=0.0277)"
C3H8_forte2013_c2c4_047,C3H8,353.18,5.26,total,none,0,,0.000000,0.000000,0.000000,0.000000,0.000000,0.000000,forte2013_c2c4,Forte et al. (2013),chromatography,,CO2,,,,0.7453,"x1 propane in phase II (CO2-rich) (NOT an aqueous phase; x2_CO2=0.2460, x3_H2O=0.0087)"
C3H8_forte2013_c2c4_048,C3H8,353.18,5.25,total,none,0,,0.000000,0.000000,0.000000,0.000000,0.000000,0.000000,forte2013_c2c4,Forte et al. (2013),chromatography,,CO2,,0.00048,0.026656815,4.8e-4,"x1 propane in the water-rich phase (ternary propane+CO2+water; x2_CO2=0.0036, x3_H2O=0.9959)"
C3H8_forte2013_c2c4_049,C3H8,311.1,6.71,total,none,0,,0.000000,0.000000,0.000000,0.000000,0.000000,0.000000,forte2013_c2c4,Forte et al. (2013),chromatography,,CO2,,,,0.2140,"x1 propane in phase II (CO2-rich; critical) (NOT an aqueous phase; x2_CO2=0.7814, x3_H2O=0.0046)"
C3H8_forte2013_c2c4_050,C3H8,311.1,6.71,total,none,0,,0.000000,0.000000,0.000000,0.000000,0.000000,0.000000,forte2013_c2c4,Forte et al. (2013),chromatography,,CO2,,0.00016,0.008882761,1.6e-4,"x1 propane in the water-rich phase (ternary propane+CO2+water; x2_CO2=0.0168, x3_H2O=0.9830)"
C3H8_forte2013_c2c4_051,C3H8,323.01,6.68,total,none,0,,0.000000,0.000000,0.000000,0.000000,0.000000,0.000000,forte2013_c2c4,Forte et al. (2013),chromatography,,CO2,,,,0.3618,"x1 propane in phase II (CO2-rich; critical) (NOT an aqueous phase; x2_CO2=0.6335, x3_H2O=0.0048)"
C3H8_forte2013_c2c4_052,C3H8,323.01,6.68,total,none,0,,0.000000,0.000000,0.000000,0.000000,0.000000,0.000000,forte2013_c2c4,Forte et al. (2013),chromatography,,CO2,,0.00028,0.015546698,2.8e-4,"x1 propane in the water-rich phase (ternary propane+CO2+water; x2_CO2=0.0125, x3_H2O=0.9873)"
C3H8_forte2013_c2c4_053,C3H8,338.1,6.24,total,none,0,,0.000000,0.000000,0.000000,0.000000,0.000000,0.000000,forte2013_c2c4,Forte et al. (2013),chromatography,,CO2,,,,0.5445,"x1 propane in phase II (CO2-rich; critical) (NOT an aqueous phase; x2_CO2=0.4359, x3_H2O=0.0195)"
C3H8_forte2013_c2c4_054,C3H8,338.1,6.24,total,none,0,,0.000000,0.000000,0.000000,0.000000,0.000000,0.000000,forte2013_c2c4,Forte et al. (2013),chromatography,,CO2,,0.00052,0.028879371,5.2e-4,"x1 propane in the water-rich phase (ternary propane+CO2+water; x2_CO2=0.0084, x3_H2O=0.9911)"
C3H8_forte2013_c2c4_055,C3H8,353.18,5.52,total,none,0,,0.000000,0.000000,0.000000,0.000000,0.000000,0.000000,forte2013_c2c4,Forte et al. (2013),chromatography,,CO2,,,,0.7404,"x1 propane in phase II (CO2-rich; critical) (NOT an aqueous phase; x2_CO2=0.2339, x3_H2O=0.0258)"
C3H8_forte2013_c2c4_056,C3H8,353.18,5.52,total,none,0,,0.000000,0.000000,0.000000,0.000000,0.000000,0.000000,forte2013_c2c4,Forte et al. (2013),chromatography,,CO2,,0.00045,0.024990014,4.5e-4,"x1 propane in the water-rich phase (ternary propane+CO2+water; x2_CO2=0.0040, x3_H2O=0.9955)"
C3H8_songkobayashi1994_c2c4_016,C3H8,297.0,4.138,total,none,0,,0.000000,0.000000,0.000000,0.000000,0.000000,0.000000,songkobayashi1994_c2c4,Song & Kobayashi (1987),analytical_sampling,,,,,,3.360 (x10^4),"Yw (mole fraction water) as printed, system ethane-propane-water (mixture at 4.138 MPa/600 psia)"
C3H8_songkobayashi1994_c2c4_017,C3H8,291.9722,4.138,total,none,0,,0.000000,0.000000,0.000000,0.000000,0.000000,0.000000,songkobayashi1994_c2c4,Song & Kobayashi (1987),analytical_sampling,,,,,,2.650 (x10^4),"Yw (mole fraction water) as printed, system ethane-propane-water"
C3H8_songkobayashi1994_c2c4_018,C3H8,286.5333,4.138,total,none,0,,0.000000,0.000000,0.000000,0.000000,0.000000,0.000000,songkobayashi1994_c2c4,Song & Kobayashi (1987),analytical_sampling,,,,,,2.000 (x10^4),"Yw (mole fraction water) as printed, system ethane-propane-water"
C3H8_songkobayashi1994_c2c4_019,C3H8,279.3278,4.138,total,none,0,,0.000000,0.000000,0.000000,0.000000,0.000000,0.000000,songkobayashi1994_c2c4,Song & Kobayashi (1987),analytical_sampling,,,,,,1.350 (x10^4),"Yw (mole fraction water) as printed, system ethane-propane-water"
C3H8_songkobayashi1994_c2c4_020,C3H8,276.6278,4.138,total,none,0,,0.000000,0.000000,0.000000,0.000000,0.000000,0.000000,songkobayashi1994_c2c4,Song & Kobayashi (1987),analytical_sampling,,,,,,1.111 (x10^4),"Yw (mole fraction water) as printed, system ethane-propane-water"
C3H8_songkobayashi1994_c2c4_021,C3H8,271.7389,4.138,total,none,0,,0.000000,0.000000,0.000000,0.000000,0.000000,0.000000,songkobayashi1994_c2c4,Song & Kobayashi (1987),analytical_sampling,,,,,,0.769 (x10^4),"Yw (mole fraction water) as printed, system ethane-propane-water"
C3H8_songkobayashi1994_c2c4_022,C3H8,266.6667,4.138,total,none,0,,0.000000,0.000000,0.000000,0.000000,0.000000,0.000000,songkobayashi1994_c2c4,Song & Kobayashi (1987),analytical_sampling,,,,,,0.530 (x10^4),"Yw (mole fraction water) as printed, system ethane-propane-water"
C3H8_songkobayashi1994_c2c4_023,C3H8,264.2,4.138,total,none,0,,0.000000,0.000000,0.000000,0.000000,0.000000,0.000000,songkobayashi1994_c2c4,Song & Kobayashi (1987),analytical_sampling,,,,,,0.439 (x10^4),"Yw (mole fraction water) as printed, system ethane-propane-water"
C3H8_songkobayashi1994_c2c4_024,C3H8,293.15,4.138,total,none,0,,0.000000,0.000000,0.000000,0.000000,0.000000,0.000000,songkobayashi1994_c2c4,Song & Kobayashi (1987),analytical_sampling,,,,,,2.780 (x10^4),"Yw (mole fraction water) as printed, system ethane-propane-water"
C3H8_songkobayashi1994_c2c4_025,C3H8,283.15,4.138,total,none,0,,0.000000,0.000000,0.000000,0.000000,0.000000,0.000000,songkobayashi1994_c2c4,Song & Kobayashi (1987),analytical_sampling,,,,,,1.670 (x10^4),"Yw (mole fraction water) as printed, system ethane-propane-water"
C3H8_songkobayashi1994_c2c4_026,C3H8,276.8167,4.138,total,none,0,,0.000000,0.000000,0.000000,0.000000,0.000000,0.000000,songkobayashi1994_c2c4,Song & Kobayashi (1987),analytical_sampling,,,,,,1.130 (x10^4),"Yw (mole fraction water) as printed, system ethane-propane-water"
C3H8_songkobayashi1994_c2c4_027,C3H8,267.0389,4.138,total,none,0,,0.000000,0.000000,0.000000,0.000000,0.000000,0.000000,songkobayashi1994_c2c4,Song & Kobayashi (1987),analytical_sampling,,,,,,0.532 (x10^4),"Yw (mole fraction water) as printed, system ethane-propane-water"
C3H8_songkobayashi1994_c2c4_028,C3H8,260.3722,4.138,total,none,0,,0.000000,0.000000,0.000000,0.000000,0.000000,0.000000,songkobayashi1994_c2c4,Song & Kobayashi (1987),analytical_sampling,,,,,,0.296 (x10^4),"Yw (mole fraction water) as printed, system ethane-propane-water"
C3H8_songkobayashi1994_c2c4_029,C3H8,255.9278,4.138,total,none,0,,0.000000,0.000000,0.000000,0.000000,0.000000,0.000000,songkobayashi1994_c2c4,Song & Kobayashi (1987),analytical_sampling,,,,,,0.214 (x10^4),"Yw (mole fraction water) as printed, system ethane-propane-water"
C3H8_songkobayashi1994_c2c4_030,C3H8,297.45,4.138,total,none,0,,0.000000,0.000000,0.000000,0.000000,0.000000,0.000000,songkobayashi1994_c2c4,Song & Kobayashi (1987),analytical_sampling,,,,,,3.450 (x10^4),"Yw (mole fraction water) as printed, system ethane-propane-water"
C3H8_songkobayashi1994_c2c4_031,C3H8,292.7222,4.138,total,none,0,,0.000000,0.000000,0.000000,0.000000,0.000000,0.000000,songkobayashi1994_c2c4,Song & Kobayashi (1987),analytical_sampling,,,,,,2.710 (x10^4),"Yw (mole fraction water) as printed, system ethane-propane-water"
C3H8_songkobayashi1994_c2c4_032,C3H8,277.8722,4.138,total,none,0,,0.000000,0.000000,0.000000,0.000000,0.000000,0.000000,songkobayashi1994_c2c4,Song & Kobayashi (1987),analytical_sampling,,,,,,1.101 (x10^4),"Yw (mole fraction water) as printed, system ethane-propane-water"
C3H8_songkobayashi1994_c2c4_033,C3H8,275.9278,4.138,total,none,0,,0.000000,0.000000,0.000000,0.000000,0.000000,0.000000,songkobayashi1994_c2c4,Song & Kobayashi (1987),analytical_sampling,,,,,,0.980 (x10^4),"Yw (mole fraction water) as printed, system ethane-propane-water"
C3H8_songkobayashi1994_c2c4_034,C3H8,269.65,4.138,total,none,0,,0.000000,0.000000,0.000000,0.000000,0.000000,0.000000,songkobayashi1994_c2c4,Song & Kobayashi (1987),analytical_sampling,,,,,,0.611 (x10^4),"Yw (mole fraction water) as printed, system ethane-propane-water"
C3H8_songkobayashi1994_c2c4_035,C3H8,264.5389,4.138,total,none,0,,0.000000,0.000000,0.000000,0.000000,0.000000,0.000000,songkobayashi1994_c2c4,Song & Kobayashi (1987),analytical_sampling,,,,,,0.400 (x10^4),"Yw (mole fraction water) as printed, system ethane-propane-water"
C3H8_songkobayashi1994_c2c4_036,C3H8,262.5944,4.138,total,none,0,,0.000000,0.000000,0.000000,0.000000,0.000000,0.000000,songkobayashi1994_c2c4,Song & Kobayashi (1987),analytical_sampling,,,,,,0.345 (x10^4),"Yw (mole fraction water) as printed, system ethane-propane-water"
C3H8_songkobayashi1994_c2c4_037,C3H8,261.0944,4.138,total,none,0,,0.000000,0.000000,0.000000,0.000000,0.000000,0.000000,songkobayashi1994_c2c4,Song & Kobayashi (1987),analytical_sampling,,,,,,0.311 (x10^4),"Yw (mole fraction water) as printed, system ethane-propane-water"
C3H8_songkobayashi1994_c2c4_038,C3H8,297.5944,4.138,total,none,0,,0.000000,0.000000,0.000000,0.000000,0.000000,0.000000,songkobayashi1994_c2c4,Song & Kobayashi (1987),analytical_sampling,,,,,,3.440 (x10^4),"Yw (mole fraction water) as printed, system ethane-propane-water"
C3H8_songkobayashi1994_c2c4_039,C3H8,286.5889,4.138,total,none,0,,0.000000,0.000000,0.000000,0.000000,0.000000,0.000000,songkobayashi1994_c2c4,Song & Kobayashi (1987),analytical_sampling,,,,,,1.990 (x10^4),"Yw (mole fraction water) as printed, system ethane-propane-water"
C3H8_songkobayashi1994_c2c4_040,C3H8,277.8722,4.138,total,none,0,,0.000000,0.000000,0.000000,0.000000,0.000000,0.000000,songkobayashi1994_c2c4,Song & Kobayashi (1987),analytical_sampling,,,,,,1.076 (x10^4),"Yw (mole fraction water) as printed, system ethane-propane-water"
C3H8_songkobayashi1994_c2c4_041,C3H8,266.8389,4.138,total,none,0,,0.000000,0.000000,0.000000,0.000000,0.000000,0.000000,songkobayashi1994_c2c4,Song & Kobayashi (1987),analytical_sampling,,,,,,0.465 (x10^4),"Yw (mole fraction water) as printed, system ethane-propane-water"
C3H8_songkobayashi1994_c2c4_042,C3H8,263.4278,4.138,total,none,0,,0.000000,0.000000,0.000000,0.000000,0.000000,0.000000,songkobayashi1994_c2c4,Song & Kobayashi (1987),analytical_sampling,,,,,,0.346 (x10^4),"Yw (mole fraction water) as printed, system ethane-propane-water"
C3H8_songkobayashi1994_c2c4_043,C3H8,257.7278,4.138,total,none,0,,0.000000,0.000000,0.000000,0.000000,0.000000,0.000000,songkobayashi1994_c2c4,Song & Kobayashi (1987),analytical_sampling,,,,,,0.226 (x10^4),"Yw (mole fraction water) as printed, system ethane-propane-water"
CH4_bruusgaard2010_ch4_001,CH4,274.02,1.66,total,none,0,,0.000000,0.000000,0.000000,0.000000,0.000000,0.000000,bruusgaard2010_ch4,"Bruusgaard, Beltrán & Servio (2010)",analytical_sampling,,CO2,,0.000235,0.013047534,0.000235,"xCH4 (liquid-phase mole fraction of methane, Table 1 heading x_CH4)"
CH4_bruusgaard2010_ch4_002,CH4,274.02,1.66,total,none,0,,0.000000,0.000000,0.000000,0.000000,0.000000,0.000000,bruusgaard2010_ch4,"Bruusgaard, Beltrán & Servio (2010)",analytical_sampling,,CO2,,,,0.01076,"xCO2 (liquid-phase mole fraction of carbon dioxide, Table 1 heading x_CO2)"
CH4_bruusgaard2010_ch4_003,CH4,274.13,1.88,total,none,0,,0.000000,0.000000,0.000000,0.000000,0.000000,0.000000,bruusgaard2010_ch4,"Bruusgaard, Beltrán & Servio (2010)",analytical_sampling,,CO2,,0.000468,0.025990082,0.000468,"xCH4 (liquid-phase mole fraction of methane, Table 1)"
CH4_bruusgaard2010_ch4_004,CH4,274.13,1.88,total,none,0,,0.000000,0.000000,0.000000,0.000000,0.000000,0.000000,bruusgaard2010_ch4,"Bruusgaard, Beltrán & Servio (2010)",analytical_sampling,,CO2,,,,0.00860,"xCO2 (liquid-phase mole fraction of carbon dioxide, Table 1)"
CH4_bruusgaard2010_ch4_005,CH4,274.14,2.3,total,none,0,,0.000000,0.000000,0.000000,0.000000,0.000000,0.000000,bruusgaard2010_ch4,"Bruusgaard, Beltrán & Servio (2010)",analytical_sampling,,CO2,,0.000776,0.04310795,0.000776,"xCH4 (liquid-phase mole fraction of methane, Table 1)"
CH4_bruusgaard2010_ch4_006,CH4,274.14,2.3,total,none,0,,0.000000,0.000000,0.000000,0.000000,0.000000,0.000000,bruusgaard2010_ch4,"Bruusgaard, Beltrán & Servio (2010)",analytical_sampling,,CO2,,,,0.00468,"xCO2 (liquid-phase mole fraction of carbon dioxide, Table 1)"
CH4_bruusgaard2010_ch4_007,CH4,276.16,2.14,total,none,0,,0.000000,0.000000,0.000000,0.000000,0.000000,0.000000,bruusgaard2010_ch4,"Bruusgaard, Beltrán & Servio (2010)",analytical_sampling,,CO2,,0.000309,0.017157389,0.000309,"xCH4 (liquid-phase mole fraction of methane, Table 1)"
CH4_bruusgaard2010_ch4_008,CH4,276.16,2.14,total,none,0,,0.000000,0.000000,0.000000,0.000000,0.000000,0.000000,bruusgaard2010_ch4,"Bruusgaard, Beltrán & Servio (2010)",analytical_sampling,,CO2,,,,0.01176,"xCO2 (liquid-phase mole fraction of carbon dioxide, Table 1)"
CH4_bruusgaard2010_ch4_009,CH4,276.19,2.38,total,none,0,,0.000000,0.000000,0.000000,0.000000,0.000000,0.000000,bruusgaard2010_ch4,"Bruusgaard, Beltrán & Servio (2010)",analytical_sampling,,CO2,,0.000508,0.028212586,0.000508,"xCH4 (liquid-phase mole fraction of methane, Table 1)"
CH4_bruusgaard2010_ch4_010,CH4,276.19,2.38,total,none,0,,0.000000,0.000000,0.000000,0.000000,0.000000,0.000000,bruusgaard2010_ch4,"Bruusgaard, Beltrán & Servio (2010)",analytical_sampling,,CO2,,,,0.00959,"xCO2 (liquid-phase mole fraction of carbon dioxide, Table 1)"
CH4_bruusgaard2010_ch4_011,CH4,276.29,2.81,total,none,0,,0.000000,0.000000,0.000000,0.000000,0.000000,0.000000,bruusgaard2010_ch4,"Bruusgaard, Beltrán & Servio (2010)",analytical_sampling,,CO2,,0.000827,0.04594342,0.000827,"xCH4 (liquid-phase mole fraction of methane, Table 1)"
CH4_bruusgaard2010_ch4_012,CH4,276.29,2.81,total,none,0,,0.000000,0.000000,0.000000,0.000000,0.000000,0.000000,bruusgaard2010_ch4,"Bruusgaard, Beltrán & Servio (2010)",analytical_sampling,,CO2,,,,0.00594,"xCO2 (liquid-phase mole fraction of carbon dioxide, Table 1)"
CH4_bruusgaard2010_ch4_013,CH4,277.96,2.53,total,none,0,,0.000000,0.000000,0.000000,0.000000,0.000000,0.000000,bruusgaard2010_ch4,"Bruusgaard, Beltrán & Servio (2010)",analytical_sampling,,CO2,,0.000293,0.01626872,0.000293,"xCH4 (liquid-phase mole fraction of methane, Table 1)"
CH4_bruusgaard2010_ch4_014,CH4,277.96,2.53,total,none,0,,0.000000,0.000000,0.000000,0.000000,0.000000,0.000000,bruusgaard2010_ch4,"Bruusgaard, Beltrán & Servio (2010)",analytical_sampling,,CO2,,,,0.01410,"xCO2 (liquid-phase mole fraction of carbon dioxide, Table 1)"
CH4_bruusgaard2010_ch4_015,CH4,278.2,3.01,total,none,0,,0.000000,0.000000,0.000000,0.000000,0.000000,0.000000,bruusgaard2010_ch4,"Bruusgaard, Beltrán & Servio (2010)",analytical_sampling,,CO2,,0.000638,0.035436951,0.000638,"xCH4 (liquid-phase mole fraction of methane, Table 1)"
CH4_bruusgaard2010_ch4_016,CH4,278.2,3.01,total,none,0,,0.000000,0.000000,0.000000,0.000000,0.000000,0.000000,bruusgaard2010_ch4,"Bruusgaard, Beltrán & Servio (2010)",analytical_sampling,,CO2,,,,0.01019,"xCO2 (liquid-phase mole fraction of carbon dioxide, Table 1)"
CH4_bruusgaard2010_ch4_017,CH4,278.16,3.33,total,none,0,,0.000000,0.000000,0.000000,0.000000,0.000000,0.000000,bruusgaard2010_ch4,"Bruusgaard, Beltrán & Servio (2010)",analytical_sampling,,CO2,,0.000832,0.046221423,0.000832,"xCH4 (liquid-phase mole fraction of methane, Table 1)"
CH4_bruusgaard2010_ch4_018,CH4,278.16,3.33,total,none,0,,0.000000,0.000000,0.000000,0.000000,0.000000,0.000000,bruusgaard2010_ch4,"Bruusgaard, Beltrán & Servio (2010)",analytical_sampling,,CO2,,,,0.00754,"xCO2 (liquid-phase mole fraction of carbon dioxide, Table 1)"
CH4_bruusgaard2010_ch4_019,CH4,280.12,3.26,total,none,0,,0.000000,0.000000,0.000000,0.000000,0.000000,0.000000,bruusgaard2010_ch4,"Bruusgaard, Beltrán & Servio (2010)",analytical_sampling,,CO2,,0.00033,0.01832381,0.000330,"xCH4 (liquid-phase mole fraction of methane, Table 1)"
CH4_bruusgaard2010_ch4_020,CH4,280.12,3.26,total,none,0,,0.000000,0.000000,0.000000,0.000000,0.000000,0.000000,bruusgaard2010_ch4,"Bruusgaard, Beltrán & Servio (2010)",analytical_sampling,,CO2,,,,0.01620,"xCO2 (liquid-phase mole fraction of carbon dioxide, Table 1)"
CH4_bruusgaard2010_ch4_021,CH4,280.11,3.66,total,none,0,,0.000000,0.000000,0.000000,0.000000,0.000000,0.000000,bruusgaard2010_ch4,"Bruusgaard, Beltrán & Servio (2010)",analytical_sampling,,CO2,,0.000641,0.035603689,0.000641,"xCH4 (liquid-phase mole fraction of methane, Table 1)"
CH4_bruusgaard2010_ch4_022,CH4,280.11,3.66,total,none,0,,0.000000,0.000000,0.000000,0.000000,0.000000,0.000000,bruusgaard2010_ch4,"Bruusgaard, Beltrán & Servio (2010)",analytical_sampling,,CO2,,,,0.01174,"xCO2 (liquid-phase mole fraction of carbon dioxide, Table 1)"
CH4_bruusgaard2010_ch4_023,CH4,280.05,4.03,total,none,0,,0.000000,0.000000,0.000000,0.000000,0.000000,0.000000,bruusgaard2010_ch4,"Bruusgaard, Beltrán & Servio (2010)",analytical_sampling,,CO2,,0.000911,0.050614238,0.000911,"xCH4 (liquid-phase mole fraction of methane, Table 1)"
CH4_bruusgaard2010_ch4_024,CH4,280.05,4.03,total,none,0,,0.000000,0.000000,0.000000,0.000000,0.000000,0.000000,bruusgaard2010_ch4,"Bruusgaard, Beltrán & Servio (2010)",analytical_sampling,,CO2,,,,0.00858,"xCO2 (liquid-phase mole fraction of carbon dioxide, Table 1)"
CH4_chapoy2004_ch4_017,CH4,278.14,1.032,total,none,0,,0.000000,0.000000,0.000000,0.000000,0.000000,0.000000,chapoy2004_ch4,"Chapoy, Mohammadi, Richon & Tohidi (2004)",chromatography,,,,0.000339,0.01882372,0.339,"x1·10^3 mole fraction CH4 in aqueous phase (xexp), Table 3"
CH4_chapoy2004_ch4_018,CH4,283.14,0.987,total,none,0,,0.000000,0.000000,0.000000,0.000000,0.000000,0.000000,chapoy2004_ch4,"Chapoy, Mohammadi, Richon & Tohidi (2004)",chromatography,,,,0.000295,0.016379802,0.295,"x1·10^3 mole fraction CH4 in aqueous phase (xexp), Table 3"
CH4_chapoy2004_ch4_019,CH4,283.16,1.038,total,none,0,,0.000000,0.000000,0.000000,0.000000,0.000000,0.000000,chapoy2004_ch4,"Chapoy, Mohammadi, Richon & Tohidi (2004)",chromatography,,,,0.0003,0.016657509,0.3,"x1·10^3 mole fraction CH4 in aqueous phase (xexp), Table 3"
CH4_chapoy2004_ch4_020,CH4,283.16,1.988,total,none,0,,0.000000,0.000000,0.000000,0.000000,0.000000,0.000000,chapoy2004_ch4,"Chapoy, Mohammadi, Richon & Tohidi (2004)",chromatography,,,,0.000566,0.031435532,0.566,"x1·10^3 mole fraction CH4 in aqueous phase (xexp), Table 3"
CH4_chapoy2004_ch4_021,CH4,283.15,2.077,total,none,0,,0.000000,0.000000,0.000000,0.000000,0.000000,0.000000,chapoy2004_ch4,"Chapoy, Mohammadi, Richon & Tohidi (2004)",chromatography,,,,0.000593,0.032935996,0.593,"x1·10^3 mole fraction CH4 in aqueous phase (xexp), Table 3"
CH4_chapoy2004_ch4_022,CH4,283.15,3.079,total,none,0,,0.000000,0.000000,0.000000,0.000000,0.000000,0.000000,chapoy2004_ch4,"Chapoy, Mohammadi, Richon & Tohidi (2004)",chromatography,,,,0.000826,0.04588782,0.826,"x1·10^3 mole fraction CH4 in aqueous phase (xexp), Table 3"
CH4_chapoy2004_ch4_023,CH4,283.15,3.415,total,none,0,,0.000000,0.000000,0.000000,0.000000,0.000000,0.000000,chapoy2004_ch4,"Chapoy, Mohammadi, Richon & Tohidi (2004)",chromatography,,,,0.000896,0.049780106,0.896,"x1·10^3 mole fraction CH4 in aqueous phase (xexp), Table 3"
CH4_chapoy2004_ch4_024,CH4,288.16,1.038,total,none,0,,0.000000,0.000000,0.000000,0.000000,0.000000,0.000000,chapoy2004_ch4,"Chapoy, Mohammadi, Richon & Tohidi (2004)",chromatography,,,,0.000282,0.015657777,0.282,"x1·10^3 mole fraction CH4 in aqueous phase (xexp), Table 3"
CH4_chapoy2004_ch4_025,CH4,288.17,3.068,total,none,0,,0.000000,0.000000,0.000000,0.000000,0.000000,0.000000,chapoy2004_ch4,"Chapoy, Mohammadi, Richon & Tohidi (2004)",chromatography,,,,0.000755,0.041940487,0.755,"x1·10^3 mole fraction CH4 in aqueous phase (xexp), Table 3"
CH4_chapoy2004_ch4_026,CH4,298.14,0.994,total,none,0,,0.000000,0.000000,0.000000,0.000000,0.000000,0.000000,chapoy2004_ch4,"Chapoy, Mohammadi, Richon & Tohidi (2004)",chromatography,,,,0.000218,0.012103464,0.218,"x1·10^3 mole fraction CH4 in aqueous phase (xexp), Table 3"
CH4_chapoy2004_ch4_027,CH4,298.14,2.964,total,none,0,,0.000000,0.000000,0.000000,0.000000,0.000000,0.000000,chapoy2004_ch4,"Chapoy, Mohammadi, Richon & Tohidi (2004)",chromatography,,,,0.000637,0.035381372,0.637,"x1·10^3 mole fraction CH4 in aqueous phase (xexp), Table 3"
CH4_chapoy2004_ch4_028,CH4,298.14,7.257,total,none,0,,0.000000,0.000000,0.000000,0.000000,0.000000,0.000000,chapoy2004_ch4,"Chapoy, Mohammadi, Richon & Tohidi (2004)",chromatography,,,,0.001359,0.075538536,1.359,"x1·10^3 mole fraction CH4 in aqueous phase (xexp), Table 3"
CH4_chapoy2004_ch4_029,CH4,298.14,11.749,total,none,0,,0.000000,0.000000,0.000000,0.000000,0.000000,0.000000,chapoy2004_ch4,"Chapoy, Mohammadi, Richon & Tohidi (2004)",chromatography,,,,0.002014,0.11201947,2.014,"x1·10^3 mole fraction CH4 in aqueous phase (xexp), Table 3"
CH4_chapoy2004_ch4_030,CH4,298.14,14.407,total,none,0,,0.000000,0.000000,0.000000,0.000000,0.000000,0.000000,chapoy2004_ch4,"Chapoy, Mohammadi, Richon & Tohidi (2004)",chromatography,,,,0.002191,0.1218859,2.191,"x1·10^3 mole fraction CH4 in aqueous phase (xexp), Table 3"
CH4_chapoy2004_ch4_031,CH4,313.12,7.46,total,none,0,,0.000000,0.000000,0.000000,0.000000,0.000000,0.000000,chapoy2004_ch4,"Chapoy, Mohammadi, Richon & Tohidi (2004)",chromatography,,,,0.001157,0.06429758,1.157,"x1·10^3 mole fraction CH4 in aqueous phase (xexp), Table 3"
CH4_chapoy2004_ch4_032,CH4,313.12,12.624,total,none,0,,0.000000,0.000000,0.000000,0.000000,0.000000,0.000000,chapoy2004_ch4,"Chapoy, Mohammadi, Richon & Tohidi (2004)",chromatography,,,,0.001817,0.10104231,1.817,"x1·10^3 mole fraction CH4 in aqueous phase (xexp), Table 3"
CH4_cui2026_ch4_001,CH4,393.15,5.0,total,mixed,0.156938,formation_brine,,,,,,,cui2026_ch4,Cui et al. (2026),chromatography,digitized_from_figure,CO2,,,,"NOT-PRINTED (no raw T/P/solubility table exists in this paper; results shown ONLY as unlabeled curves in Figure 2 -- 'figure-only point counts are digitized, not printed' per playbook trap, so NOT digitized here)","GWR (dissolved gas-water ratio, cm3/cm3, per Eq. 3, standard conditions 293.15 K / 0.101325 MPa) -- this is the paper's solubility metric, but no numeric table of it is printed anywhere in the article body"
CH4_cui2026_ch4_002,CH4,393.15,5.0,total,mixed,0.318,formation_brine,,,,,,,cui2026_ch4,Cui et al. (2026),chromatography,digitized_from_figure,,,,,"NOT-PRINTED (no raw T/P/solubility table; results shown only in Figures 3-4 as curves, not digitized)","GWR (dissolved gas-water ratio, cm3/cm3, per Eq. 3)"
CH4_cui2026_ch4_003,CH4,393.15,5.0,total,mixed,0.140204,formation_brine,,,,,,,cui2026_ch4,Cui et al. (2026),chromatography,digitized_from_figure,,,,,NOT-PRINTED (no raw T/P/solubility table; not digitized from figures),"GWR (dissolved gas-water ratio, cm3/cm3, per Eq. 3)"
CH4_cui2026_ch4_004,CH4,393.15,5.0,total,mixed,0.156938,formation_brine,,,,,,,cui2026_ch4,Cui et al. (2026),chromatography,digitized_from_figure,CO2,,0.0017250074,0.095917813,2.13,"Gas-Liquid Ratio m3/m3 (GWR, dissolved gas-water ratio, eq.3, std conditions)"
CH4_cui2026_ch4_005,CH4,393.15,10.0,total,mixed,0.156938,formation_brine,,,,,,,cui2026_ch4,Cui et al. (2026),chromatography,digitized_from_figure,CO2,,0.0066163932,0.36971138,8.21,m3/m3 GWR
CH4_cui2026_ch4_006,CH4,393.15,20.0,total,mixed,0.156938,formation_brine,,,,,,,cui2026_ch4,Cui et al. (2026),chromatography,digitized_from_figure,CO2,,0.012450054,0.69979475,15.54,m3/m3 GWR
CH4_cui2026_ch4_007,CH4,393.15,30.0,total,mixed,0.156938,formation_brine,,,,,,,cui2026_ch4,Cui et al. (2026),chromatography,digitized_from_figure,CO2,,0.015486759,0.87316732,19.39,m3/m3 GWR
CH4_cui2026_ch4_008,CH4,393.15,40.0,total,mixed,0.156938,formation_brine,,,,,,,cui2026_ch4,Cui et al. (2026),chromatography,digitized_from_figure,CO2,,0.017252825,0.97448895,21.64,m3/m3 GWR
CH4_cui2026_ch4_009,CH4,393.15,50.0,total,mixed,0.156938,formation_brine,,,,,,,cui2026_ch4,Cui et al. (2026),chromatography,digitized_from_figure,CO2,,0.017957479,1.0150176,22.54,m3/m3 GWR
CH4_cui2026_ch4_010,CH4,393.15,60.0,total,mixed,0.156938,formation_brine,,,,,,,cui2026_ch4,Cui et al. (2026),chromatography,digitized_from_figure,CO2,,0.018645497,1.0546456,23.42,m3/m3 GWR
CH4_cui2026_ch4_011,CH4,393.15,70.0,total,mixed,0.156938,formation_brine,,,,,,,cui2026_ch4,Cui et al. (2026),chromatography,digitized_from_figure,CO2,,0.01872362,1.0591488,23.52,m3/m3 GWR
CH4_cui2026_ch4_012,CH4,393.15,80.0,total,mixed,0.156938,formation_brine,,,,,,,cui2026_ch4,Cui et al. (2026),chromatography,digitized_from_figure,CO2,,0.019043794,1.0776119,23.93,m3/m3 GWR
CH4_cui2026_ch4_013,CH4,393.15,90.0,total,mixed,0.156938,formation_brine,,,,,,,cui2026_ch4,Cui et al. (2026),chromatography,digitized_from_figure,CO2,,0.019340354,1.094724,24.31,m3/m3 GWR
CH4_cui2026_ch4_014,CH4,393.15,100.0,total,mixed,0.156938,formation_brine,,,,,,,cui2026_ch4,Cui et al. (2026),chromatography,digitized_from_figure,CO2,,0.019730292,1.1172399,24.81,m3/m3 GWR
CH4_cui2026_ch4_015,CH4,423.15,5.0,total,mixed,0.161353,formation_brine,,,,,,,cui2026_ch4,Cui et al. (2026),chromatography,digitized_from_figure,,,0.00202405,0.11257959,2.50,m3/m3 GWR
CH4_cui2026_ch4_016,CH4,423.15,10.0,total,mixed,0.161353,formation_brine,,,,,,,cui2026_ch4,Cui et al. (2026),chromatography,digitized_from_figure,,,0.006912513,0.38637316,8.58,m3/m3 GWR
CH4_cui2026_ch4_017,CH4,423.15,20.0,total,mixed,0.161353,formation_brine,,,,,,,cui2026_ch4,Cui et al. (2026),chromatography,digitized_from_figure,,,0.013264305,0.74617754,16.57,m3/m3 GWR
CH4_cui2026_ch4_018,CH4,423.15,30.0,total,mixed,0.161353,formation_brine,,,,,,,cui2026_ch4,Cui et al. (2026),chromatography,digitized_from_figure,,,0.016923641,0.95557558,21.22,m3/m3 GWR
CH4_cui2026_ch4_019,CH4,423.15,40.0,total,mixed,0.161353,formation_brine,,,,,,,cui2026_ch4,Cui et al. (2026),chromatography,digitized_from_figure,,,0.018895447,1.0690558,23.74,m3/m3 GWR
CH4_cui2026_ch4_020,CH4,423.15,50.0,total,mixed,0.161353,formation_brine,,,,,,,cui2026_ch4,Cui et al. (2026),chromatography,digitized_from_figure,,,0.019777064,1.1199418,24.87,m3/m3 GWR
CH4_cui2026_ch4_021,CH4,423.15,60.0,total,mixed,0.161353,formation_brine,,,,,,,cui2026_ch4,Cui et al. (2026),chromatography,digitized_from_figure,,,0.020306831,1.1505634,25.55,m3/m3 GWR
CH4_cui2026_ch4_022,CH4,423.15,70.0,total,mixed,0.161353,formation_brine,,,,,,,cui2026_ch4,Cui et al. (2026),chromatography,digitized_from_figure,,,0.020478103,1.1604704,25.77,m3/m3 GWR
CH4_cui2026_ch4_023,CH4,423.15,80.0,total,mixed,0.161353,formation_brine,,,,,,,cui2026_ch4,Cui et al. (2026),chromatography,digitized_from_figure,,,0.0207349,1.1753309,26.10,m3/m3 GWR
CH4_cui2026_ch4_024,CH4,423.15,90.0,total,mixed,0.161353,formation_brine,,,,,,,cui2026_ch4,Cui et al. (2026),chromatography,digitized_from_figure,,,0.020828247,1.1807348,26.22,m3/m3 GWR
CH4_cui2026_ch4_025,CH4,423.15,100.0,total,mixed,0.161353,formation_brine,,,,,,,cui2026_ch4,Cui et al. (2026),chromatography,digitized_from_figure,,,0.020944906,1.1874895,26.37,m3/m3 GWR
CH4_cui2026_ch4_026,CH4,453.15,5.0,total,mixed,0.166848,formation_brine,,,,,,,cui2026_ch4,Cui et al. (2026),chromatography,digitized_from_figure,,,0.0023390633,0.13014201,2.89,m3/m3 GWR
CH4_cui2026_ch4_027,CH4,453.15,10.0,total,mixed,0.166848,formation_brine,,,,,,,cui2026_ch4,Cui et al. (2026),chromatography,digitized_from_figure,,,0.0075441782,0.42194831,9.37,m3/m3 GWR
CH4_cui2026_ch4_028,CH4,453.15,20.0,total,mixed,0.166848,formation_brine,,,,,,,cui2026_ch4,Cui et al. (2026),chromatography,digitized_from_figure,,,0.01434526,0.80787116,17.94,m3/m3 GWR
CH4_cui2026_ch4_029,CH4,453.15,30.0,total,mixed,0.166848,formation_brine,,,,,,,cui2026_ch4,Cui et al. (2026),chromatography,digitized_from_figure,,,0.018301609,1.0348316,22.98,m3/m3 GWR
CH4_cui2026_ch4_030,CH4,453.15,40.0,total,mixed,0.166848,formation_brine,,,,,,,cui2026_ch4,Cui et al. (2026),chromatography,digitized_from_figure,,,0.020641535,1.1699271,25.98,m3/m3 GWR
CH4_cui2026_ch4_031,CH4,453.15,50.0,total,mixed,0.166848,formation_brine,,,,,,,cui2026_ch4,Cui et al. (2026),chromatography,digitized_from_figure,,,0.021349109,1.2109061,26.89,m3/m3 GWR
CH4_cui2026_ch4_032,CH4,453.15,60.0,total,mixed,0.166848,formation_brine,,,,,,,cui2026_ch4,Cui et al. (2026),chromatography,digitized_from_figure,,,0.021830608,1.2388258,27.51,m3/m3 GWR
CH4_cui2026_ch4_033,CH4,453.15,70.0,total,mixed,0.166848,formation_brine,,,,,,,cui2026_ch4,Cui et al. (2026),chromatography,digitized_from_figure,,,0.022086696,1.2536863,27.84,m3/m3 GWR
CH4_cui2026_ch4_034,CH4,453.15,80.0,total,mixed,0.166848,formation_brine,,,,,,,cui2026_ch4,Cui et al. (2026),chromatography,digitized_from_figure,,,0.022350404,1.2689972,28.18,m3/m3 GWR
CH4_cui2026_ch4_035,CH4,453.15,90.0,total,mixed,0.166848,formation_brine,,,,,,,cui2026_ch4,Cui et al. (2026),chromatography,digitized_from_figure,,,0.022644968,1.2861093,28.56,m3/m3 GWR
CH4_cui2026_ch4_036,CH4,453.15,100.0,total,mixed,0.166848,formation_brine,,,,,,,cui2026_ch4,Cui et al. (2026),chromatography,digitized_from_figure,,,0.022923866,1.3023207,28.92,m3/m3 GWR
CH4_cui2026_ch4_037,CH4,393.15,5.0,total,mixed,0.318,formation_brine,,,,,,,cui2026_ch4,Cui et al. (2026),chromatography,digitized_from_figure,,,0.00074801729,0.041552305,0.92,m3/m3 GWR
CH4_cui2026_ch4_038,CH4,393.15,10.0,total,mixed,0.318,formation_brine,,,,,,,cui2026_ch4,Cui et al. (2026),chromatography,digitized_from_figure,,,0.0017139031,0.095299308,2.11,m3/m3 GWR
CH4_cui2026_ch4_039,CH4,393.15,20.0,total,mixed,0.318,formation_brine,,,,,,,cui2026_ch4,Cui et al. (2026),chromatography,digitized_from_figure,,,0.0034381033,0.19150193,4.24,m3/m3 GWR
CH4_cui2026_ch4_040,CH4,393.15,30.0,total,mixed,0.318,formation_brine,,,,,,,cui2026_ch4,Cui et al. (2026),chromatography,digitized_from_figure,,,0.0051080374,0.28499461,6.31,m3/m3 GWR
CH4_cui2026_ch4_041,CH4,393.15,40.0,total,mixed,0.318,formation_brine,,,,,,,cui2026_ch4,Cui et al. (2026),chromatography,digitized_from_figure,,,0.0063387439,0.3540979,7.84,m3/m3 GWR
CH4_cui2026_ch4_042,CH4,393.15,50.0,total,mixed,0.318,formation_brine,,,,,,,cui2026_ch4,Cui et al. (2026),chromatography,digitized_from_figure,,,0.0073339477,0.41010318,9.08,m3/m3 GWR
CH4_cui2026_ch4_043,CH4,393.15,60.0,total,mixed,0.318,formation_brine,,,,,,,cui2026_ch4,Cui et al. (2026),chromatography,digitized_from_figure,,,0.0079829647,0.44668728,9.89,m3/m3 GWR
CH4_cui2026_ch4_044,CH4,393.15,70.0,total,mixed,0.318,formation_brine,,,,,,,cui2026_ch4,Cui et al. (2026),chromatography,digitized_from_figure,,,0.0081430852,0.45572039,10.09,m3/m3 GWR
CH4_cui2026_ch4_045,CH4,393.15,80.0,total,mixed,0.318,formation_brine,,,,,,,cui2026_ch4,Cui et al. (2026),chromatography,digitized_from_figure,,,0.0084471718,0.47288329,10.47,m3/m3 GWR
CH4_cui2026_ch4_046,CH4,393.15,90.0,total,mixed,0.318,formation_brine,,,,,,,cui2026_ch4,Cui et al. (2026),chromatography,digitized_from_figure,,,0.0085591567,0.47920647,10.61,m3/m3 GWR
CH4_cui2026_ch4_047,CH4,393.15,100.0,total,mixed,0.318,formation_brine,,,,,,,cui2026_ch4,Cui et al. (2026),chromatography,digitized_from_figure,,,0.0086791125,0.4859813,10.76,m3/m3 GWR
CH4_cui2026_ch4_048,CH4,393.15,5.0,total,mixed,0.140204,formation_brine,,,,,,,cui2026_ch4,Cui et al. (2026),chromatography,digitized_from_figure,CO2,,0.0010208349,0.056722788,1.26,m3/m3 GWR
CH4_cui2026_ch4_049,CH4,393.15,10.0,total,mixed,0.140204,formation_brine,,,,,,,cui2026_ch4,Cui et al. (2026),chromatography,digitized_from_figure,CO2,,0.0021768794,0.12109865,2.69,m3/m3 GWR
CH4_cui2026_ch4_050,CH4,393.15,20.0,total,mixed,0.140204,formation_brine,,,,,,,cui2026_ch4,Cui et al. (2026),chromatography,digitized_from_figure,CO2,,0.0045693661,0.25480237,5.66,m3/m3 GWR
CH4_cui2026_ch4_051,CH4,393.15,30.0,total,mixed,0.140204,formation_brine,,,,,,,cui2026_ch4,Cui et al. (2026),chromatography,digitized_from_figure,CO2,,0.0064863183,0.36239559,8.05,m3/m3 GWR
CH4_cui2026_ch4_052,CH4,393.15,40.0,total,mixed,0.140204,formation_brine,,,,,,,cui2026_ch4,Cui et al. (2026),chromatography,digitized_from_figure,CO2,,0.0083001979,0.46458664,10.32,m3/m3 GWR
CH4_cui2026_ch4_053,CH4,393.15,50.0,total,mixed,0.140204,formation_brine,,,,,,,cui2026_ch4,Cui et al. (2026),chromatography,digitized_from_figure,CO2,,0.0094076336,0.52716178,11.71,m3/m3 GWR
CH4_cui2026_ch4_054,CH4,393.15,60.0,total,mixed,0.140204,formation_brine,,,,,,,cui2026_ch4,Cui et al. (2026),chromatography,digitized_from_figure,CO2,,0.0099723484,0.55912462,12.42,m3/m3 GWR
CH4_cui2026_ch4_055,CH4,393.15,70.0,total,mixed,0.140204,formation_brine,,,,,,,cui2026_ch4,Cui et al. (2026),chromatography,digitized_from_figure,CO2,,0.010425245,0.58478493,12.99,m3/m3 GWR
CH4_cui2026_ch4_056,CH4,393.15,80.0,total,mixed,0.140204,formation_brine,,,,,,,cui2026_ch4,Cui et al. (2026),chromatography,digitized_from_figure,CO2,,0.01056024,0.59243801,13.16,m3/m3 GWR
CH4_cui2026_ch4_057,CH4,393.15,90.0,total,mixed,0.140204,formation_brine,,,,,,,cui2026_ch4,Cui et al. (2026),chromatography,digitized_from_figure,CO2,,0.010726946,0.60189181,13.37,m3/m3 GWR
CH4_cui2026_ch4_058,CH4,393.15,100.0,total,mixed,0.140204,formation_brine,,,,,,,cui2026_ch4,Cui et al. (2026),chromatography,digitized_from_figure,CO2,,0.010853923,0.6090947,13.53,m3/m3 GWR
CH4_cui2026_ch4_059,CH4,393.15,5.0,total,mixed,0.156938,formation_brine,,,,,,,cui2026_ch4,Cui et al. (2026),chromatography,digitized_from_figure,CO2,,0.0017088378,0.095017176,2.11,m3/m3 GWR
CH4_cui2026_ch4_060,CH4,393.15,10.0,total,mixed,0.156938,formation_brine,,,,,,,cui2026_ch4,Cui et al. (2026),chromatography,digitized_from_figure,CO2,,0.0065683572,0.36700947,8.15,m3/m3 GWR
CH4_cui2026_ch4_061,CH4,393.15,30.0,total,mixed,0.156938,formation_brine,,,,,,,cui2026_ch4,Cui et al. (2026),chromatography,digitized_from_figure,CO2,,0.01540812,0.86866414,19.29,m3/m3 GWR
CH4_cui2026_ch4_062,CH4,393.15,40.0,total,mixed,0.156938,formation_brine,,,,,,,cui2026_ch4,Cui et al. (2026),chromatography,digitized_from_figure,CO2,,0.017166632,0.96953545,21.53,m3/m3 GWR
CH4_cui2026_ch4_063,CH4,393.15,5.0,total,mixed,0.140204,formation_brine,,,,,,,cui2026_ch4,Cui et al. (2026),chromatography,digitized_from_figure,CO2,,0.00096417651,0.053571522,1.19,m3/m3 GWR
CH4_cui2026_ch4_064,CH4,393.15,10.0,total,mixed,0.140204,formation_brine,,,,,,,cui2026_ch4,Cui et al. (2026),chromatography,digitized_from_figure,CO2,,0.0021526542,0.11974811,2.66,m3/m3 GWR
CH4_cui2026_ch4_065,CH4,393.15,20.0,total,mixed,0.140204,formation_brine,,,,,,,cui2026_ch4,Cui et al. (2026),chromatography,digitized_from_figure,CO2,,0.0044648846,0.24895001,5.53,m3/m3 GWR
CH4_cui2026_ch4_066,CH4,393.15,30.0,total,mixed,0.140204,formation_brine,,,,,,,cui2026_ch4,Cui et al. (2026),chromatography,digitized_from_figure,CO2,,0.0064062591,0.35789378,7.95,m3/m3 GWR
CH4_cui2026_ch4_067,CH4,393.15,40.0,total,mixed,0.140204,formation_brine,,,,,,,cui2026_ch4,Cui et al. (2026),chromatography,digitized_from_figure,CO2,,0.0082523391,0.46188556,10.26,m3/m3 GWR
CH4_cui2026_ch4_068,CH4,393.15,50.0,total,mixed,0.140204,formation_brine,,,,,,,cui2026_ch4,Cui et al. (2026),chromatography,digitized_from_figure,CO2,,0.0093280445,0.52265998,11.61,m3/m3 GWR
CH4_dhima1998_ch4_005,CH4,344.15,100.0,total,none,0,,0.000000,0.000000,0.000000,0.000000,0.000000,0.000000,dhima1998_ch4,"Dhima, de Hemptinne & Moracchini 1998",analytical_sampling,,C2H6,,0.001601,0.089011413,0.1601,"% mol methane (C1) component (Table 2 heading 'Solubility (% mol) of:', column C1; row 'HC phase water-free methane content (% mol)' = 28.3)"
CH4_dhima1998_ch4_006,CH4,344.15,75.0,total,none,0,,0.000000,0.000000,0.000000,0.000000,0.000000,0.000000,dhima1998_ch4,"Dhima, de Hemptinne & Moracchini 1998",analytical_sampling,,C2H6,,0.001403,0.077987665,0.1403,"% mol methane (C1) component (Table 2, row HC-phase methane content=28.3)"
CH4_dhima1998_ch4_007,CH4,344.15,50.0,total,none,0,,0.000000,0.000000,0.000000,0.000000,0.000000,0.000000,dhima1998_ch4,"Dhima, de Hemptinne & Moracchini 1998",analytical_sampling,,C2H6,,0.001141,0.063407402,0.1141,"% mol methane (C1) component (Table 2, row HC-phase methane content=28.3)"
CH4_dhima1998_ch4_008,CH4,344.15,20.0,total,none,0,,0.000000,0.000000,0.000000,0.000000,0.000000,0.000000,dhima1998_ch4,"Dhima, de Hemptinne & Moracchini 1998",analytical_sampling,,C2H6,,0.000716,0.039772472,0.0716,"% mol methane (C1) component (Table 2, row HC-phase methane content=28.3)"
CH4_dhima1998_ch4_009,CH4,344.15,100.0,total,none,0,,0.000000,0.000000,0.000000,0.000000,0.000000,0.000000,dhima1998_ch4,"Dhima, de Hemptinne & Moracchini 1998",analytical_sampling,,C2H6,,0.002561,0.14252194,0.2561,"% mol methane (C1) component (Table 2, row HC-phase methane content=48.2)"
CH4_dhima1998_ch4_010,CH4,344.15,75.0,total,none,0,,0.000000,0.000000,0.000000,0.000000,0.000000,0.000000,dhima1998_ch4,"Dhima, de Hemptinne & Moracchini 1998",analytical_sampling,,C2H6,,0.002229,0.12400457,0.2229,"% mol methane (C1) component (Table 2, row HC-phase methane content=48.2)"
CH4_dhima1998_ch4_011,CH4,344.15,50.0,total,none,0,,0.000000,0.000000,0.000000,0.000000,0.000000,0.000000,dhima1998_ch4,"Dhima, de Hemptinne & Moracchini 1998",analytical_sampling,,C2H6,,0.001792,0.099649577,0.1792,"% mol methane (C1) component (Table 2, row HC-phase methane content=48.2)"
CH4_dhima1998_ch4_012,CH4,344.15,20.0,total,none,0,,0.000000,0.000000,0.000000,0.000000,0.000000,0.000000,dhima1998_ch4,"Dhima, de Hemptinne & Moracchini 1998",analytical_sampling,,C2H6,,0.001127,0.062628519,0.1127,"% mol methane (C1) component (Table 2, row HC-phase methane content=48.2)"
CH4_dhima1998_ch4_013,CH4,344.15,75.0,total,none,0,,0.000000,0.000000,0.000000,0.000000,0.000000,0.000000,dhima1998_ch4,"Dhima, de Hemptinne & Moracchini 1998",analytical_sampling,,C2H6,,0.00347,0.19328475,0.3470,"% mol methane (C1) component (Table 2, row HC-phase methane content=72.5)"
CH4_dhima1998_ch4_014,CH4,344.15,50.0,total,none,0,,0.000000,0.000000,0.000000,0.000000,0.000000,0.000000,dhima1998_ch4,"Dhima, de Hemptinne & Moracchini 1998",analytical_sampling,,C2H6,,0.002801,0.15591567,0.2801,"% mol methane (C1) component (Table 2, row HC-phase methane content=72.5)"
CH4_dhima1998_ch4_015,CH4,344.15,100.0,total,none,0,,0.000000,0.000000,0.000000,0.000000,0.000000,0.000000,dhima1998_ch4,"Dhima, de Hemptinne & Moracchini 1998",analytical_sampling,,C2H6,,0.000286,0.015879936,0.0286,"% mol methane (C1) component (Table 3 heading 'Solubility (% mol) of:', column C1; row 'HC phase water-free methane content (% mol)' = 4.3)"
CH4_dhima1998_ch4_016,CH4,344.15,75.0,total,none,0,,0.000000,0.000000,0.000000,0.000000,0.000000,0.000000,dhima1998_ch4,"Dhima, de Hemptinne & Moracchini 1998",analytical_sampling,,,,0.000233,0.012936465,0.0233,"% mol methane (C1) component (Table 3, row HC-phase methane content=4.3)"
CH4_dhima1998_ch4_017,CH4,344.15,50.0,total,none,0,,0.000000,0.000000,0.000000,0.000000,0.000000,0.000000,dhima1998_ch4,"Dhima, de Hemptinne & Moracchini 1998",analytical_sampling,,,,0.000198,0.010992835,0.0198,"% mol methane (C1) component (Table 3, row HC-phase methane content=4.3)"
CH4_dhima1998_ch4_018,CH4,344.15,20.0,total,none,0,,0.000000,0.000000,0.000000,0.000000,0.000000,0.000000,dhima1998_ch4,"Dhima, de Hemptinne & Moracchini 1998",analytical_sampling,,,,0.000127,0.0070504588,0.0127,"% mol methane (C1) component (Table 3, row HC-phase methane content=4.3)"
CH4_dhima1998_ch4_019,CH4,344.15,100.0,total,none,0,,0.000000,0.000000,0.000000,0.000000,0.000000,0.000000,dhima1998_ch4,"Dhima, de Hemptinne & Moracchini 1998",analytical_sampling,,,,0.001148,0.063796851,0.1148,"% mol methane (C1) component (Table 3, row HC-phase methane content=23.0)"
CH4_dhima1998_ch4_020,CH4,344.15,75.0,total,none,0,,0.000000,0.000000,0.000000,0.000000,0.000000,0.000000,dhima1998_ch4,"Dhima, de Hemptinne & Moracchini 1998",analytical_sampling,,,,0.001118,0.06212782,0.1118,"% mol methane (C1) component (Table 3, row HC-phase methane content=23.0)"
CH4_dhima1998_ch4_021,CH4,344.15,50.0,total,none,0,,0.000000,0.000000,0.000000,0.000000,0.000000,0.000000,dhima1998_ch4,"Dhima, de Hemptinne & Moracchini 1998",analytical_sampling,,,,0.001003,0.055730797,0.1003,"% mol methane (C1) component (Table 3, row HC-phase methane content=23.0)"
CH4_dhima1998_ch4_022,CH4,344.15,20.0,total,none,0,,0.000000,0.000000,0.000000,0.000000,0.000000,0.000000,dhima1998_ch4,"Dhima, de Hemptinne & Moracchini 1998",analytical_sampling,,,,0.000799,0.044386655,0.0799,"% mol methane (C1) component (Table 3, row HC-phase methane content=23.0)"
CH4_dhima1998_ch4_023,CH4,344.15,100.0,total,none,0,,0.000000,0.000000,0.000000,0.000000,0.000000,0.000000,dhima1998_ch4,"Dhima, de Hemptinne & Moracchini 1998",analytical_sampling,,,,0.002329,0.1295808,0.2329,"% mol methane (C1) component (Table 3, row HC-phase methane content=45.5)"
CH4_dhima1998_ch4_024,CH4,344.15,75.0,total,none,0,,0.000000,0.000000,0.000000,0.000000,0.000000,0.000000,dhima1998_ch4,"Dhima, de Hemptinne & Moracchini 1998",analytical_sampling,,,,0.002118,0.11781627,0.2118,"% mol methane (C1) component (Table 3, row HC-phase methane content=45.5)"
CH4_dhima1998_ch4_025,CH4,344.15,50.0,total,none,0,,0.000000,0.000000,0.000000,0.000000,0.000000,0.000000,dhima1998_ch4,"Dhima, de Hemptinne & Moracchini 1998",analytical_sampling,,,,0.001884,0.10477517,0.1884,"% mol methane (C1) component (Table 3, row HC-phase methane content=45.5)"
CH4_dhima1998_ch4_026,CH4,344.15,20.0,total,none,0,,0.000000,0.000000,0.000000,0.000000,0.000000,0.000000,dhima1998_ch4,"Dhima, de Hemptinne & Moracchini 1998",analytical_sampling,,,,0.001441,0.080102995,0.1441,"% mol methane (C1) component (Table 3, row HC-phase methane content=45.5)"
CH4_dhima1998_ch4_027,CH4,344.15,20.0,total,none,0,,0.000000,0.000000,0.000000,0.000000,0.000000,0.000000,dhima1998_ch4,"Dhima, de Hemptinne & Moracchini 1998",analytical_sampling,,,,0.001886,0.10488661,0.1886,"% mol methane (C1) component (Table 3, row HC-phase methane content=83.0)"
CH4_dhima1998_ch4_028,CH4,344.15,10.0,total,none,0,,0.000000,0.000000,0.000000,0.000000,0.000000,0.000000,dhima1998_ch4,"Dhima, de Hemptinne & Moracchini 1998",analytical_sampling,,,,0.00063,0.03499232,0.0630,"% mol methane (C1) component (Table 3 second block, Total Pressure 10/5/2.5 MPa; row HC-phase methane content=23.0)"
CH4_dhima1998_ch4_029,CH4,344.15,5.0,total,none,0,,0.000000,0.000000,0.000000,0.000000,0.000000,0.000000,dhima1998_ch4,"Dhima, de Hemptinne & Moracchini 1998",analytical_sampling,,,,0.000584,0.032435833,0.0584,% mol methane (C1) component (Table 3 second block; row HC-phase methane content=23.0); footnote (a) applies
CH4_dhima1998_ch4_030,CH4,344.15,2.5,total,none,0,,0.000000,0.000000,0.000000,0.000000,0.000000,0.000000,dhima1998_ch4,"Dhima, de Hemptinne & Moracchini 1998",analytical_sampling,,,,0.000253,0.014047172,0.0253,% mol methane (C1) component (Table 3 second block; row HC-phase methane content=23.0); footnote (a) applies
CH4_dhima1998_ch4_031,CH4,344.15,10.0,total,none,0,,0.000000,0.000000,0.000000,0.000000,0.000000,0.000000,dhima1998_ch4,"Dhima, de Hemptinne & Moracchini 1998",analytical_sampling,,,,0.00115,0.063908124,0.1150,% mol methane (C1) component (Table 3 second block; row HC-phase methane content=45.5)
CH4_dhima1998_ch4_032,CH4,344.15,5.0,total,none,0,,0.000000,0.000000,0.000000,0.000000,0.000000,0.000000,dhima1998_ch4,"Dhima, de Hemptinne & Moracchini 1998",analytical_sampling,,,,0.000636,0.035325793,0.0636,% mol methane (C1) component (Table 3 second block; row HC-phase methane content=45.5); footnote (a) applies
CH4_dhima1998_ch4_033,CH4,344.15,2.5,total,none,0,,0.000000,0.000000,0.000000,0.000000,0.000000,0.000000,dhima1998_ch4,"Dhima, de Hemptinne & Moracchini 1998",analytical_sampling,,,,0.000278,0.015435619,0.0278,% mol methane (C1) component (Table 3 second block; row HC-phase methane content=45.5); footnote (a) applies
CH4_dhima1998_ch4_034,CH4,344.15,10.0,total,none,0,,0.000000,0.000000,0.000000,0.000000,0.000000,0.000000,dhima1998_ch4,"Dhima, de Hemptinne & Moracchini 1998",analytical_sampling,,,,0.001211,0.067302143,0.1211,% mol methane (C1) component (Table 3 second block; row HC-phase methane content=83.0)
CH4_dhima1998_ch4_035,CH4,344.15,2.5,total,none,0,,0.000000,0.000000,0.000000,0.000000,0.000000,0.000000,dhima1998_ch4,"Dhima, de Hemptinne & Moracchini 1998",analytical_sampling,,,,0.000348,0.019323639,0.0348,% mol methane (C1) component (Table 3 second block; row HC-phase methane content=83.0)
CH4_dhima1999_ch4_001,CH4,344.15,10.0,total,none,0,,0.000000,0.000000,0.000000,0.000000,0.000000,0.000000,dhima1999_ch4,Dhima et al. (1999),analytical_sampling,,CO2,,0.000776,0.04310795,0.000776,"aqueous mole fraction C1 (Table 1 heading 'aqueous mole fraction of C1'); paired equilibrium (gas-phase, dry-basis) methane mole fraction y_CH4=0.5670"
CH4_dhima1999_ch4_002,CH4,344.15,10.0,total,none,0,,0.000000,0.000000,0.000000,0.000000,0.000000,0.000000,dhima1999_ch4,Dhima et al. (1999),analytical_sampling,,CO2,,0.0011,0.06112645,0.001100,aqueous mole fraction C1; paired y_CH4=0.8045
CH4_dhima1999_ch4_003,CH4,344.15,20.0,total,none,0,,0.000000,0.000000,0.000000,0.000000,0.000000,0.000000,dhima1999_ch4,Dhima et al. (1999),analytical_sampling,,CO2,,0.00131,0.072811352,0.001310,aqueous mole fraction C1; paired y_CH4=0.5700
CH4_dhima1999_ch4_004,CH4,344.15,20.0,total,none,0,,0.000000,0.000000,0.000000,0.000000,0.000000,0.000000,dhima1999_ch4,Dhima et al. (1999),analytical_sampling,,CO2,,0.00182,0.10120944,0.001820,aqueous mole fraction C1; paired y_CH4=0.8102
CH4_dhima1999_ch4_005,CH4,344.15,50.0,total,none,0,,0.000000,0.000000,0.000000,0.000000,0.000000,0.000000,dhima1999_ch4,Dhima et al. (1999),analytical_sampling,,CO2,,0.002434,0.13543703,0.002434,aqueous mole fraction C1; paired y_CH4=0.5850
CH4_dhima1999_ch4_006,CH4,344.15,50.0,total,none,0,,0.000000,0.000000,0.000000,0.000000,0.000000,0.000000,dhima1999_ch4,Dhima et al. (1999),analytical_sampling,,CO2,,0.00319,0.17763838,0.003190,aqueous mole fraction C1; paired y_CH4=0.8205
CH4_dhima1999_ch4_007,CH4,344.15,75.0,total,none,0,,0.000000,0.000000,0.000000,0.000000,0.000000,0.000000,dhima1999_ch4,Dhima et al. (1999),analytical_sampling,,CO2,,0.003027,0.168534,0.003027,aqueous mole fraction C1; paired y_CH4=0.5870
CH4_dhima1999_ch4_008,CH4,344.15,75.0,total,none,0,,0.000000,0.000000,0.000000,0.000000,0.000000,0.000000,dhima1999_ch4,Dhima et al. (1999),analytical_sampling,,CO2,,0.003893,0.21693864,0.003893,aqueous mole fraction C1; paired y_CH4=0.8260
CH4_dhima1999_ch4_009,CH4,344.15,100.0,total,none,0,,0.000000,0.000000,0.000000,0.000000,0.000000,0.000000,dhima1999_ch4,Dhima et al. (1999),analytical_sampling,,CO2,,0.00361,0.20111124,0.003610,aqueous mole fraction C1; paired y_CH4=0.5940
CH4_gao1997_ch4_078,CH4,323.15,5.54,total,mixed,0.626514,NaHCO3,,,,,,,gao1997_ch4,"Gao, Zheng & Guo (1997)",analytical_sampling,,,,0.000633,0.035159056,6.33,"10^4x (mole fraction TOTAL natural gas mixture in liquid, Table 6 heading 10^4x)"
CH4_gao1997_ch4_079,CH4,323.15,10.35,total,mixed,0.626514,NaHCO3,,,,,,,gao1997_ch4,"Gao, Zheng & Guo (1997)",analytical_sampling,,,,0.001032,0.05734382,10.32,"10^4x (mole fraction TOTAL natural gas mixture in liquid, Table 6 heading 10^4x)"
CH4_gao1997_ch4_080,CH4,323.15,19.7,total,mixed,0.626514,NaHCO3,,,,,,,gao1997_ch4,"Gao, Zheng & Guo (1997)",analytical_sampling,,,,0.001565,0.08700677,15.65,"10^4x (mole fraction TOTAL natural gas mixture in liquid, Table 6 heading 10^4x)"
CH4_gao1997_ch4_081,CH4,323.15,30.44,total,mixed,0.626514,NaHCO3,,,,,,,gao1997_ch4,"Gao, Zheng & Guo (1997)",analytical_sampling,,,,0.002128,0.11837372,21.28,"10^4x (mole fraction TOTAL natural gas mixture in liquid, Table 6 heading 10^4x)"
CH4_gao1997_ch4_082,CH4,323.15,40.2,total,mixed,0.626514,NaHCO3,,,,,,,gao1997_ch4,"Gao, Zheng & Guo (1997)",analytical_sampling,,,,0.002541,0.14140609,25.41,"10^4x (mole fraction TOTAL natural gas mixture in liquid, Table 6 heading 10^4x)"
CH4_gao1997_ch4_083,CH4,323.15,50.4,total,mixed,0.626514,NaHCO3,,,,,,,gao1997_ch4,"Gao, Zheng & Guo (1997)",analytical_sampling,,,,0.002878,0.1602142,28.78,"10^4x (mole fraction TOTAL natural gas mixture in liquid, Table 6 heading 10^4x)"
CH4_gao1997_ch4_084,CH4,323.15,56.3,total,mixed,0.626514,NaHCO3,,,,,,,gao1997_ch4,"Gao, Zheng & Guo (1997)",analytical_sampling,,,,0.003062,0.17048868,30.62,"10^4x (mole fraction TOTAL natural gas mixture in liquid, Table 6 heading 10^4x)"
CH4_gao1997_ch4_085,CH4,373.15,5.2,total,mixed,0.626514,NaHCO3,,,,,,,gao1997_ch4,"Gao, Zheng & Guo (1997)",analytical_sampling,,,,0.000621,0.03449212,6.21,"10^4x (mole fraction TOTAL natural gas mixture in liquid, Table 6 heading 10^4x)"
CH4_gao1997_ch4_086,CH4,373.15,10.35,total,mixed,0.626514,NaHCO3,,,,,,,gao1997_ch4,"Gao, Zheng & Guo (1997)",analytical_sampling,,,,0.000974,0.054117867,9.74,"10^4x (mole fraction TOTAL natural gas mixture in liquid, Table 6 heading 10^4x)"
CH4_gao1997_ch4_087,CH4,373.15,20.6,total,mixed,0.626514,NaHCO3,,,,,,,gao1997_ch4,"Gao, Zheng & Guo (1997)",analytical_sampling,,,,0.001544,0.085837462,15.44,"10^4x (mole fraction TOTAL natural gas mixture in liquid, Table 6 heading 10^4x)"
CH4_gao1997_ch4_088,CH4,373.15,29.0,total,mixed,0.626514,NaHCO3,,,,,,,gao1997_ch4,"Gao, Zheng & Guo (1997)",analytical_sampling,,,,0.002047,0.11385871,20.47,"10^4x (mole fraction TOTAL natural gas mixture in liquid, Table 6 heading 10^4x)"
CH4_gao1997_ch4_089,CH4,373.15,40.2,total,mixed,0.626514,NaHCO3,,,,,,,gao1997_ch4,"Gao, Zheng & Guo (1997)",analytical_sampling,,,,0.00252,0.14023449,25.20,"10^4x (mole fraction TOTAL natural gas mixture in liquid, Table 6 heading 10^4x)"
CH4_gao1997_ch4_090,CH4,373.15,50.3,total,mixed,0.626514,NaHCO3,,,,,,,gao1997_ch4,"Gao, Zheng & Guo (1997)",analytical_sampling,,,,0.002852,0.15876267,28.52,"10^4x (mole fraction TOTAL natural gas mixture in liquid, Table 6 heading 10^4x)"
CH4_gao1997_ch4_091,CH4,373.15,56.5,total,mixed,0.626514,NaHCO3,,,,,,,gao1997_ch4,"Gao, Zheng & Guo (1997)",analytical_sampling,,,,0.003012,0.16769632,30.12,"10^4x (mole fraction TOTAL natural gas mixture in liquid, Table 6 heading 10^4x)"
CH4_gao1997_ch4_092,CH4,403.15,5.4,total,mixed,0.626514,NaHCO3,,,,,,,gao1997_ch4,"Gao, Zheng & Guo (1997)",analytical_sampling,,,,0.000665,0.036937632,6.65,"10^4x (mole fraction TOTAL natural gas mixture in liquid, Table 6 heading 10^4x)"
CH4_gao1997_ch4_093,CH4,403.15,10.54,total,mixed,0.626514,NaHCO3,,,,,,,gao1997_ch4,"Gao, Zheng & Guo (1997)",analytical_sampling,,,,0.001041,0.057844433,10.41,"10^4x (mole fraction TOTAL natural gas mixture in liquid, Table 6 heading 10^4x)"
CH4_gao1997_ch4_094,CH4,403.15,20.3,total,mixed,0.626514,NaHCO3,,,,,,,gao1997_ch4,"Gao, Zheng & Guo (1997)",analytical_sampling,,,,0.001618,0.0899581,16.18,"10^4x (mole fraction TOTAL natural gas mixture in liquid, Table 6 heading 10^4x)"
CH4_gao1997_ch4_095,CH4,403.15,30.4,total,mixed,0.626514,NaHCO3,,,,,,,gao1997_ch4,"Gao, Zheng & Guo (1997)",analytical_sampling,,,,0.002147,0.1194329,21.47,"10^4x (mole fraction TOTAL natural gas mixture in liquid, Table 6 heading 10^4x)"
CH4_gao1997_ch4_096,CH4,403.15,40.2,total,mixed,0.626514,NaHCO3,,,,,,,gao1997_ch4,"Gao, Zheng & Guo (1997)",analytical_sampling,,,,0.002574,0.14324727,25.74,"10^4x (mole fraction TOTAL natural gas mixture in liquid, Table 6 heading 10^4x)"
CH4_gao1997_ch4_097,CH4,403.15,50.45,total,mixed,0.626514,NaHCO3,,,,,,,gao1997_ch4,"Gao, Zheng & Guo (1997)",analytical_sampling,,,,0.002936,0.16345248,29.36,"10^4x (mole fraction TOTAL natural gas mixture in liquid, Table 6 heading 10^4x)"
CH4_gao1997_ch4_098,CH4,403.15,57.7,total,mixed,0.626514,NaHCO3,,,,,,,gao1997_ch4,"Gao, Zheng & Guo (1997)",analytical_sampling,,,,0.003162,0.17607422,31.62,"10^4x (mole fraction TOTAL natural gas mixture in liquid, Table 6 heading 10^4x)"
CH4_gao1997_ch4_099,CH4,323.15,5.54,total,mixed,0.626514,NaHCO3,,,,,,,gao1997_ch4,"Gao, Zheng & Guo (1997)",analytical_sampling,,CO2,,0.0005990,0.03328,0.5990 × 10-3,"x(C1) (mole fraction of the METHANE component only, salt-free basis, within the equilibrium liquid of the natural-gas + 5 mass % NaHCO3 system, Table 7 heading x(C1))"
CH4_gao1997_ch4_100,CH4,323.15,10.35,total,mixed,0.626514,NaHCO3,,,,,,,gao1997_ch4,"Gao, Zheng & Guo (1997)",analytical_sampling,,CO2,,0.0009773,0.05430,0.9773 × 10-3,"x(C1) (mole fraction of the METHANE component only, salt-free basis, within the equilibrium liquid, Table 7 heading x(C1))"
CH4_gao1997_ch4_101,CH4,323.15,19.7,total,mixed,0.626514,NaHCO3,,,,,,,gao1997_ch4,"Gao, Zheng & Guo (1997)",analytical_sampling,,CO2,,0.001497,0.08322,0.1497 × 10-2,"x(C1) (mole fraction of the METHANE component only, salt-free basis, within the equilibrium liquid, Table 7 heading x(C1))"
CH4_gao1997_ch4_102,CH4,323.15,30.44,total,mixed,0.626514,NaHCO3,,,,,,,gao1997_ch4,"Gao, Zheng & Guo (1997)",analytical_sampling,,CO2,,0.002027,0.11274,0.2027 × 10-2,"x(C1) (mole fraction of the METHANE component only, salt-free basis, within the equilibrium liquid, Table 7 heading x(C1))"
CH4_gao1997_ch4_103,CH4,323.15,40.2,total,mixed,0.626514,NaHCO3,,,,,,,gao1997_ch4,"Gao, Zheng & Guo (1997)",analytical_sampling,,CO2,,0.002407,0.13393,0.2407 × 10-2,"x(C1) (mole fraction of the METHANE component only, salt-free basis, within the equilibrium liquid, Table 7 heading x(C1))"
CH4_gao1997_ch4_104,CH4,323.15,50.4,total,mixed,0.626514,NaHCO3,,,,,,,gao1997_ch4,"Gao, Zheng & Guo (1997)",analytical_sampling,,CO2,,0.002730,0.15195,0.2730 × 10-2,"x(C1) (mole fraction of the METHANE component only, salt-free basis, within the equilibrium liquid, Table 7 heading x(C1))"
CH4_gao1997_ch4_105,CH4,323.15,56.3,total,mixed,0.626514,NaHCO3,,,,,,,gao1997_ch4,"Gao, Zheng & Guo (1997)",analytical_sampling,,CO2,,0.002901,0.16150,0.2901 × 10-2,"x(C1) (mole fraction of the METHANE component only, salt-free basis, within the equilibrium liquid, Table 7 heading x(C1))"
CH4_gao1997_ch4_106,CH4,373.15,5.2,total,mixed,0.626514,NaHCO3,,,,,,,gao1997_ch4,"Gao, Zheng & Guo (1997)",analytical_sampling,,CO2,,0.0005878,0.03265,0.5878 × 10-3,"x(C1) (mole fraction of the METHANE component only, salt-free basis, within the equilibrium liquid, Table 7 heading x(C1))"
CH4_gao1997_ch4_107,CH4,373.15,10.35,total,mixed,0.626514,NaHCO3,,,,,,,gao1997_ch4,"Gao, Zheng & Guo (1997)",analytical_sampling,,CO2,,0.0009267,0.05149,0.9267 × 10-3,"x(C1) (mole fraction of the METHANE component only, salt-free basis, within the equilibrium liquid, Table 7 heading x(C1))"
CH4_gao1997_ch4_108,CH4,373.15,20.6,total,mixed,0.626514,NaHCO3,,,,,,,gao1997_ch4,"Gao, Zheng & Guo (1997)",analytical_sampling,,CO2,,0.001476,0.08205,0.1476 × 10-2,"x(C1) (mole fraction of the METHANE component only, salt-free basis, within the equilibrium liquid, Table 7 heading x(C1))"
CH4_gao1997_ch4_109,CH4,373.15,29.0,total,mixed,0.626514,NaHCO3,,,,,,,gao1997_ch4,"Gao, Zheng & Guo (1997)",analytical_sampling,,CO2,,0.001953,0.10862,0.1953 × 10-2,"x(C1) (mole fraction of the METHANE component only, salt-free basis, within the equilibrium liquid, Table 7 heading x(C1))"
CH4_gao1997_ch4_110,CH4,373.15,40.2,total,mixed,0.626514,NaHCO3,,,,,,,gao1997_ch4,"Gao, Zheng & Guo (1997)",analytical_sampling,,CO2,,0.002404,0.13378,0.2404 × 10-2,"x(C1) (mole fraction of the METHANE component only, salt-free basis, within the equilibrium liquid, Table 7 heading x(C1))"
CH4_gao1997_ch4_111,CH4,373.15,50.3,total,mixed,0.626514,NaHCO3,,,,,,,gao1997_ch4,"Gao, Zheng & Guo (1997)",analytical_sampling,,CO2,,0.002728,0.15184,0.2728 × 10-2,"x(C1) (mole fraction of the METHANE component only, salt-free basis, within the equilibrium liquid, Table 7 heading x(C1))"
CH4_gao1997_ch4_112,CH4,373.15,56.5,total,mixed,0.626514,NaHCO3,,,,,,,gao1997_ch4,"Gao, Zheng & Guo (1997)",analytical_sampling,,CO2,,0.002863,0.15938,0.2863 × 10-2,"x(C1) (mole fraction of the METHANE component only, salt-free basis, within the equilibrium liquid, Table 7 heading x(C1))"
CH4_gao1997_ch4_113,CH4,403.15,5.4,total,mixed,0.626514,NaHCO3,,,,,,,gao1997_ch4,"Gao, Zheng & Guo (1997)",analytical_sampling,,CO2,,0.0006298,0.03499,0.6298 × 10-3,"x(C1) (mole fraction of the METHANE component only, salt-free basis, within the equilibrium liquid, Table 7 heading x(C1))"
CH4_gao1997_ch4_114,CH4,403.15,10.64,total,mixed,0.626514,NaHCO3,,,,,,,gao1997_ch4,"Gao, Zheng & Guo (1997)",analytical_sampling,,CO2,,0.001001,0.05562,0.1001 × 10-2,"x(C1) (mole fraction of the METHANE component only, salt-free basis, within the equilibrium liquid, Table 7 heading x(C1))"
CH4_gao1997_ch4_115,CH4,403.15,20.3,total,mixed,0.626514,NaHCO3,,,,,,,gao1997_ch4,"Gao, Zheng & Guo (1997)",analytical_sampling,,CO2,,0.001554,0.08639,0.1554 × 10-2,"x(C1) (mole fraction of the METHANE component only, salt-free basis, within the equilibrium liquid, Table 7 heading x(C1))"
CH4_gao1997_ch4_116,CH4,403.15,30.4,total,mixed,0.626514,NaHCO3,,,,,,,gao1997_ch4,"Gao, Zheng & Guo (1997)",analytical_sampling,,CO2,,0.002058,0.11447,0.2058 × 10-2,"x(C1) (mole fraction of the METHANE component only, salt-free basis, within the equilibrium liquid, Table 7 heading x(C1))"
CH4_gao1997_ch4_117,CH4,403.15,40.2,total,mixed,0.626514,NaHCO3,,,,,,,gao1997_ch4,"Gao, Zheng & Guo (1997)",analytical_sampling,,CO2,,0.002447,0.13616,0.2447 × 10-2,"x(C1) (mole fraction of the METHANE component only, salt-free basis, within the equilibrium liquid, Table 7 heading x(C1))"
CH4_gao1997_ch4_118,CH4,403.15,50.45,total,mixed,0.626514,NaHCO3,,,,,,,gao1997_ch4,"Gao, Zheng & Guo (1997)",analytical_sampling,,CO2,,0.002816,0.15675,0.2816 × 10-2,"x(C1) (mole fraction of the METHANE component only, salt-free basis, within the equilibrium liquid, Table 7 heading x(C1))"
CH4_gao1997_ch4_119,CH4,403.15,57.7,total,mixed,0.626514,NaHCO3,,,,,,,gao1997_ch4,"Gao, Zheng & Guo (1997)",analytical_sampling,,CO2,,0.003047,0.16970,0.3047 × 10-2,"x(C1) (mole fraction of the METHANE component only, salt-free basis, within the equilibrium liquid, Table 7 heading x(C1))"
CH4_hayashi2014_ch4_006,CH4,333.15,5.81,total,none,0,,0.000000,0.000000,0.000000,0.000000,0.000000,0.000000,hayashi2014_ch4,Hayashi (2014),chromatography,,CO2,,0.00017722109,0.0098389982,0.22,"mL/g; CH4 solubility column, gas-phase CH4=20.37 mol%/CO2=79.63 mol%"
CH4_hayashi2014_ch4_007,CH4,333.25,10.49,total,none,0,,0.000000,0.000000,0.000000,0.000000,0.000000,0.000000,hayashi2014_ch4,Hayashi (2014),chromatography,,CO2,,0.00039463387,0.021914132,0.49,mL/g; gas-phase CH4=21.93 mol%/CO2=78.07 mol%
CH4_hayashi2014_ch4_008,CH4,333.15,5.0,total,none,0,,0.000000,0.000000,0.000000,0.000000,0.000000,0.000000,hayashi2014_ch4,Hayashi (2014),chromatography,,CO2,,0.00033827668,0.018783542,0.42,mL/g; gas-phase CH4=39.86 mol%/CO2=60.14 mol%
CH4_hayashi2014_ch4_009,CH4,333.25,7.32,total,none,0,,0.000000,0.000000,0.000000,0.000000,0.000000,0.000000,hayashi2014_ch4,Hayashi (2014),chromatography,,CO2,,0.00049123143,0.027280859,0.61,mL/g; gas-phase CH4=40.48 mol%/CO2=59.52 mol%
CH4_hayashi2014_ch4_010,CH4,333.05,9.85,total,none,0,,0.000000,0.000000,0.000000,0.000000,0.000000,0.000000,hayashi2014_ch4,Hayashi (2014),chromatography,,CO2,,0.00065218587,0.036225403,0.81,mL/g; gas-phase CH4=42.30 mol%/CO2=57.70 mol%
CH4_hayashi2014_ch4_011,CH4,333.25,12.87,total,none,0,,0.000000,0.000000,0.000000,0.000000,0.000000,0.000000,hayashi2014_ch4,Hayashi (2014),chromatography,,CO2,,0.00079700055,0.044275492,0.99,mL/g; gas-phase CH4=43.49 mol%/CO2=56.51 mol%
CH4_hayashi2014_ch4_012,CH4,333.15,4.56,total,none,0,,0.000000,0.000000,0.000000,0.000000,0.000000,0.000000,hayashi2014_ch4,Hayashi (2014),chromatography,,CO2,,0.00046708379,0.025939177,0.58,mL/g; gas-phase CH4=61.60 mol%/CO2=38.40 mol%
CH4_hayashi2014_ch4_013,CH4,333.05,8.74,total,none,0,,0.000000,0.000000,0.000000,0.000000,0.000000,0.000000,hayashi2014_ch4,Hayashi (2014),chromatography,,CO2,,0.00083721941,0.046511628,1.04,mL/g; gas-phase CH4=67.46 mol%/CO2=32.54 mol%
CH4_hayashi2014_ch4_014,CH4,333.05,12.37,total,none,0,,0.000000,0.000000,0.000000,0.000000,0.000000,0.000000,hayashi2014_ch4,Hayashi (2014),chromatography,,CO2,,0.0011668919,0.064847943,1.45,mL/g; gas-phase CH4=68.40 mol%/CO2=31.60 mol%
CH4_hayashi2014_ch4_015,CH4,332.95,16.88,total,none,0,,0.000000,0.000000,0.000000,0.000000,0.000000,0.000000,hayashi2014_ch4,Hayashi (2014),chromatography,,CO2,,0.0015525736,0.086314848,1.93,mL/g; gas-phase CH4=69.21 mol%/CO2=30.79 mol%
CH4_kastanidis2017_ch4_001,CH4,289.2,12.55,total,none,0,,0.000000,0.000000,0.000000,0.000000,0.000000,0.000000,kastanidis2017_ch4,"Kastanidis, Romanos, Stubos, Economou & Tsimpanogiannis (2017)",chromatography,,CO2,,0.0013,0.072254817,0.0013(3),"x_CH4 (mole fraction CH4 in liquid, Table 4 heading x_CH4 (mole fraction))"
CH4_kastanidis2017_ch4_002,CH4,289.2,12.55,total,none,0,,0.000000,0.000000,0.000000,0.000000,0.000000,0.000000,kastanidis2017_ch4,"Kastanidis, Romanos, Stubos, Economou & Tsimpanogiannis (2017)",chromatography,,CO2,,,,0.0116(2),"x_CO2 (mole fraction CO2 in liquid, Table 4 heading x_CO2 (mole fraction))"
CH4_kastanidis2017_ch4_003,CH4,289.7,12.11,total,none,0,,0.000000,0.000000,0.000000,0.000000,0.000000,0.000000,kastanidis2017_ch4,"Kastanidis, Romanos, Stubos, Economou & Tsimpanogiannis (2017)",chromatography,,CO2,,0.0016,0.088955727,0.0016(3),"x_CH4 (mole fraction CH4 in liquid, Table 4)"
CH4_kastanidis2017_ch4_004,CH4,289.7,12.11,total,none,0,,0.000000,0.000000,0.000000,0.000000,0.000000,0.000000,kastanidis2017_ch4,"Kastanidis, Romanos, Stubos, Economou & Tsimpanogiannis (2017)",chromatography,,CO2,,,,0.0109(3),"x_CO2 (mole fraction CO2 in liquid, Table 4)"
CH4_kastanidis2017_ch4_005,CH4,290.4,11.77,total,none,0,,0.000000,0.000000,0.000000,0.000000,0.000000,0.000000,kastanidis2017_ch4,"Kastanidis, Romanos, Stubos, Economou & Tsimpanogiannis (2017)",chromatography,,CO2,,0.0022,0.12238767,0.0022(5),"x_CH4 (mole fraction CH4 in liquid, Table 4)"
CH4_kastanidis2017_ch4_006,CH4,290.4,11.77,total,none,0,,0.000000,0.000000,0.000000,0.000000,0.000000,0.000000,kastanidis2017_ch4,"Kastanidis, Romanos, Stubos, Economou & Tsimpanogiannis (2017)",chromatography,,CO2,,,,0.0118(4),"x_CO2 (mole fraction CO2 in liquid, Table 4)"
CH4_kastanidis2017_ch4_007,CH4,286.0,8.15,total,none,0,,0.000000,0.000000,0.000000,0.000000,0.000000,0.000000,kastanidis2017_ch4,"Kastanidis, Romanos, Stubos, Economou & Tsimpanogiannis (2017)",chromatography,,CO2,,0.0016,0.088955727,0.0016(2),"x_CH4 (mole fraction CH4 in liquid, Table 4)"
CH4_kastanidis2017_ch4_008,CH4,286.0,8.15,total,none,0,,0.000000,0.000000,0.000000,0.000000,0.000000,0.000000,kastanidis2017_ch4,"Kastanidis, Romanos, Stubos, Economou & Tsimpanogiannis (2017)",chromatography,,CO2,,,,0.0108(2),"x_CO2 (mole fraction CO2 in liquid, Table 4)"
CH4_kastanidis2017_ch4_009,CH4,285.9,8.32,total,none,0,,0.000000,0.000000,0.000000,0.000000,0.000000,0.000000,kastanidis2017_ch4,"Kastanidis, Romanos, Stubos, Economou & Tsimpanogiannis (2017)",chromatography,,CO2,,0.0016,0.088955727,0.0016(3),"x_CH4 (mole fraction CH4 in liquid, Table 4)"
CH4_kastanidis2017_ch4_010,CH4,285.9,8.32,total,none,0,,0.000000,0.000000,0.000000,0.000000,0.000000,0.000000,kastanidis2017_ch4,"Kastanidis, Romanos, Stubos, Economou & Tsimpanogiannis (2017)",chromatography,,CO2,,,,0.0108(1),"x_CO2 (mole fraction CO2 in liquid, Table 4)"
CH4_kastanidis2017_ch4_011,CH4,285.6,8.6,total,none,0,,0.000000,0.000000,0.000000,0.000000,0.000000,0.000000,kastanidis2017_ch4,"Kastanidis, Romanos, Stubos, Economou & Tsimpanogiannis (2017)",chromatography,,CO2,,0.0023,0.12796358,0.0023(6),"x_CH4 (mole fraction CH4 in liquid, Table 4)"
CH4_kastanidis2017_ch4_012,CH4,285.6,8.6,total,none,0,,0.000000,0.000000,0.000000,0.000000,0.000000,0.000000,kastanidis2017_ch4,"Kastanidis, Romanos, Stubos, Economou & Tsimpanogiannis (2017)",chromatography,,CO2,,,,0.0125(7),"x_CO2 (mole fraction CO2 in liquid, Table 4)"
CH4_kastanidis2017_ch4_013,CH4,281.5,5.1,total,none,0,,0.000000,0.000000,0.000000,0.000000,0.000000,0.000000,kastanidis2017_ch4,"Kastanidis, Romanos, Stubos, Economou & Tsimpanogiannis (2017)",chromatography,,CO2,,0.001,0.055563937,0.0010(1),"x_CH4 (mole fraction CH4 in liquid, Table 4)"
CH4_kastanidis2017_ch4_014,CH4,281.5,5.1,total,none,0,,0.000000,0.000000,0.000000,0.000000,0.000000,0.000000,kastanidis2017_ch4,"Kastanidis, Romanos, Stubos, Economou & Tsimpanogiannis (2017)",chromatography,,CO2,,,,0.0080(4),"x_CO2 (mole fraction CO2 in liquid, Table 4)"
CH4_kastanidis2017_ch4_015,CH4,281.5,5.21,total,none,0,,0.000000,0.000000,0.000000,0.000000,0.000000,0.000000,kastanidis2017_ch4,"Kastanidis, Romanos, Stubos, Economou & Tsimpanogiannis (2017)",chromatography,,CO2,,0.0018,0.10009524,0.0018(3),"x_CH4 (mole fraction CH4 in liquid, Table 4)"
CH4_kastanidis2017_ch4_016,CH4,281.5,5.21,total,none,0,,0.000000,0.000000,0.000000,0.000000,0.000000,0.000000,kastanidis2017_ch4,"Kastanidis, Romanos, Stubos, Economou & Tsimpanogiannis (2017)",chromatography,,CO2,,,,0.0095(5),"x_CO2 (mole fraction CO2 in liquid, Table 4)"
CH4_kastanidis2017_ch4_017,CH4,286.2,8.98,total,none,0,,0.000000,0.000000,0.000000,0.000000,0.000000,0.000000,kastanidis2017_ch4,"Kastanidis, Romanos, Stubos, Economou & Tsimpanogiannis (2017)",chromatography,,CO2,,0.0023,0.12796358,0.0023(0),"x_CH4 (mole fraction CH4 in liquid, Table 4)"
CH4_kastanidis2017_ch4_018,CH4,286.2,8.98,total,none,0,,0.000000,0.000000,0.000000,0.000000,0.000000,0.000000,kastanidis2017_ch4,"Kastanidis, Romanos, Stubos, Economou & Tsimpanogiannis (2017)",chromatography,,CO2,,,,0.0076(2),"x_CO2 (mole fraction CO2 in liquid, Table 4)"
CH4_kastanidis2017_ch4_019,CH4,278.7,4.01,total,none,0,,0.000000,0.000000,0.000000,0.000000,0.000000,0.000000,kastanidis2017_ch4,"Kastanidis, Romanos, Stubos, Economou & Tsimpanogiannis (2017)",chromatography,,CO2,,0.0014,0.077820672,0.0014(4),"x_CH4 (mole fraction CH4 in liquid, Table 4)"
CH4_kastanidis2017_ch4_020,CH4,278.7,4.01,total,none,0,,0.000000,0.000000,0.000000,0.000000,0.000000,0.000000,kastanidis2017_ch4,"Kastanidis, Romanos, Stubos, Economou & Tsimpanogiannis (2017)",chromatography,,CO2,,,,0.0085(4),"x_CO2 (mole fraction CO2 in liquid, Table 4)"
CH4_kastanidis2017_ch4_021,CH4,278.7,3.9,total,none,0,,0.000000,0.000000,0.000000,0.000000,0.000000,0.000000,kastanidis2017_ch4,"Kastanidis, Romanos, Stubos, Economou & Tsimpanogiannis (2017)",chromatography,,CO2,,0.0014,0.077820672,0.0014(2),"x_CH4 (mole fraction CH4 in liquid, Table 4)"
CH4_kastanidis2017_ch4_022,CH4,278.7,3.9,total,none,0,,0.000000,0.000000,0.000000,0.000000,0.000000,0.000000,kastanidis2017_ch4,"Kastanidis, Romanos, Stubos, Economou & Tsimpanogiannis (2017)",chromatography,,CO2,,,,0.0083(5),"x_CO2 (mole fraction CO2 in liquid, Table 4)"
CH4_kastanidis2017_ch4_023,CH4,278.7,3.82,total,none,0,,0.000000,0.000000,0.000000,0.000000,0.000000,0.000000,kastanidis2017_ch4,"Kastanidis, Romanos, Stubos, Economou & Tsimpanogiannis (2017)",chromatography,,CO2,,0.0014,0.077820672,0.0014(2),"x_CH4 (mole fraction CH4 in liquid, Table 4)"
CH4_kastanidis2017_ch4_024,CH4,278.7,3.82,total,none,0,,0.000000,0.000000,0.000000,0.000000,0.000000,0.000000,kastanidis2017_ch4,"Kastanidis, Romanos, Stubos, Economou & Tsimpanogiannis (2017)",chromatography,,CO2,,,,0.0083(5),"x_CO2 (mole fraction CO2 in liquid, Table 4)"
CH4_kastanidis2017_ch4_025,CH4,286.2,9.18,total,none,0,,0.000000,0.000000,0.000000,0.000000,0.000000,0.000000,kastanidis2017_ch4,"Kastanidis, Romanos, Stubos, Economou & Tsimpanogiannis (2017)",chromatography,,CO2,,0.0017,0.094524927,0.0017(1),"x_CH4 (mole fraction CH4 in liquid, Table 4)"
CH4_kastanidis2017_ch4_026,CH4,286.2,9.18,total,none,0,,0.000000,0.000000,0.000000,0.000000,0.000000,0.000000,kastanidis2017_ch4,"Kastanidis, Romanos, Stubos, Economou & Tsimpanogiannis (2017)",chromatography,,CO2,,,,0.0095(2),"x_CO2 (mole fraction CO2 in liquid, Table 4)"
CH4_kastanidis2017_ch4_027,CH4,277.7,3.34,total,none,0,,0.000000,0.000000,0.000000,0.000000,0.000000,0.000000,kastanidis2017_ch4,"Kastanidis, Romanos, Stubos, Economou & Tsimpanogiannis (2017)",chromatography,,CO2,,0.0013,0.072254817,0.0013(3),"x_CH4 (mole fraction CH4 in liquid, Table 4)"
CH4_kastanidis2017_ch4_028,CH4,277.7,3.34,total,none,0,,0.000000,0.000000,0.000000,0.000000,0.000000,0.000000,kastanidis2017_ch4,"Kastanidis, Romanos, Stubos, Economou & Tsimpanogiannis (2017)",chromatography,,CO2,,,,0.0084(6),"x_CO2 (mole fraction CO2 in liquid, Table 4)"
CH4_kastanidis2017_ch4_029,CH4,277.7,3.6,total,none,0,,0.000000,0.000000,0.000000,0.000000,0.000000,0.000000,kastanidis2017_ch4,"Kastanidis, Romanos, Stubos, Economou & Tsimpanogiannis (2017)",chromatography,,CO2,,0.0012,0.066690076,0.0012(4),"x_CH4 (mole fraction CH4 in liquid, Table 4)"
CH4_kastanidis2017_ch4_030,CH4,277.7,3.6,total,none,0,,0.000000,0.000000,0.000000,0.000000,0.000000,0.000000,kastanidis2017_ch4,"Kastanidis, Romanos, Stubos, Economou & Tsimpanogiannis (2017)",chromatography,,CO2,,,,0.0085(5),"x_CO2 (mole fraction CO2 in liquid, Table 4)"
CH4_kastanidis2017_ch4_031,CH4,277.3,3.22,total,none,0,,0.000000,0.000000,0.000000,0.000000,0.000000,0.000000,kastanidis2017_ch4,"Kastanidis, Romanos, Stubos, Economou & Tsimpanogiannis (2017)",chromatography,,CO2,,0.0014,0.077820672,0.0014(1),"x_CH4 (mole fraction CH4 in liquid, Table 4)"
CH4_kastanidis2017_ch4_032,CH4,277.3,3.22,total,none,0,,0.000000,0.000000,0.000000,0.000000,0.000000,0.000000,kastanidis2017_ch4,"Kastanidis, Romanos, Stubos, Economou & Tsimpanogiannis (2017)",chromatography,,CO2,,,,0.0066(3),"x_CO2 (mole fraction CO2 in liquid, Table 4)"
CH4_kastanidis2017_ch4_033,CH4,277.3,3.46,total,none,0,,0.000000,0.000000,0.000000,0.000000,0.000000,0.000000,kastanidis2017_ch4,"Kastanidis, Romanos, Stubos, Economou & Tsimpanogiannis (2017)",chromatography,,CO2,,0.0019,0.10566668,0.0019(3),"x_CH4 (mole fraction CH4 in liquid, Table 4)"
CH4_kastanidis2017_ch4_034,CH4,277.3,3.46,total,none,0,,0.000000,0.000000,0.000000,0.000000,0.000000,0.000000,kastanidis2017_ch4,"Kastanidis, Romanos, Stubos, Economou & Tsimpanogiannis (2017)",chromatography,,CO2,,,,0.0075(5),"x_CO2 (mole fraction CO2 in liquid, Table 4)"
CH4_kastanidis2017_ch4_035,CH4,277.4,3.35,total,none,0,,0.000000,0.000000,0.000000,0.000000,0.000000,0.000000,kastanidis2017_ch4,"Kastanidis, Romanos, Stubos, Economou & Tsimpanogiannis (2017)",chromatography,,CO2,,0.0012,0.066690076,0.0012(1),"x_CH4 (mole fraction CH4 in liquid, Table 4)"
CH4_kastanidis2017_ch4_036,CH4,277.4,3.35,total,none,0,,0.000000,0.000000,0.000000,0.000000,0.000000,0.000000,kastanidis2017_ch4,"Kastanidis, Romanos, Stubos, Economou & Tsimpanogiannis (2017)",chromatography,,CO2,,,,0.0067(4),"x_CO2 (mole fraction CO2 in liquid, Table 4)"
CH4_kastanidis2017_ch4_037,CH4,277.4,3.53,total,none,0,,0.000000,0.000000,0.000000,0.000000,0.000000,0.000000,kastanidis2017_ch4,"Kastanidis, Romanos, Stubos, Economou & Tsimpanogiannis (2017)",chromatography,,CO2,,0.0018,0.10009524,0.0018(3),"x_CH4 (mole fraction CH4 in liquid, Table 4)"
CH4_kastanidis2017_ch4_038,CH4,277.4,3.53,total,none,0,,0.000000,0.000000,0.000000,0.000000,0.000000,0.000000,kastanidis2017_ch4,"Kastanidis, Romanos, Stubos, Economou & Tsimpanogiannis (2017)",chromatography,,CO2,,,,0.0075(5),"x_CO2 (mole fraction CO2 in liquid, Table 4)"
CH4_kastanidis2017_ch4_039,CH4,275.7,2.85,total,none,0,,0.000000,0.000000,0.000000,0.000000,0.000000,0.000000,kastanidis2017_ch4,"Kastanidis, Romanos, Stubos, Economou & Tsimpanogiannis (2017)",chromatography,,CO2,,0.0008,0.044442253,0.0008(1),"x_CH4 (mole fraction CH4 in liquid, Table 4)"
CH4_kastanidis2017_ch4_040,CH4,275.7,2.85,total,none,0,,0.000000,0.000000,0.000000,0.000000,0.000000,0.000000,kastanidis2017_ch4,"Kastanidis, Romanos, Stubos, Economou & Tsimpanogiannis (2017)",chromatography,,CO2,,,,0.0067(4),"x_CO2 (mole fraction CO2 in liquid, Table 4)"
CH4_kastanidis2017_ch4_041,CH4,274.6,2.47,total,none,0,,0.000000,0.000000,0.000000,0.000000,0.000000,0.000000,kastanidis2017_ch4,"Kastanidis, Romanos, Stubos, Economou & Tsimpanogiannis (2017)",chromatography,,CO2,,0.0019,0.10566668,0.0019(1),"x_CH4 (mole fraction CH4 in liquid, Table 4)"
CH4_kastanidis2017_ch4_042,CH4,274.6,2.47,total,none,0,,0.000000,0.000000,0.000000,0.000000,0.000000,0.000000,kastanidis2017_ch4,"Kastanidis, Romanos, Stubos, Economou & Tsimpanogiannis (2017)",chromatography,,CO2,,,,0.0066(4),"x_CO2 (mole fraction CO2 in liquid, Table 4)"
CH4_kastanidis2017_ch4_043,CH4,275.7,2.96,total,none,0,,0.000000,0.000000,0.000000,0.000000,0.000000,0.000000,kastanidis2017_ch4,"Kastanidis, Romanos, Stubos, Economou & Tsimpanogiannis (2017)",chromatography,,CO2,,0.0011,0.06112645,0.0011(1),"x_CH4 (mole fraction CH4 in liquid, Table 4)"
CH4_kastanidis2017_ch4_044,CH4,275.7,2.96,total,none,0,,0.000000,0.000000,0.000000,0.000000,0.000000,0.000000,kastanidis2017_ch4,"Kastanidis, Romanos, Stubos, Economou & Tsimpanogiannis (2017)",chromatography,,CO2,,,,0.0072(3),"x_CO2 (mole fraction CO2 in liquid, Table 4)"
CH4_kastanidis2017_ch4_045,CH4,274.6,2.74,total,none,0,,0.000000,0.000000,0.000000,0.000000,0.000000,0.000000,kastanidis2017_ch4,"Kastanidis, Romanos, Stubos, Economou & Tsimpanogiannis (2017)",chromatography,,CO2,,0.001,0.055563937,0.0010(1),"x_CH4 (mole fraction CH4 in liquid, Table 4)"
CH4_kastanidis2017_ch4_046,CH4,274.6,2.74,total,none,0,,0.000000,0.000000,0.000000,0.000000,0.000000,0.000000,kastanidis2017_ch4,"Kastanidis, Romanos, Stubos, Economou & Tsimpanogiannis (2017)",chromatography,,CO2,,,,0.0071(3),"x_CO2 (mole fraction CO2 in liquid, Table 4)"
CH4_kastanidis2017_ch4_047,CH4,279.7,4.39,total,none,0,,0.000000,0.000000,0.000000,0.000000,0.000000,0.000000,kastanidis2017_ch4,"Kastanidis, Romanos, Stubos, Economou & Tsimpanogiannis (2017)",chromatography,,CO2,,0.0016,0.088955727,0.0016(1),"x_CH4 (mole fraction CH4 in liquid, Table 4)"
CH4_kastanidis2017_ch4_048,CH4,279.7,4.39,total,none,0,,0.000000,0.000000,0.000000,0.000000,0.000000,0.000000,kastanidis2017_ch4,"Kastanidis, Romanos, Stubos, Economou & Tsimpanogiannis (2017)",chromatography,,CO2,,,,0.0067(3),"x_CO2 (mole fraction CO2 in liquid, Table 4)"
CH4_kastanidis2017_ch4_049,CH4,274.3,2.63,total,none,0,,0.000000,0.000000,0.000000,0.000000,0.000000,0.000000,kastanidis2017_ch4,"Kastanidis, Romanos, Stubos, Economou & Tsimpanogiannis (2017)",chromatography,,CO2,,0.002,0.11123923,0.0020(1),"x_CH4 (mole fraction CH4 in liquid, Table 4)"
CH4_kastanidis2017_ch4_050,CH4,274.3,2.63,total,none,0,,0.000000,0.000000,0.000000,0.000000,0.000000,0.000000,kastanidis2017_ch4,"Kastanidis, Romanos, Stubos, Economou & Tsimpanogiannis (2017)",chromatography,,CO2,,,,0.0071(3),"x_CO2 (mole fraction CO2 in liquid, Table 4)"
CH4_kastanidis2017_ch4_051,CH4,274.3,2.56,total,none,0,,0.000000,0.000000,0.000000,0.000000,0.000000,0.000000,kastanidis2017_ch4,"Kastanidis, Romanos, Stubos, Economou & Tsimpanogiannis (2017)",chromatography,,CO2,,0.0012,0.066690076,0.0012(1),"x_CH4 (mole fraction CH4 in liquid, Table 4)"
CH4_kastanidis2017_ch4_052,CH4,274.3,2.56,total,none,0,,0.000000,0.000000,0.000000,0.000000,0.000000,0.000000,kastanidis2017_ch4,"Kastanidis, Romanos, Stubos, Economou & Tsimpanogiannis (2017)",chromatography,,CO2,,,,0.0066(4),"x_CO2 (mole fraction CO2 in liquid, Table 4)"
CH4_kastanidis2017_ch4_053,CH4,276.4,3.27,total,none,0,,0.000000,0.000000,0.000000,0.000000,0.000000,0.000000,kastanidis2017_ch4,"Kastanidis, Romanos, Stubos, Economou & Tsimpanogiannis (2017)",chromatography,,CO2,,0.0011,0.06112645,0.0011(1),"x_CH4 (mole fraction CH4 in liquid, Table 4)"
CH4_kastanidis2017_ch4_054,CH4,276.4,3.27,total,none,0,,0.000000,0.000000,0.000000,0.000000,0.000000,0.000000,kastanidis2017_ch4,"Kastanidis, Romanos, Stubos, Economou & Tsimpanogiannis (2017)",chromatography,,CO2,,,,0.0070(3),"x_CO2 (mole fraction CO2 in liquid, Table 4)"
CH4_kastanidis2017_ch4_055,CH4,276.4,3.13,total,none,0,,0.000000,0.000000,0.000000,0.000000,0.000000,0.000000,kastanidis2017_ch4,"Kastanidis, Romanos, Stubos, Economou & Tsimpanogiannis (2017)",chromatography,,CO2,,0.0018,0.10009524,0.0018(1),"x_CH4 (mole fraction CH4 in liquid, Table 4)"
CH4_kastanidis2017_ch4_056,CH4,276.4,3.13,total,none,0,,0.000000,0.000000,0.000000,0.000000,0.000000,0.000000,kastanidis2017_ch4,"Kastanidis, Romanos, Stubos, Economou & Tsimpanogiannis (2017)",chromatography,,CO2,,,,0.0067(3),"x_CO2 (mole fraction CO2 in liquid, Table 4)"
CH4_kastanidis2017_ch4_057,CH4,279.7,4.61,total,none,0,,0.000000,0.000000,0.000000,0.000000,0.000000,0.000000,kastanidis2017_ch4,"Kastanidis, Romanos, Stubos, Economou & Tsimpanogiannis (2017)",chromatography,,CO2,,0.0016,0.088955727,0.0016(3),"x_CH4 (mole fraction CH4 in liquid, Table 4)"
CH4_kastanidis2017_ch4_058,CH4,279.7,4.61,total,none,0,,0.000000,0.000000,0.000000,0.000000,0.000000,0.000000,kastanidis2017_ch4,"Kastanidis, Romanos, Stubos, Economou & Tsimpanogiannis (2017)",chromatography,,CO2,,,,0.0073(3),"x_CO2 (mole fraction CO2 in liquid, Table 4)"
CH4_kastanidis2017_ch4_059,CH4,277.6,3.66,total,none,0,,0.000000,0.000000,0.000000,0.000000,0.000000,0.000000,kastanidis2017_ch4,"Kastanidis, Romanos, Stubos, Economou & Tsimpanogiannis (2017)",chromatography,,CO2,,0.0014,0.077820672,0.0014(1),"x_CH4 (mole fraction CH4 in liquid, Table 4)"
CH4_kastanidis2017_ch4_060,CH4,277.6,3.66,total,none,0,,0.000000,0.000000,0.000000,0.000000,0.000000,0.000000,kastanidis2017_ch4,"Kastanidis, Romanos, Stubos, Economou & Tsimpanogiannis (2017)",chromatography,,CO2,,,,0.0046(2),"x_CO2 (mole fraction CO2 in liquid, Table 4)"
CH4_kastanidis2017_ch4_061,CH4,277.6,3.92,total,none,0,,0.000000,0.000000,0.000000,0.000000,0.000000,0.000000,kastanidis2017_ch4,"Kastanidis, Romanos, Stubos, Economou & Tsimpanogiannis (2017)",chromatography,,CO2,,0.0013,0.072254817,0.0013(2),"x_CH4 (mole fraction CH4 in liquid, Table 4)"
CH4_kastanidis2017_ch4_062,CH4,277.6,3.92,total,none,0,,0.000000,0.000000,0.000000,0.000000,0.000000,0.000000,kastanidis2017_ch4,"Kastanidis, Romanos, Stubos, Economou & Tsimpanogiannis (2017)",chromatography,,CO2,,,,0.0050(2),"x_CO2 (mole fraction CO2 in liquid, Table 4)"
CH4_kastanidis2017_ch4_063,CH4,276.6,3.15,total,none,0,,0.000000,0.000000,0.000000,0.000000,0.000000,0.000000,kastanidis2017_ch4,"Kastanidis, Romanos, Stubos, Economou & Tsimpanogiannis (2017)",chromatography,,CO2,,0.0013,0.072254817,0.0013(1),"x_CH4 (mole fraction CH4 in liquid, Table 4)"
CH4_kastanidis2017_ch4_064,CH4,276.6,3.15,total,none,0,,0.000000,0.000000,0.000000,0.000000,0.000000,0.000000,kastanidis2017_ch4,"Kastanidis, Romanos, Stubos, Economou & Tsimpanogiannis (2017)",chromatography,,CO2,,,,0.0042(2),"x_CO2 (mole fraction CO2 in liquid, Table 4)"
CH4_kastanidis2017_ch4_065,CH4,276.6,3.65,total,none,0,,0.000000,0.000000,0.000000,0.000000,0.000000,0.000000,kastanidis2017_ch4,"Kastanidis, Romanos, Stubos, Economou & Tsimpanogiannis (2017)",chromatography,,CO2,,0.0017,0.094524927,0.0017(3),"x_CH4 (mole fraction CH4 in liquid, Table 4)"
CH4_kastanidis2017_ch4_066,CH4,276.6,3.65,total,none,0,,0.000000,0.000000,0.000000,0.000000,0.000000,0.000000,kastanidis2017_ch4,"Kastanidis, Romanos, Stubos, Economou & Tsimpanogiannis (2017)",chromatography,,CO2,,,,0.0049(2),"x_CO2 (mole fraction CO2 in liquid, Table 4)"
CH4_kastanidis2017_ch4_067,CH4,287.3,8.56,total,none,0,,0.000000,0.000000,0.000000,0.000000,0.000000,0.000000,kastanidis2017_ch4,"Kastanidis, Romanos, Stubos, Economou & Tsimpanogiannis (2017)",chromatography,,CO2,,0.0019,0.10566668,0.0019(0),"x_CH4 VLE (mole fraction CH4 in liquid, Table 5 heading x_CH4 VLE Exp.)"
CH4_kastanidis2017_ch4_068,CH4,287.3,8.56,total,none,0,,0.000000,0.000000,0.000000,0.000000,0.000000,0.000000,kastanidis2017_ch4,"Kastanidis, Romanos, Stubos, Economou & Tsimpanogiannis (2017)",chromatography,,CO2,,,,0.0117(2),"x_CO2 VLE (mole fraction CO2 in liquid, Table 5 heading x_CO2 VLE Exp.)"
CH4_kastanidis2017_ch4_069,CH4,286.5,8.21,total,none,0,,0.000000,0.000000,0.000000,0.000000,0.000000,0.000000,kastanidis2017_ch4,"Kastanidis, Romanos, Stubos, Economou & Tsimpanogiannis (2017)",chromatography,,CO2,,0.0019,0.10566668,0.0019(0),"x_CH4 VLE (mole fraction CH4 in liquid, Table 5)"
CH4_kastanidis2017_ch4_070,CH4,288.8,12.15,total,none,0,,0.000000,0.000000,0.000000,0.000000,0.000000,0.000000,kastanidis2017_ch4,"Kastanidis, Romanos, Stubos, Economou & Tsimpanogiannis (2017)",chromatography,,CO2,,0.0013,0.072254817,0.0013(1),"x_CH4 VLE (mole fraction CH4 in liquid, Table 5)"
CH4_kastanidis2017_ch4_071,CH4,288.8,12.15,total,none,0,,0.000000,0.000000,0.000000,0.000000,0.000000,0.000000,kastanidis2017_ch4,"Kastanidis, Romanos, Stubos, Economou & Tsimpanogiannis (2017)",chromatography,,CO2,,,,0.0100(5),"x_CO2 VLE (mole fraction CO2 in liquid, Table 5)"
CH4_kastanidis2017_ch4_072,CH4,288.2,11.16,total,none,0,,0.000000,0.000000,0.000000,0.000000,0.000000,0.000000,kastanidis2017_ch4,"Kastanidis, Romanos, Stubos, Economou & Tsimpanogiannis (2017)",chromatography,,CO2,,0.002,0.11123923,0.0020(0),"x_CH4 VLE (mole fraction CH4 in liquid, Table 5)"
CH4_kastanidis2017_ch4_073,CH4,288.2,11.16,total,none,0,,0.000000,0.000000,0.000000,0.000000,0.000000,0.000000,kastanidis2017_ch4,"Kastanidis, Romanos, Stubos, Economou & Tsimpanogiannis (2017)",chromatography,,CO2,,,,0.0115(2),"x_CO2 VLE (mole fraction CO2 in liquid, Table 5)"
CH4_kastanidis2017_ch4_074,CH4,288.6,11.64,total,none,0,,0.000000,0.000000,0.000000,0.000000,0.000000,0.000000,kastanidis2017_ch4,"Kastanidis, Romanos, Stubos, Economou & Tsimpanogiannis (2017)",chromatography,,CO2,,0.0014,0.077820672,0.0014(1),"x_CH4 VLE (mole fraction CH4 in liquid, Table 5)"
CH4_kastanidis2017_ch4_075,CH4,288.6,11.64,total,none,0,,0.000000,0.000000,0.000000,0.000000,0.000000,0.000000,kastanidis2017_ch4,"Kastanidis, Romanos, Stubos, Economou & Tsimpanogiannis (2017)",chromatography,,CO2,,,,0.0103(5),"x_CO2 VLE (mole fraction CO2 in liquid, Table 5)"
CH4_kastanidis2017_ch4_076,CH4,277.5,3.15,total,none,0,,0.000000,0.000000,0.000000,0.000000,0.000000,0.000000,kastanidis2017_ch4,"Kastanidis, Romanos, Stubos, Economou & Tsimpanogiannis (2017)",chromatography,,CO2,,0.0017,0.094524927,0.0017(0),"x_CH4 VLE (mole fraction CH4 in liquid, Table 5)"
CH4_kastanidis2017_ch4_077,CH4,277.5,3.15,total,none,0,,0.000000,0.000000,0.000000,0.000000,0.000000,0.000000,kastanidis2017_ch4,"Kastanidis, Romanos, Stubos, Economou & Tsimpanogiannis (2017)",chromatography,,CO2,,,,0.0114(3),"x_CO2 VLE (mole fraction CO2 in liquid, Table 5)"
CH4_kastanidis2017_ch4_078,CH4,278.0,3.32,total,none,0,,0.000000,0.000000,0.000000,0.000000,0.000000,0.000000,kastanidis2017_ch4,"Kastanidis, Romanos, Stubos, Economou & Tsimpanogiannis (2017)",chromatography,,CO2,,0.0016,0.088955727,0.0016(0),"x_CH4 VLE (mole fraction CH4 in liquid, Table 5)"
CH4_kastanidis2017_ch4_079,CH4,278.0,3.32,total,none,0,,0.000000,0.000000,0.000000,0.000000,0.000000,0.000000,kastanidis2017_ch4,"Kastanidis, Romanos, Stubos, Economou & Tsimpanogiannis (2017)",chromatography,,CO2,,,,0.0105(3),"x_CO2 VLE (mole fraction CO2 in liquid, Table 5)"
CH4_kastanidis2017_ch4_080,CH4,281.7,5.04,total,none,0,,0.000000,0.000000,0.000000,0.000000,0.000000,0.000000,kastanidis2017_ch4,"Kastanidis, Romanos, Stubos, Economou & Tsimpanogiannis (2017)",chromatography,,CO2,,0.0016,0.088955727,0.0016(1),"x_CH4 VLE (mole fraction CH4 in liquid, Table 5)"
CH4_kastanidis2017_ch4_081,CH4,281.7,5.04,total,none,0,,0.000000,0.000000,0.000000,0.000000,0.000000,0.000000,kastanidis2017_ch4,"Kastanidis, Romanos, Stubos, Economou & Tsimpanogiannis (2017)",chromatography,,CO2,,,,0.0088(3),"x_CO2 VLE (mole fraction CO2 in liquid, Table 5)"
CH4_kastanidis2017_ch4_082,CH4,286.3,8.74,total,none,0,,0.000000,0.000000,0.000000,0.000000,0.000000,0.000000,kastanidis2017_ch4,"Kastanidis, Romanos, Stubos, Economou & Tsimpanogiannis (2017)",chromatography,,CO2,,0.0029,0.16144247,0.0029(1),"x_CH4 VLE (mole fraction CH4 in liquid, Table 5)"
CH4_kastanidis2017_ch4_083,CH4,286.3,8.74,total,none,0,,0.000000,0.000000,0.000000,0.000000,0.000000,0.000000,kastanidis2017_ch4,"Kastanidis, Romanos, Stubos, Economou & Tsimpanogiannis (2017)",chromatography,,CO2,,,,0.0099(2),"x_CO2 VLE (mole fraction CO2 in liquid, Table 5)"
CH4_kastanidis2017_ch4_084,CH4,282.0,5.28,total,none,0,,0.000000,0.000000,0.000000,0.000000,0.000000,0.000000,kastanidis2017_ch4,"Kastanidis, Romanos, Stubos, Economou & Tsimpanogiannis (2017)",chromatography,,CO2,,0.0015,0.083387642,0.0015(0),"x_CH4 VLE (mole fraction CH4 in liquid, Table 5)"
CH4_kastanidis2017_ch4_085,CH4,282.0,5.28,total,none,0,,0.000000,0.000000,0.000000,0.000000,0.000000,0.000000,kastanidis2017_ch4,"Kastanidis, Romanos, Stubos, Economou & Tsimpanogiannis (2017)",chromatography,,CO2,,,,0.0078(2),"x_CO2 VLE (mole fraction CO2 in liquid, Table 5)"
CH4_kastanidis2017_ch4_086,CH4,288.3,10.22,total,none,0,,0.000000,0.000000,0.000000,0.000000,0.000000,0.000000,kastanidis2017_ch4,"Kastanidis, Romanos, Stubos, Economou & Tsimpanogiannis (2017)",chromatography,,CO2,,0.0028,0.15585985,0.0028(1),"x_CH4 VLE (mole fraction CH4 in liquid, Table 5)"
CH4_kastanidis2017_ch4_087,CH4,288.3,10.22,total,none,0,,0.000000,0.000000,0.000000,0.000000,0.000000,0.000000,kastanidis2017_ch4,"Kastanidis, Romanos, Stubos, Economou & Tsimpanogiannis (2017)",chromatography,,CO2,,,,0.0094(2),"x_CO2 VLE (mole fraction CO2 in liquid, Table 5)"
CH4_kastanidis2017_ch4_088,CH4,284.9,6.48,total,none,0,,0.000000,0.000000,0.000000,0.000000,0.000000,0.000000,kastanidis2017_ch4,"Kastanidis, Romanos, Stubos, Economou & Tsimpanogiannis (2017)",chromatography,,CO2,,0.0014,0.077820672,0.0014(0),"x_CH4 VLE (mole fraction CH4 in liquid, Table 5)"
CH4_kastanidis2017_ch4_089,CH4,284.9,6.48,total,none,0,,0.000000,0.000000,0.000000,0.000000,0.000000,0.000000,kastanidis2017_ch4,"Kastanidis, Romanos, Stubos, Economou & Tsimpanogiannis (2017)",chromatography,,CO2,,,,0.0078(2),"x_CO2 VLE (mole fraction CO2 in liquid, Table 5)"
CH4_kastanidis2017_ch4_090,CH4,284.7,6.84,total,none,0,,0.000000,0.000000,0.000000,0.000000,0.000000,0.000000,kastanidis2017_ch4,"Kastanidis, Romanos, Stubos, Economou & Tsimpanogiannis (2017)",chromatography,,CO2,,0.0016,0.088955727,0.0016(0),"x_CH4 VLE (mole fraction CH4 in liquid, Table 5)"
CH4_kastanidis2017_ch4_091,CH4,284.7,6.84,total,none,0,,0.000000,0.000000,0.000000,0.000000,0.000000,0.000000,kastanidis2017_ch4,"Kastanidis, Romanos, Stubos, Economou & Tsimpanogiannis (2017)",chromatography,,CO2,,,,0.0081(2),"x_CO2 VLE (mole fraction CO2 in liquid, Table 5)"
CH4_kastanidis2017_ch4_092,CH4,288.9,11.98,total,none,0,,0.000000,0.000000,0.000000,0.000000,0.000000,0.000000,kastanidis2017_ch4,"Kastanidis, Romanos, Stubos, Economou & Tsimpanogiannis (2017)",chromatography,,CO2,,0.002,0.11123923,0.0020(1),"x_CH4 VLE (mole fraction CH4 in liquid, Table 5)"
CH4_kastanidis2017_ch4_093,CH4,288.9,11.98,total,none,0,,0.000000,0.000000,0.000000,0.000000,0.000000,0.000000,kastanidis2017_ch4,"Kastanidis, Romanos, Stubos, Economou & Tsimpanogiannis (2017)",chromatography,,CO2,,,,0.0083(2),"x_CO2 VLE (mole fraction CO2 in liquid, Table 5)"
CH4_kastanidis2017_ch4_094,CH4,288.4,11.24,total,none,0,,0.000000,0.000000,0.000000,0.000000,0.000000,0.000000,kastanidis2017_ch4,"Kastanidis, Romanos, Stubos, Economou & Tsimpanogiannis (2017)",chromatography,,CO2,,0.0022,0.12238767,0.0022(1),"x_CH4 VLE (mole fraction CH4 in liquid, Table 5)"
CH4_kastanidis2017_ch4_095,CH4,285.6,8.07,total,none,0,,0.000000,0.000000,0.000000,0.000000,0.000000,0.000000,kastanidis2017_ch4,"Kastanidis, Romanos, Stubos, Economou & Tsimpanogiannis (2017)",chromatography,,CO2,,0.0019,0.10566668,0.0019(1),"x_CH4 VLE (mole fraction CH4 in liquid, Table 5)"
CH4_kastanidis2017_ch4_096,CH4,285.6,8.07,total,none,0,,0.000000,0.000000,0.000000,0.000000,0.000000,0.000000,kastanidis2017_ch4,"Kastanidis, Romanos, Stubos, Economou & Tsimpanogiannis (2017)",chromatography,,CO2,,,,0.0068(2),"x_CO2 VLE (mole fraction CO2 in liquid, Table 5)"
CH4_kastanidis2017_ch4_097,CH4,288.4,11.97,total,none,0,,0.000000,0.000000,0.000000,0.000000,0.000000,0.000000,kastanidis2017_ch4,"Kastanidis, Romanos, Stubos, Economou & Tsimpanogiannis (2017)",chromatography,,CO2,,0.0015,0.083387642,0.0015(1),"x_CH4 VLE (mole fraction CH4 in liquid, Table 5)"
CH4_kastanidis2017_ch4_098,CH4,288.4,11.97,total,none,0,,0.000000,0.000000,0.000000,0.000000,0.000000,0.000000,kastanidis2017_ch4,"Kastanidis, Romanos, Stubos, Economou & Tsimpanogiannis (2017)",chromatography,,CO2,,,,0.0067(4),"x_CO2 VLE (mole fraction CO2 in liquid, Table 5)"
CH4_kastanidis2017_ch4_099,CH4,288.3,11.38,total,none,0,,0.000000,0.000000,0.000000,0.000000,0.000000,0.000000,kastanidis2017_ch4,"Kastanidis, Romanos, Stubos, Economou & Tsimpanogiannis (2017)",chromatography,,CO2,,0.0014,0.077820672,0.0014(1),"x_CH4 VLE (mole fraction CH4 in liquid, Table 5)"
CH4_kastanidis2017_ch4_100,CH4,288.3,11.38,total,none,0,,0.000000,0.000000,0.000000,0.000000,0.000000,0.000000,kastanidis2017_ch4,"Kastanidis, Romanos, Stubos, Economou & Tsimpanogiannis (2017)",chromatography,,CO2,,,,0.0062(3),"x_CO2 VLE (mole fraction CO2 in liquid, Table 5)"
CH4_kastanidis2017_ch4_101,CH4,280.8,4.85,total,none,0,,0.000000,0.000000,0.000000,0.000000,0.000000,0.000000,kastanidis2017_ch4,"Kastanidis, Romanos, Stubos, Economou & Tsimpanogiannis (2017)",chromatography,,CO2,,0.0017,0.094524927,0.0017(1),"x_CH4 VLE (mole fraction CH4 in liquid, Table 5)"
CH4_kastanidis2017_ch4_102,CH4,280.8,4.85,total,none,0,,0.000000,0.000000,0.000000,0.000000,0.000000,0.000000,kastanidis2017_ch4,"Kastanidis, Romanos, Stubos, Economou & Tsimpanogiannis (2017)",chromatography,,CO2,,,,0.0075(3),"x_CO2 VLE (mole fraction CO2 in liquid, Table 5)"
CH4_kastanidis2017_ch4_103,CH4,288.4,12.46,total,none,0,,0.000000,0.000000,0.000000,0.000000,0.000000,0.000000,kastanidis2017_ch4,"Kastanidis, Romanos, Stubos, Economou & Tsimpanogiannis (2017)",chromatography,,CO2,,0.0023,0.12796358,0.0023(1),"x_CH4 VLE (mole fraction CH4 in liquid, Table 5)"
CH4_kastanidis2017_ch4_104,CH4,288.4,12.46,total,none,0,,0.000000,0.000000,0.000000,0.000000,0.000000,0.000000,kastanidis2017_ch4,"Kastanidis, Romanos, Stubos, Economou & Tsimpanogiannis (2017)",chromatography,,CO2,,,,0.0075(2),"x_CO2 VLE (mole fraction CO2 in liquid, Table 5)"
CH4_kastanidis2017_ch4_105,CH4,288.4,12.04,total,none,0,,0.000000,0.000000,0.000000,0.000000,0.000000,0.000000,kastanidis2017_ch4,"Kastanidis, Romanos, Stubos, Economou & Tsimpanogiannis (2017)",chromatography,,CO2,,0.0023,0.12796358,0.0023(1),"x_CH4 VLE (mole fraction CH4 in liquid, Table 5)"
CH4_kastanidis2017_ch4_106,CH4,288.4,12.04,total,none,0,,0.000000,0.000000,0.000000,0.000000,0.000000,0.000000,kastanidis2017_ch4,"Kastanidis, Romanos, Stubos, Economou & Tsimpanogiannis (2017)",chromatography,,CO2,,,,0.0079(2),"x_CO2 VLE (mole fraction CO2 in liquid, Table 5)"
CH4_kastanidis2017_ch4_107,CH4,288.5,12.47,total,none,0,,0.000000,0.000000,0.000000,0.000000,0.000000,0.000000,kastanidis2017_ch4,"Kastanidis, Romanos, Stubos, Economou & Tsimpanogiannis (2017)",chromatography,,CO2,,0.0023,0.12796358,0.0023(1),"x_CH4 VLE (mole fraction CH4 in liquid, Table 5)"
CH4_kastanidis2017_ch4_108,CH4,288.5,12.47,total,none,0,,0.000000,0.000000,0.000000,0.000000,0.000000,0.000000,kastanidis2017_ch4,"Kastanidis, Romanos, Stubos, Economou & Tsimpanogiannis (2017)",chromatography,,CO2,,,,0.0078(2),"x_CO2 VLE (mole fraction CO2 in liquid, Table 5)"
CH4_kastanidis2017_ch4_109,CH4,276.9,3.22,total,none,0,,0.000000,0.000000,0.000000,0.000000,0.000000,0.000000,kastanidis2017_ch4,"Kastanidis, Romanos, Stubos, Economou & Tsimpanogiannis (2017)",chromatography,,CO2,,0.0024,0.13354059,0.0024(1),"x_CH4 VLE (mole fraction CH4 in liquid, Table 5)"
CH4_kastanidis2017_ch4_110,CH4,276.9,3.22,total,none,0,,0.000000,0.000000,0.000000,0.000000,0.000000,0.000000,kastanidis2017_ch4,"Kastanidis, Romanos, Stubos, Economou & Tsimpanogiannis (2017)",chromatography,,CO2,,,,0.0079(2),"x_CO2 VLE (mole fraction CO2 in liquid, Table 5)"
CH4_kastanidis2017_ch4_111,CH4,279.6,4.25,total,none,0,,0.000000,0.000000,0.000000,0.000000,0.000000,0.000000,kastanidis2017_ch4,"Kastanidis, Romanos, Stubos, Economou & Tsimpanogiannis (2017)",chromatography,,CO2,,0.0021,0.11681289,0.0021(1),"x_CH4 VLE (mole fraction CH4 in liquid, Table 5)"
CH4_kastanidis2017_ch4_112,CH4,279.6,4.25,total,none,0,,0.000000,0.000000,0.000000,0.000000,0.000000,0.000000,kastanidis2017_ch4,"Kastanidis, Romanos, Stubos, Economou & Tsimpanogiannis (2017)",chromatography,,CO2,,,,0.0078(3),"x_CO2 VLE (mole fraction CO2 in liquid, Table 5)"
CH4_kastanidis2017_ch4_113,CH4,287.4,11.14,total,none,0,,0.000000,0.000000,0.000000,0.000000,0.000000,0.000000,kastanidis2017_ch4,"Kastanidis, Romanos, Stubos, Economou & Tsimpanogiannis (2017)",chromatography,,CO2,,0.0023,0.12796358,0.0023(1),"x_CH4 VLE (mole fraction CH4 in liquid, Table 5)"
CH4_kastanidis2017_ch4_114,CH4,287.4,11.14,total,none,0,,0.000000,0.000000,0.000000,0.000000,0.000000,0.000000,kastanidis2017_ch4,"Kastanidis, Romanos, Stubos, Economou & Tsimpanogiannis (2017)",chromatography,,CO2,,,,0.0048(2),"x_CO2 VLE (mole fraction CO2 in liquid, Table 5)"
CH4_kastanidis2017_ch4_115,CH4,277.3,3.33,total,none,0,,0.000000,0.000000,0.000000,0.000000,0.000000,0.000000,kastanidis2017_ch4,"Kastanidis, Romanos, Stubos, Economou & Tsimpanogiannis (2017)",chromatography,,CO2,,0.0013,0.072254817,0.0013(1),"x_CH4 VLE (mole fraction CH4 in liquid, Table 5)"
CH4_kastanidis2017_ch4_116,CH4,277.3,3.33,total,none,0,,0.000000,0.000000,0.000000,0.000000,0.000000,0.000000,kastanidis2017_ch4,"Kastanidis, Romanos, Stubos, Economou & Tsimpanogiannis (2017)",chromatography,,CO2,,,,0.0044(3),"x_CO2 VLE (mole fraction CO2 in liquid, Table 5)"
CH4_kastanidis2017_ch4_117,CH4,278.3,3.84,total,none,0,,0.000000,0.000000,0.000000,0.000000,0.000000,0.000000,kastanidis2017_ch4,"Kastanidis, Romanos, Stubos, Economou & Tsimpanogiannis (2017)",chromatography,,CO2,,0.0014,0.077820672,0.0014(1),"x_CH4 VLE (mole fraction CH4 in liquid, Table 5)"
CH4_kastanidis2017_ch4_118,CH4,278.3,3.84,total,none,0,,0.000000,0.000000,0.000000,0.000000,0.000000,0.000000,kastanidis2017_ch4,"Kastanidis, Romanos, Stubos, Economou & Tsimpanogiannis (2017)",chromatography,,CO2,,,,0.0046(2),"x_CO2 VLE (mole fraction CO2 in liquid, Table 5)"
CH4_kastanidis2017_ch4_119,CH4,286.3,9.6,total,none,0,,0.000000,0.000000,0.000000,0.000000,0.000000,0.000000,kastanidis2017_ch4,"Kastanidis, Romanos, Stubos, Economou & Tsimpanogiannis (2017)",chromatography,,CO2,,0.002,0.11123923,0.0020(1),"x_CH4 VLE (mole fraction CH4 in liquid, Table 5)"
CH4_kastanidis2017_ch4_120,CH4,286.3,9.6,total,none,0,,0.000000,0.000000,0.000000,0.000000,0.000000,0.000000,kastanidis2017_ch4,"Kastanidis, Romanos, Stubos, Economou & Tsimpanogiannis (2017)",chromatography,,CO2,,,,0.0044(2),"x_CO2 VLE (mole fraction CO2 in liquid, Table 5)"
CH4_kastanidis2017_ch4_121,CH4,278.1,3.97,total,none,0,,0.000000,0.000000,0.000000,0.000000,0.000000,0.000000,kastanidis2017_ch4,"Kastanidis, Romanos, Stubos, Economou & Tsimpanogiannis (2017)",chromatography,,CO2,,0.0014,0.077820672,0.0014(1),"x_CH4 VLE (mole fraction CH4 in liquid, Table 5)"
CH4_kastanidis2017_ch4_122,CH4,278.1,3.97,total,none,0,,0.000000,0.000000,0.000000,0.000000,0.000000,0.000000,kastanidis2017_ch4,"Kastanidis, Romanos, Stubos, Economou & Tsimpanogiannis (2017)",chromatography,,CO2,,,,0.0046(2),"x_CO2 VLE (mole fraction CO2 in liquid, Table 5)"
CH4_kastanidis2017_ch4_123,CH4,286.4,10.11,total,none,0,,0.000000,0.000000,0.000000,0.000000,0.000000,0.000000,kastanidis2017_ch4,"Kastanidis, Romanos, Stubos, Economou & Tsimpanogiannis (2017)",chromatography,,CO2,,0.0021,0.11681289,0.0021(1),"x_CH4 VLE (mole fraction CH4 in liquid, Table 5)"
CH4_kastanidis2017_ch4_124,CH4,286.4,10.11,total,none,0,,0.000000,0.000000,0.000000,0.000000,0.000000,0.000000,kastanidis2017_ch4,"Kastanidis, Romanos, Stubos, Economou & Tsimpanogiannis (2017)",chromatography,,CO2,,,,0.0042(1),"x_CO2 VLE (mole fraction CO2 in liquid, Table 5)"
CH4_kastanidis2017_ch4_125,CH4,286.1,9.02,total,none,0,,0.000000,0.000000,0.000000,0.000000,0.000000,0.000000,kastanidis2017_ch4,"Kastanidis, Romanos, Stubos, Economou & Tsimpanogiannis (2017)",chromatography,,CO2,,0.002,0.11123923,0.0020(1),"x_CH4 VLE (mole fraction CH4 in liquid, Table 5)"
CH4_kastanidis2017_ch4_126,CH4,286.1,9.02,total,none,0,,0.000000,0.000000,0.000000,0.000000,0.000000,0.000000,kastanidis2017_ch4,"Kastanidis, Romanos, Stubos, Economou & Tsimpanogiannis (2017)",chromatography,,CO2,,,,0.0044(2),"x_CO2 VLE (mole fraction CO2 in liquid, Table 5)"
CH4_kruger2019_ch4_001,CH4,313.15,1.0,total,none,0,,0.000000,0.000000,0.000000,0.000000,0.000000,0.000000,kruger2019_ch4,"Kruger, Varsos, Kontogeorgis & von Solms (2019)",chromatography,,,,0.0003,0.016657509,0.0003,"x1 (mole fraction CH4 in aqueous liquid phase, Table A1 heading 'x1' under 'Results')"
CH4_kruger2019_ch4_002,CH4,313.15,2.7,total,none,0,,0.000000,0.000000,0.000000,0.000000,0.000000,0.000000,kruger2019_ch4,"Kruger, Varsos, Kontogeorgis & von Solms (2019)",chromatography,,,,0.0006,0.033325019,0.0006,"x1 (mole fraction CH4 in aqueous liquid phase, Table A1)"
CH4_kruger2019_ch4_003,CH4,313.15,6.8,total,none,0,,0.000000,0.000000,0.000000,0.000000,0.000000,0.000000,kruger2019_ch4,"Kruger, Varsos, Kontogeorgis & von Solms (2019)",chromatography,,,,0.0015,0.083387642,0.0015,"x1 (mole fraction CH4 in aqueous liquid phase, Table A1)"
CH4_kruger2019_ch4_004,CH4,313.15,8.27,total,none,0,,0.000000,0.000000,0.000000,0.000000,0.000000,0.000000,kruger2019_ch4,"Kruger, Varsos, Kontogeorgis & von Solms (2019)",chromatography,,,,0.0017,0.094524927,0.0017,"x1 (mole fraction CH4 in aqueous liquid phase, Table A1)"
CH4_kruger2019_ch4_005,CH4,313.15,10.5,total,none,0,,0.000000,0.000000,0.000000,0.000000,0.000000,0.000000,kruger2019_ch4,"Kruger, Varsos, Kontogeorgis & von Solms (2019)",chromatography,,,,0.002,0.11123923,0.0020,"x1 (mole fraction CH4 in aqueous liquid phase, Table A1)"
CH4_kruger2019_ch4_006,CH4,303.2,7.7,total,none,0,,0.000000,0.000000,0.000000,0.000000,0.000000,0.000000,kruger2019_ch4,"Kruger, Varsos, Kontogeorgis & von Solms (2019)",chromatography,,,,0.002348,0.1306404,2348,"xII,C1 (ppm, aqueous phase CH4, Table 5 heading 'xII,C1 ppm')"
CH4_kruger2019_ch4_007,CH4,313.2,7.0,total,none,0,,0.000000,0.000000,0.000000,0.000000,0.000000,0.000000,kruger2019_ch4,"Kruger, Varsos, Kontogeorgis & von Solms (2019)",chromatography,,,,0.002177,0.12110538,2177,"xII,C1 (ppm, aqueous phase CH4, Table 5)"
CH4_kruger2019_ch4_008,CH4,323.2,6.2,total,none,0,,0.000000,0.000000,0.000000,0.000000,0.000000,0.000000,kruger2019_ch4,"Kruger, Varsos, Kontogeorgis & von Solms (2019)",chromatography,,,,0.001489,0.08277522,1489,"xII,C1 (ppm, aqueous phase CH4, Table 5)"
CH4_kruger2019_ch4_009,CH4,303.2,4.6,total,none,0,,0.000000,0.000000,0.000000,0.000000,0.000000,0.000000,kruger2019_ch4,"Kruger, Varsos, Kontogeorgis & von Solms (2019)",chromatography,,,,0.001123,0.062405985,1123,"xII,C1 (ppm, aqueous phase CH4, Table 5)"
CH4_kruger2019_ch4_010,CH4,313.2,4.6,total,none,0,,0.000000,0.000000,0.000000,0.000000,0.000000,0.000000,kruger2019_ch4,"Kruger, Varsos, Kontogeorgis & von Solms (2019)",chromatography,,,,0.001118,0.06212782,1118,"xII,C1 (ppm, aqueous phase CH4, Table 5)"
CH4_kruger2019_ch4_011,CH4,323.2,4.4,total,none,0,,0.000000,0.000000,0.000000,0.000000,0.000000,0.000000,kruger2019_ch4,"Kruger, Varsos, Kontogeorgis & von Solms (2019)",chromatography,,,,0.001048,0.058233804,1048,"xII,C1 (ppm, aqueous phase CH4, Table 5)"
CH4_kruger2019_ch4_012,CH4,303.2,10.8,total,none,0,,0.000000,0.000000,0.000000,0.000000,0.000000,0.000000,kruger2019_ch4,"Kruger, Varsos, Kontogeorgis & von Solms (2019)",chromatography,,,,0.002571,0.14307989,2571,"xII,C1 (ppm, aqueous phase CH4, Table 5)"
CH4_kruger2019_ch4_013,CH4,313.2,11.2,total,none,0,,0.000000,0.000000,0.000000,0.000000,0.000000,0.000000,kruger2019_ch4,"Kruger, Varsos, Kontogeorgis & von Solms (2019)",chromatography,,,,0.002598,0.14458639,2598,"xII,C1 (ppm, aqueous phase CH4, Table 5)"
CH4_kruger2019_ch4_014,CH4,323.2,11.7,total,none,0,,0.000000,0.000000,0.000000,0.000000,0.000000,0.000000,kruger2019_ch4,"Kruger, Varsos, Kontogeorgis & von Solms (2019)",chromatography,,,,0.003159,0.17590664,3159,"xII,C1 (ppm, aqueous phase CH4, Table 5)"
CH4_langservio2015_ch4_033,CH4,275.1,0.76,total,none,0,,0.000000,0.000000,0.000000,0.000000,0.000000,0.000000,langservio2015_ch4,Lang & Servio (2015),chromatography,,C2H6,,0.00011,0.0061065928,0.00011,"mole fraction (xCH4, liquid phase, CH4 leg)"
CH4_langservio2015_ch4_034,CH4,275.1,0.76,total,none,0,,0.000000,0.000000,0.000000,0.000000,0.000000,0.000000,langservio2015_ch4,Lang & Servio (2015),chromatography,,C2H6,,0.00021,0.011659207,0.00021,"mole fraction (xC2H6, liquid phase, C2H6 leg)"
CH4_langservio2015_ch4_035,CH4,275.2,0.77,total,none,0,,0.000000,0.000000,0.000000,0.000000,0.000000,0.000000,langservio2015_ch4,Lang & Servio (2015),chromatography,,C2H6,,0.00012,0.0066618042,0.00012,"mole fraction (xCH4, liquid phase, CH4 leg)"
CH4_langservio2015_ch4_036,CH4,275.2,0.77,total,none,0,,0.000000,0.000000,0.000000,0.000000,0.000000,0.000000,langservio2015_ch4,Lang & Servio (2015),chromatography,,C2H6,,0.00022,0.012214529,0.00022,"mole fraction (xC2H6, liquid phase, C2H6 leg)"
CH4_langservio2015_ch4_037,CH4,275.1,1.14,total,none,0,,0.000000,0.000000,0.000000,0.000000,0.000000,0.000000,langservio2015_ch4,Lang & Servio (2015),chromatography,,C2H6,,0.00024,0.013325208,0.00024,"mole fraction (xCH4, liquid phase, CH4 leg)"
CH4_langservio2015_ch4_038,CH4,275.1,1.14,total,none,0,,0.000000,0.000000,0.000000,0.000000,0.000000,0.000000,langservio2015_ch4,Lang & Servio (2015),chromatography,,C2H6,,0.0002,0.011103895,0.00020,"mole fraction (xC2H6, liquid phase, C2H6 leg)"
CH4_langservio2015_ch4_039,CH4,275.1,1.15,total,none,0,,0.000000,0.000000,0.000000,0.000000,0.000000,0.000000,langservio2015_ch4,Lang & Servio (2015),chromatography,,C2H6,,0.00022,0.012214529,0.00022,"mole fraction (xCH4, liquid phase, CH4 leg)"
CH4_langservio2015_ch4_040,CH4,275.1,1.15,total,none,0,,0.000000,0.000000,0.000000,0.000000,0.000000,0.000000,langservio2015_ch4,Lang & Servio (2015),chromatography,,C2H6,,0.00019,0.010548595,0.00019,"mole fraction (xC2H6, liquid phase, C2H6 leg)"
CH4_langservio2015_ch4_041,CH4,275.1,1.77,total,none,0,,0.000000,0.000000,0.000000,0.000000,0.000000,0.000000,langservio2015_ch4,Lang & Servio (2015),chromatography,replicate,C2H6,,0.00053,0.029435038,0.00053,"mole fraction (xCH4, liquid phase, CH4 leg)"
CH4_langservio2015_ch4_042,CH4,275.1,1.77,total,none,0,,0.000000,0.000000,0.000000,0.000000,0.000000,0.000000,langservio2015_ch4,Lang & Servio (2015),chromatography,,C2H6,,0.0001,0.0055513925,0.00010,"mole fraction (xC2H6, liquid phase, C2H6 leg)"
CH4_langservio2015_ch4_043,CH4,275.1,1.77,total,none,0,,0.000000,0.000000,0.000000,0.000000,0.000000,0.000000,langservio2015_ch4,Lang & Servio (2015),chromatography,replicate,C2H6,,0.00053,0.029435038,0.00053,"mole fraction (xCH4, liquid phase, CH4 leg)"
CH4_langservio2015_ch4_044,CH4,275.1,1.77,total,none,0,,0.000000,0.000000,0.000000,0.000000,0.000000,0.000000,langservio2015_ch4,Lang & Servio (2015),chromatography,,C2H6,,0.00011,0.0061065928,0.00011,"mole fraction (xC2H6, liquid phase, C2H6 leg)"
CH4_langservio2015_ch4_045,CH4,275.1,1.53,total,none,0,,0.000000,0.000000,0.000000,0.000000,0.000000,0.000000,langservio2015_ch4,Lang & Servio (2015),chromatography,,C2H6,,0.00052,0.028879371,0.00052,"mole fraction (xCH4, liquid phase, CH4 leg)"
CH4_langservio2015_ch4_046,CH4,275.1,1.53,total,none,0,,0.000000,0.000000,0.000000,0.000000,0.000000,0.000000,langservio2015_ch4,Lang & Servio (2015),chromatography,,C2H6,,0.00016,0.008882761,0.00016,"mole fraction (xC2H6, liquid phase, C2H6 leg)"
CH4_langservio2015_ch4_047,CH4,275.2,1.54,total,none,0,,0.000000,0.000000,0.000000,0.000000,0.000000,0.000000,langservio2015_ch4,Lang & Servio (2015),chromatography,,C2H6,,0.00056,0.031102106,0.00056,"mole fraction (xCH4, liquid phase, CH4 leg)"
CH4_langservio2015_ch4_048,CH4,275.2,1.54,total,none,0,,0.000000,0.000000,0.000000,0.000000,0.000000,0.000000,langservio2015_ch4,Lang & Servio (2015),chromatography,,C2H6,,0.00018,0.009993306,0.00018,"mole fraction (xC2H6, liquid phase, C2H6 leg)"
CH4_langservio2015_ch4_049,CH4,275.1,1.66,total,none,0,,0.000000,0.000000,0.000000,0.000000,0.000000,0.000000,langservio2015_ch4,Lang & Servio (2015),chromatography,,C2H6,,0.00055,0.030546406,0.00055,"mole fraction (xCH4, liquid phase, CH4 leg)"
CH4_langservio2015_ch4_050,CH4,275.1,1.66,total,none,0,,0.000000,0.000000,0.000000,0.000000,0.000000,0.000000,langservio2015_ch4,Lang & Servio (2015),chromatography,,C2H6,,0.00012,0.0066618042,0.00012,"mole fraction (xC2H6, liquid phase, C2H6 leg)"
CH4_langservio2015_ch4_051,CH4,275.1,1.68,total,none,0,,0.000000,0.000000,0.000000,0.000000,0.000000,0.000000,langservio2015_ch4,Lang & Servio (2015),chromatography,,C2H6,,0.00055,0.030546406,0.00055,"mole fraction (xCH4, liquid phase, CH4 leg)"
CH4_langservio2015_ch4_052,CH4,275.1,1.68,total,none,0,,0.000000,0.000000,0.000000,0.000000,0.000000,0.000000,langservio2015_ch4,Lang & Servio (2015),chromatography,,C2H6,,0.00012,0.0066618042,0.00012,"mole fraction (xC2H6, liquid phase, C2H6 leg)"
CH4_langservio2015_ch4_053,CH4,275.1,1.99,total,none,0,,0.000000,0.000000,0.000000,0.000000,0.000000,0.000000,langservio2015_ch4,Lang & Servio (2015),chromatography,,C2H6,,0.00069,0.038327223,0.00069,"mole fraction (xCH4, liquid phase, CH4 leg)"
CH4_langservio2015_ch4_054,CH4,275.1,1.99,total,none,0,,0.000000,0.000000,0.000000,0.000000,0.000000,0.000000,langservio2015_ch4,Lang & Servio (2015),chromatography,,C2H6,,9e-05,0.0049962033,0.00009,"mole fraction (xC2H6, liquid phase, C2H6 leg)"
CH4_langservio2015_ch4_055,CH4,275.1,2.0,total,none,0,,0.000000,0.000000,0.000000,0.000000,0.000000,0.000000,langservio2015_ch4,Lang & Servio (2015),chromatography,,C2H6,,0.00069,0.038327223,0.00069,"mole fraction (xCH4, liquid phase, CH4 leg)"
CH4_langservio2015_ch4_056,CH4,275.1,2.0,total,none,0,,0.000000,0.000000,0.000000,0.000000,0.000000,0.000000,langservio2015_ch4,Lang & Servio (2015),chromatography,,C2H6,,9e-05,0.0049962033,0.00009,"mole fraction (xC2H6, liquid phase, C2H6 leg)"
CH4_langservio2015_ch4_057,CH4,277.2,0.96,total,none,0,,0.000000,0.000000,0.000000,0.000000,0.000000,0.000000,langservio2015_ch4,Lang & Servio (2015),chromatography,,C2H6,,8e-05,0.0044410252,0.00008,"mole fraction (xCH4, liquid phase, CH4 leg)"
CH4_langservio2015_ch4_058,CH4,277.2,0.96,total,none,0,,0.000000,0.000000,0.000000,0.000000,0.000000,0.000000,langservio2015_ch4,Lang & Servio (2015),chromatography,,C2H6,,0.00027,0.014991308,0.00027,"mole fraction (xC2H6, liquid phase, C2H6 leg)"
CH4_langservio2015_ch4_059,CH4,277.2,0.98,total,none,0,,0.000000,0.000000,0.000000,0.000000,0.000000,0.000000,langservio2015_ch4,Lang & Servio (2015),chromatography,,C2H6,,0.00012,0.0066618042,0.00012,"mole fraction (xCH4, liquid phase, CH4 leg)"
CH4_langservio2015_ch4_060,CH4,277.2,0.98,total,none,0,,0.000000,0.000000,0.000000,0.000000,0.000000,0.000000,langservio2015_ch4,Lang & Servio (2015),chromatography,,C2H6,,0.00033,0.01832381,0.00033,"mole fraction (xC2H6, liquid phase, C2H6 leg)"
CH4_langservio2015_ch4_061,CH4,277.1,1.37,total,none,0,,0.000000,0.000000,0.000000,0.000000,0.000000,0.000000,langservio2015_ch4,Lang & Servio (2015),chromatography,,C2H6,,0.00028,0.015546698,0.00028,"mole fraction (xCH4, liquid phase, CH4 leg)"
CH4_langservio2015_ch4_062,CH4,277.1,1.37,total,none,0,,0.000000,0.000000,0.000000,0.000000,0.000000,0.000000,langservio2015_ch4,Lang & Servio (2015),chromatography,,C2H6,,0.00022,0.012214529,0.00022,"mole fraction (xC2H6, liquid phase, C2H6 leg)"
CH4_langservio2015_ch4_063,CH4,277.2,1.36,total,none,0,,0.000000,0.000000,0.000000,0.000000,0.000000,0.000000,langservio2015_ch4,Lang & Servio (2015),chromatography,,C2H6,,0.00027,0.014991308,0.00027,"mole fraction (xCH4, liquid phase, CH4 leg)"
CH4_langservio2015_ch4_064,CH4,277.2,1.36,total,none,0,,0.000000,0.000000,0.000000,0.000000,0.000000,0.000000,langservio2015_ch4,Lang & Servio (2015),chromatography,,C2H6,,0.00022,0.012214529,0.00022,"mole fraction (xC2H6, liquid phase, C2H6 leg)"
CH4_langservio2015_ch4_065,CH4,277.1,1.77,total,none,0,,0.000000,0.000000,0.000000,0.000000,0.000000,0.000000,langservio2015_ch4,Lang & Servio (2015),chromatography,,C2H6,,0.00055,0.030546406,0.00055,"mole fraction (xCH4, liquid phase, CH4 leg)"
CH4_langservio2015_ch4_066,CH4,277.1,1.77,total,none,0,,0.000000,0.000000,0.000000,0.000000,0.000000,0.000000,langservio2015_ch4,Lang & Servio (2015),chromatography,,C2H6,,0.00019,0.010548595,0.00019,"mole fraction (xC2H6, liquid phase, C2H6 leg)"
CH4_langservio2015_ch4_067,CH4,277.2,1.77,total,none,0,,0.000000,0.000000,0.000000,0.000000,0.000000,0.000000,langservio2015_ch4,Lang & Servio (2015),chromatography,,C2H6,,0.00052,0.028879371,0.00052,"mole fraction (xCH4, liquid phase, CH4 leg)"
CH4_langservio2015_ch4_068,CH4,277.2,1.77,total,none,0,,0.000000,0.000000,0.000000,0.000000,0.000000,0.000000,langservio2015_ch4,Lang & Servio (2015),chromatography,,C2H6,,0.00017,0.0094380279,0.00017,"mole fraction (xC2H6, liquid phase, C2H6 leg)"
CH4_langservio2015_ch4_069,CH4,277.1,2.0,total,none,0,,0.000000,0.000000,0.000000,0.000000,0.000000,0.000000,langservio2015_ch4,Lang & Servio (2015),chromatography,,C2H6,,0.00054,0.029990717,0.00054,"mole fraction (xCH4, liquid phase, CH4 leg)"
CH4_langservio2015_ch4_070,CH4,277.1,2.0,total,none,0,,0.000000,0.000000,0.000000,0.000000,0.000000,0.000000,langservio2015_ch4,Lang & Servio (2015),chromatography,,C2H6,,0.00012,0.0066618042,0.00012,"mole fraction (xC2H6, liquid phase, C2H6 leg)"
CH4_langservio2015_ch4_071,CH4,277.1,2.0,total,none,0,,0.000000,0.000000,0.000000,0.000000,0.000000,0.000000,langservio2015_ch4,Lang & Servio (2015),chromatography,,C2H6,,0.00055,0.030546406,0.00055,"mole fraction (xCH4, liquid phase, CH4 leg)"
CH4_langservio2015_ch4_072,CH4,277.1,2.0,total,none,0,,0.000000,0.000000,0.000000,0.000000,0.000000,0.000000,langservio2015_ch4,Lang & Servio (2015),chromatography,,C2H6,,0.00013,0.0072170268,0.00013,"mole fraction (xC2H6, liquid phase, C2H6 leg)"
CH4_langservio2015_ch4_073,CH4,277.1,2.13,total,none,0,,0.000000,0.000000,0.000000,0.000000,0.000000,0.000000,langservio2015_ch4,Lang & Servio (2015),chromatography,,C2H6,,0.00066,0.036659722,0.00066,"mole fraction (xCH4, liquid phase, CH4 leg)"
CH4_langservio2015_ch4_074,CH4,277.1,2.13,total,none,0,,0.000000,0.000000,0.000000,0.000000,0.000000,0.000000,langservio2015_ch4,Lang & Servio (2015),chromatography,,C2H6,,0.00012,0.0066618042,0.00012,"mole fraction (xC2H6, liquid phase, C2H6 leg)"
CH4_langservio2015_ch4_075,CH4,277.1,2.18,total,none,0,,0.000000,0.000000,0.000000,0.000000,0.000000,0.000000,langservio2015_ch4,Lang & Servio (2015),chromatography,,C2H6,,0.0007,0.03888308,0.00070,"mole fraction (xCH4, liquid phase, CH4 leg)"
CH4_langservio2015_ch4_076,CH4,277.1,2.18,total,none,0,,0.000000,0.000000,0.000000,0.000000,0.000000,0.000000,langservio2015_ch4,Lang & Servio (2015),chromatography,,C2H6,,0.00011,0.0061065928,0.00011,"mole fraction (xC2H6, liquid phase, C2H6 leg)"
CH4_langservio2015_ch4_077,CH4,279.1,1.15,total,none,0,,0.000000,0.000000,0.000000,0.000000,0.000000,0.000000,langservio2015_ch4,Lang & Servio (2015),chromatography,,C2H6,,9e-05,0.0049962033,0.00009,"mole fraction (xCH4, liquid phase, CH4 leg)"
CH4_langservio2015_ch4_078,CH4,279.1,1.15,total,none,0,,0.000000,0.000000,0.000000,0.000000,0.000000,0.000000,langservio2015_ch4,Lang & Servio (2015),chromatography,,C2H6,,0.00033,0.01832381,0.00033,"mole fraction (xC2H6, liquid phase, C2H6 leg)"
CH4_langservio2015_ch4_079,CH4,279.1,1.18,total,none,0,,0.000000,0.000000,0.000000,0.000000,0.000000,0.000000,langservio2015_ch4,Lang & Servio (2015),chromatography,,C2H6,,0.0001,0.0055513925,0.00010,"mole fraction (xCH4, liquid phase, CH4 leg)"
CH4_langservio2015_ch4_080,CH4,279.1,1.18,total,none,0,,0.000000,0.000000,0.000000,0.000000,0.000000,0.000000,langservio2015_ch4,Lang & Servio (2015),chromatography,,C2H6,,0.00033,0.01832381,0.00033,"mole fraction (xC2H6, liquid phase, C2H6 leg)"
CH4_langservio2015_ch4_081,CH4,279.1,1.55,total,none,0,,0.000000,0.000000,0.000000,0.000000,0.000000,0.000000,langservio2015_ch4,Lang & Servio (2015),chromatography,,C2H6,,0.00028,0.015546698,0.00028,"mole fraction (xCH4, liquid phase, CH4 leg)"
CH4_langservio2015_ch4_082,CH4,279.1,1.55,total,none,0,,0.000000,0.000000,0.000000,0.000000,0.000000,0.000000,langservio2015_ch4,Lang & Servio (2015),chromatography,,C2H6,,0.00027,0.014991308,0.00027,"mole fraction (xC2H6, liquid phase, C2H6 leg)"
CH4_langservio2015_ch4_083,CH4,279.1,1.55,total,none,0,,0.000000,0.000000,0.000000,0.000000,0.000000,0.000000,langservio2015_ch4,Lang & Servio (2015),chromatography,,C2H6,,0.00026,0.01443593,0.00026,"mole fraction (xCH4, liquid phase, CH4 leg)"
CH4_langservio2015_ch4_084,CH4,279.1,1.55,total,none,0,,0.000000,0.000000,0.000000,0.000000,0.000000,0.000000,langservio2015_ch4,Lang & Servio (2015),chromatography,,C2H6,,0.00026,0.01443593,0.00026,"mole fraction (xC2H6, liquid phase, C2H6 leg)"
CH4_langservio2015_ch4_085,CH4,279.1,2.01,total,none,0,,0.000000,0.000000,0.000000,0.000000,0.000000,0.000000,langservio2015_ch4,Lang & Servio (2015),chromatography,,C2H6,,0.00053,0.029435038,0.00053,"mole fraction (xCH4, liquid phase, CH4 leg)"
CH4_langservio2015_ch4_086,CH4,279.1,2.01,total,none,0,,0.000000,0.000000,0.000000,0.000000,0.000000,0.000000,langservio2015_ch4,Lang & Servio (2015),chromatography,,C2H6,,0.00022,0.012214529,0.00022,"mole fraction (xC2H6, liquid phase, C2H6 leg)"
CH4_langservio2015_ch4_087,CH4,279.1,2.03,total,none,0,,0.000000,0.000000,0.000000,0.000000,0.000000,0.000000,langservio2015_ch4,Lang & Servio (2015),chromatography,,C2H6,,0.00052,0.028879371,0.00052,"mole fraction (xCH4, liquid phase, CH4 leg)"
CH4_langservio2015_ch4_088,CH4,279.1,2.03,total,none,0,,0.000000,0.000000,0.000000,0.000000,0.000000,0.000000,langservio2015_ch4,Lang & Servio (2015),chromatography,,C2H6,,0.00023,0.012769863,0.00023,"mole fraction (xC2H6, liquid phase, C2H6 leg)"
CH4_langservio2015_ch4_089,CH4,279.1,2.3,total,none,0,,0.000000,0.000000,0.000000,0.000000,0.000000,0.000000,langservio2015_ch4,Lang & Servio (2015),chromatography,,C2H6,,0.00057,0.031657818,0.00057,"mole fraction (xCH4, liquid phase, CH4 leg)"
CH4_langservio2015_ch4_090,CH4,279.1,2.3,total,none,0,,0.000000,0.000000,0.000000,0.000000,0.000000,0.000000,langservio2015_ch4,Lang & Servio (2015),chromatography,,C2H6,,0.00015,0.0083275051,0.00015,"mole fraction (xC2H6, liquid phase, C2H6 leg)"
CH4_langservio2015_ch4_091,CH4,279.1,2.32,total,none,0,,0.000000,0.000000,0.000000,0.000000,0.000000,0.000000,langservio2015_ch4,Lang & Servio (2015),chromatography,,C2H6,,0.00055,0.030546406,0.00055,"mole fraction (xCH4, liquid phase, CH4 leg)"
CH4_langservio2015_ch4_092,CH4,279.1,2.32,total,none,0,,0.000000,0.000000,0.000000,0.000000,0.000000,0.000000,langservio2015_ch4,Lang & Servio (2015),chromatography,,C2H6,,0.00016,0.008882761,0.00016,"mole fraction (xC2H6, liquid phase, C2H6 leg)"
CH4_langservio2015_ch4_093,CH4,279.1,2.86,total,none,0,,0.000000,0.000000,0.000000,0.000000,0.000000,0.000000,langservio2015_ch4,Lang & Servio (2015),chromatography,,C2H6,,0.00079,0.043886285,0.00079,"mole fraction (xCH4, liquid phase, CH4 leg)"
CH4_langservio2015_ch4_094,CH4,279.1,2.86,total,none,0,,0.000000,0.000000,0.000000,0.000000,0.000000,0.000000,langservio2015_ch4,Lang & Servio (2015),chromatography,,C2H6,,0.00011,0.0061065928,0.00011,"mole fraction (xC2H6, liquid phase, C2H6 leg)"
CH4_langservio2015_ch4_095,CH4,279.1,2.87,total,none,0,,0.000000,0.000000,0.000000,0.000000,0.000000,0.000000,langservio2015_ch4,Lang & Servio (2015),chromatography,,C2H6,,0.00085,0.047222256,0.00085,"mole fraction (xCH4, liquid phase, CH4 leg)"
CH4_langservio2015_ch4_096,CH4,279.1,2.87,total,none,0,,0.000000,0.000000,0.000000,0.000000,0.000000,0.000000,langservio2015_ch4,Lang & Servio (2015),chromatography,,C2H6,,0.00011,0.0061065928,0.00011,"mole fraction (xC2H6, liquid phase, C2H6 leg)"
CH4_marinakis2013_ch4_001,CH4,274.55,20.0,total,none,0,,0.000000,0.000000,0.000000,0.000000,0.000000,0.000000,marinakis2013_ch4,Marinakis & Varotsis (2013),chromatography,,,,0.00106,0.058901311,1.06,"mole fraction x10^-3 (Xc1, CH4 leg of ternary mixture)"
CH4_marinakis2013_ch4_002,CH4,274.55,20.0,total,none,0,,0.000000,0.000000,0.000000,0.000000,0.000000,0.000000,marinakis2013_ch4,Marinakis & Varotsis (2013),chromatography,,,,,,0.040,"mole fraction x10^-3 (Xc2, C2H6 leg of ternary mixture)"
CH4_marinakis2013_ch4_003,CH4,274.55,20.0,total,none,0,,0.000000,0.000000,0.000000,0.000000,0.000000,0.000000,marinakis2013_ch4,Marinakis & Varotsis (2013),chromatography,,,,,,0.013,"mole fraction x10^-3 (Xc3, C3H8 leg of ternary mixture)"
CH4_marinakis2013_ch4_004,CH4,275.72,20.0,total,none,0,,0.000000,0.000000,0.000000,0.000000,0.000000,0.000000,marinakis2013_ch4,Marinakis & Varotsis (2013),chromatography,,,,0.00099,0.055007747,0.99,"mole fraction x10^-3 (Xc1, CH4 leg of ternary mixture)"
CH4_marinakis2013_ch4_005,CH4,275.72,20.0,total,none,0,,0.000000,0.000000,0.000000,0.000000,0.000000,0.000000,marinakis2013_ch4,Marinakis & Varotsis (2013),chromatography,,,,,,0.047,"mole fraction x10^-3 (Xc2, C2H6 leg of ternary mixture)"
CH4_marinakis2013_ch4_006,CH4,275.72,20.0,total,none,0,,0.000000,0.000000,0.000000,0.000000,0.000000,0.000000,marinakis2013_ch4,Marinakis & Varotsis (2013),chromatography,,,,,,0.011,"mole fraction x10^-3 (Xc3, C3H8 leg of ternary mixture)"
CH4_marinakis2013_ch4_007,CH4,278.22,20.0,total,none,0,,0.000000,0.000000,0.000000,0.000000,0.000000,0.000000,marinakis2013_ch4,Marinakis & Varotsis (2013),chromatography,,,,0.00114,0.063351767,1.14,"mole fraction x10^-3 (Xc1, CH4 leg of ternary mixture)"
CH4_marinakis2013_ch4_008,CH4,278.22,20.0,total,none,0,,0.000000,0.000000,0.000000,0.000000,0.000000,0.000000,marinakis2013_ch4,Marinakis & Varotsis (2013),chromatography,,,,,,0.056,"mole fraction x10^-3 (Xc2, C2H6 leg of ternary mixture)"
CH4_marinakis2013_ch4_009,CH4,278.22,20.0,total,none,0,,0.000000,0.000000,0.000000,0.000000,0.000000,0.000000,marinakis2013_ch4,Marinakis & Varotsis (2013),chromatography,,,,,,0.011,"mole fraction x10^-3 (Xc3, C3H8 leg of ternary mixture)"
CH4_marinakis2013_ch4_010,CH4,278.29,20.0,total,none,0,,0.000000,0.000000,0.000000,0.000000,0.000000,0.000000,marinakis2013_ch4,Marinakis & Varotsis (2013),chromatography,,,,0.00134,0.074481025,1.34,"mole fraction x10^-3 (Xc1, CH4 leg of ternary mixture)"
CH4_marinakis2013_ch4_011,CH4,278.29,20.0,total,none,0,,0.000000,0.000000,0.000000,0.000000,0.000000,0.000000,marinakis2013_ch4,Marinakis & Varotsis (2013),chromatography,,,,,,0.038,"mole fraction x10^-3 (Xc2, C2H6 leg of ternary mixture)"
CH4_marinakis2013_ch4_012,CH4,278.29,20.0,total,none,0,,0.000000,0.000000,0.000000,0.000000,0.000000,0.000000,marinakis2013_ch4,Marinakis & Varotsis (2013),chromatography,,,,,,0.010,"mole fraction x10^-3 (Xc3, C3H8 leg of ternary mixture)"
CH4_marinakis2013_ch4_013,CH4,280.64,20.0,total,none,0,,0.000000,0.000000,0.000000,0.000000,0.000000,0.000000,marinakis2013_ch4,Marinakis & Varotsis (2013),chromatography,,,,0.0015,0.083387642,1.50,"mole fraction x10^-3 (Xc1, CH4 leg of ternary mixture)"
CH4_marinakis2013_ch4_014,CH4,280.64,20.0,total,none,0,,0.000000,0.000000,0.000000,0.000000,0.000000,0.000000,marinakis2013_ch4,Marinakis & Varotsis (2013),chromatography,,,,,,0.042,"mole fraction x10^-3 (Xc2, C2H6 leg of ternary mixture)"
CH4_marinakis2013_ch4_015,CH4,280.64,20.0,total,none,0,,0.000000,0.000000,0.000000,0.000000,0.000000,0.000000,marinakis2013_ch4,Marinakis & Varotsis (2013),chromatography,,,,,,0.006,"mole fraction x10^-3 (Xc3, C3H8 leg of ternary mixture)"
CH4_marinakis2013_ch4_016,CH4,283.03,20.0,total,none,0,,0.000000,0.000000,0.000000,0.000000,0.000000,0.000000,marinakis2013_ch4,Marinakis & Varotsis (2013),chromatography,,,,0.00178,0.098981091,1.78,"mole fraction x10^-3 (Xc1, CH4 leg of ternary mixture)"
CH4_marinakis2013_ch4_017,CH4,283.03,20.0,total,none,0,,0.000000,0.000000,0.000000,0.000000,0.000000,0.000000,marinakis2013_ch4,Marinakis & Varotsis (2013),chromatography,,,,,,0.060,"mole fraction x10^-3 (Xc2, C2H6 leg of ternary mixture)"
CH4_marinakis2013_ch4_018,CH4,283.03,20.0,total,none,0,,0.000000,0.000000,0.000000,0.000000,0.000000,0.000000,marinakis2013_ch4,Marinakis & Varotsis (2013),chromatography,,,,,,0.014,"mole fraction x10^-3 (Xc3, C3H8 leg of ternary mixture)"
CH4_marinakis2013_ch4_019,CH4,283.06,20.0,total,none,0,,0.000000,0.000000,0.000000,0.000000,0.000000,0.000000,marinakis2013_ch4,Marinakis & Varotsis (2013),chromatography,,,,0.00179,0.099538162,1.79,"mole fraction x10^-3 (Xc1, CH4 leg of ternary mixture)"
CH4_marinakis2013_ch4_020,CH4,283.06,20.0,total,none,0,,0.000000,0.000000,0.000000,0.000000,0.000000,0.000000,marinakis2013_ch4,Marinakis & Varotsis (2013),chromatography,,,,,,0.074,"mole fraction x10^-3 (Xc2, C2H6 leg of ternary mixture)"
CH4_marinakis2013_ch4_021,CH4,283.06,20.0,total,none,0,,0.000000,0.000000,0.000000,0.000000,0.000000,0.000000,marinakis2013_ch4,Marinakis & Varotsis (2013),chromatography,,,,,,0.019,"mole fraction x10^-3 (Xc3, C3H8 leg of ternary mixture)"
CH4_marinakis2013_ch4_022,CH4,285.25,20.0,total,none,0,,0.000000,0.000000,0.000000,0.000000,0.000000,0.000000,marinakis2013_ch4,Marinakis & Varotsis (2013),chromatography,,,,0.00176,0.097866983,1.76,"mole fraction x10^-3 (Xc1, CH4 leg of ternary mixture)"
CH4_marinakis2013_ch4_023,CH4,285.25,20.0,total,none,0,,0.000000,0.000000,0.000000,0.000000,0.000000,0.000000,marinakis2013_ch4,Marinakis & Varotsis (2013),chromatography,,,,,,0.060,"mole fraction x10^-3 (Xc2, C2H6 leg of ternary mixture)"
CH4_marinakis2013_ch4_024,CH4,285.25,20.0,total,none,0,,0.000000,0.000000,0.000000,0.000000,0.000000,0.000000,marinakis2013_ch4,Marinakis & Varotsis (2013),chromatography,,,,,,0.008,"mole fraction x10^-3 (Xc3, C3H8 leg of ternary mixture)"
CH4_marinakis2013_ch4_025,CH4,287.23,20.0,total,none,0,,0.000000,0.000000,0.000000,0.000000,0.000000,0.000000,marinakis2013_ch4,Marinakis & Varotsis (2013),chromatography,,,,0.00203,0.11291121,2.03,"mole fraction x10^-3 (Xc1, CH4 leg of ternary mixture)"
CH4_marinakis2013_ch4_026,CH4,287.23,20.0,total,none,0,,0.000000,0.000000,0.000000,0.000000,0.000000,0.000000,marinakis2013_ch4,Marinakis & Varotsis (2013),chromatography,,,,,,0.062,"mole fraction x10^-3 (Xc2, C2H6 leg of ternary mixture)"
CH4_marinakis2013_ch4_027,CH4,287.23,20.0,total,none,0,,0.000000,0.000000,0.000000,0.000000,0.000000,0.000000,marinakis2013_ch4,Marinakis & Varotsis (2013),chromatography,,,,,,0.006,"mole fraction x10^-3 (Xc3, C3H8 leg of ternary mixture)"
CH4_marinakis2013_ch4_028,CH4,288.05,20.0,total,none,0,,0.000000,0.000000,0.000000,0.000000,0.000000,0.000000,marinakis2013_ch4,Marinakis & Varotsis (2013),chromatography,,,,0.00225,0.12517549,2.25,"mole fraction x10^-3 (Xc1, CH4 leg of ternary mixture)"
CH4_marinakis2013_ch4_029,CH4,288.05,20.0,total,none,0,,0.000000,0.000000,0.000000,0.000000,0.000000,0.000000,marinakis2013_ch4,Marinakis & Varotsis (2013),chromatography,,,,,,0.067,"mole fraction x10^-3 (Xc2, C2H6 leg of ternary mixture)"
CH4_marinakis2013_ch4_030,CH4,288.05,20.0,total,none,0,,0.000000,0.000000,0.000000,0.000000,0.000000,0.000000,marinakis2013_ch4,Marinakis & Varotsis (2013),chromatography,,,,,,0.008,"mole fraction x10^-3 (Xc3, C3H8 leg of ternary mixture)"
CH4_marinakis2013_ch4_031,CH4,289.15,20.0,total,none,0,,0.000000,0.000000,0.000000,0.000000,0.000000,0.000000,marinakis2013_ch4,Marinakis & Varotsis (2013),chromatography,,,,0.00224,0.1246179,2.24,"mole fraction x10^-3 (Xc1, CH4 leg of ternary mixture)"
CH4_marinakis2013_ch4_032,CH4,289.15,20.0,total,none,0,,0.000000,0.000000,0.000000,0.000000,0.000000,0.000000,marinakis2013_ch4,Marinakis & Varotsis (2013),chromatography,,,,,,0.082,"mole fraction x10^-3 (Xc2, C2H6 leg of ternary mixture)"
CH4_marinakis2013_ch4_033,CH4,289.15,20.0,total,none,0,,0.000000,0.000000,0.000000,0.000000,0.000000,0.000000,marinakis2013_ch4,Marinakis & Varotsis (2013),chromatography,,,,,,0.009,"mole fraction x10^-3 (Xc3, C3H8 leg of ternary mixture)"
CH4_marinakis2013_ch4_034,CH4,289.2,20.0,total,none,0,,0.000000,0.000000,0.000000,0.000000,0.000000,0.000000,marinakis2013_ch4,Marinakis & Varotsis (2013),chromatography,,,,0.0023,0.12796358,2.30,"mole fraction x10^-3 (Xc1, CH4 leg of ternary mixture)"
CH4_marinakis2013_ch4_035,CH4,289.2,20.0,total,none,0,,0.000000,0.000000,0.000000,0.000000,0.000000,0.000000,marinakis2013_ch4,Marinakis & Varotsis (2013),chromatography,,,,,,0.108,"mole fraction x10^-3 (Xc2, C2H6 leg of ternary mixture)"
CH4_marinakis2013_ch4_036,CH4,289.2,20.0,total,none,0,,0.000000,0.000000,0.000000,0.000000,0.000000,0.000000,marinakis2013_ch4,Marinakis & Varotsis (2013),chromatography,,,,,,0.018,"mole fraction x10^-3 (Xc3, C3H8 leg of ternary mixture)"
CH4_marinakis2013_ch4_037,CH4,289.86,20.0,total,none,0,,0.000000,0.000000,0.000000,0.000000,0.000000,0.000000,marinakis2013_ch4,Marinakis & Varotsis (2013),chromatography,,,,0.00247,0.13744517,2.47,"mole fraction x10^-3 (Xc1, CH4 leg of ternary mixture)"
CH4_marinakis2013_ch4_038,CH4,289.86,20.0,total,none,0,,0.000000,0.000000,0.000000,0.000000,0.000000,0.000000,marinakis2013_ch4,Marinakis & Varotsis (2013),chromatography,,,,,,0.090,"mole fraction x10^-3 (Xc2, C2H6 leg of ternary mixture)"
CH4_marinakis2013_ch4_039,CH4,289.86,20.0,total,none,0,,0.000000,0.000000,0.000000,0.000000,0.000000,0.000000,marinakis2013_ch4,Marinakis & Varotsis (2013),chromatography,,,,,,0.010,"mole fraction x10^-3 (Xc3, C3H8 leg of ternary mixture)"
CH4_marinakis2013_ch4_040,CH4,290.95,20.0,total,none,0,,0.000000,0.000000,0.000000,0.000000,0.000000,0.000000,marinakis2013_ch4,Marinakis & Varotsis (2013),chromatography,,,,0.00274,0.15251082,2.74,"mole fraction x10^-3 (Xc1, CH4 leg of ternary mixture)"
CH4_marinakis2013_ch4_041,CH4,290.95,20.0,total,none,0,,0.000000,0.000000,0.000000,0.000000,0.000000,0.000000,marinakis2013_ch4,Marinakis & Varotsis (2013),chromatography,,,,,,0.122,"mole fraction x10^-3 (Xc2, C2H6 leg of ternary mixture)"
CH4_marinakis2013_ch4_042,CH4,290.95,20.0,total,none,0,,0.000000,0.000000,0.000000,0.000000,0.000000,0.000000,marinakis2013_ch4,Marinakis & Varotsis (2013),chromatography,,,,,,0.022,"mole fraction x10^-3 (Xc3, C3H8 leg of ternary mixture)"
CH4_marinakis2013_ch4_043,CH4,293.15,20.0,total,none,0,,0.000000,0.000000,0.000000,0.000000,0.000000,0.000000,marinakis2013_ch4,Marinakis & Varotsis (2013),chromatography,,,,0.00293,0.16311747,2.93,"mole fraction x10^-3 (Xc1, CH4 leg of ternary mixture)"
CH4_marinakis2013_ch4_044,CH4,293.15,20.0,total,none,0,,0.000000,0.000000,0.000000,0.000000,0.000000,0.000000,marinakis2013_ch4,Marinakis & Varotsis (2013),chromatography,,,,,,0.159,"mole fraction x10^-3 (Xc2, C2H6 leg of ternary mixture)"
CH4_marinakis2013_ch4_045,CH4,293.15,20.0,total,none,0,,0.000000,0.000000,0.000000,0.000000,0.000000,0.000000,marinakis2013_ch4,Marinakis & Varotsis (2013),chromatography,,,,,,0.015,"mole fraction x10^-3 (Xc3, C3H8 leg of ternary mixture)"
CH4_marinakis2013_ch4_046,CH4,294.07,20.0,total,none,0,,0.000000,0.000000,0.000000,0.000000,0.000000,0.000000,marinakis2013_ch4,Marinakis & Varotsis (2013),chromatography,,,,0.00285,0.15865102,2.85,"mole fraction x10^-3 (Xc1, CH4 leg of ternary mixture)"
CH4_marinakis2013_ch4_047,CH4,294.07,20.0,total,none,0,,0.000000,0.000000,0.000000,0.000000,0.000000,0.000000,marinakis2013_ch4,Marinakis & Varotsis (2013),chromatography,,,,,,0.147,"mole fraction x10^-3 (Xc2, C2H6 leg of ternary mixture)"
CH4_marinakis2013_ch4_048,CH4,294.07,20.0,total,none,0,,0.000000,0.000000,0.000000,0.000000,0.000000,0.000000,marinakis2013_ch4,Marinakis & Varotsis (2013),chromatography,,,,,,0.012,"mole fraction x10^-3 (Xc3, C3H8 leg of ternary mixture)"
CH4_marinakis2013_ch4_049,CH4,295.14,20.0,total,none,0,,0.000000,0.000000,0.000000,0.000000,0.000000,0.000000,marinakis2013_ch4,Marinakis & Varotsis (2013),chromatography,,,,0.00276,0.15362712,2.76,"mole fraction x10^-3 (Xc1, CH4 leg of ternary mixture)"
CH4_marinakis2013_ch4_050,CH4,295.14,20.0,total,none,0,,0.000000,0.000000,0.000000,0.000000,0.000000,0.000000,marinakis2013_ch4,Marinakis & Varotsis (2013),chromatography,,,,,,0.172,"mole fraction x10^-3 (Xc2, C2H6 leg of ternary mixture)"
CH4_marinakis2013_ch4_051,CH4,295.14,20.0,total,none,0,,0.000000,0.000000,0.000000,0.000000,0.000000,0.000000,marinakis2013_ch4,Marinakis & Varotsis (2013),chromatography,,,,,,0.014,"mole fraction x10^-3 (Xc3, C3H8 leg of ternary mixture)"
CH4_marinakis2013_ch4_052,CH4,295.28,20.0,total,none,0,,0.000000,0.000000,0.000000,0.000000,0.000000,0.000000,marinakis2013_ch4,Marinakis & Varotsis (2013),chromatography,,,,0.00282,0.15697629,2.82,"mole fraction x10^-3 (Xc1, CH4 leg of ternary mixture)"
CH4_marinakis2013_ch4_053,CH4,295.28,20.0,total,none,0,,0.000000,0.000000,0.000000,0.000000,0.000000,0.000000,marinakis2013_ch4,Marinakis & Varotsis (2013),chromatography,,,,,,0.204,"mole fraction x10^-3 (Xc2, C2H6 leg of ternary mixture)"
CH4_marinakis2013_ch4_054,CH4,295.28,20.0,total,none,0,,0.000000,0.000000,0.000000,0.000000,0.000000,0.000000,marinakis2013_ch4,Marinakis & Varotsis (2013),chromatography,,,,,,0.025,"mole fraction x10^-3 (Xc3, C3H8 leg of ternary mixture)"
CH4_marinakis2013_ch4_055,CH4,296.1,20.0,total,none,0,,0.000000,0.000000,0.000000,0.000000,0.000000,0.000000,marinakis2013_ch4,Marinakis & Varotsis (2013),chromatography,,,,0.00244,0.13577171,2.44,"mole fraction x10^-3 (Xc1, CH4 leg of ternary mixture)"
CH4_marinakis2013_ch4_056,CH4,296.1,20.0,total,none,0,,0.000000,0.000000,0.000000,0.000000,0.000000,0.000000,marinakis2013_ch4,Marinakis & Varotsis (2013),chromatography,,,,,,0.222,"mole fraction x10^-3 (Xc2, C2H6 leg of ternary mixture)"
CH4_marinakis2013_ch4_057,CH4,296.1,20.0,total,none,0,,0.000000,0.000000,0.000000,0.000000,0.000000,0.000000,marinakis2013_ch4,Marinakis & Varotsis (2013),chromatography,,,,,,0.038,"mole fraction x10^-3 (Xc3, C3H8 leg of ternary mixture)"
CH4_marinakis2013_ch4_058,CH4,297.17,20.0,total,none,0,,0.000000,0.000000,0.000000,0.000000,0.000000,0.000000,marinakis2013_ch4,Marinakis & Varotsis (2013),chromatography,,,,0.00254,0.1413503,2.54,"mole fraction x10^-3 (Xc1, CH4 leg of ternary mixture)"
CH4_marinakis2013_ch4_059,CH4,297.17,20.0,total,none,0,,0.000000,0.000000,0.000000,0.000000,0.000000,0.000000,marinakis2013_ch4,Marinakis & Varotsis (2013),chromatography,,,,,,0.249,"mole fraction x10^-3 (Xc2, C2H6 leg of ternary mixture)"
CH4_marinakis2013_ch4_060,CH4,297.17,20.0,total,none,0,,0.000000,0.000000,0.000000,0.000000,0.000000,0.000000,marinakis2013_ch4,Marinakis & Varotsis (2013),chromatography,,,,,,0.029,"mole fraction x10^-3 (Xc3, C3H8 leg of ternary mixture)"
CH4_marinakis2013_ch4_061,CH4,299.13,20.0,total,none,0,,0.000000,0.000000,0.000000,0.000000,0.000000,0.000000,marinakis2013_ch4,Marinakis & Varotsis (2013),chromatography,,,,0.00237,0.13186737,2.37,"mole fraction x10^-3 (Xc1, CH4 leg of ternary mixture)"
CH4_marinakis2013_ch4_062,CH4,299.13,20.0,total,none,0,,0.000000,0.000000,0.000000,0.000000,0.000000,0.000000,marinakis2013_ch4,Marinakis & Varotsis (2013),chromatography,,,,,,0.231,"mole fraction x10^-3 (Xc2, C2H6 leg of ternary mixture)"
CH4_marinakis2013_ch4_063,CH4,299.13,20.0,total,none,0,,0.000000,0.000000,0.000000,0.000000,0.000000,0.000000,marinakis2013_ch4,Marinakis & Varotsis (2013),chromatography,,,,,,0.042,"mole fraction x10^-3 (Xc3, C3H8 leg of ternary mixture)"
CH4_marinakis2013_ch4_064,CH4,278.08,8.23,total,none,0,,0.000000,0.000000,0.000000,0.000000,0.000000,0.000000,marinakis2013_ch4,Marinakis & Varotsis (2013),chromatography,,,,0.00109,0.060570149,1.09,"mole fraction x10^-3 (Xc1, CH4 leg of ternary mixture)"
CH4_marinakis2013_ch4_065,CH4,278.08,8.23,total,none,0,,0.000000,0.000000,0.000000,0.000000,0.000000,0.000000,marinakis2013_ch4,Marinakis & Varotsis (2013),chromatography,,,,,,0.052,"mole fraction x10^-3 (Xc2, C2H6 leg of ternary mixture)"
CH4_marinakis2013_ch4_066,CH4,278.08,8.23,total,none,0,,0.000000,0.000000,0.000000,0.000000,0.000000,0.000000,marinakis2013_ch4,Marinakis & Varotsis (2013),chromatography,,,,,,0.007,"mole fraction x10^-3 (Xc3, C3H8 leg of ternary mixture)"
CH4_marinakis2013_ch4_067,CH4,278.16,8.27,total,none,0,,0.000000,0.000000,0.000000,0.000000,0.000000,0.000000,marinakis2013_ch4,Marinakis & Varotsis (2013),chromatography,,,,0.00113,0.062795421,1.13,"mole fraction x10^-3 (Xc1, CH4 leg of ternary mixture)"
CH4_marinakis2013_ch4_068,CH4,278.16,8.27,total,none,0,,0.000000,0.000000,0.000000,0.000000,0.000000,0.000000,marinakis2013_ch4,Marinakis & Varotsis (2013),chromatography,,,,,,0.048,"mole fraction x10^-3 (Xc2, C2H6 leg of ternary mixture)"
CH4_marinakis2013_ch4_069,CH4,278.16,8.27,total,none,0,,0.000000,0.000000,0.000000,0.000000,0.000000,0.000000,marinakis2013_ch4,Marinakis & Varotsis (2013),chromatography,,,,,,0.008,"mole fraction x10^-3 (Xc3, C3H8 leg of ternary mixture)"
CH4_marinakis2013_ch4_070,CH4,278.21,12.22,total,none,0,,0.000000,0.000000,0.000000,0.000000,0.000000,0.000000,marinakis2013_ch4,Marinakis & Varotsis (2013),chromatography,,,,0.00117,0.065020871,1.17,"mole fraction x10^-3 (Xc1, CH4 leg of ternary mixture)"
CH4_marinakis2013_ch4_071,CH4,278.21,12.22,total,none,0,,0.000000,0.000000,0.000000,0.000000,0.000000,0.000000,marinakis2013_ch4,Marinakis & Varotsis (2013),chromatography,,,,,,0.056,"mole fraction x10^-3 (Xc2, C2H6 leg of ternary mixture)"
CH4_marinakis2013_ch4_072,CH4,278.21,12.22,total,none,0,,0.000000,0.000000,0.000000,0.000000,0.000000,0.000000,marinakis2013_ch4,Marinakis & Varotsis (2013),chromatography,,,,,,0.011,"mole fraction x10^-3 (Xc3, C3H8 leg of ternary mixture)"
CH4_marinakis2013_ch4_073,CH4,278.22,16.12,total,none,0,,0.000000,0.000000,0.000000,0.000000,0.000000,0.000000,marinakis2013_ch4,Marinakis & Varotsis (2013),chromatography,,,,0.0011,0.06112645,1.10,"mole fraction x10^-3 (Xc1, CH4 leg of ternary mixture)"
CH4_marinakis2013_ch4_074,CH4,278.22,16.12,total,none,0,,0.000000,0.000000,0.000000,0.000000,0.000000,0.000000,marinakis2013_ch4,Marinakis & Varotsis (2013),chromatography,,,,,,0.055,"mole fraction x10^-3 (Xc2, C2H6 leg of ternary mixture)"
CH4_marinakis2013_ch4_075,CH4,278.22,16.12,total,none,0,,0.000000,0.000000,0.000000,0.000000,0.000000,0.000000,marinakis2013_ch4,Marinakis & Varotsis (2013),chromatography,,,,,,0.010,"mole fraction x10^-3 (Xc3, C3H8 leg of ternary mixture)"
CH4_marinakis2013_ch4_076,CH4,278.26,19.65,total,none,0,,0.000000,0.000000,0.000000,0.000000,0.000000,0.000000,marinakis2013_ch4,Marinakis & Varotsis (2013),chromatography,,,,0.00119,0.066133663,1.19,"mole fraction x10^-3 (Xc1, CH4 leg of ternary mixture)"
CH4_marinakis2013_ch4_077,CH4,278.26,19.65,total,none,0,,0.000000,0.000000,0.000000,0.000000,0.000000,0.000000,marinakis2013_ch4,Marinakis & Varotsis (2013),chromatography,,,,,,0.064,"mole fraction x10^-3 (Xc2, C2H6 leg of ternary mixture)"
CH4_marinakis2013_ch4_078,CH4,278.26,19.65,total,none,0,,0.000000,0.000000,0.000000,0.000000,0.000000,0.000000,marinakis2013_ch4,Marinakis & Varotsis (2013),chromatography,,,,,,0.013,"mole fraction x10^-3 (Xc3, C3H8 leg of ternary mixture)"
CH4_marinakis2013_ch4_079,CH4,278.27,19.9,total,none,0,,0.000000,0.000000,0.000000,0.000000,0.000000,0.000000,marinakis2013_ch4,Marinakis & Varotsis (2013),chromatography,,,,0.00114,0.063351767,1.14,"mole fraction x10^-3 (Xc1, CH4 leg of ternary mixture)"
CH4_marinakis2013_ch4_080,CH4,278.27,19.9,total,none,0,,0.000000,0.000000,0.000000,0.000000,0.000000,0.000000,marinakis2013_ch4,Marinakis & Varotsis (2013),chromatography,,,,,,0.056,"mole fraction x10^-3 (Xc2, C2H6 leg of ternary mixture)"
CH4_marinakis2013_ch4_081,CH4,278.27,19.9,total,none,0,,0.000000,0.000000,0.000000,0.000000,0.000000,0.000000,marinakis2013_ch4,Marinakis & Varotsis (2013),chromatography,,,,,,0.011,"mole fraction x10^-3 (Xc3, C3H8 leg of ternary mixture)"
CH4_marinakis2013_ch4_082,CH4,285.08,6.22,total,none,0,,0.000000,0.000000,0.000000,0.000000,0.000000,0.000000,marinakis2013_ch4,Marinakis & Varotsis (2013),chromatography,,,,0.00165,0.091740187,1.65,"mole fraction x10^-3 (Xc1, CH4 leg of ternary mixture)"
CH4_marinakis2013_ch4_083,CH4,285.08,6.22,total,none,0,,0.000000,0.000000,0.000000,0.000000,0.000000,0.000000,marinakis2013_ch4,Marinakis & Varotsis (2013),chromatography,,,,,,0.078,"mole fraction x10^-3 (Xc2, C2H6 leg of ternary mixture)"
CH4_marinakis2013_ch4_084,CH4,285.08,6.22,total,none,0,,0.000000,0.000000,0.000000,0.000000,0.000000,0.000000,marinakis2013_ch4,Marinakis & Varotsis (2013),chromatography,,,,,,0.008,"mole fraction x10^-3 (Xc3, C3H8 leg of ternary mixture)"
CH4_marinakis2013_ch4_085,CH4,285.14,8.23,total,none,0,,0.000000,0.000000,0.000000,0.000000,0.000000,0.000000,marinakis2013_ch4,Marinakis & Varotsis (2013),chromatography,,,,0.00166,0.092297113,1.66,"mole fraction x10^-3 (Xc1, CH4 leg of ternary mixture)"
CH4_marinakis2013_ch4_086,CH4,285.14,8.23,total,none,0,,0.000000,0.000000,0.000000,0.000000,0.000000,0.000000,marinakis2013_ch4,Marinakis & Varotsis (2013),chromatography,,,,,,0.084,"mole fraction x10^-3 (Xc2, C2H6 leg of ternary mixture)"
CH4_marinakis2013_ch4_087,CH4,285.14,8.23,total,none,0,,0.000000,0.000000,0.000000,0.000000,0.000000,0.000000,marinakis2013_ch4,Marinakis & Varotsis (2013),chromatography,,,,,,0.009,"mole fraction x10^-3 (Xc3, C3H8 leg of ternary mixture)"
CH4_marinakis2013_ch4_088,CH4,285.16,9.22,total,none,0,,0.000000,0.000000,0.000000,0.000000,0.000000,0.000000,marinakis2013_ch4,Marinakis & Varotsis (2013),chromatography,,,,0.00186,0.10343797,1.86,"mole fraction x10^-3 (Xc1, CH4 leg of ternary mixture)"
CH4_marinakis2013_ch4_089,CH4,285.16,9.22,total,none,0,,0.000000,0.000000,0.000000,0.000000,0.000000,0.000000,marinakis2013_ch4,Marinakis & Varotsis (2013),chromatography,,,,,,0.079,"mole fraction x10^-3 (Xc2, C2H6 leg of ternary mixture)"
CH4_marinakis2013_ch4_090,CH4,285.16,9.22,total,none,0,,0.000000,0.000000,0.000000,0.000000,0.000000,0.000000,marinakis2013_ch4,Marinakis & Varotsis (2013),chromatography,,,,,,0.011,"mole fraction x10^-3 (Xc3, C3H8 leg of ternary mixture)"
CH4_marinakis2013_ch4_091,CH4,285.2,10.49,total,none,0,,0.000000,0.000000,0.000000,0.000000,0.000000,0.000000,marinakis2013_ch4,Marinakis & Varotsis (2013),chromatography,,,,0.00181,0.10065234,1.81,"mole fraction x10^-3 (Xc1, CH4 leg of ternary mixture)"
CH4_marinakis2013_ch4_092,CH4,285.2,10.49,total,none,0,,0.000000,0.000000,0.000000,0.000000,0.000000,0.000000,marinakis2013_ch4,Marinakis & Varotsis (2013),chromatography,,,,,,0.089,"mole fraction x10^-3 (Xc2, C2H6 leg of ternary mixture)"
CH4_marinakis2013_ch4_093,CH4,285.2,10.49,total,none,0,,0.000000,0.000000,0.000000,0.000000,0.000000,0.000000,marinakis2013_ch4,Marinakis & Varotsis (2013),chromatography,,,,,,0.015,"mole fraction x10^-3 (Xc3, C3H8 leg of ternary mixture)"
CH4_marinakis2013_ch4_094,CH4,285.22,12.04,total,none,0,,0.000000,0.000000,0.000000,0.000000,0.000000,0.000000,marinakis2013_ch4,Marinakis & Varotsis (2013),chromatography,,,,0.00189,0.10510948,1.89,"mole fraction x10^-3 (Xc1, CH4 leg of ternary mixture)"
CH4_marinakis2013_ch4_095,CH4,285.22,12.04,total,none,0,,0.000000,0.000000,0.000000,0.000000,0.000000,0.000000,marinakis2013_ch4,Marinakis & Varotsis (2013),chromatography,,,,,,0.073,"mole fraction x10^-3 (Xc2, C2H6 leg of ternary mixture)"
CH4_marinakis2013_ch4_096,CH4,285.22,12.04,total,none,0,,0.000000,0.000000,0.000000,0.000000,0.000000,0.000000,marinakis2013_ch4,Marinakis & Varotsis (2013),chromatography,,,,,,0.016,"mole fraction x10^-3 (Xc3, C3H8 leg of ternary mixture)"
CH4_marinakis2013_ch4_097,CH4,285.25,16.13,total,none,0,,0.000000,0.000000,0.000000,0.000000,0.000000,0.000000,marinakis2013_ch4,Marinakis & Varotsis (2013),chromatography,,,,0.00182,0.10120944,1.82,"mole fraction x10^-3 (Xc1, CH4 leg of ternary mixture)"
CH4_marinakis2013_ch4_098,CH4,285.25,16.13,total,none,0,,0.000000,0.000000,0.000000,0.000000,0.000000,0.000000,marinakis2013_ch4,Marinakis & Varotsis (2013),chromatography,,,,,,0.081,"mole fraction x10^-3 (Xc2, C2H6 leg of ternary mixture)"
CH4_marinakis2013_ch4_099,CH4,285.25,16.13,total,none,0,,0.000000,0.000000,0.000000,0.000000,0.000000,0.000000,marinakis2013_ch4,Marinakis & Varotsis (2013),chromatography,,,,,,0.018,"mole fraction x10^-3 (Xc3, C3H8 leg of ternary mixture)"
CH4_marinakis2013_ch4_100,CH4,285.39,20.1,total,none,0,,0.000000,0.000000,0.000000,0.000000,0.000000,0.000000,marinakis2013_ch4,Marinakis & Varotsis (2013),chromatography,,,,0.00176,0.097866983,1.76,"mole fraction x10^-3 (Xc1, CH4 leg of ternary mixture)"
CH4_marinakis2013_ch4_101,CH4,285.39,20.1,total,none,0,,0.000000,0.000000,0.000000,0.000000,0.000000,0.000000,marinakis2013_ch4,Marinakis & Varotsis (2013),chromatography,,,,,,0.060,"mole fraction x10^-3 (Xc2, C2H6 leg of ternary mixture)"
CH4_marinakis2013_ch4_102,CH4,285.39,20.1,total,none,0,,0.000000,0.000000,0.000000,0.000000,0.000000,0.000000,marinakis2013_ch4,Marinakis & Varotsis (2013),chromatography,,,,,,0.008,"mole fraction x10^-3 (Xc3, C3H8 leg of ternary mixture)"
CH4_marinakis2013_ch4_103,CH4,287.2,11.73,total,none,0,,0.000000,0.000000,0.000000,0.000000,0.000000,0.000000,marinakis2013_ch4,Marinakis & Varotsis (2013),chromatography,,,,0.00207,0.11514067,2.07,"mole fraction x10^-3 (Xc1, CH4 leg of ternary mixture)"
CH4_marinakis2013_ch4_104,CH4,287.2,11.73,total,none,0,,0.000000,0.000000,0.000000,0.000000,0.000000,0.000000,marinakis2013_ch4,Marinakis & Varotsis (2013),chromatography,,,,,,0.119,"mole fraction x10^-3 (Xc2, C2H6 leg of ternary mixture)"
CH4_marinakis2013_ch4_105,CH4,287.2,11.73,total,none,0,,0.000000,0.000000,0.000000,0.000000,0.000000,0.000000,marinakis2013_ch4,Marinakis & Varotsis (2013),chromatography,,,,,,0.027,"mole fraction x10^-3 (Xc3, C3H8 leg of ternary mixture)"
CH4_marinakis2013_ch4_106,CH4,287.2,15.85,total,none,0,,0.000000,0.000000,0.000000,0.000000,0.000000,0.000000,marinakis2013_ch4,Marinakis & Varotsis (2013),chromatography,,,,0.00175,0.097309946,1.75,"mole fraction x10^-3 (Xc1, CH4 leg of ternary mixture)"
CH4_marinakis2013_ch4_107,CH4,287.2,15.85,total,none,0,,0.000000,0.000000,0.000000,0.000000,0.000000,0.000000,marinakis2013_ch4,Marinakis & Varotsis (2013),chromatography,,,,,,0.104,"mole fraction x10^-3 (Xc2, C2H6 leg of ternary mixture)"
CH4_marinakis2013_ch4_108,CH4,287.2,15.85,total,none,0,,0.000000,0.000000,0.000000,0.000000,0.000000,0.000000,marinakis2013_ch4,Marinakis & Varotsis (2013),chromatography,,,,,,0.009,"mole fraction x10^-3 (Xc3, C3H8 leg of ternary mixture)"
CH4_marinakis2013_ch4_109,CH4,287.22,15.99,total,none,0,,0.000000,0.000000,0.000000,0.000000,0.000000,0.000000,marinakis2013_ch4,Marinakis & Varotsis (2013),chromatography,,,,0.00191,0.10622388,1.91,"mole fraction x10^-3 (Xc1, CH4 leg of ternary mixture)"
CH4_marinakis2013_ch4_110,CH4,287.22,15.99,total,none,0,,0.000000,0.000000,0.000000,0.000000,0.000000,0.000000,marinakis2013_ch4,Marinakis & Varotsis (2013),chromatography,,,,,,0.094,"mole fraction x10^-3 (Xc2, C2H6 leg of ternary mixture)"
CH4_marinakis2013_ch4_111,CH4,287.22,15.99,total,none,0,,0.000000,0.000000,0.000000,0.000000,0.000000,0.000000,marinakis2013_ch4,Marinakis & Varotsis (2013),chromatography,,,,,,0.010,"mole fraction x10^-3 (Xc3, C3H8 leg of ternary mixture)"
CH4_marinakis2013_ch4_112,CH4,287.23,16.08,total,none,0,,0.000000,0.000000,0.000000,0.000000,0.000000,0.000000,marinakis2013_ch4,Marinakis & Varotsis (2013),chromatography,,,,0.00189,0.10510948,1.89,"mole fraction x10^-3 (Xc1, CH4 leg of ternary mixture)"
CH4_marinakis2013_ch4_113,CH4,287.23,16.08,total,none,0,,0.000000,0.000000,0.000000,0.000000,0.000000,0.000000,marinakis2013_ch4,Marinakis & Varotsis (2013),chromatography,,,,,,0.086,"mole fraction x10^-3 (Xc2, C2H6 leg of ternary mixture)"
CH4_marinakis2013_ch4_114,CH4,287.23,16.08,total,none,0,,0.000000,0.000000,0.000000,0.000000,0.000000,0.000000,marinakis2013_ch4,Marinakis & Varotsis (2013),chromatography,,,,,,0.011,"mole fraction x10^-3 (Xc3, C3H8 leg of ternary mixture)"
CH4_marinakis2013_ch4_115,CH4,287.26,19.1,total,none,0,,0.000000,0.000000,0.000000,0.000000,0.000000,0.000000,marinakis2013_ch4,Marinakis & Varotsis (2013),chromatography,,,,0.00173,0.096195905,1.73,"mole fraction x10^-3 (Xc1, CH4 leg of ternary mixture)"
CH4_marinakis2013_ch4_116,CH4,287.26,19.1,total,none,0,,0.000000,0.000000,0.000000,0.000000,0.000000,0.000000,marinakis2013_ch4,Marinakis & Varotsis (2013),chromatography,,,,,,0.088,"mole fraction x10^-3 (Xc2, C2H6 leg of ternary mixture)"
CH4_marinakis2013_ch4_117,CH4,287.26,19.1,total,none,0,,0.000000,0.000000,0.000000,0.000000,0.000000,0.000000,marinakis2013_ch4,Marinakis & Varotsis (2013),chromatography,,,,,,0.010,"mole fraction x10^-3 (Xc3, C3H8 leg of ternary mixture)"
CH4_marinakis2013_ch4_118,CH4,289.15,14.14,total,none,0,,0.000000,0.000000,0.000000,0.000000,0.000000,0.000000,marinakis2013_ch4,Marinakis & Varotsis (2013),chromatography,,,,0.0023,0.12796358,2.30,"mole fraction x10^-3 (Xc1, CH4 leg of ternary mixture)"
CH4_marinakis2013_ch4_119,CH4,289.15,14.14,total,none,0,,0.000000,0.000000,0.000000,0.000000,0.000000,0.000000,marinakis2013_ch4,Marinakis & Varotsis (2013),chromatography,,,,,,0.108,"mole fraction x10^-3 (Xc2, C2H6 leg of ternary mixture)"
CH4_marinakis2013_ch4_120,CH4,289.15,14.14,total,none,0,,0.000000,0.000000,0.000000,0.000000,0.000000,0.000000,marinakis2013_ch4,Marinakis & Varotsis (2013),chromatography,,,,,,0.018,"mole fraction x10^-3 (Xc3, C3H8 leg of ternary mixture)"
CH4_marinakis2013_ch4_121,CH4,289.19,16.12,total,none,0,,0.000000,0.000000,0.000000,0.000000,0.000000,0.000000,marinakis2013_ch4,Marinakis & Varotsis (2013),chromatography,,,,0.00238,0.1324251,2.38,"mole fraction x10^-3 (Xc1, CH4 leg of ternary mixture)"
CH4_marinakis2013_ch4_122,CH4,289.19,16.12,total,none,0,,0.000000,0.000000,0.000000,0.000000,0.000000,0.000000,marinakis2013_ch4,Marinakis & Varotsis (2013),chromatography,,,,,,0.093,"mole fraction x10^-3 (Xc2, C2H6 leg of ternary mixture)"
CH4_marinakis2013_ch4_123,CH4,289.19,16.12,total,none,0,,0.000000,0.000000,0.000000,0.000000,0.000000,0.000000,marinakis2013_ch4,Marinakis & Varotsis (2013),chromatography,,,,,,0.012,"mole fraction x10^-3 (Xc3, C3H8 leg of ternary mixture)"
CH4_marinakis2013_ch4_124,CH4,289.2,20.1,total,none,0,,0.000000,0.000000,0.000000,0.000000,0.000000,0.000000,marinakis2013_ch4,Marinakis & Varotsis (2013),chromatography,,,,0.00224,0.1246179,2.24,"mole fraction x10^-3 (Xc1, CH4 leg of ternary mixture)"
CH4_marinakis2013_ch4_125,CH4,289.2,20.1,total,none,0,,0.000000,0.000000,0.000000,0.000000,0.000000,0.000000,marinakis2013_ch4,Marinakis & Varotsis (2013),chromatography,,,,,,0.082,"mole fraction x10^-3 (Xc2, C2H6 leg of ternary mixture)"
CH4_marinakis2013_ch4_126,CH4,289.2,20.1,total,none,0,,0.000000,0.000000,0.000000,0.000000,0.000000,0.000000,marinakis2013_ch4,Marinakis & Varotsis (2013),chromatography,,,,,,0.009,"mole fraction x10^-3 (Xc3, C3H8 leg of ternary mixture)"
CH4_marinakis2013_ch4_127,CH4,289.21,20.1,total,none,0,,0.000000,0.000000,0.000000,0.000000,0.000000,0.000000,marinakis2013_ch4,Marinakis & Varotsis (2013),chromatography,,,,0.00213,0.11848521,2.13,"mole fraction x10^-3 (Xc1, CH4 leg of ternary mixture)"
CH4_marinakis2013_ch4_128,CH4,289.21,20.1,total,none,0,,0.000000,0.000000,0.000000,0.000000,0.000000,0.000000,marinakis2013_ch4,Marinakis & Varotsis (2013),chromatography,,,,,,0.094,"mole fraction x10^-3 (Xc2, C2H6 leg of ternary mixture)"
CH4_marinakis2013_ch4_129,CH4,289.21,20.1,total,none,0,,0.000000,0.000000,0.000000,0.000000,0.000000,0.000000,marinakis2013_ch4,Marinakis & Varotsis (2013),chromatography,,,,,,0.010,"mole fraction x10^-3 (Xc3, C3H8 leg of ternary mixture)"
CH4_marinakis2013_ch4_130,CH4,287.15,20.0,total,NaCl,0.007703,,0.007703,0.007703,0.000000,0.000000,0.000000,0.000000,marinakis2013_ch4,Marinakis & Varotsis (2013),chromatography,,,,0.00161,0.089512597,1.61,"mole fraction x10^-3 (Xc1, CH4 leg of ternary mixture)"
CH4_marinakis2013_ch4_131,CH4,287.15,20.0,total,NaCl,0.007703,,0.007703,0.007703,0.000000,0.000000,0.000000,0.000000,marinakis2013_ch4,Marinakis & Varotsis (2013),chromatography,,,,,,0.121,"mole fraction x10^-3 (Xc2, C2H6 leg of ternary mixture)"
CH4_marinakis2013_ch4_132,CH4,287.15,20.0,total,NaCl,0.007703,,0.007703,0.007703,0.000000,0.000000,0.000000,0.000000,marinakis2013_ch4,Marinakis & Varotsis (2013),chromatography,,,,,,0.014,"mole fraction x10^-3 (Xc3, C3H8 leg of ternary mixture)"
CH4_marinakis2013_ch4_133,CH4,287.15,20.0,total,NaCl,0.036008,,0.036008,0.036008,0.000000,0.000000,0.000000,0.000000,marinakis2013_ch4,Marinakis & Varotsis (2013),chromatography,,,,0.00157,0.087285184,1.57,"mole fraction x10^-3 (Xc1, CH4 leg of ternary mixture)"
CH4_marinakis2013_ch4_134,CH4,287.15,20.0,total,NaCl,0.036008,,0.036008,0.036008,0.000000,0.000000,0.000000,0.000000,marinakis2013_ch4,Marinakis & Varotsis (2013),chromatography,,,,,,0.115,"mole fraction x10^-3 (Xc2, C2H6 leg of ternary mixture)"
CH4_marinakis2013_ch4_135,CH4,287.15,20.0,total,NaCl,0.036008,,0.036008,0.036008,0.000000,0.000000,0.000000,0.000000,marinakis2013_ch4,Marinakis & Varotsis (2013),chromatography,,,,,,0.013,"mole fraction x10^-3 (Xc3, C3H8 leg of ternary mixture)"
CH4_marinakis2013_ch4_136,CH4,287.15,20.0,total,NaCl,0.05493,,0.054930,0.054930,0.000000,0.000000,0.000000,0.000000,marinakis2013_ch4,Marinakis & Varotsis (2013),chromatography,,,,0.00165,0.091740187,1.65,"mole fraction x10^-3 (Xc1, CH4 leg of ternary mixture)"
CH4_marinakis2013_ch4_137,CH4,287.15,20.0,total,NaCl,0.05493,,0.054930,0.054930,0.000000,0.000000,0.000000,0.000000,marinakis2013_ch4,Marinakis & Varotsis (2013),chromatography,,,,,,0.118,"mole fraction x10^-3 (Xc2, C2H6 leg of ternary mixture)"
CH4_marinakis2013_ch4_138,CH4,287.15,20.0,total,NaCl,0.05493,,0.054930,0.054930,0.000000,0.000000,0.000000,0.000000,marinakis2013_ch4,Marinakis & Varotsis (2013),chromatography,,,,,,0.014,"mole fraction x10^-3 (Xc3, C3H8 leg of ternary mixture)"
CH4_marinakis2013_ch4_139,CH4,287.15,20.0,total,NaCl,0.089441,,0.089441,0.089441,0.000000,0.000000,0.000000,0.000000,marinakis2013_ch4,Marinakis & Varotsis (2013),chromatography,,,,0.00169,0.093967957,1.69,"mole fraction x10^-3 (Xc1, CH4 leg of ternary mixture)"
CH4_marinakis2013_ch4_140,CH4,287.15,20.0,total,NaCl,0.089441,,0.089441,0.089441,0.000000,0.000000,0.000000,0.000000,marinakis2013_ch4,Marinakis & Varotsis (2013),chromatography,,,,,,0.096,"mole fraction x10^-3 (Xc2, C2H6 leg of ternary mixture)"
CH4_marinakis2013_ch4_141,CH4,287.15,20.0,total,NaCl,0.089441,,0.089441,0.089441,0.000000,0.000000,0.000000,0.000000,marinakis2013_ch4,Marinakis & Varotsis (2013),chromatography,,,,,,0.010,"mole fraction x10^-3 (Xc3, C3H8 leg of ternary mixture)"
CH4_marinakis2013_ch4_142,CH4,287.15,20.0,total,NaCl,0.141468,,0.141468,0.141468,0.000000,0.000000,0.000000,0.000000,marinakis2013_ch4,Marinakis & Varotsis (2013),chromatography,,,,0.00176,0.097866983,1.76,"mole fraction x10^-3 (Xc1, CH4 leg of ternary mixture)"
CH4_marinakis2013_ch4_143,CH4,287.15,20.0,total,NaCl,0.141468,,0.141468,0.141468,0.000000,0.000000,0.000000,0.000000,marinakis2013_ch4,Marinakis & Varotsis (2013),chromatography,,,,,,0.102,"mole fraction x10^-3 (Xc2, C2H6 leg of ternary mixture)"
CH4_marinakis2013_ch4_144,CH4,287.15,20.0,total,NaCl,0.141468,,0.141468,0.141468,0.000000,0.000000,0.000000,0.000000,marinakis2013_ch4,Marinakis & Varotsis (2013),chromatography,,,,,,0.017,"mole fraction x10^-3 (Xc3, C3H8 leg of ternary mixture)"
CH4_marinakis2013_ch4_145,CH4,287.15,20.0,total,NaCl,0.214837,,0.214837,0.214837,0.000000,0.000000,0.000000,0.000000,marinakis2013_ch4,Marinakis & Varotsis (2013),chromatography,,,,0.00172,0.095638901,1.72,"mole fraction x10^-3 (Xc1, CH4 leg of ternary mixture)"
CH4_marinakis2013_ch4_146,CH4,287.15,20.0,total,NaCl,0.214837,,0.214837,0.214837,0.000000,0.000000,0.000000,0.000000,marinakis2013_ch4,Marinakis & Varotsis (2013),chromatography,,,,,,0.117,"mole fraction x10^-3 (Xc2, C2H6 leg of ternary mixture)"
CH4_marinakis2013_ch4_147,CH4,287.15,20.0,total,NaCl,0.214837,,0.214837,0.214837,0.000000,0.000000,0.000000,0.000000,marinakis2013_ch4,Marinakis & Varotsis (2013),chromatography,,,,,,0.027,"mole fraction x10^-3 (Xc3, C3H8 leg of ternary mixture)"
CH4_marinakis2013_ch4_148,CH4,287.15,20.0,total,NaCl,0.237673,,0.237673,0.237673,0.000000,0.000000,0.000000,0.000000,marinakis2013_ch4,Marinakis & Varotsis (2013),chromatography,,,,0.00169,0.093967957,1.69,"mole fraction x10^-3 (Xc1, CH4 leg of ternary mixture)"
CH4_marinakis2013_ch4_149,CH4,287.15,20.0,total,NaCl,0.237673,,0.237673,0.237673,0.000000,0.000000,0.000000,0.000000,marinakis2013_ch4,Marinakis & Varotsis (2013),chromatography,,,,,,0.119,"mole fraction x10^-3 (Xc2, C2H6 leg of ternary mixture)"
CH4_marinakis2013_ch4_150,CH4,287.15,20.0,total,NaCl,0.237673,,0.237673,0.237673,0.000000,0.000000,0.000000,0.000000,marinakis2013_ch4,Marinakis & Varotsis (2013),chromatography,,,,,,0.023,"mole fraction x10^-3 (Xc3, C3H8 leg of ternary mixture)"
CH4_marinakis2013_ch4_151,CH4,287.15,20.0,total,NaCl,0.318963,,0.318963,0.318963,0.000000,0.000000,0.000000,0.000000,marinakis2013_ch4,Marinakis & Varotsis (2013),chromatography,,,,0.00171,0.095081909,1.71,"mole fraction x10^-3 (Xc1, CH4 leg of ternary mixture)"
CH4_marinakis2013_ch4_152,CH4,287.15,20.0,total,NaCl,0.318963,,0.318963,0.318963,0.000000,0.000000,0.000000,0.000000,marinakis2013_ch4,Marinakis & Varotsis (2013),chromatography,,,,,,0.142,"mole fraction x10^-3 (Xc2, C2H6 leg of ternary mixture)"
CH4_marinakis2013_ch4_153,CH4,287.15,20.0,total,NaCl,0.318963,,0.318963,0.318963,0.000000,0.000000,0.000000,0.000000,marinakis2013_ch4,Marinakis & Varotsis (2013),chromatography,,,,,,0.034,"mole fraction x10^-3 (Xc3, C3H8 leg of ternary mixture)"
CH4_marinakis2013_ch4_154,CH4,287.15,20.0,total,NaCl,0.507401,,0.507401,0.507401,0.000000,0.000000,0.000000,0.000000,marinakis2013_ch4,Marinakis & Varotsis (2013),chromatography,,,,0.00184,0.10232368,1.84,"mole fraction x10^-3 (Xc1, CH4 leg of ternary mixture)"
CH4_marinakis2013_ch4_155,CH4,287.15,20.0,total,NaCl,0.507401,,0.507401,0.507401,0.000000,0.000000,0.000000,0.000000,marinakis2013_ch4,Marinakis & Varotsis (2013),chromatography,,,,,,0.147,"mole fraction x10^-3 (Xc2, C2H6 leg of ternary mixture)"
CH4_marinakis2013_ch4_156,CH4,287.15,20.0,total,NaCl,0.507401,,0.507401,0.507401,0.000000,0.000000,0.000000,0.000000,marinakis2013_ch4,Marinakis & Varotsis (2013),chromatography,,,,,,0.020,"mole fraction x10^-3 (Xc3, C3H8 leg of ternary mixture)"
CH4_marinakis2013_ch4_157,CH4,287.15,20.0,total,NaCl,0.714802,,0.714802,0.714802,0.000000,0.000000,0.000000,0.000000,marinakis2013_ch4,Marinakis & Varotsis (2013),chromatography,,,,0.0018,0.10009524,1.80,"mole fraction x10^-3 (Xc1, CH4 leg of ternary mixture)"
CH4_marinakis2013_ch4_158,CH4,287.15,20.0,total,NaCl,0.714802,,0.714802,0.714802,0.000000,0.000000,0.000000,0.000000,marinakis2013_ch4,Marinakis & Varotsis (2013),chromatography,,,,,,0.137,"mole fraction x10^-3 (Xc2, C2H6 leg of ternary mixture)"
CH4_marinakis2013_ch4_159,CH4,287.15,20.0,total,NaCl,0.714802,,0.714802,0.714802,0.000000,0.000000,0.000000,0.000000,marinakis2013_ch4,Marinakis & Varotsis (2013),chromatography,,,,,,0.020,"mole fraction x10^-3 (Xc3, C3H8 leg of ternary mixture)"
CH4_marinakis2013_ch4_160,CH4,287.15,20.0,total,NaCl,0.716659,,0.716659,0.716659,0.000000,0.000000,0.000000,0.000000,marinakis2013_ch4,Marinakis & Varotsis (2013),chromatography,,,,0.00198,0.11012463,1.98,"mole fraction x10^-3 (Xc1, CH4 leg of ternary mixture)"
CH4_marinakis2013_ch4_161,CH4,287.15,20.0,total,NaCl,0.716659,,0.716659,0.716659,0.000000,0.000000,0.000000,0.000000,marinakis2013_ch4,Marinakis & Varotsis (2013),chromatography,,,,,,0.142,"mole fraction x10^-3 (Xc2, C2H6 leg of ternary mixture)"
CH4_marinakis2013_ch4_162,CH4,287.15,20.0,total,NaCl,0.716659,,0.716659,0.716659,0.000000,0.000000,0.000000,0.000000,marinakis2013_ch4,Marinakis & Varotsis (2013),chromatography,,,,,,0.031,"mole fraction x10^-3 (Xc3, C3H8 leg of ternary mixture)"
CH4_mckettakatz1948_ch4_097,CH4,310.9278,4.35059167,total,none,0,,0.000000,0.000000,0.000000,0.000000,0.000000,0.000000,mckettakatz1948_ch4,McKetta & Katz (1948),analytical_sampling,,,,0.000649,0.03604833,0.000649,"x(C1) mole fraction CH4 in water-rich liquid phase Lw (Table II heading 'Mole Fraction C1', three-phase region)"
CH4_mckettakatz1948_ch4_098,CH4,310.9278,1.39274091,total,none,0,,0.000000,0.000000,0.000000,0.000000,0.000000,0.000000,mckettakatz1948_ch4,McKetta & Katz (1948),analytical_sampling,,,,0.0002635,0.014630311,0.0002635,x(C1) in Lw (Table II)
CH4_mckettakatz1948_ch4_099,CH4,310.9278,9.69402834,total,none,0,,0.000000,0.000000,0.000000,0.000000,0.000000,0.000000,mckettakatz1948_ch4,McKetta & Katz (1948),analytical_sampling,,,,0.001505,0.083666019,0.001505,x(C1) in Lw (Table II)
CH4_mckettakatz1948_ch4_100,CH4,310.9278,6.7499671,total,none,0,,0.000000,0.000000,0.000000,0.000000,0.000000,0.000000,mckettakatz1948_ch4,McKetta & Katz (1948),analytical_sampling,,,,0.001051,0.05840068,0.001051,x(C1) in Lw (Table II)
CH4_mckettakatz1948_ch4_101,CH4,310.9278,3.26811482,total,none,0,,0.000000,0.000000,0.000000,0.000000,0.000000,0.000000,mckettakatz1948_ch4,McKetta & Katz (1948),analytical_sampling,,,,0.00072,0.039994825,0.00072,x(C1) in Lw (Table II)
CH4_mckettakatz1948_ch4_102,CH4,310.9278,1.46168848,total,none,0,,0.000000,0.000000,0.000000,0.000000,0.000000,0.000000,mckettakatz1948_ch4,McKetta & Katz (1948),analytical_sampling,,,,0.000299,0.016601968,0.000299,x(C1) in Lw (Table II)
CH4_mckettakatz1948_ch4_103,CH4,310.9278,12.67256337,total,none,0,,0.000000,0.000000,0.000000,0.000000,0.000000,0.000000,mckettakatz1948_ch4,McKetta & Katz (1948),analytical_sampling,,,,0.001805,0.10037379,0.001805,x(C1) in Lw (Table II)
CH4_mckettakatz1948_ch4_104,CH4,310.9278,13.1000383,total,none,0,,0.000000,0.000000,0.000000,0.000000,0.000000,0.000000,mckettakatz1948_ch4,McKetta & Katz (1948),analytical_sampling,,,,0.001818,0.10109802,0.001818,x(C1) in Lw (Table II)
CH4_mckettakatz1948_ch4_105,CH4,310.9278,13.16898587,total,none,0,,0.000000,0.000000,0.000000,0.000000,0.000000,0.000000,mckettakatz1948_ch4,McKetta & Katz (1948),analytical_sampling,,,,0.001852,0.1029910,0.01852,x(C1) in Lw (Table II)
CH4_mckettakatz1948_ch4_106,CH4,310.9278,13.18277538,total,none,0,,0.000000,0.000000,0.000000,0.000000,0.000000,0.000000,mckettakatz1948_ch4,McKetta & Katz (1948),analytical_sampling,,,,0.001852,0.10299225,0.001852,x(C1) in Lw (Table II)
CH4_mckettakatz1948_ch4_107,CH4,310.9278,12.96214316,total,none,0,,0.000000,0.000000,0.000000,0.000000,0.000000,0.000000,mckettakatz1948_ch4,McKetta & Katz (1948),analytical_sampling,,,,0.001822,0.10132086,0.001822,x(C1) in Lw (Table II)
CH4_mckettakatz1948_ch4_108,CH4,310.9278,8.41160354,total,none,0,,0.000000,0.000000,0.000000,0.000000,0.000000,0.000000,mckettakatz1948_ch4,McKetta & Katz (1948),analytical_sampling,,,,0.00129,0.071698293,0.00129,x(C1) in Lw (Table II)
CH4_mckettakatz1948_ch4_109,CH4,344.2611,11.60387603,total,none,0,,0.000000,0.000000,0.000000,0.000000,0.000000,0.000000,mckettakatz1948_ch4,McKetta & Katz (1948),analytical_sampling,,,,0.00149,0.082830894,0.00149,x(C1) in Lw (Table III)
CH4_mckettakatz1948_ch4_110,CH4,344.2611,10.1973456,total,none,0,,0.000000,0.000000,0.000000,0.000000,0.000000,0.000000,mckettakatz1948_ch4,McKetta & Katz (1948),analytical_sampling,,,,0.00135,0.075037605,0.00135,x(C1) in Lw (Table III)
CH4_mckettakatz1948_ch4_111,CH4,344.2611,7.04644165,total,none,0,,0.000000,0.000000,0.000000,0.000000,0.000000,0.000000,mckettakatz1948_ch4,McKetta & Katz (1948),analytical_sampling,,,,0.00099,0.055007747,0.00099,x(C1) in Lw (Table III)
CH4_mckettakatz1948_ch4_112,CH4,344.2611,3.68869499,total,none,0,,0.000000,0.000000,0.000000,0.000000,0.000000,0.000000,mckettakatz1948_ch4,McKetta & Katz (1948),analytical_sampling,,,,0.00052,0.028879371,0.00052,x(C1) in Lw (Table III)
CH4_mckettakatz1948_ch4_113,CH4,344.2611,1.32379334,total,none,0,,0.000000,0.000000,0.000000,0.000000,0.000000,0.000000,mckettakatz1948_ch4,McKetta & Katz (1948),analytical_sampling,,,,1.5e-05,0.00083263809,0.000015,x(C1) in Lw (Table III)
CH4_mckettakatz1948_ch4_114,CH4,344.2611,11.27292769,total,none,0,,0.000000,0.000000,0.000000,0.000000,0.000000,0.000000,mckettakatz1948_ch4,McKetta & Katz (1948),analytical_sampling,,,,0.001462,0.081272062,0.001462,x(C1) in Lw (Table III)
CH4_mckettakatz1948_ch4_115,CH4,344.2611,11.92103485,total,none,0,,0.000000,0.000000,0.000000,0.000000,0.000000,0.000000,mckettakatz1948_ch4,McKetta & Katz (1948),analytical_sampling,,,,0.001535,0.085336345,0.001535,x(C1) in Lw (Table III)
CH4_mckettakatz1948_ch4_116,CH4,344.2611,7.24638961,total,none,0,,0.000000,0.000000,0.000000,0.000000,0.000000,0.000000,mckettakatz1948_ch4,McKetta & Katz (1948),analytical_sampling,,,,0.000975,0.054173483,0.000975,x(C1) in Lw (Table III)
CH4_mckettakatz1948_ch4_117,CH4,344.2611,12.38298357,total,none,0,,0.000000,0.000000,0.000000,0.000000,0.000000,0.000000,mckettakatz1948_ch4,McKetta & Katz (1948),analytical_sampling,,,,0.001585,0.088120443,0.001585,x(C1) in Lw (Table III)
CH4_mckettakatz1948_ch4_118,CH4,344.2611,4.16443323,total,none,0,,0.000000,0.000000,0.000000,0.000000,0.000000,0.000000,mckettakatz1948_ch4,McKetta & Katz (1948),analytical_sampling,,,,0.000555,0.030824255,0.000555,x(C1) in Lw (Table III)
CH4_mckettakatz1948_ch4_119,CH4,344.2611,12.47951017,total,none,0,,0.000000,0.000000,0.000000,0.000000,0.000000,0.000000,mckettakatz1948_ch4,McKetta & Katz (1948),analytical_sampling,,,,0.001602,0.0890671,0.001602,x(C1) in Lw (Table III)
CH4_mckettakatz1948_ch4_120,CH4,377.5944,8.55639344,total,none,0,,0.000000,0.000000,0.000000,0.000000,0.000000,0.000000,mckettakatz1948_ch4,McKetta & Katz (1948),analytical_sampling,,,,0.000998,0.055452698,0.000998,x(C1) in Lw (Table IV)
CH4_mckettakatz1948_ch4_121,CH4,377.5944,9.07350021,total,none,0,,0.000000,0.000000,0.000000,0.000000,0.000000,0.000000,mckettakatz1948_ch4,McKetta & Katz (1948),analytical_sampling,,,,0.001091,0.060625778,0.001091,x(C1) in Lw (Table IV)
CH4_mckettakatz1948_ch4_122,CH4,377.5944,7.34981096,total,none,0,,0.000000,0.000000,0.000000,0.000000,0.000000,0.000000,mckettakatz1948_ch4,McKetta & Katz (1948),analytical_sampling,,,,0.000929,0.051615229,0.000929,x(C1) in Lw (Table IV)
CH4_mckettakatz1948_ch4_123,CH4,377.5944,5.89501724,total,none,0,,0.000000,0.000000,0.000000,0.000000,0.000000,0.000000,mckettakatz1948_ch4,McKetta & Katz (1948),analytical_sampling,,,,0.000626,0.034770008,0.000626,x(C1) in Lw (Table IV)
CH4_mckettakatz1948_ch4_124,CH4,377.5944,3.4473785,total,none,0,,0.000000,0.000000,0.000000,0.000000,0.000000,0.000000,mckettakatz1948_ch4,McKetta & Katz (1948),analytical_sampling,,,,0.00027,0.014991308,0.00027,x(C1) in Lw (Table IV)
CH4_mckettakatz1948_ch4_125,CH4,377.5944,2.33042787,total,none,0,,0.000000,0.000000,0.000000,0.000000,0.000000,0.000000,mckettakatz1948_ch4,McKetta & Katz (1948),analytical_sampling,,,,0.000185,0.010270949,0.000185,x(C1) in Lw (Table IV)
CH4_mckettakatz1948_ch4_126,CH4,377.5944,10.48003064,total,none,0,,0.000000,0.000000,0.000000,0.000000,0.000000,0.000000,mckettakatz1948_ch4,McKetta & Katz (1948),analytical_sampling,,,,0.001304,0.07247743,0.001304,x(C1) in Lw (Table IV)
CH4_mckettakatz1948_ch4_127,CH4,377.5944,10.06634522,total,none,0,,0.000000,0.000000,0.000000,0.000000,0.000000,0.000000,mckettakatz1948_ch4,McKetta & Katz (1948),analytical_sampling,,,,0.00117,0.065020871,0.00117,x(C1) in Lw (Table IV)
CH4_mckettakatz1948_ch4_128,CH4,377.5944,4.48848681,total,none,0,,0.000000,0.000000,0.000000,0.000000,0.000000,0.000000,mckettakatz1948_ch4,McKetta & Katz (1948),analytical_sampling,,,,0.00052,0.028879371,0.00052,x(C1) in Lw (Table IV)
CH4_mckettakatz1948_ch4_129,CH4,377.5944,2.07532186,total,none,0,,0.000000,0.000000,0.000000,0.000000,0.000000,0.000000,mckettakatz1948_ch4,McKetta & Katz (1948),analytical_sampling,,,,5e-05,0.0027755574,0.00005,x(C1) in Lw (Table IV)
CH4_mckettakatz1948_ch4_130,CH4,377.5944,10.33524074,total,none,0,,0.000000,0.000000,0.000000,0.000000,0.000000,0.000000,mckettakatz1948_ch4,McKetta & Katz (1948),analytical_sampling,,,,0.001258,0.06991749,0.001258,x(C1) in Lw (Table IV)
CH4_mckettakatz1948_ch4_131,CH4,410.9278,4.5850134,total,none,0,,0.000000,0.000000,0.000000,0.000000,0.000000,0.000000,mckettakatz1948_ch4,McKetta & Katz (1948),analytical_sampling,,,,0.000286,0.015879936,0.000286,x(C1) in Lw (Table V)
CH4_mckettakatz1948_ch4_132,CH4,410.9278,6.17080751,total,none,0,,0.000000,0.000000,0.000000,0.000000,0.000000,0.000000,mckettakatz1948_ch4,McKetta & Katz (1948),analytical_sampling,,,,0.000455,0.025267807,0.000455,x(C1) in Lw (Table V)
CH4_mckettakatz1948_ch4_133,CH4,410.9278,4.96422504,total,none,0,,0.000000,0.000000,0.000000,0.000000,0.000000,0.000000,mckettakatz1948_ch4,McKetta & Katz (1948),analytical_sampling,,,,0.000375,0.020823449,0.000375,x(C1) in Lw (Table V)
CH4_mckettakatz1948_ch4_134,CH4,410.9278,3.4473785,total,none,0,,0.000000,0.000000,0.000000,0.000000,0.000000,0.000000,mckettakatz1948_ch4,McKetta & Katz (1948),analytical_sampling,,,,6e-05,0.0033307022,0.00006,x(C1) in Lw (Table V)
CH4_mckettakatz1948_ch4_135,CH4,410.9278,6.53622964,total,none,0,,0.000000,0.000000,0.000000,0.000000,0.000000,0.000000,mckettakatz1948_ch4,McKetta & Katz (1948),analytical_sampling,,,,0.00055,0.030546406,0.00055,x(C1) in Lw (Table V)
CH4_mckettakatz1948_ch4_136,CH4,410.9278,5.55027938,total,none,0,,0.000000,0.000000,0.000000,0.000000,0.000000,0.000000,mckettakatz1948_ch4,McKetta & Katz (1948),analytical_sampling,,,,0.00046,0.025545603,0.00046,x(C1) in Lw (Table V)
CH4_mckettakatz1948_ch4_137,CH4,410.9278,4.19201226,total,none,0,,0.000000,0.000000,0.000000,0.000000,0.000000,0.000000,mckettakatz1948_ch4,McKetta & Katz (1948),analytical_sampling,,,,6e-05,0.0033307022,0.00006,x(C1) in Lw (Table V)
CH4_mckettakatz1948_ch4_138,CH4,310.9278,24.26954464,total,none,0,,0.000000,0.000000,0.000000,0.000000,0.000000,0.000000,mckettakatz1948_ch4,McKetta & Katz (1948),analytical_sampling,,,,0.00259,0.14414001,0.00259,"x(C1) in Lw, two-phase region (Table VI)"
CH4_mckettakatz1948_ch4_139,CH4,310.9278,20.65669197,total,none,0,,0.000000,0.000000,0.000000,0.000000,0.000000,0.000000,mckettakatz1948_ch4,McKetta & Katz (1948),analytical_sampling,,,,0.002414,0.13432147,0.002414,"x(C1) in Lw, two-phase region (Table VI)"
CH4_mckettakatz1948_ch4_140,CH4,310.9278,13.77572449,total,none,0,,0.000000,0.000000,0.000000,0.000000,0.000000,0.000000,mckettakatz1948_ch4,McKetta & Katz (1948),analytical_sampling,,,,0.01868,1.0566343,0.01868,"x(C1) in Lw, two-phase region (Table VI)"
CH4_mckettakatz1948_ch4_141,CH4,310.9278,20.65669197,total,none,0,,0.000000,0.000000,0.000000,0.000000,0.000000,0.000000,mckettakatz1948_ch4,McKetta & Katz (1948),analytical_sampling,,,,0.00081,0.044998231,0.00081,"x(C1) in Lw, two-phase region (Table VI)"
CH4_mckettakatz1948_ch4_142,CH4,344.2611,14.12046234,total,none,0,,0.000000,0.000000,0.000000,0.000000,0.000000,0.000000,mckettakatz1948_ch4,McKetta & Katz (1948),analytical_sampling,,,,0.001682,0.093522389,0.001682,"x(C1) in Lw, two-phase region (Table VI)"
CH4_mckettakatz1948_ch4_143,CH4,344.2611,20.32574364,total,none,0,,0.000000,0.000000,0.000000,0.000000,0.000000,0.000000,mckettakatz1948_ch4,McKetta & Katz (1948),analytical_sampling,,,,0.002158,0.12004613,0.002158,"x(C1) in Lw, two-phase region (Table VI)"
CH4_mckettakatz1948_ch4_144,CH4,344.2611,13.70677692,total,none,0,,0.000000,0.000000,0.000000,0.000000,0.000000,0.000000,mckettakatz1948_ch4,McKetta & Katz (1948),analytical_sampling,,,,0.001724,0.095861701,0.001724,"x(C1) in Lw, two-phase region (Table VI)"
CH4_mckettakatz1948_ch4_145,CH4,344.2611,20.67048149,total,none,0,,0.000000,0.000000,0.000000,0.000000,0.000000,0.000000,mckettakatz1948_ch4,McKetta & Katz (1948),analytical_sampling,,,,0.00132,0.073367899,0.00132,"x(C1) in Lw, two-phase region (Table VI)"
CH4_mckettakatz1948_ch4_146,CH4,344.2611,13.72056643,total,none,0,,0.000000,0.000000,0.000000,0.000000,0.000000,0.000000,mckettakatz1948_ch4,McKetta & Katz (1948),analytical_sampling,,,,0.00107,0.059457579,0.00107,"x(C1) in Lw, two-phase region (Table VI)"
CH4_mckettakatz1948_ch4_147,CH4,377.5944,20.67048149,total,none,0,,0.000000,0.000000,0.000000,0.000000,0.000000,0.000000,mckettakatz1948_ch4,McKetta & Katz (1948),analytical_sampling,,,,0.00208,0.11569807,0.00208,"x(C1) in Lw, two-phase region (Table VI)"
CH4_mckettakatz1948_ch4_148,CH4,377.5944,13.78261924,total,none,0,,0.000000,0.000000,0.000000,0.000000,0.000000,0.000000,mckettakatz1948_ch4,McKetta & Katz (1948),analytical_sampling,,,,0.00158,0.08784202,0.00158,"x(C1) in Lw, two-phase region (Table VI)"
CH4_mckettakatz1948_ch4_149,CH4,377.5944,20.65669197,total,none,0,,0.000000,0.000000,0.000000,0.000000,0.000000,0.000000,mckettakatz1948_ch4,McKetta & Katz (1948),analytical_sampling,,,,0.00073,0.040550715,0.00073,"x(C1) in Lw, two-phase region (Table VI)"
CH4_mckettakatz1948_ch4_150,CH4,410.9278,20.67048149,total,none,0,,0.000000,0.000000,0.000000,0.000000,0.000000,0.000000,mckettakatz1948_ch4,McKetta & Katz (1948),analytical_sampling,,,,0.00157,0.087285184,0.00157,"x(C1) in Lw, two-phase region (Table VI)"
CH4_mckettakatz1948_ch4_151,CH4,410.9278,13.78261924,total,none,0,,0.000000,0.000000,0.000000,0.000000,0.000000,0.000000,mckettakatz1948_ch4,McKetta & Katz (1948),analytical_sampling,,,,0.00113,0.062795421,0.00113,"x(C1) in Lw, two-phase region (Table VI)"
CH4_mckettakatz1948_ch4_152,CH4,410.9278,20.67048149,total,none,0,,0.000000,0.000000,0.000000,0.000000,0.000000,0.000000,mckettakatz1948_ch4,McKetta & Katz (1948),analytical_sampling,,,,0.00061,0.033880775,0.00061,"x(C1) in Lw, two-phase region (Table VI)"
CH4_qin2008_ch4_008,CH4,375.5,49.9,total,none,0,,0.000000,0.000000,0.000000,0.000000,0.000000,0.000000,qin2008_ch4,Qin et al. (2008),analytical_sampling,,CO2,,0.00152,0.084501169,0.00152,"x3 (mole fraction CH4 in liquid, Table 3 heading x3)"
CH4_qin2008_ch4_009,CH4,375.5,40.2,total,none,0,,0.000000,0.000000,0.000000,0.000000,0.000000,0.000000,qin2008_ch4,Qin et al. (2008),analytical_sampling,,,,0.00127,0.070585278,0.00127,"x3 (mole fraction CH4 in liquid, Table 3)"
CH4_qin2008_ch4_010,CH4,375.6,30.4,total,none,0,,0.000000,0.000000,0.000000,0.000000,0.000000,0.000000,qin2008_ch4,Qin et al. (2008),analytical_sampling,,,,0.00104,0.057788809,0.00104,"x3 (mole fraction CH4 in liquid, Table 3)"
CH4_qin2008_ch4_011,CH4,375.6,20.6,total,none,0,,0.000000,0.000000,0.000000,0.000000,0.000000,0.000000,qin2008_ch4,Qin et al. (2008),analytical_sampling,,,,0.00077,0.042774384,0.00077,"x3 (mole fraction CH4 in liquid, Table 3)"
CH4_qin2008_ch4_012,CH4,375.9,10.7,total,none,0,,0.000000,0.000000,0.000000,0.000000,0.000000,0.000000,qin2008_ch4,Qin et al. (2008),analytical_sampling,,,,0.00038,0.0211012,0.00038,"x3 (mole fraction CH4 in liquid, Table 3)"
CH4_qin2008_ch4_013,CH4,376.2,49.8,total,none,0,,0.000000,0.000000,0.000000,0.000000,0.000000,0.000000,qin2008_ch4,Qin et al. (2008),analytical_sampling,,,,0.00215,0.11960014,0.00215,"x3 (mole fraction CH4 in liquid, Table 3)"
CH4_qin2008_ch4_014,CH4,375.2,40.3,total,none,0,,0.000000,0.000000,0.000000,0.000000,0.000000,0.000000,qin2008_ch4,Qin et al. (2008),analytical_sampling,,,,0.00199,0.11068192,0.00199,"x3 (mole fraction CH4 in liquid, Table 3)"
CH4_qin2008_ch4_015,CH4,375.3,30.5,total,none,0,,0.000000,0.000000,0.000000,0.000000,0.000000,0.000000,qin2008_ch4,Qin et al. (2008),analytical_sampling,,,,0.00166,0.092297113,0.00166,"x3 (mole fraction CH4 in liquid, Table 3)"
CH4_qin2008_ch4_016,CH4,375.6,20.7,total,none,0,,0.000000,0.000000,0.000000,0.000000,0.000000,0.000000,qin2008_ch4,Qin et al. (2008),analytical_sampling,,,,0.00127,0.070585278,0.00127,"x3 (mole fraction CH4 in liquid, Table 3)"
CH4_qin2008_ch4_017,CH4,375.8,11.0,total,none,0,,0.000000,0.000000,0.000000,0.000000,0.000000,0.000000,qin2008_ch4,Qin et al. (2008),analytical_sampling,,,,0.00074,0.041106615,0.00074,"x3 (mole fraction CH4 in liquid, Table 3)"
CH4_qin2008_ch4_018,CH4,375.7,50.6,total,none,0,,0.000000,0.000000,0.000000,0.000000,0.000000,0.000000,qin2008_ch4,Qin et al. (2008),analytical_sampling,,,,0.00258,0.14358205,0.00258,"x3 (mole fraction CH4 in liquid, Table 3)"
CH4_qin2008_ch4_019,CH4,375.6,40.2,total,none,0,,0.000000,0.000000,0.000000,0.000000,0.000000,0.000000,qin2008_ch4,Qin et al. (2008),analytical_sampling,,,,0.00222,0.12350277,0.00222,"x3 (mole fraction CH4 in liquid, Table 3)"
CH4_qin2008_ch4_020,CH4,375.4,30.2,total,none,0,,0.000000,0.000000,0.000000,0.000000,0.000000,0.000000,qin2008_ch4,Qin et al. (2008),analytical_sampling,,,,0.00188,0.1045523,0.00188,"x3 (mole fraction CH4 in liquid, Table 3)"
CH4_qin2008_ch4_021,CH4,375.4,20.2,total,none,0,,0.000000,0.000000,0.000000,0.000000,0.000000,0.000000,qin2008_ch4,Qin et al. (2008),analytical_sampling,,,,0.00136,0.075594196,0.00136,"x3 (mole fraction CH4 in liquid, Table 3)"
CH4_qin2008_ch4_022,CH4,374.8,10.5,total,none,0,,0.000000,0.000000,0.000000,0.000000,0.000000,0.000000,qin2008_ch4,Qin et al. (2008),analytical_sampling,,,,0.00084,0.046666233,0.00084,"x3 (mole fraction CH4 in liquid, Table 3)"
CH4_qin2008_ch4_023,CH4,324.8,49.3,total,none,0,,0.000000,0.000000,0.000000,0.000000,0.000000,0.000000,qin2008_ch4,Qin et al. (2008),analytical_sampling,,,,0.00125,0.069472307,0.00125,"x3 (mole fraction CH4 in liquid, Table 3)"
CH4_qin2008_ch4_024,CH4,324.8,30.6,total,none,0,,0.000000,0.000000,0.000000,0.000000,0.000000,0.000000,qin2008_ch4,Qin et al. (2008),analytical_sampling,,,,0.00092,0.051114729,0.00092,"x3 (mole fraction CH4 in liquid, Table 3)"
CH4_qin2008_ch4_025,CH4,324.6,50.3,total,none,0,,0.000000,0.000000,0.000000,0.000000,0.000000,0.000000,qin2008_ch4,Qin et al. (2008),analytical_sampling,,,,0.00186,0.10343797,0.00186,"x3 (mole fraction CH4 in liquid, Table 3)"
CH4_qin2008_ch4_026,CH4,324.0,30.8,total,none,0,,0.000000,0.000000,0.000000,0.000000,0.000000,0.000000,qin2008_ch4,Qin et al. (2008),analytical_sampling,,,,0.00144,0.080047326,0.00144,"x3 (mole fraction CH4 in liquid, Table 3)"
CH4_qin2008_ch4_027,CH4,324.2,49.9,total,none,0,,0.000000,0.000000,0.000000,0.000000,0.000000,0.000000,qin2008_ch4,Qin et al. (2008),analytical_sampling,,,,0.00258,0.14358205,0.00258,"x3 (mole fraction CH4 in liquid, Table 3)"
CH4_qin2008_ch4_028,CH4,324.3,30.4,total,none,0,,0.000000,0.000000,0.000000,0.000000,0.000000,0.000000,qin2008_ch4,Qin et al. (2008),analytical_sampling,,,,0.00196,0.10901007,0.00196,"x3 (mole fraction CH4 in liquid, Table 3)"
CH4_suzuki1990_ch4_001,CH4,313.4,8.1,total,none,0,,0.000000,0.000000,0.000000,0.000000,0.000000,0.000000,suzuki1990_ch4,"Suzuki, Sue, Itou, Smith, Inomata, Arai & Saito (1990)",chromatography,,,,0.3107,25.02024,0.3107,mole fraction CH4 (10-component VLE)
CH4_suzuki1990_ch4_002,CH4,313.4,8.1,total,none,0,,0.000000,0.000000,0.000000,0.000000,0.000000,0.000000,suzuki1990_ch4,"Suzuki, Sue, Itou, Smith, Inomata, Arai & Saito (1990)",chromatography,,,,0.0135,0.75961788,0.0135,mole fraction CH4 (10-component VLE)
CH4_suzuki1990_ch4_003,CH4,313.4,10.71,total,none,0,,0.000000,0.000000,0.000000,0.000000,0.000000,0.000000,suzuki1990_ch4,"Suzuki, Sue, Itou, Smith, Inomata, Arai & Saito (1990)",chromatography,,,,0.3039,24.233579,0.3039,mole fraction CH4 (10-component VLE)
CH4_suzuki1990_ch4_004,CH4,313.4,10.71,total,none,0,,0.000000,0.000000,0.000000,0.000000,0.000000,0.000000,suzuki1990_ch4,"Suzuki, Sue, Itou, Smith, Inomata, Arai & Saito (1990)",chromatography,,,,0.017,0.9599617,0.0170,mole fraction CH4 (10-component VLE)
CH4_suzuki1990_ch4_005,CH4,313.4,12.43,total,none,0,,0.000000,0.000000,0.000000,0.000000,0.000000,0.000000,suzuki1990_ch4,"Suzuki, Sue, Itou, Smith, Inomata, Arai & Saito (1990)",chromatography,,,,0.2956,23.293974,0.2956,mole fraction CH4 (10-component VLE)
CH4_suzuki1990_ch4_006,CH4,313.4,12.43,total,none,0,,0.000000,0.000000,0.000000,0.000000,0.000000,0.000000,suzuki1990_ch4,"Suzuki, Sue, Itou, Smith, Inomata, Arai & Saito (1990)",chromatography,,,,0.0191,1.0808542,0.0191,mole fraction CH4 (10-component VLE)
CH4_suzuki1990_ch4_007,CH4,313.4,13.52,total,none,0,,0.000000,0.000000,0.000000,0.000000,0.000000,0.000000,suzuki1990_ch4,"Suzuki, Sue, Itou, Smith, Inomata, Arai & Saito (1990)",chromatography,,,,0.2992,23.69878,0.2992,mole fraction CH4 (10-component VLE)
CH4_suzuki1990_ch4_008,CH4,313.4,13.52,total,none,0,,0.000000,0.000000,0.000000,0.000000,0.000000,0.000000,suzuki1990_ch4,"Suzuki, Sue, Itou, Smith, Inomata, Arai & Saito (1990)",chromatography,,,,0.0205,1.1617373,0.0205,mole fraction CH4 (10-component VLE)
CH4_suzuki1990_ch4_009,CH4,313.4,15.01,total,none,0,,0.000000,0.000000,0.000000,0.000000,0.000000,0.000000,suzuki1990_ch4,"Suzuki, Sue, Itou, Smith, Inomata, Arai & Saito (1990)",chromatography,,,,0.2943,23.148809,0.2943,mole fraction CH4 (10-component VLE)
CH4_suzuki1990_ch4_010,CH4,313.4,15.01,total,none,0,,0.000000,0.000000,0.000000,0.000000,0.000000,0.000000,suzuki1990_ch4,"Suzuki, Sue, Itou, Smith, Inomata, Arai & Saito (1990)",chromatography,,,,0.022,1.2486546,0.0220,mole fraction CH4 (10-component VLE)
CH4_suzuki1990_ch4_011,CH4,313.4,16.04,total,none,0,,0.000000,0.000000,0.000000,0.000000,0.000000,0.000000,suzuki1990_ch4,"Suzuki, Sue, Itou, Smith, Inomata, Arai & Saito (1990)",chromatography,,,,0.2955,23.282788,0.2955,mole fraction CH4 (10-component VLE)
CH4_suzuki1990_ch4_012,CH4,313.4,16.04,total,none,0,,0.000000,0.000000,0.000000,0.000000,0.000000,0.000000,suzuki1990_ch4,"Suzuki, Sue, Itou, Smith, Inomata, Arai & Saito (1990)",chromatography,,,,0.0239,1.3591334,0.0239,mole fraction CH4 (10-component VLE)
CH4_suzuki1990_ch4_013,CH4,313.4,17.19,total,none,0,,0.000000,0.000000,0.000000,0.000000,0.000000,0.000000,suzuki1990_ch4,"Suzuki, Sue, Itou, Smith, Inomata, Arai & Saito (1990)",chromatography,,,,0.2946,23.182261,0.2946,mole fraction CH4 (10-component VLE)
CH4_suzuki1990_ch4_014,CH4,313.4,17.19,total,none,0,,0.000000,0.000000,0.000000,0.000000,0.000000,0.000000,suzuki1990_ch4,"Suzuki, Sue, Itou, Smith, Inomata, Arai & Saito (1990)",chromatography,,,,0.0243,1.3824469,0.0243,mole fraction CH4 (10-component VLE)
CH4_suzuki1990_ch4_015,CH4,333.4,7.73,total,none,0,,0.000000,0.000000,0.000000,0.000000,0.000000,0.000000,suzuki1990_ch4,"Suzuki, Sue, Itou, Smith, Inomata, Arai & Saito (1990)",chromatography,,,,0.3101,24.950205,0.3101,mole fraction CH4 (10-component VLE)
CH4_suzuki1990_ch4_016,CH4,333.4,7.73,total,none,0,,0.000000,0.000000,0.000000,0.000000,0.000000,0.000000,suzuki1990_ch4,"Suzuki, Sue, Itou, Smith, Inomata, Arai & Saito (1990)",chromatography,,,,0.012,0.67419077,0.0120,mole fraction CH4 (10-component VLE)
CH4_suzuki1990_ch4_017,CH4,333.4,10.29,total,none,0,,0.000000,0.000000,0.000000,0.000000,0.000000,0.000000,suzuki1990_ch4,"Suzuki, Sue, Itou, Smith, Inomata, Arai & Saito (1990)",chromatography,,,,0.3003,23.823302,0.3003,mole fraction CH4 (10-component VLE)
CH4_suzuki1990_ch4_018,CH4,333.4,10.29,total,none,0,,0.000000,0.000000,0.000000,0.000000,0.000000,0.000000,suzuki1990_ch4,"Suzuki, Sue, Itou, Smith, Inomata, Arai & Saito (1990)",chromatography,,,,0.0152,0.85674987,0.0152,mole fraction CH4 (10-component VLE)
CH4_suzuki1990_ch4_019,CH4,333.4,12.05,total,none,0,,0.000000,0.000000,0.000000,0.000000,0.000000,0.000000,suzuki1990_ch4,"Suzuki, Sue, Itou, Smith, Inomata, Arai & Saito (1990)",chromatography,,,,0.2848,22.104006,0.2848,mole fraction CH4 (10-component VLE)
CH4_suzuki1990_ch4_020,CH4,333.4,12.05,total,none,0,,0.000000,0.000000,0.000000,0.000000,0.000000,0.000000,suzuki1990_ch4,"Suzuki, Sue, Itou, Smith, Inomata, Arai & Saito (1990)",chromatography,,,,0.0164,0.92551578,0.0164,mole fraction CH4 (10-component VLE)
CH4_suzuki1990_ch4_021,CH4,333.4,13.87,total,none,0,,0.000000,0.000000,0.000000,0.000000,0.000000,0.000000,suzuki1990_ch4,"Suzuki, Sue, Itou, Smith, Inomata, Arai & Saito (1990)",chromatography,,,,0.2864,22.278024,0.2864,mole fraction CH4 (10-component VLE)
CH4_suzuki1990_ch4_022,CH4,333.4,13.87,total,none,0,,0.000000,0.000000,0.000000,0.000000,0.000000,0.000000,suzuki1990_ch4,"Suzuki, Sue, Itou, Smith, Inomata, Arai & Saito (1990)",chromatography,,,,0.0182,1.0289798,0.0182,mole fraction CH4 (10-component VLE)
CH4_suzuki1990_ch4_023,CH4,333.4,15.08,total,none,0,,0.000000,0.000000,0.000000,0.000000,0.000000,0.000000,suzuki1990_ch4,"Suzuki, Sue, Itou, Smith, Inomata, Arai & Saito (1990)",chromatography,,,,0.2832,21.930764,0.2832,mole fraction CH4 (10-component VLE)
CH4_suzuki1990_ch4_024,CH4,333.4,15.08,total,none,0,,0.000000,0.000000,0.000000,0.000000,0.000000,0.000000,suzuki1990_ch4,"Suzuki, Sue, Itou, Smith, Inomata, Arai & Saito (1990)",chromatography,,,,0.0197,1.1154901,0.0197,mole fraction CH4 (10-component VLE)
CH4_suzuki1990_ch4_025,CH4,333.4,17.42,total,none,0,,0.000000,0.000000,0.000000,0.000000,0.000000,0.000000,suzuki1990_ch4,"Suzuki, Sue, Itou, Smith, Inomata, Arai & Saito (1990)",chromatography,,,,0.2847,22.093155,0.2847,mole fraction CH4 (10-component VLE)
CH4_suzuki1990_ch4_026,CH4,333.4,17.42,total,none,0,,0.000000,0.000000,0.000000,0.000000,0.000000,0.000000,suzuki1990_ch4,"Suzuki, Sue, Itou, Smith, Inomata, Arai & Saito (1990)",chromatography,,,,0.0224,1.2718776,0.0224,mole fraction CH4 (10-component VLE)
CH4_tang2011_ch4_016,CH4,333.2,15.2,total,mixed,1.095329,formation_brine,,,,,,,tang2011_ch4,"Tang, Jiang, Li, Sun & Chen (2011)",analytical_sampling,,,,0.001567,0.087118135,15.67 (0.76),"x·10^4 (mole fraction natural gas in liquid formation water, printed value with uncertainty in parentheses, Table 4 heading x·10^4)"
CH4_tang2011_ch4_017,CH4,348.2,20.3,total,mixed,1.095329,formation_brine,,,,,,,tang2011_ch4,"Tang, Jiang, Li, Sun & Chen (2011)",analytical_sampling,,,,0.001512,0.084055753,15.12 (0.63),"x·10^4 (mole fraction natural gas in liquid formation water, printed value with uncertainty in parentheses, Table 4 heading x·10^4)"
CH4_tang2011_ch4_018,CH4,363.2,26.0,total,mixed,1.095329,formation_brine,,,,,,,tang2011_ch4,"Tang, Jiang, Li, Sun & Chen (2011)",analytical_sampling,,,,0.001683,0.093578084,16.83 (0.58),"x·10^4 (mole fraction natural gas in liquid formation water, printed value with uncertainty in parentheses, Table 4 heading x·10^4)"
CH4_tang2011_ch4_019,CH4,378.2,32.4,total,mixed,1.095329,formation_brine,,,,,,,tang2011_ch4,"Tang, Jiang, Li, Sun & Chen (2011)",analytical_sampling,,,,0.002356,0.13108657,23.56 (0.54),"x·10^4 (mole fraction natural gas in liquid formation water, printed value with uncertainty in parentheses, Table 4 heading x·10^4)"
CH4_tang2011_ch4_020,CH4,393.2,43.0,total,mixed,1.095329,formation_brine,,,,,,,tang2011_ch4,"Tang, Jiang, Li, Sun & Chen (2011)",analytical_sampling,,,,0.002765,0.1539062,27.65 (0.62),"x·10^4 (mole fraction natural gas in liquid formation water, printed value with uncertainty in parentheses, Table 4 heading x·10^4)"
CH4_tang2011_ch4_021,CH4,333.2,15.0,total,mixed,0.150936,formation_brine,,,,,,,tang2011_ch4,"Tang, Jiang, Li, Sun & Chen (2011)",analytical_sampling,,,,0.002248,0.12506397,22.48 (0.45),"x·10^4 (mole fraction natural gas in liquid formation water, printed value with uncertainty in parentheses, Table 4 heading x·10^4)"
CH4_tang2011_ch4_022,CH4,348.2,20.7,total,mixed,0.150936,formation_brine,,,,,,,tang2011_ch4,"Tang, Jiang, Li, Sun & Chen (2011)",analytical_sampling,,,,0.001924,0.10700399,19.24 (0.47),"x·10^4 (mole fraction natural gas in liquid formation water, printed value with uncertainty in parentheses, Table 4 heading x·10^4)"
CH4_tang2011_ch4_023,CH4,363.2,25.7,total,mixed,0.150936,formation_brine,,,,,,,tang2011_ch4,"Tang, Jiang, Li, Sun & Chen (2011)",analytical_sampling,,,,0.002085,0.11597677,20.85 (0.47),"x·10^4 (mole fraction natural gas in liquid formation water, printed value with uncertainty in parentheses, Table 4 heading x·10^4)"
CH4_tang2011_ch4_024,CH4,378.2,32.3,total,mixed,0.150936,formation_brine,,,,,,,tang2011_ch4,"Tang, Jiang, Li, Sun & Chen (2011)",analytical_sampling,,,,0.002618,0.14570237,26.18 (0.66),"x·10^4 (mole fraction natural gas in liquid formation water, printed value with uncertainty in parentheses, Table 4 heading x·10^4)"
CH4_tang2011_ch4_025,CH4,333.2,15.5,total,mixed,0.564091,formation_brine,,,,,,,tang2011_ch4,"Tang, Jiang, Li, Sun & Chen (2011)",analytical_sampling,,,,0.001551,0.086227226,15.51 (0.49),"x·10^4 (mole fraction natural gas in liquid formation water, printed value with uncertainty in parentheses, Table 4 heading x·10^4)"
CH4_tang2011_ch4_026,CH4,348.2,19.0,total,mixed,0.564091,formation_brine,,,,,,,tang2011_ch4,"Tang, Jiang, Li, Sun & Chen (2011)",analytical_sampling,,,,0.001438,0.079935989,14.38 (0.44),"x·10^4 (mole fraction natural gas in liquid formation water, printed value with uncertainty in parentheses, Table 4 heading x·10^4)"
CH4_tang2011_ch4_027,CH4,363.2,26.0,total,mixed,0.564091,formation_brine,,,,,,,tang2011_ch4,"Tang, Jiang, Li, Sun & Chen (2011)",analytical_sampling,,,,0.001544,0.085837462,15.44 (0.70),"x·10^4 (mole fraction natural gas in liquid formation water, printed value with uncertainty in parentheses, Table 4 heading x·10^4)"
CH4_tang2011_ch4_028,CH4,378.2,32.3,total,mixed,0.564091,formation_brine,,,,,,,tang2011_ch4,"Tang, Jiang, Li, Sun & Chen (2011)",analytical_sampling,,,,0.00251,0.13967661,25.10 (0.47),"x·10^4 (mole fraction natural gas in liquid formation water, printed value with uncertainty in parentheses, Table 4 heading x·10^4)"
CH4_tang2011_ch4_029,CH4,393.2,43.6,total,mixed,0.564091,formation_brine,,,,,,,tang2011_ch4,"Tang, Jiang, Li, Sun & Chen (2011)",analytical_sampling,,,,0.002925,0.16283829,29.25 (0.56),"x·10^4 (mole fraction natural gas in liquid formation water, printed value with uncertainty in parentheses, Table 4 heading x·10^4)"
CH4_tang2011_ch4_030,CH4,333.2,15.6,total,mixed,1.500712,formation_brine,,,,,,,tang2011_ch4,"Tang, Jiang, Li, Sun & Chen (2011)",analytical_sampling,,,,0.002069,0.11508494,20.69 (0.55),"x·10^4 (mole fraction natural gas in liquid formation water, printed value with uncertainty in parentheses, Table 4 heading x·10^4)"
CH4_tang2011_ch4_031,CH4,348.2,20.8,total,mixed,1.500712,formation_brine,,,,,,,tang2011_ch4,"Tang, Jiang, Li, Sun & Chen (2011)",analytical_sampling,,,,0.001809,0.10059663,18.09 (0.56),"x·10^4 (mole fraction natural gas in liquid formation water, printed value with uncertainty in parentheses, Table 4 heading x·10^4)"
CH4_tang2011_ch4_032,CH4,363.2,26.5,total,mixed,1.500712,formation_brine,,,,,,,tang2011_ch4,"Tang, Jiang, Li, Sun & Chen (2011)",analytical_sampling,,,,0.002006,0.11157361,20.06 (0.50),"x·10^4 (mole fraction natural gas in liquid formation water, printed value with uncertainty in parentheses, Table 4 heading x·10^4)"
CH4_tang2011_ch4_033,CH4,378.2,33.0,total,mixed,1.500712,formation_brine,,,,,,,tang2011_ch4,"Tang, Jiang, Li, Sun & Chen (2011)",analytical_sampling,,,,0.00214,0.11904267,21.40 (0.46),"x·10^4 (mole fraction natural gas in liquid formation water, printed value with uncertainty in parentheses, Table 4 heading x·10^4)"
CH4_tang2011_ch4_034,CH4,393.2,42.2,total,mixed,1.500712,formation_brine,,,,,,,tang2011_ch4,"Tang, Jiang, Li, Sun & Chen (2011)",analytical_sampling,,,,0.0024,0.13354059,24.00 (0.50),"x·10^4 (mole fraction natural gas in liquid formation water, printed value with uncertainty in parentheses, Table 4 heading x·10^4)"
CH4_tang2011_ch4_035,CH4,333.2,15.5,total,mixed,0.905626,formation_brine,,,,,,,tang2011_ch4,"Tang, Jiang, Li, Sun & Chen (2011)",analytical_sampling,,,,0.001921,0.10683682,19.21 (0.59),"x·10^4 (mole fraction natural gas in liquid formation water, printed value with uncertainty in parentheses, Table 4 heading x·10^4)"
CH4_tang2011_ch4_036,CH4,348.2,19.0,total,mixed,0.905626,formation_brine,,,,,,,tang2011_ch4,"Tang, Jiang, Li, Sun & Chen (2011)",analytical_sampling,,,,0.001783,0.099148211,17.83 (0.47),"x·10^4 (mole fraction natural gas in liquid formation water, printed value with uncertainty in parentheses, Table 4 heading x·10^4)"
CH4_tang2011_ch4_037,CH4,363.2,26.0,total,mixed,0.905626,formation_brine,,,,,,,tang2011_ch4,"Tang, Jiang, Li, Sun & Chen (2011)",analytical_sampling,,,,0.001967,0.10940016,19.67 (0.52),"x·10^4 (mole fraction natural gas in liquid formation water, printed value with uncertainty in parentheses, Table 4 heading x·10^4)"
CH4_tang2011_ch4_038,CH4,378.2,32.3,total,mixed,0.905626,formation_brine,,,,,,,tang2011_ch4,"Tang, Jiang, Li, Sun & Chen (2011)",analytical_sampling,,,,0.002389,0.13292707,23.89 (0.46),"x·10^4 (mole fraction natural gas in liquid formation water, printed value with uncertainty in parentheses, Table 4 heading x·10^4)"
CH4_wang2003_ch4_018,CH4,275.2,1.8,total,none,0,,0.000000,0.000000,0.000000,0.000000,0.000000,0.000000,wang2003_ch4,"Wang, Chen, Han, Guo & Guo 2003",analytical_sampling,,C2H6,,0.001032,0.05734382,1.032,"x1 x 10^3 (mole fraction CH4 in aqueous phase, Table heading 'x1 x 10^3 (mole fraction)'; printed value must be DIVIDED by 1000 for actual mole fraction -- recorded verbatim as printed, no conversion performed)"
CH4_wang2003_ch4_019,CH4,275.2,1.5,total,none,0,,0.000000,0.000000,0.000000,0.000000,0.000000,0.000000,wang2003_ch4,"Wang, Chen, Han, Guo & Guo 2003",analytical_sampling,,C2H6,,0.000913,0.050725457,0.913,"x1 x 10^3 (mole fraction CH4 in aqueous phase, Table heading 'x1 x 10^3 (mole fraction)'; printed value must be DIVIDED by 1000 for actual mole fraction -- recorded verbatim as printed, no conversion performed)"
CH4_wang2003_ch4_020,CH4,275.2,1.0,total,none,0,,0.000000,0.000000,0.000000,0.000000,0.000000,0.000000,wang2003_ch4,"Wang, Chen, Han, Guo & Guo 2003",analytical_sampling,,C2H6,,0.000711,0.039494534,0.711,"x1 x 10^3 (mole fraction CH4 in aqueous phase, Table heading 'x1 x 10^3 (mole fraction)'; printed value must be DIVIDED by 1000 for actual mole fraction -- recorded verbatim as printed, no conversion performed)"
CH4_wang2003_ch4_021,CH4,283.2,4.0,total,none,0,,0.000000,0.000000,0.000000,0.000000,0.000000,0.000000,wang2003_ch4,"Wang, Chen, Han, Guo & Guo 2003",analytical_sampling,,C2H6,,0.00115,0.063908124,1.150,"x1 x 10^3 (mole fraction CH4 in aqueous phase, Table heading 'x1 x 10^3 (mole fraction)'; printed value must be DIVIDED by 1000 for actual mole fraction -- recorded verbatim as printed, no conversion performed)"
CH4_wang2003_ch4_022,CH4,283.2,3.0,total,none,0,,0.000000,0.000000,0.000000,0.000000,0.000000,0.000000,wang2003_ch4,"Wang, Chen, Han, Guo & Guo 2003",analytical_sampling,,C2H6,,0.001066,0.059235071,1.066,"x1 x 10^3 (mole fraction CH4 in aqueous phase, Table heading 'x1 x 10^3 (mole fraction)'; printed value must be DIVIDED by 1000 for actual mole fraction -- recorded verbatim as printed, no conversion performed)"
CH4_wang2003_ch4_023,CH4,283.2,2.0,total,none,0,,0.000000,0.000000,0.000000,0.000000,0.000000,0.000000,wang2003_ch4,"Wang, Chen, Han, Guo & Guo 2003",analytical_sampling,,C2H6,,0.000947,0.052616257,0.947,"x1 x 10^3 (mole fraction CH4 in aqueous phase, Table heading 'x1 x 10^3 (mole fraction)'; printed value must be DIVIDED by 1000 for actual mole fraction -- recorded verbatim as printed, no conversion performed)"
CH4_wang2003_ch4_024,CH4,283.2,1.0,total,none,0,,0.000000,0.000000,0.000000,0.000000,0.000000,0.000000,wang2003_ch4,"Wang, Chen, Han, Guo & Guo 2003",analytical_sampling,,C2H6,,0.000643,0.035714849,0.643,"x1 x 10^3 (mole fraction CH4 in aqueous phase, Table heading 'x1 x 10^3 (mole fraction)'; printed value must be DIVIDED by 1000 for actual mole fraction -- recorded verbatim as printed, no conversion performed)"
CH4_zhang2025_ch4_001,CH4,294.0,0.53,total,none,0,,0.000000,0.000000,0.000000,0.000000,0.000000,0.000000,zhang2025_ch4,"Zhang, Bourdet, Clennell & Matthew (2025)",other,,,,2.4860496e-05,0.00138,1.38E-3,mol/kg
CH4_zhang2025_ch4_002,CH4,294.0,9.97,total,none,0,,0.000000,0.000000,0.000000,0.000000,0.000000,0.000000,zhang2025_ch4,"Zhang, Bourdet, Clennell & Matthew (2025)",other,,,,0.0015397352,0.0856,8.56E-2,mol/kg
CH4_zhang2025_ch4_003,CH4,294.0,19.92,total,none,0,,0.000000,0.000000,0.000000,0.000000,0.000000,0.000000,zhang2025_ch4,"Zhang, Bourdet, Clennell & Matthew (2025)",other,,,,0.0027129303,0.151,1.51E-1,mol/kg
CH4_zhang2025_ch4_004,CH4,294.0,29.95,total,none,0,,0.000000,0.000000,0.000000,0.000000,0.000000,0.000000,zhang2025_ch4,"Zhang, Bourdet, Clennell & Matthew (2025)",other,,,,0.0031785726,0.177,1.77E-1,mol/kg
H2_aljeban2026_h2_060,H2,298,,total,none,0,,0.000000,0.000000,0.000000,0.000000,0.000000,0.000000,aljeban2026_h2,"Aljeban, Alanazi, Abdelgawad, Barri, Al Hamad & Hoteit (2026)",synthetic_visual,digitized_from_figure;printed_defect,CH4,0.25,,,ILLEGIBLE,Rsw (cm3/cm3)
H2_aljeban2026_h2_061,H2,298,3,total,none,0,,0.000000,0.000000,0.000000,0.000000,0.000000,0.000000,aljeban2026_h2,"Aljeban, Alanazi, Abdelgawad, Barri, Al Hamad & Hoteit (2026)",synthetic_visual,digitized_from_figure,CH4,0.25,,,1.25,Rsw (cm3/cm3)
H2_aljeban2026_h2_062,H2,298,6,total,none,0,,0.000000,0.000000,0.000000,0.000000,0.000000,0.000000,aljeban2026_h2,"Aljeban, Alanazi, Abdelgawad, Barri, Al Hamad & Hoteit (2026)",synthetic_visual,digitized_from_figure,CH4,0.25,,,2.15,Rsw (cm3/cm3)
H2_aljeban2026_h2_063,H2,298,9,total,none,0,,0.000000,0.000000,0.000000,0.000000,0.000000,0.000000,aljeban2026_h2,"Aljeban, Alanazi, Abdelgawad, Barri, Al Hamad & Hoteit (2026)",synthetic_visual,digitized_from_figure,CH4,0.25,,,3.15,Rsw (cm3/cm3)
H2_aljeban2026_h2_064,H2,298,12,total,none,0,,0.000000,0.000000,0.000000,0.000000,0.000000,0.000000,aljeban2026_h2,"Aljeban, Alanazi, Abdelgawad, Barri, Al Hamad & Hoteit (2026)",synthetic_visual,digitized_from_figure,CH4,0.25,,,4.1,Rsw (cm3/cm3)
H2_aljeban2026_h2_065,H2,298,15,total,none,0,,0.000000,0.000000,0.000000,0.000000,0.000000,0.000000,aljeban2026_h2,"Aljeban, Alanazi, Abdelgawad, Barri, Al Hamad & Hoteit (2026)",synthetic_visual,digitized_from_figure,CH4,0.25,,,5.25,Rsw (cm3/cm3)
H2_aljeban2026_h2_066,H2,298,18,total,none,0,,0.000000,0.000000,0.000000,0.000000,0.000000,0.000000,aljeban2026_h2,"Aljeban, Alanazi, Abdelgawad, Barri, Al Hamad & Hoteit (2026)",synthetic_visual,digitized_from_figure,CH4,0.25,,,5.7,Rsw (cm3/cm3)
H2_aljeban2026_h2_067,H2,298,,total,none,0,,0.000000,0.000000,0.000000,0.000000,0.000000,0.000000,aljeban2026_h2,"Aljeban, Alanazi, Abdelgawad, Barri, Al Hamad & Hoteit (2026)",synthetic_visual,digitized_from_figure;printed_defect,CH4,0.25,,,ILLEGIBLE,Rsw (cm3/cm3)
H2_aljeban2026_h2_068,H2,298,3,total,none,0,,0.000000,0.000000,0.000000,0.000000,0.000000,0.000000,aljeban2026_h2,"Aljeban, Alanazi, Abdelgawad, Barri, Al Hamad & Hoteit (2026)",synthetic_visual,digitized_from_figure,CH4,0.25,,,0.9,Rsw (cm3/cm3)
H2_aljeban2026_h2_069,H2,298,6,total,none,0,,0.000000,0.000000,0.000000,0.000000,0.000000,0.000000,aljeban2026_h2,"Aljeban, Alanazi, Abdelgawad, Barri, Al Hamad & Hoteit (2026)",synthetic_visual,digitized_from_figure,CH4,0.25,,,2.0,Rsw (cm3/cm3)
H2_aljeban2026_h2_070,H2,298,9,total,none,0,,0.000000,0.000000,0.000000,0.000000,0.000000,0.000000,aljeban2026_h2,"Aljeban, Alanazi, Abdelgawad, Barri, Al Hamad & Hoteit (2026)",synthetic_visual,digitized_from_figure,CH4,0.25,,,2.95,Rsw (cm3/cm3)
H2_aljeban2026_h2_071,H2,298,12,total,none,0,,0.000000,0.000000,0.000000,0.000000,0.000000,0.000000,aljeban2026_h2,"Aljeban, Alanazi, Abdelgawad, Barri, Al Hamad & Hoteit (2026)",synthetic_visual,digitized_from_figure,CH4,0.25,,,4.1,Rsw (cm3/cm3)
H2_aljeban2026_h2_072,H2,298,15,total,none,0,,0.000000,0.000000,0.000000,0.000000,0.000000,0.000000,aljeban2026_h2,"Aljeban, Alanazi, Abdelgawad, Barri, Al Hamad & Hoteit (2026)",synthetic_visual,digitized_from_figure,CH4,0.25,,,5.3,Rsw (cm3/cm3)
H2_aljeban2026_h2_073,H2,298,18,total,none,0,,0.000000,0.000000,0.000000,0.000000,0.000000,0.000000,aljeban2026_h2,"Aljeban, Alanazi, Abdelgawad, Barri, Al Hamad & Hoteit (2026)",synthetic_visual,digitized_from_figure,CH4,0.25,,,5.7,Rsw (cm3/cm3)
H2_aljeban2026_h2_074,H2,298,,total,none,0,,0.000000,0.000000,0.000000,0.000000,0.000000,0.000000,aljeban2026_h2,"Aljeban, Alanazi, Abdelgawad, Barri, Al Hamad & Hoteit (2026)",synthetic_visual,digitized_from_figure;printed_defect,CH4,0.25,,,ILLEGIBLE,Rsw (cm3/cm3)
H2_aljeban2026_h2_075,H2,298,3,total,none,0,,0.000000,0.000000,0.000000,0.000000,0.000000,0.000000,aljeban2026_h2,"Aljeban, Alanazi, Abdelgawad, Barri, Al Hamad & Hoteit (2026)",synthetic_visual,digitized_from_figure,CH4,0.25,,,0.6,Rsw (cm3/cm3)
H2_aljeban2026_h2_076,H2,298,6,total,none,0,,0.000000,0.000000,0.000000,0.000000,0.000000,0.000000,aljeban2026_h2,"Aljeban, Alanazi, Abdelgawad, Barri, Al Hamad & Hoteit (2026)",synthetic_visual,digitized_from_figure,CH4,0.25,,,1.85,Rsw (cm3/cm3)
H2_aljeban2026_h2_077,H2,298,9,total,none,0,,0.000000,0.000000,0.000000,0.000000,0.000000,0.000000,aljeban2026_h2,"Aljeban, Alanazi, Abdelgawad, Barri, Al Hamad & Hoteit (2026)",synthetic_visual,digitized_from_figure,CH4,0.25,,,2.85,Rsw (cm3/cm3)
H2_aljeban2026_h2_078,H2,298,12,total,none,0,,0.000000,0.000000,0.000000,0.000000,0.000000,0.000000,aljeban2026_h2,"Aljeban, Alanazi, Abdelgawad, Barri, Al Hamad & Hoteit (2026)",synthetic_visual,digitized_from_figure,CH4,0.25,,,3.9,Rsw (cm3/cm3)
H2_aljeban2026_h2_079,H2,298,15,total,none,0,,0.000000,0.000000,0.000000,0.000000,0.000000,0.000000,aljeban2026_h2,"Aljeban, Alanazi, Abdelgawad, Barri, Al Hamad & Hoteit (2026)",synthetic_visual,digitized_from_figure,CH4,0.25,,,4.95,Rsw (cm3/cm3)
H2_aljeban2026_h2_080,H2,298,18,total,none,0,,0.000000,0.000000,0.000000,0.000000,0.000000,0.000000,aljeban2026_h2,"Aljeban, Alanazi, Abdelgawad, Barri, Al Hamad & Hoteit (2026)",synthetic_visual,digitized_from_figure,CH4,0.25,,,5.55,Rsw (cm3/cm3)
H2_aljeban2026_h2_081,H2,298,,total,none,0,,0.000000,0.000000,0.000000,0.000000,0.000000,0.000000,aljeban2026_h2,"Aljeban, Alanazi, Abdelgawad, Barri, Al Hamad & Hoteit (2026)",synthetic_visual,digitized_from_figure;printed_defect,CH4,0.75,,,ILLEGIBLE,Rsw (cm3/cm3)
H2_aljeban2026_h2_082,H2,298,3,total,none,0,,0.000000,0.000000,0.000000,0.000000,0.000000,0.000000,aljeban2026_h2,"Aljeban, Alanazi, Abdelgawad, Barri, Al Hamad & Hoteit (2026)",synthetic_visual,digitized_from_figure,CH4,0.75,,,1.3,Rsw (cm3/cm3)
H2_aljeban2026_h2_083,H2,298,6,total,none,0,,0.000000,0.000000,0.000000,0.000000,0.000000,0.000000,aljeban2026_h2,"Aljeban, Alanazi, Abdelgawad, Barri, Al Hamad & Hoteit (2026)",synthetic_visual,digitized_from_figure,CH4,0.75,,,2.15,Rsw (cm3/cm3)
H2_aljeban2026_h2_084,H2,298,9,total,none,0,,0.000000,0.000000,0.000000,0.000000,0.000000,0.000000,aljeban2026_h2,"Aljeban, Alanazi, Abdelgawad, Barri, Al Hamad & Hoteit (2026)",synthetic_visual,digitized_from_figure,CH4,0.75,,,3.15,Rsw (cm3/cm3)
H2_aljeban2026_h2_085,H2,298,12,total,none,0,,0.000000,0.000000,0.000000,0.000000,0.000000,0.000000,aljeban2026_h2,"Aljeban, Alanazi, Abdelgawad, Barri, Al Hamad & Hoteit (2026)",synthetic_visual,digitized_from_figure,CH4,0.75,,,4.1,Rsw (cm3/cm3)
H2_aljeban2026_h2_086,H2,298,15,total,none,0,,0.000000,0.000000,0.000000,0.000000,0.000000,0.000000,aljeban2026_h2,"Aljeban, Alanazi, Abdelgawad, Barri, Al Hamad & Hoteit (2026)",synthetic_visual,digitized_from_figure,CH4,0.75,,,5.25,Rsw (cm3/cm3)
H2_aljeban2026_h2_087,H2,298,18,total,none,0,,0.000000,0.000000,0.000000,0.000000,0.000000,0.000000,aljeban2026_h2,"Aljeban, Alanazi, Abdelgawad, Barri, Al Hamad & Hoteit (2026)",synthetic_visual,digitized_from_figure,CH4,0.75,,,5.7,Rsw (cm3/cm3)
H2_aljeban2026_h2_088,H2,298,,total,none,0,,0.000000,0.000000,0.000000,0.000000,0.000000,0.000000,aljeban2026_h2,"Aljeban, Alanazi, Abdelgawad, Barri, Al Hamad & Hoteit (2026)",synthetic_visual,digitized_from_figure;printed_defect,CH4,0.75,,,ILLEGIBLE,Rsw (cm3/cm3)
H2_aljeban2026_h2_089,H2,298,3,total,none,0,,0.000000,0.000000,0.000000,0.000000,0.000000,0.000000,aljeban2026_h2,"Aljeban, Alanazi, Abdelgawad, Barri, Al Hamad & Hoteit (2026)",synthetic_visual,digitized_from_figure,CH4,0.75,,,0.95,Rsw (cm3/cm3)
H2_aljeban2026_h2_090,H2,298,6,total,none,0,,0.000000,0.000000,0.000000,0.000000,0.000000,0.000000,aljeban2026_h2,"Aljeban, Alanazi, Abdelgawad, Barri, Al Hamad & Hoteit (2026)",synthetic_visual,digitized_from_figure,CH4,0.75,,,2.0,Rsw (cm3/cm3)
H2_aljeban2026_h2_091,H2,298,9,total,none,0,,0.000000,0.000000,0.000000,0.000000,0.000000,0.000000,aljeban2026_h2,"Aljeban, Alanazi, Abdelgawad, Barri, Al Hamad & Hoteit (2026)",synthetic_visual,digitized_from_figure,CH4,0.75,,,2.95,Rsw (cm3/cm3)
H2_aljeban2026_h2_092,H2,298,12,total,none,0,,0.000000,0.000000,0.000000,0.000000,0.000000,0.000000,aljeban2026_h2,"Aljeban, Alanazi, Abdelgawad, Barri, Al Hamad & Hoteit (2026)",synthetic_visual,digitized_from_figure,CH4,0.75,,,4.15,Rsw (cm3/cm3)
H2_aljeban2026_h2_093,H2,298,15,total,none,0,,0.000000,0.000000,0.000000,0.000000,0.000000,0.000000,aljeban2026_h2,"Aljeban, Alanazi, Abdelgawad, Barri, Al Hamad & Hoteit (2026)",synthetic_visual,digitized_from_figure,CH4,0.75,,,5.3,Rsw (cm3/cm3)
H2_aljeban2026_h2_094,H2,298,18,total,none,0,,0.000000,0.000000,0.000000,0.000000,0.000000,0.000000,aljeban2026_h2,"Aljeban, Alanazi, Abdelgawad, Barri, Al Hamad & Hoteit (2026)",synthetic_visual,digitized_from_figure,CH4,0.75,,,5.7,Rsw (cm3/cm3)
H2_aljeban2026_h2_095,H2,298,,total,none,0,,0.000000,0.000000,0.000000,0.000000,0.000000,0.000000,aljeban2026_h2,"Aljeban, Alanazi, Abdelgawad, Barri, Al Hamad & Hoteit (2026)",synthetic_visual,digitized_from_figure;printed_defect,CH4,0.75,,,ILLEGIBLE,Rsw (cm3/cm3)
H2_aljeban2026_h2_096,H2,298,3,total,none,0,,0.000000,0.000000,0.000000,0.000000,0.000000,0.000000,aljeban2026_h2,"Aljeban, Alanazi, Abdelgawad, Barri, Al Hamad & Hoteit (2026)",synthetic_visual,digitized_from_figure,CH4,0.75,,,1.05,Rsw (cm3/cm3)
H2_aljeban2026_h2_097,H2,298,6,total,none,0,,0.000000,0.000000,0.000000,0.000000,0.000000,0.000000,aljeban2026_h2,"Aljeban, Alanazi, Abdelgawad, Barri, Al Hamad & Hoteit (2026)",synthetic_visual,digitized_from_figure,CH4,0.75,,,1.85,Rsw (cm3/cm3)
H2_aljeban2026_h2_098,H2,298,9,total,none,0,,0.000000,0.000000,0.000000,0.000000,0.000000,0.000000,aljeban2026_h2,"Aljeban, Alanazi, Abdelgawad, Barri, Al Hamad & Hoteit (2026)",synthetic_visual,digitized_from_figure,CH4,0.75,,,2.8,Rsw (cm3/cm3)
H2_aljeban2026_h2_099,H2,298,12,total,none,0,,0.000000,0.000000,0.000000,0.000000,0.000000,0.000000,aljeban2026_h2,"Aljeban, Alanazi, Abdelgawad, Barri, Al Hamad & Hoteit (2026)",synthetic_visual,digitized_from_figure,CH4,0.75,,,3.85,Rsw (cm3/cm3)
H2_aljeban2026_h2_100,H2,298,15,total,none,0,,0.000000,0.000000,0.000000,0.000000,0.000000,0.000000,aljeban2026_h2,"Aljeban, Alanazi, Abdelgawad, Barri, Al Hamad & Hoteit (2026)",synthetic_visual,digitized_from_figure,CH4,0.75,,,4.95,Rsw (cm3/cm3)
H2_aljeban2026_h2_101,H2,298,18,total,none,0,,0.000000,0.000000,0.000000,0.000000,0.000000,0.000000,aljeban2026_h2,"Aljeban, Alanazi, Abdelgawad, Barri, Al Hamad & Hoteit (2026)",synthetic_visual,digitized_from_figure,CH4,0.75,,,5.5,Rsw (cm3/cm3)
H2_aljeban2026_h2_102,H2,298,,total,none,0,,0.000000,0.000000,0.000000,0.000000,0.000000,0.000000,aljeban2026_h2,"Aljeban, Alanazi, Abdelgawad, Barri, Al Hamad & Hoteit (2026)",synthetic_visual,digitized_from_figure;printed_defect,CH4,0.5,,,ILLEGIBLE,Rsw (cm3/cm3)
H2_aljeban2026_h2_103,H2,298,3,total,none,0,,0.000000,0.000000,0.000000,0.000000,0.000000,0.000000,aljeban2026_h2,"Aljeban, Alanazi, Abdelgawad, Barri, Al Hamad & Hoteit (2026)",synthetic_visual,digitized_from_figure,CH4,0.5,,,0.95,Rsw (cm3/cm3)
H2_aljeban2026_h2_104,H2,298,6,total,none,0,,0.000000,0.000000,0.000000,0.000000,0.000000,0.000000,aljeban2026_h2,"Aljeban, Alanazi, Abdelgawad, Barri, Al Hamad & Hoteit (2026)",synthetic_visual,digitized_from_figure,CH4,0.5,,,1.9,Rsw (cm3/cm3)
H2_aljeban2026_h2_105,H2,298,9,total,none,0,,0.000000,0.000000,0.000000,0.000000,0.000000,0.000000,aljeban2026_h2,"Aljeban, Alanazi, Abdelgawad, Barri, Al Hamad & Hoteit (2026)",synthetic_visual,digitized_from_figure,CH4,0.5,,,2.85,Rsw (cm3/cm3)
H2_aljeban2026_h2_106,H2,298,12,total,none,0,,0.000000,0.000000,0.000000,0.000000,0.000000,0.000000,aljeban2026_h2,"Aljeban, Alanazi, Abdelgawad, Barri, Al Hamad & Hoteit (2026)",synthetic_visual,digitized_from_figure,CH4,0.5,,,3.8,Rsw (cm3/cm3)
H2_aljeban2026_h2_107,H2,298,15,total,none,0,,0.000000,0.000000,0.000000,0.000000,0.000000,0.000000,aljeban2026_h2,"Aljeban, Alanazi, Abdelgawad, Barri, Al Hamad & Hoteit (2026)",synthetic_visual,digitized_from_figure,CH4,0.5,,,4.75,Rsw (cm3/cm3)
H2_aljeban2026_h2_108,H2,298,18,total,none,0,,0.000000,0.000000,0.000000,0.000000,0.000000,0.000000,aljeban2026_h2,"Aljeban, Alanazi, Abdelgawad, Barri, Al Hamad & Hoteit (2026)",synthetic_visual,digitized_from_figure,CH4,0.5,,,5.7,Rsw (cm3/cm3)
H2_aljeban2026_h2_109,H2,298,,total,none,0,,0.000000,0.000000,0.000000,0.000000,0.000000,0.000000,aljeban2026_h2,"Aljeban, Alanazi, Abdelgawad, Barri, Al Hamad & Hoteit (2026)",synthetic_visual,digitized_from_figure;printed_defect,CH4,0.5,,,ILLEGIBLE,Rsw (cm3/cm3)
H2_aljeban2026_h2_110,H2,298,3,total,none,0,,0.000000,0.000000,0.000000,0.000000,0.000000,0.000000,aljeban2026_h2,"Aljeban, Alanazi, Abdelgawad, Barri, Al Hamad & Hoteit (2026)",synthetic_visual,digitized_from_figure,CH4,0.5,,,0.9,Rsw (cm3/cm3)
H2_aljeban2026_h2_111,H2,298,6,total,none,0,,0.000000,0.000000,0.000000,0.000000,0.000000,0.000000,aljeban2026_h2,"Aljeban, Alanazi, Abdelgawad, Barri, Al Hamad & Hoteit (2026)",synthetic_visual,digitized_from_figure,CH4,0.5,,,1.95,Rsw (cm3/cm3)
H2_aljeban2026_h2_112,H2,298,9,total,none,0,,0.000000,0.000000,0.000000,0.000000,0.000000,0.000000,aljeban2026_h2,"Aljeban, Alanazi, Abdelgawad, Barri, Al Hamad & Hoteit (2026)",synthetic_visual,digitized_from_figure,CH4,0.5,,,2.85,Rsw (cm3/cm3)
H2_aljeban2026_h2_113,H2,298,12,total,none,0,,0.000000,0.000000,0.000000,0.000000,0.000000,0.000000,aljeban2026_h2,"Aljeban, Alanazi, Abdelgawad, Barri, Al Hamad & Hoteit (2026)",synthetic_visual,digitized_from_figure,CH4,0.5,,,3.8,Rsw (cm3/cm3)
H2_aljeban2026_h2_114,H2,298,15,total,none,0,,0.000000,0.000000,0.000000,0.000000,0.000000,0.000000,aljeban2026_h2,"Aljeban, Alanazi, Abdelgawad, Barri, Al Hamad & Hoteit (2026)",synthetic_visual,digitized_from_figure,CH4,0.5,,,4.8,Rsw (cm3/cm3)
H2_aljeban2026_h2_115,H2,298,18,total,none,0,,0.000000,0.000000,0.000000,0.000000,0.000000,0.000000,aljeban2026_h2,"Aljeban, Alanazi, Abdelgawad, Barri, Al Hamad & Hoteit (2026)",synthetic_visual,digitized_from_figure,CH4,0.5,,,5.7,Rsw (cm3/cm3)
H2_aljeban2026_h2_116,H2,298,,total,none,0,,0.000000,0.000000,0.000000,0.000000,0.000000,0.000000,aljeban2026_h2,"Aljeban, Alanazi, Abdelgawad, Barri, Al Hamad & Hoteit (2026)",synthetic_visual,digitized_from_figure;printed_defect,CH4,0.5,,,ILLEGIBLE,Rsw (cm3/cm3)
H2_aljeban2026_h2_117,H2,298,3,total,none,0,,0.000000,0.000000,0.000000,0.000000,0.000000,0.000000,aljeban2026_h2,"Aljeban, Alanazi, Abdelgawad, Barri, Al Hamad & Hoteit (2026)",synthetic_visual,digitized_from_figure,CH4,0.5,,,1.05,Rsw (cm3/cm3)
H2_aljeban2026_h2_118,H2,298,6,total,none,0,,0.000000,0.000000,0.000000,0.000000,0.000000,0.000000,aljeban2026_h2,"Aljeban, Alanazi, Abdelgawad, Barri, Al Hamad & Hoteit (2026)",synthetic_visual,digitized_from_figure,CH4,0.5,,,1.85,Rsw (cm3/cm3)
H2_aljeban2026_h2_119,H2,298,9,total,none,0,,0.000000,0.000000,0.000000,0.000000,0.000000,0.000000,aljeban2026_h2,"Aljeban, Alanazi, Abdelgawad, Barri, Al Hamad & Hoteit (2026)",synthetic_visual,digitized_from_figure,CH4,0.5,,,2.8,Rsw (cm3/cm3)
H2_aljeban2026_h2_120,H2,298,12,total,none,0,,0.000000,0.000000,0.000000,0.000000,0.000000,0.000000,aljeban2026_h2,"Aljeban, Alanazi, Abdelgawad, Barri, Al Hamad & Hoteit (2026)",synthetic_visual,digitized_from_figure,CH4,0.5,,,3.7,Rsw (cm3/cm3)
H2_aljeban2026_h2_121,H2,298,15,total,none,0,,0.000000,0.000000,0.000000,0.000000,0.000000,0.000000,aljeban2026_h2,"Aljeban, Alanazi, Abdelgawad, Barri, Al Hamad & Hoteit (2026)",synthetic_visual,digitized_from_figure,CH4,0.5,,,4.6,Rsw (cm3/cm3)
H2_aljeban2026_h2_122,H2,298,18,total,none,0,,0.000000,0.000000,0.000000,0.000000,0.000000,0.000000,aljeban2026_h2,"Aljeban, Alanazi, Abdelgawad, Barri, Al Hamad & Hoteit (2026)",synthetic_visual,digitized_from_figure,CH4,0.5,,,5.5,Rsw (cm3/cm3)
H2_aljeban2026_h2_123,H2,298,,total,NaCl,1.71,,1.710000,1.710000,0.000000,0.000000,0.000000,0.000000,aljeban2026_h2,"Aljeban, Alanazi, Abdelgawad, Barri, Al Hamad & Hoteit (2026)",synthetic_visual,digitized_from_figure;printed_defect,CH4,0.5,,,ILLEGIBLE,Rsw (cm3/cm3)
H2_aljeban2026_h2_124,H2,298,3,total,NaCl,1.71,,1.710000,1.710000,0.000000,0.000000,0.000000,0.000000,aljeban2026_h2,"Aljeban, Alanazi, Abdelgawad, Barri, Al Hamad & Hoteit (2026)",synthetic_visual,digitized_from_figure,CH4,0.5,,,0.3,Rsw (cm3/cm3)
H2_aljeban2026_h2_125,H2,298,6,total,NaCl,1.71,,1.710000,1.710000,0.000000,0.000000,0.000000,0.000000,aljeban2026_h2,"Aljeban, Alanazi, Abdelgawad, Barri, Al Hamad & Hoteit (2026)",synthetic_visual,digitized_from_figure,CH4,0.5,,,0.55,Rsw (cm3/cm3)
H2_aljeban2026_h2_126,H2,298,9,total,NaCl,1.71,,1.710000,1.710000,0.000000,0.000000,0.000000,0.000000,aljeban2026_h2,"Aljeban, Alanazi, Abdelgawad, Barri, Al Hamad & Hoteit (2026)",synthetic_visual,digitized_from_figure,CH4,0.5,,,1.2,Rsw (cm3/cm3)
H2_aljeban2026_h2_127,H2,298,12,total,NaCl,1.71,,1.710000,1.710000,0.000000,0.000000,0.000000,0.000000,aljeban2026_h2,"Aljeban, Alanazi, Abdelgawad, Barri, Al Hamad & Hoteit (2026)",synthetic_visual,digitized_from_figure,CH4,0.5,,,1.75,Rsw (cm3/cm3)
H2_aljeban2026_h2_128,H2,298,15,total,NaCl,1.71,,1.710000,1.710000,0.000000,0.000000,0.000000,0.000000,aljeban2026_h2,"Aljeban, Alanazi, Abdelgawad, Barri, Al Hamad & Hoteit (2026)",synthetic_visual,digitized_from_figure,CH4,0.5,,,2.2,Rsw (cm3/cm3)
H2_aljeban2026_h2_129,H2,298,18,total,NaCl,1.71,,1.710000,1.710000,0.000000,0.000000,0.000000,0.000000,aljeban2026_h2,"Aljeban, Alanazi, Abdelgawad, Barri, Al Hamad & Hoteit (2026)",synthetic_visual,digitized_from_figure,CH4,0.5,,,2.7,Rsw (cm3/cm3)
H2_aljeban2026_h2_130,H2,298,21,total,NaCl,1.71,,1.710000,1.710000,0.000000,0.000000,0.000000,0.000000,aljeban2026_h2,"Aljeban, Alanazi, Abdelgawad, Barri, Al Hamad & Hoteit (2026)",synthetic_visual,digitized_from_figure,CH4,0.5,,,3.35,Rsw (cm3/cm3)
H2_aljeban2026_h2_131,H2,298,24,total,NaCl,1.71,,1.710000,1.710000,0.000000,0.000000,0.000000,0.000000,aljeban2026_h2,"Aljeban, Alanazi, Abdelgawad, Barri, Al Hamad & Hoteit (2026)",synthetic_visual,digitized_from_figure,CH4,0.5,,,3.9,Rsw (cm3/cm3)
H2_aljeban2026_h2_132,H2,298,27,total,NaCl,1.71,,1.710000,1.710000,0.000000,0.000000,0.000000,0.000000,aljeban2026_h2,"Aljeban, Alanazi, Abdelgawad, Barri, Al Hamad & Hoteit (2026)",synthetic_visual,digitized_from_figure,CH4,0.5,,,5.6,Rsw (cm3/cm3)
H2_tawil2024_h2_073,H2,318.15,35,total,mixed,0.383031,"NaCl+CaCl2 (per-ion mol/kg water: Na 0.259441, Cl 0.506621, Ca 0.12359)",0.259441,0.506621,0.000000,0.123590,0.000000,0.000000,tawil2024_h2,Tawil et al. (2024),synthetic_visual,,CH4,0.5,,,4.104058,"Rsw [-] (solution gas-water ratio, dimensionless; Vg(p,T)|sc / Vw|sc; sc=15degC,1bar)"
H2_tawil2024_h2_074,H2,323.15,35,total,mixed,0.383031,"NaCl+CaCl2 (per-ion mol/kg water: Na 0.259441, Cl 0.506621, Ca 0.12359)",0.259441,0.506621,0.000000,0.123590,0.000000,0.000000,tawil2024_h2,Tawil et al. (2024),synthetic_visual,,CH4,0.5,,,4.519523,"Rsw [-] (solution gas-water ratio, dimensionless; Vg(p,T)|sc / Vw|sc; sc=15degC,1bar)"
H2_tawil2024_h2_075,H2,328.15,35,total,mixed,0.383031,"NaCl+CaCl2 (per-ion mol/kg water: Na 0.259441, Cl 0.506621, Ca 0.12359)",0.259441,0.506621,0.000000,0.123590,0.000000,0.000000,tawil2024_h2,Tawil et al. (2024),synthetic_visual,,CH4,0.5,,,4.085398,"Rsw [-] (solution gas-water ratio, dimensionless; Vg(p,T)|sc / Vw|sc; sc=15degC,1bar)"
H2_tawil2024_h2_076,H2,318.15,35,total,mixed,0.399532,"NaCl+CaCl2 (per-ion mol/kg water: Na 0.388613, Cl 0.410452, Ca 0.010919)",0.388613,0.410452,0.000000,0.010919,0.000000,0.000000,tawil2024_h2,Tawil et al. (2024),synthetic_visual,,CH4,0.5,,,4.170221,"Rsw [-] (solution gas-water ratio, dimensionless; Vg(p,T)|sc / Vw|sc; sc=15degC,1bar)"
H2_tawil2024_h2_077,H2,323.15,35,total,mixed,0.399532,"NaCl+CaCl2 (per-ion mol/kg water: Na 0.388613, Cl 0.410452, Ca 0.010919)",0.388613,0.410452,0.000000,0.010919,0.000000,0.000000,tawil2024_h2,Tawil et al. (2024),synthetic_visual,,CH4,0.5,,,4.440883,"Rsw [-] (solution gas-water ratio, dimensionless; Vg(p,T)|sc / Vw|sc; sc=15degC,1bar)"
H2_tawil2024_h2_078,H2,328.15,35,total,mixed,0.399532,"NaCl+CaCl2 (per-ion mol/kg water: Na 0.388613, Cl 0.410452, Ca 0.010919)",0.388613,0.410452,0.000000,0.010919,0.000000,0.000000,tawil2024_h2,Tawil et al. (2024),synthetic_visual,,CH4,0.5,,,4.196915,"Rsw [-] (solution gas-water ratio, dimensionless; Vg(p,T)|sc / Vw|sc; sc=15degC,1bar)"
H2_tawil2024_h2_079,H2,318.15,32.5,total,mixed,0.383031,"NaCl+CaCl2 (per-ion mol/kg water: Na 0.259441, Cl 0.506621, Ca 0.12359)",0.259441,0.506621,0.000000,0.123590,0.000000,0.000000,tawil2024_h2,Tawil et al. (2024),synthetic_visual,,CH4,0.5,,,4.104058,"Rsw [-] (solution gas-water ratio, dimensionless; Vg(p,T)|sc / Vw|sc; sc=15degC,1bar)"
H2_tawil2024_h2_080,H2,323.15,32.5,total,mixed,0.383031,"NaCl+CaCl2 (per-ion mol/kg water: Na 0.259441, Cl 0.506621, Ca 0.12359)",0.259441,0.506621,0.000000,0.123590,0.000000,0.000000,tawil2024_h2,Tawil et al. (2024),synthetic_visual,,CH4,0.5,,,4.519523,"Rsw [-] (solution gas-water ratio, dimensionless; Vg(p,T)|sc / Vw|sc; sc=15degC,1bar)"
H2_tawil2024_h2_081,H2,328.15,32.5,total,mixed,0.383031,"NaCl+CaCl2 (per-ion mol/kg water: Na 0.259441, Cl 0.506621, Ca 0.12359)",0.259441,0.506621,0.000000,0.123590,0.000000,0.000000,tawil2024_h2,Tawil et al. (2024),synthetic_visual,,CH4,0.5,,,4.085398,"Rsw [-] (solution gas-water ratio, dimensionless; Vg(p,T)|sc / Vw|sc; sc=15degC,1bar)"
H2_tawil2024_h2_082,H2,318.15,32.5,total,mixed,0.399532,"NaCl+CaCl2 (per-ion mol/kg water: Na 0.388613, Cl 0.410452, Ca 0.010919)",0.388613,0.410452,0.000000,0.010919,0.000000,0.000000,tawil2024_h2,Tawil et al. (2024),synthetic_visual,,CH4,0.5,,,4.170221,"Rsw [-] (solution gas-water ratio, dimensionless; Vg(p,T)|sc / Vw|sc; sc=15degC,1bar)"
H2_tawil2024_h2_083,H2,323.15,32.5,total,mixed,0.399532,"NaCl+CaCl2 (per-ion mol/kg water: Na 0.388613, Cl 0.410452, Ca 0.010919)",0.388613,0.410452,0.000000,0.010919,0.000000,0.000000,tawil2024_h2,Tawil et al. (2024),synthetic_visual,,CH4,0.5,,,4.440883,"Rsw [-] (solution gas-water ratio, dimensionless; Vg(p,T)|sc / Vw|sc; sc=15degC,1bar)"
H2_tawil2024_h2_084,H2,328.15,32.5,total,mixed,0.399532,"NaCl+CaCl2 (per-ion mol/kg water: Na 0.388613, Cl 0.410452, Ca 0.010919)",0.388613,0.410452,0.000000,0.010919,0.000000,0.000000,tawil2024_h2,Tawil et al. (2024),synthetic_visual,,CH4,0.5,,,4.196915,"Rsw [-] (solution gas-water ratio, dimensionless; Vg(p,T)|sc / Vw|sc; sc=15degC,1bar)"
H2_tawil2024_h2_085,H2,318.15,30,total,mixed,0.383031,"NaCl+CaCl2 (per-ion mol/kg water: Na 0.259441, Cl 0.506621, Ca 0.12359)",0.259441,0.506621,0.000000,0.123590,0.000000,0.000000,tawil2024_h2,Tawil et al. (2024),synthetic_visual,,CH4,0.5,,,4.104058,"Rsw [-] (solution gas-water ratio, dimensionless; Vg(p,T)|sc / Vw|sc; sc=15degC,1bar)"
H2_tawil2024_h2_086,H2,323.15,30,total,mixed,0.383031,"NaCl+CaCl2 (per-ion mol/kg water: Na 0.259441, Cl 0.506621, Ca 0.12359)",0.259441,0.506621,0.000000,0.123590,0.000000,0.000000,tawil2024_h2,Tawil et al. (2024),synthetic_visual,,CH4,0.5,,,4.519523,"Rsw [-] (solution gas-water ratio, dimensionless; Vg(p,T)|sc / Vw|sc; sc=15degC,1bar)"
H2_tawil2024_h2_087,H2,328.15,30,total,mixed,0.383031,"NaCl+CaCl2 (per-ion mol/kg water: Na 0.259441, Cl 0.506621, Ca 0.12359)",0.259441,0.506621,0.000000,0.123590,0.000000,0.000000,tawil2024_h2,Tawil et al. (2024),synthetic_visual,,CH4,0.5,,,4.085398,"Rsw [-] (solution gas-water ratio, dimensionless; Vg(p,T)|sc / Vw|sc; sc=15degC,1bar)"
H2_tawil2024_h2_088,H2,318.15,30,total,mixed,0.399532,"NaCl+CaCl2 (per-ion mol/kg water: Na 0.388613, Cl 0.410452, Ca 0.010919)",0.388613,0.410452,0.000000,0.010919,0.000000,0.000000,tawil2024_h2,Tawil et al. (2024),synthetic_visual,,CH4,0.5,,,4.170221,"Rsw [-] (solution gas-water ratio, dimensionless; Vg(p,T)|sc / Vw|sc; sc=15degC,1bar)"
H2_tawil2024_h2_089,H2,323.15,30,total,mixed,0.399532,"NaCl+CaCl2 (per-ion mol/kg water: Na 0.388613, Cl 0.410452, Ca 0.010919)",0.388613,0.410452,0.000000,0.010919,0.000000,0.000000,tawil2024_h2,Tawil et al. (2024),synthetic_visual,,CH4,0.5,,,4.440883,"Rsw [-] (solution gas-water ratio, dimensionless; Vg(p,T)|sc / Vw|sc; sc=15degC,1bar)"
H2_tawil2024_h2_090,H2,328.15,30,total,mixed,0.399532,"NaCl+CaCl2 (per-ion mol/kg water: Na 0.388613, Cl 0.410452, Ca 0.010919)",0.388613,0.410452,0.000000,0.010919,0.000000,0.000000,tawil2024_h2,Tawil et al. (2024),synthetic_visual,,CH4,0.5,,,4.196915,"Rsw [-] (solution gas-water ratio, dimensionless; Vg(p,T)|sc / Vw|sc; sc=15degC,1bar)"
H2_tawil2024_h2_091,H2,318.15,27,total,mixed,0.383031,"NaCl+CaCl2 (per-ion mol/kg water: Na 0.259441, Cl 0.506621, Ca 0.12359)",0.259441,0.506621,0.000000,0.123590,0.000000,0.000000,tawil2024_h2,Tawil et al. (2024),synthetic_visual,,CH4,0.5,,,4.104058,"Rsw [-] (solution gas-water ratio, dimensionless; Vg(p,T)|sc / Vw|sc; sc=15degC,1bar)"
H2_tawil2024_h2_092,H2,323.15,27,total,mixed,0.383031,"NaCl+CaCl2 (per-ion mol/kg water: Na 0.259441, Cl 0.506621, Ca 0.12359)",0.259441,0.506621,0.000000,0.123590,0.000000,0.000000,tawil2024_h2,Tawil et al. (2024),synthetic_visual,,CH4,0.5,,,4.519523,"Rsw [-] (solution gas-water ratio, dimensionless; Vg(p,T)|sc / Vw|sc; sc=15degC,1bar)"
H2_tawil2024_h2_093,H2,328.15,27,total,mixed,0.383031,"NaCl+CaCl2 (per-ion mol/kg water: Na 0.259441, Cl 0.506621, Ca 0.12359)",0.259441,0.506621,0.000000,0.123590,0.000000,0.000000,tawil2024_h2,Tawil et al. (2024),synthetic_visual,,CH4,0.5,,,4.085398,"Rsw [-] (solution gas-water ratio, dimensionless; Vg(p,T)|sc / Vw|sc; sc=15degC,1bar)"
H2_tawil2024_h2_094,H2,318.15,27,total,mixed,0.399532,"NaCl+CaCl2 (per-ion mol/kg water: Na 0.388613, Cl 0.410452, Ca 0.010919)",0.388613,0.410452,0.000000,0.010919,0.000000,0.000000,tawil2024_h2,Tawil et al. (2024),synthetic_visual,,CH4,0.5,,,4.170221,"Rsw [-] (solution gas-water ratio, dimensionless; Vg(p,T)|sc / Vw|sc; sc=15degC,1bar)"
H2_tawil2024_h2_095,H2,323.15,27,total,mixed,0.399532,"NaCl+CaCl2 (per-ion mol/kg water: Na 0.388613, Cl 0.410452, Ca 0.010919)",0.388613,0.410452,0.000000,0.010919,0.000000,0.000000,tawil2024_h2,Tawil et al. (2024),synthetic_visual,,CH4,0.5,,,4.440883,"Rsw [-] (solution gas-water ratio, dimensionless; Vg(p,T)|sc / Vw|sc; sc=15degC,1bar)"
H2_tawil2024_h2_096,H2,328.15,27,total,mixed,0.399532,"NaCl+CaCl2 (per-ion mol/kg water: Na 0.388613, Cl 0.410452, Ca 0.010919)",0.388613,0.410452,0.000000,0.010919,0.000000,0.000000,tawil2024_h2,Tawil et al. (2024),synthetic_visual,,CH4,0.5,,,4.196915,"Rsw [-] (solution gas-water ratio, dimensionless; Vg(p,T)|sc / Vw|sc; sc=15degC,1bar)"
H2_tawil2024_h2_097,H2,318.15,24,total,mixed,0.383031,"NaCl+CaCl2 (per-ion mol/kg water: Na 0.259441, Cl 0.506621, Ca 0.12359)",0.259441,0.506621,0.000000,0.123590,0.000000,0.000000,tawil2024_h2,Tawil et al. (2024),synthetic_visual,,CH4,0.5,,,4.104058,"Rsw [-] (solution gas-water ratio, dimensionless; Vg(p,T)|sc / Vw|sc; sc=15degC,1bar)"
H2_tawil2024_h2_098,H2,323.15,24,total,mixed,0.383031,"NaCl+CaCl2 (per-ion mol/kg water: Na 0.259441, Cl 0.506621, Ca 0.12359)",0.259441,0.506621,0.000000,0.123590,0.000000,0.000000,tawil2024_h2,Tawil et al. (2024),synthetic_visual,,CH4,0.5,,,4.519523,"Rsw [-] (solution gas-water ratio, dimensionless; Vg(p,T)|sc / Vw|sc; sc=15degC,1bar)"
H2_tawil2024_h2_099,H2,328.15,24,total,mixed,0.383031,"NaCl+CaCl2 (per-ion mol/kg water: Na 0.259441, Cl 0.506621, Ca 0.12359)",0.259441,0.506621,0.000000,0.123590,0.000000,0.000000,tawil2024_h2,Tawil et al. (2024),synthetic_visual,,CH4,0.5,,,4.085398,"Rsw [-] (solution gas-water ratio, dimensionless; Vg(p,T)|sc / Vw|sc; sc=15degC,1bar)"
H2_tawil2024_h2_100,H2,318.15,24,total,mixed,0.399532,"NaCl+CaCl2 (per-ion mol/kg water: Na 0.388613, Cl 0.410452, Ca 0.010919)",0.388613,0.410452,0.000000,0.010919,0.000000,0.000000,tawil2024_h2,Tawil et al. (2024),synthetic_visual,,CH4,0.5,,,4.170221,"Rsw [-] (solution gas-water ratio, dimensionless; Vg(p,T)|sc / Vw|sc; sc=15degC,1bar)"
H2_tawil2024_h2_101,H2,323.15,24,total,mixed,0.399532,"NaCl+CaCl2 (per-ion mol/kg water: Na 0.388613, Cl 0.410452, Ca 0.010919)",0.388613,0.410452,0.000000,0.010919,0.000000,0.000000,tawil2024_h2,Tawil et al. (2024),synthetic_visual,,CH4,0.5,,,4.440883,"Rsw [-] (solution gas-water ratio, dimensionless; Vg(p,T)|sc / Vw|sc; sc=15degC,1bar)"
H2_tawil2024_h2_102,H2,328.15,24,total,mixed,0.399532,"NaCl+CaCl2 (per-ion mol/kg water: Na 0.388613, Cl 0.410452, Ca 0.010919)",0.388613,0.410452,0.000000,0.010919,0.000000,0.000000,tawil2024_h2,Tawil et al. (2024),synthetic_visual,,CH4,0.5,,,4.196915,"Rsw [-] (solution gas-water ratio, dimensionless; Vg(p,T)|sc / Vw|sc; sc=15degC,1bar)"
H2_tawil2024_h2_103,H2,318.15,21,total,mixed,0.383031,"NaCl+CaCl2 (per-ion mol/kg water: Na 0.259441, Cl 0.506621, Ca 0.12359)",0.259441,0.506621,0.000000,0.123590,0.000000,0.000000,tawil2024_h2,Tawil et al. (2024),synthetic_visual,,CH4,0.5,,,4.104058,"Rsw [-] (solution gas-water ratio, dimensionless; Vg(p,T)|sc / Vw|sc; sc=15degC,1bar)"
H2_tawil2024_h2_104,H2,323.15,21,total,mixed,0.383031,"NaCl+CaCl2 (per-ion mol/kg water: Na 0.259441, Cl 0.506621, Ca 0.12359)",0.259441,0.506621,0.000000,0.123590,0.000000,0.000000,tawil2024_h2,Tawil et al. (2024),synthetic_visual,,CH4,0.5,,,4.519523,"Rsw [-] (solution gas-water ratio, dimensionless; Vg(p,T)|sc / Vw|sc; sc=15degC,1bar)"
H2_tawil2024_h2_105,H2,328.15,21,total,mixed,0.383031,"NaCl+CaCl2 (per-ion mol/kg water: Na 0.259441, Cl 0.506621, Ca 0.12359)",0.259441,0.506621,0.000000,0.123590,0.000000,0.000000,tawil2024_h2,Tawil et al. (2024),synthetic_visual,,CH4,0.5,,,4.085398,"Rsw [-] (solution gas-water ratio, dimensionless; Vg(p,T)|sc / Vw|sc; sc=15degC,1bar)"
H2_tawil2024_h2_106,H2,318.15,21,total,mixed,0.399532,"NaCl+CaCl2 (per-ion mol/kg water: Na 0.388613, Cl 0.410452, Ca 0.010919)",0.388613,0.410452,0.000000,0.010919,0.000000,0.000000,tawil2024_h2,Tawil et al. (2024),synthetic_visual,,CH4,0.5,,,4.170221,"Rsw [-] (solution gas-water ratio, dimensionless; Vg(p,T)|sc / Vw|sc; sc=15degC,1bar)"
H2_tawil2024_h2_107,H2,323.15,21,total,mixed,0.399532,"NaCl+CaCl2 (per-ion mol/kg water: Na 0.388613, Cl 0.410452, Ca 0.010919)",0.388613,0.410452,0.000000,0.010919,0.000000,0.000000,tawil2024_h2,Tawil et al. (2024),synthetic_visual,,CH4,0.5,,,4.440883,"Rsw [-] (solution gas-water ratio, dimensionless; Vg(p,T)|sc / Vw|sc; sc=15degC,1bar)"
H2_tawil2024_h2_108,H2,328.15,21,total,mixed,0.399532,"NaCl+CaCl2 (per-ion mol/kg water: Na 0.388613, Cl 0.410452, Ca 0.010919)",0.388613,0.410452,0.000000,0.010919,0.000000,0.000000,tawil2024_h2,Tawil et al. (2024),synthetic_visual,,CH4,0.5,,,4.196915,"Rsw [-] (solution gas-water ratio, dimensionless; Vg(p,T)|sc / Vw|sc; sc=15degC,1bar)"
H2_tawil2024_h2_109,H2,318.15,18.5,total,mixed,0.383031,"NaCl+CaCl2 (per-ion mol/kg water: Na 0.259441, Cl 0.506621, Ca 0.12359)",0.259441,0.506621,0.000000,0.123590,0.000000,0.000000,tawil2024_h2,Tawil et al. (2024),synthetic_visual,,CH4,0.5,,,3.756702,"Rsw [-] (solution gas-water ratio, dimensionless; Vg(p,T)|sc / Vw|sc; sc=15degC,1bar)"
H2_tawil2024_h2_110,H2,323.15,18.5,total,mixed,0.383031,"NaCl+CaCl2 (per-ion mol/kg water: Na 0.259441, Cl 0.506621, Ca 0.12359)",0.259441,0.506621,0.000000,0.123590,0.000000,0.000000,tawil2024_h2,Tawil et al. (2024),synthetic_visual,,CH4,0.5,,,3.57378,"Rsw [-] (solution gas-water ratio, dimensionless; Vg(p,T)|sc / Vw|sc; sc=15degC,1bar)"
H2_tawil2024_h2_111,H2,328.15,18.5,total,mixed,0.383031,"NaCl+CaCl2 (per-ion mol/kg water: Na 0.259441, Cl 0.506621, Ca 0.12359)",0.259441,0.506621,0.000000,0.123590,0.000000,0.000000,tawil2024_h2,Tawil et al. (2024),synthetic_visual,,CH4,0.5,,,3.657173,"Rsw [-] (solution gas-water ratio, dimensionless; Vg(p,T)|sc / Vw|sc; sc=15degC,1bar)"
H2_tawil2024_h2_112,H2,318.15,18.5,total,mixed,0.399532,"NaCl+CaCl2 (per-ion mol/kg water: Na 0.388613, Cl 0.410452, Ca 0.010919)",0.388613,0.410452,0.000000,0.010919,0.000000,0.000000,tawil2024_h2,Tawil et al. (2024),synthetic_visual,,CH4,0.5,,,3.457022,"Rsw [-] (solution gas-water ratio, dimensionless; Vg(p,T)|sc / Vw|sc; sc=15degC,1bar)"
H2_tawil2024_h2_113,H2,323.15,18.5,total,mixed,0.399532,"NaCl+CaCl2 (per-ion mol/kg water: Na 0.388613, Cl 0.410452, Ca 0.010919)",0.388613,0.410452,0.000000,0.010919,0.000000,0.000000,tawil2024_h2,Tawil et al. (2024),synthetic_visual,,CH4,0.5,,,3.919285,"Rsw [-] (solution gas-water ratio, dimensionless; Vg(p,T)|sc / Vw|sc; sc=15degC,1bar)"
H2_tawil2024_h2_114,H2,328.15,18.5,total,mixed,0.399532,"NaCl+CaCl2 (per-ion mol/kg water: Na 0.388613, Cl 0.410452, Ca 0.010919)",0.388613,0.410452,0.000000,0.010919,0.000000,0.000000,tawil2024_h2,Tawil et al. (2024),synthetic_visual,,CH4,0.5,,,3.681028,"Rsw [-] (solution gas-water ratio, dimensionless; Vg(p,T)|sc / Vw|sc; sc=15degC,1bar)"
H2_tawil2024_h2_115,H2,318.15,15,total,mixed,0.383031,"NaCl+CaCl2 (per-ion mol/kg water: Na 0.259441, Cl 0.506621, Ca 0.12359)",0.259441,0.506621,0.000000,0.123590,0.000000,0.000000,tawil2024_h2,Tawil et al. (2024),synthetic_visual,,CH4,0.5,,,3.31662,"Rsw [-] (solution gas-water ratio, dimensionless; Vg(p,T)|sc / Vw|sc; sc=15degC,1bar)"
H2_tawil2024_h2_116,H2,323.15,15,total,mixed,0.383031,"NaCl+CaCl2 (per-ion mol/kg water: Na 0.259441, Cl 0.506621, Ca 0.12359)",0.259441,0.506621,0.000000,0.123590,0.000000,0.000000,tawil2024_h2,Tawil et al. (2024),synthetic_visual,,CH4,0.5,,,3.113557,"Rsw [-] (solution gas-water ratio, dimensionless; Vg(p,T)|sc / Vw|sc; sc=15degC,1bar)"
H2_tawil2024_h2_117,H2,328.15,15,total,mixed,0.383031,"NaCl+CaCl2 (per-ion mol/kg water: Na 0.259441, Cl 0.506621, Ca 0.12359)",0.259441,0.506621,0.000000,0.123590,0.000000,0.000000,tawil2024_h2,Tawil et al. (2024),synthetic_visual,,CH4,0.5,,,2.894106,"Rsw [-] (solution gas-water ratio, dimensionless; Vg(p,T)|sc / Vw|sc; sc=15degC,1bar)"
H2_tawil2024_h2_118,H2,318.15,15,total,mixed,0.399532,"NaCl+CaCl2 (per-ion mol/kg water: Na 0.388613, Cl 0.410452, Ca 0.010919)",0.388613,0.410452,0.000000,0.010919,0.000000,0.000000,tawil2024_h2,Tawil et al. (2024),synthetic_visual,,CH4,0.5,,,3.119395,"Rsw [-] (solution gas-water ratio, dimensionless; Vg(p,T)|sc / Vw|sc; sc=15degC,1bar)"
H2_tawil2024_h2_119,H2,323.15,15,total,mixed,0.399532,"NaCl+CaCl2 (per-ion mol/kg water: Na 0.388613, Cl 0.410452, Ca 0.010919)",0.388613,0.410452,0.000000,0.010919,0.000000,0.000000,tawil2024_h2,Tawil et al. (2024),synthetic_visual,,CH4,0.5,,,3.436441,"Rsw [-] (solution gas-water ratio, dimensionless; Vg(p,T)|sc / Vw|sc; sc=15degC,1bar)"
H2_tawil2024_h2_120,H2,328.15,15,total,mixed,0.399532,"NaCl+CaCl2 (per-ion mol/kg water: Na 0.388613, Cl 0.410452, Ca 0.010919)",0.388613,0.410452,0.000000,0.010919,0.000000,0.000000,tawil2024_h2,Tawil et al. (2024),synthetic_visual,,CH4,0.5,,,3.039175,"Rsw [-] (solution gas-water ratio, dimensionless; Vg(p,T)|sc / Vw|sc; sc=15degC,1bar)"
H2_tawil2024_h2_121,H2,318.15,12,total,mixed,0.383031,"NaCl+CaCl2 (per-ion mol/kg water: Na 0.259441, Cl 0.506621, Ca 0.12359)",0.259441,0.506621,0.000000,0.123590,0.000000,0.000000,tawil2024_h2,Tawil et al. (2024),synthetic_visual,,CH4,0.5,,,2.738957,"Rsw [-] (solution gas-water ratio, dimensionless; Vg(p,T)|sc / Vw|sc; sc=15degC,1bar)"
H2_tawil2024_h2_122,H2,323.15,12,total,mixed,0.383031,"NaCl+CaCl2 (per-ion mol/kg water: Na 0.259441, Cl 0.506621, Ca 0.12359)",0.259441,0.506621,0.000000,0.123590,0.000000,0.000000,tawil2024_h2,Tawil et al. (2024),synthetic_visual,,CH4,0.5,,,2.439278,"Rsw [-] (solution gas-water ratio, dimensionless; Vg(p,T)|sc / Vw|sc; sc=15degC,1bar)"
H2_tawil2024_h2_123,H2,328.15,12,total,mixed,0.383031,"NaCl+CaCl2 (per-ion mol/kg water: Na 0.259441, Cl 0.506621, Ca 0.12359)",0.259441,0.506621,0.000000,0.123590,0.000000,0.000000,tawil2024_h2,Tawil et al. (2024),synthetic_visual,,CH4,0.5,,,2.376765,"Rsw [-] (solution gas-water ratio, dimensionless; Vg(p,T)|sc / Vw|sc; sc=15degC,1bar)"
H2_tawil2024_h2_124,H2,318.15,12,total,mixed,0.399532,"NaCl+CaCl2 (per-ion mol/kg water: Na 0.388613, Cl 0.410452, Ca 0.010919)",0.388613,0.410452,0.000000,0.010919,0.000000,0.000000,tawil2024_h2,Tawil et al. (2024),synthetic_visual,,CH4,0.5,,,2.464283,"Rsw [-] (solution gas-water ratio, dimensionless; Vg(p,T)|sc / Vw|sc; sc=15degC,1bar)"
H2_tawil2024_h2_125,H2,323.15,12,total,mixed,0.399532,"NaCl+CaCl2 (per-ion mol/kg water: Na 0.388613, Cl 0.410452, Ca 0.010919)",0.388613,0.410452,0.000000,0.010919,0.000000,0.000000,tawil2024_h2,Tawil et al. (2024),synthetic_visual,,CH4,0.5,,,2.733922,"Rsw [-] (solution gas-water ratio, dimensionless; Vg(p,T)|sc / Vw|sc; sc=15degC,1bar)"
H2_tawil2024_h2_126,H2,328.15,12,total,mixed,0.399532,"NaCl+CaCl2 (per-ion mol/kg water: Na 0.388613, Cl 0.410452, Ca 0.010919)",0.388613,0.410452,0.000000,0.010919,0.000000,0.000000,tawil2024_h2,Tawil et al. (2024),synthetic_visual,,CH4,0.5,,,2.49507,"Rsw [-] (solution gas-water ratio, dimensionless; Vg(p,T)|sc / Vw|sc; sc=15degC,1bar)"
H2_tawil2024_h2_127,H2,318.15,9,total,mixed,0.383031,"NaCl+CaCl2 (per-ion mol/kg water: Na 0.259441, Cl 0.506621, Ca 0.12359)",0.259441,0.506621,0.000000,0.123590,0.000000,0.000000,tawil2024_h2,Tawil et al. (2024),synthetic_visual,,CH4,0.5,,,2.072753,"Rsw [-] (solution gas-water ratio, dimensionless; Vg(p,T)|sc / Vw|sc; sc=15degC,1bar)"
H2_tawil2024_h2_128,H2,323.15,9,total,mixed,0.383031,"NaCl+CaCl2 (per-ion mol/kg water: Na 0.259441, Cl 0.506621, Ca 0.12359)",0.259441,0.506621,0.000000,0.123590,0.000000,0.000000,tawil2024_h2,Tawil et al. (2024),synthetic_visual,,CH4,0.5,,,1.894405,"Rsw [-] (solution gas-water ratio, dimensionless; Vg(p,T)|sc / Vw|sc; sc=15degC,1bar)"
H2_tawil2024_h2_129,H2,328.15,9,total,mixed,0.383031,"NaCl+CaCl2 (per-ion mol/kg water: Na 0.259441, Cl 0.506621, Ca 0.12359)",0.259441,0.506621,0.000000,0.123590,0.000000,0.000000,tawil2024_h2,Tawil et al. (2024),synthetic_visual,,CH4,0.5,,,1.847011,"Rsw [-] (solution gas-water ratio, dimensionless; Vg(p,T)|sc / Vw|sc; sc=15degC,1bar)"
H2_tawil2024_h2_130,H2,318.15,9,total,mixed,0.399532,"NaCl+CaCl2 (per-ion mol/kg water: Na 0.388613, Cl 0.410452, Ca 0.010919)",0.388613,0.410452,0.000000,0.010919,0.000000,0.000000,tawil2024_h2,Tawil et al. (2024),synthetic_visual,,CH4,0.5,,,1.88127,"Rsw [-] (solution gas-water ratio, dimensionless; Vg(p,T)|sc / Vw|sc; sc=15degC,1bar)"
H2_tawil2024_h2_131,H2,323.15,9,total,mixed,0.399532,"NaCl+CaCl2 (per-ion mol/kg water: Na 0.388613, Cl 0.410452, Ca 0.010919)",0.388613,0.410452,0.000000,0.010919,0.000000,0.000000,tawil2024_h2,Tawil et al. (2024),synthetic_visual,,CH4,0.5,,,2.057593,"Rsw [-] (solution gas-water ratio, dimensionless; Vg(p,T)|sc / Vw|sc; sc=15degC,1bar)"
H2_tawil2024_h2_132,H2,328.15,9,total,mixed,0.399532,"NaCl+CaCl2 (per-ion mol/kg water: Na 0.388613, Cl 0.410452, Ca 0.010919)",0.388613,0.410452,0.000000,0.010919,0.000000,0.000000,tawil2024_h2,Tawil et al. (2024),synthetic_visual,,CH4,0.5,,,1.773119,"Rsw [-] (solution gas-water ratio, dimensionless; Vg(p,T)|sc / Vw|sc; sc=15degC,1bar)"
H2_tawil2024_h2_133,H2,318.15,6,total,mixed,0.383031,"NaCl+CaCl2 (per-ion mol/kg water: Na 0.259441, Cl 0.506621, Ca 0.12359)",0.259441,0.506621,0.000000,0.123590,0.000000,0.000000,tawil2024_h2,Tawil et al. (2024),synthetic_visual,,CH4,0.5,,,1.507156,"Rsw [-] (solution gas-water ratio, dimensionless; Vg(p,T)|sc / Vw|sc; sc=15degC,1bar)"
H2_tawil2024_h2_134,H2,323.15,6,total,mixed,0.383031,"NaCl+CaCl2 (per-ion mol/kg water: Na 0.259441, Cl 0.506621, Ca 0.12359)",0.259441,0.506621,0.000000,0.123590,0.000000,0.000000,tawil2024_h2,Tawil et al. (2024),synthetic_visual,,CH4,0.5,,,1.353522,"Rsw [-] (solution gas-water ratio, dimensionless; Vg(p,T)|sc / Vw|sc; sc=15degC,1bar)"
H2_tawil2024_h2_135,H2,328.15,6,total,mixed,0.383031,"NaCl+CaCl2 (per-ion mol/kg water: Na 0.259441, Cl 0.506621, Ca 0.12359)",0.259441,0.506621,0.000000,0.123590,0.000000,0.000000,tawil2024_h2,Tawil et al. (2024),synthetic_visual,,CH4,0.5,,,1.236771,"Rsw [-] (solution gas-water ratio, dimensionless; Vg(p,T)|sc / Vw|sc; sc=15degC,1bar)"
H2_tawil2024_h2_136,H2,318.15,6,total,mixed,0.399532,"NaCl+CaCl2 (per-ion mol/kg water: Na 0.388613, Cl 0.410452, Ca 0.010919)",0.388613,0.410452,0.000000,0.010919,0.000000,0.000000,tawil2024_h2,Tawil et al. (2024),synthetic_visual,,CH4,0.5,,,1.410831,"Rsw [-] (solution gas-water ratio, dimensionless; Vg(p,T)|sc / Vw|sc; sc=15degC,1bar)"
H2_tawil2024_h2_137,H2,323.15,6,total,mixed,0.399532,"NaCl+CaCl2 (per-ion mol/kg water: Na 0.388613, Cl 0.410452, Ca 0.010919)",0.388613,0.410452,0.000000,0.010919,0.000000,0.000000,tawil2024_h2,Tawil et al. (2024),synthetic_visual,,CH4,0.5,,,1.441765,"Rsw [-] (solution gas-water ratio, dimensionless; Vg(p,T)|sc / Vw|sc; sc=15degC,1bar)"
H2_tawil2024_h2_138,H2,328.15,6,total,mixed,0.399532,"NaCl+CaCl2 (per-ion mol/kg water: Na 0.388613, Cl 0.410452, Ca 0.010919)",0.388613,0.410452,0.000000,0.010919,0.000000,0.000000,tawil2024_h2,Tawil et al. (2024),synthetic_visual,,CH4,0.5,,,1.055823,"Rsw [-] (solution gas-water ratio, dimensionless; Vg(p,T)|sc / Vw|sc; sc=15degC,1bar)"
H2_tawil2024_h2_139,H2,318.15,3,total,mixed,0.383031,"NaCl+CaCl2 (per-ion mol/kg water: Na 0.259441, Cl 0.506621, Ca 0.12359)",0.259441,0.506621,0.000000,0.123590,0.000000,0.000000,tawil2024_h2,Tawil et al. (2024),synthetic_visual,,CH4,0.5,,,0.767686,"Rsw [-] (solution gas-water ratio, dimensionless; Vg(p,T)|sc / Vw|sc; sc=15degC,1bar)"
H2_tawil2024_h2_140,H2,323.15,3,total,mixed,0.383031,"NaCl+CaCl2 (per-ion mol/kg water: Na 0.259441, Cl 0.506621, Ca 0.12359)",0.259441,0.506621,0.000000,0.123590,0.000000,0.000000,tawil2024_h2,Tawil et al. (2024),synthetic_visual,,CH4,0.5,,,0.921905,"Rsw [-] (solution gas-water ratio, dimensionless; Vg(p,T)|sc / Vw|sc; sc=15degC,1bar)"
H2_tawil2024_h2_141,H2,328.15,3,total,mixed,0.383031,"NaCl+CaCl2 (per-ion mol/kg water: Na 0.259441, Cl 0.506621, Ca 0.12359)",0.259441,0.506621,0.000000,0.123590,0.000000,0.000000,tawil2024_h2,Tawil et al. (2024),synthetic_visual,,CH4,0.5,,,0.582312,"Rsw [-] (solution gas-water ratio, dimensionless; Vg(p,T)|sc / Vw|sc; sc=15degC,1bar)"
H2_tawil2024_h2_142,H2,318.15,3,total,mixed,0.399532,"NaCl+CaCl2 (per-ion mol/kg water: Na 0.388613, Cl 0.410452, Ca 0.010919)",0.388613,0.410452,0.000000,0.010919,0.000000,0.000000,tawil2024_h2,Tawil et al. (2024),synthetic_visual,,CH4,0.5,,,0.768659,"Rsw [-] (solution gas-water ratio, dimensionless; Vg(p,T)|sc / Vw|sc; sc=15degC,1bar)"
H2_tawil2024_h2_143,H2,323.15,3,total,mixed,0.399532,"NaCl+CaCl2 (per-ion mol/kg water: Na 0.388613, Cl 0.410452, Ca 0.010919)",0.388613,0.410452,0.000000,0.010919,0.000000,0.000000,tawil2024_h2,Tawil et al. (2024),synthetic_visual,,CH4,0.5,,,0.881798,"Rsw [-] (solution gas-water ratio, dimensionless; Vg(p,T)|sc / Vw|sc; sc=15degC,1bar)"
H2_tawil2024_h2_144,H2,328.15,3,total,mixed,0.399532,"NaCl+CaCl2 (per-ion mol/kg water: Na 0.388613, Cl 0.410452, Ca 0.010919)",0.388613,0.410452,0.000000,0.010919,0.000000,0.000000,tawil2024_h2,Tawil et al. (2024),synthetic_visual,,CH4,0.5,,,0.502311,"Rsw [-] (solution gas-water ratio, dimensionless; Vg(p,T)|sc / Vw|sc; sc=15degC,1bar)"
H2_tawil2024_h2_145,H2,318.15,1.5,total,mixed,0.383031,"NaCl+CaCl2 (per-ion mol/kg water: Na 0.259441, Cl 0.506621, Ca 0.12359)",0.259441,0.506621,0.000000,0.123590,0.000000,0.000000,tawil2024_h2,Tawil et al. (2024),synthetic_visual,,CH4,0.5,,,0.486493,"Rsw [-] (solution gas-water ratio, dimensionless; Vg(p,T)|sc / Vw|sc; sc=15degC,1bar)"
H2_tawil2024_h2_146,H2,323.15,1.5,total,mixed,0.383031,"NaCl+CaCl2 (per-ion mol/kg water: Na 0.259441, Cl 0.506621, Ca 0.12359)",0.259441,0.506621,0.000000,0.123590,0.000000,0.000000,tawil2024_h2,Tawil et al. (2024),synthetic_visual,,CH4,0.5,,,0.488439,"Rsw [-] (solution gas-water ratio, dimensionless; Vg(p,T)|sc / Vw|sc; sc=15degC,1bar)"
H2_tawil2024_h2_147,H2,328.15,1.5,total,mixed,0.383031,"NaCl+CaCl2 (per-ion mol/kg water: Na 0.259441, Cl 0.506621, Ca 0.12359)",0.259441,0.506621,0.000000,0.123590,0.000000,0.000000,tawil2024_h2,Tawil et al. (2024),synthetic_visual,,CH4,0.5,,,0.234282,"Rsw [-] (solution gas-water ratio, dimensionless; Vg(p,T)|sc / Vw|sc; sc=15degC,1bar)"
H2_tawil2024_h2_148,H2,318.15,1.5,total,mixed,0.399532,"NaCl+CaCl2 (per-ion mol/kg water: Na 0.388613, Cl 0.410452, Ca 0.010919)",0.388613,0.410452,0.000000,0.010919,0.000000,0.000000,tawil2024_h2,Tawil et al. (2024),synthetic_visual,,CH4,0.5,,,0.437844,"Rsw [-] (solution gas-water ratio, dimensionless; Vg(p,T)|sc / Vw|sc; sc=15degC,1bar)"
H2_tawil2024_h2_149,H2,323.15,1.5,total,mixed,0.399532,"NaCl+CaCl2 (per-ion mol/kg water: Na 0.388613, Cl 0.410452, Ca 0.010919)",0.388613,0.410452,0.000000,0.010919,0.000000,0.000000,tawil2024_h2,Tawil et al. (2024),synthetic_visual,,CH4,0.5,,,0.478977,"Rsw [-] (solution gas-water ratio, dimensionless; Vg(p,T)|sc / Vw|sc; sc=15degC,1bar)"
H2_tawil2024_h2_150,H2,328.15,1.5,total,mixed,0.399532,"NaCl+CaCl2 (per-ion mol/kg water: Na 0.388613, Cl 0.410452, Ca 0.010919)",0.388613,0.410452,0.000000,0.010919,0.000000,0.000000,tawil2024_h2,Tawil et al. (2024),synthetic_visual,,CH4,0.5,,,0.196464,"Rsw [-] (solution gas-water ratio, dimensionless; Vg(p,T)|sc / Vw|sc; sc=15degC,1bar)"
H2_tawil2024_h2_151,H2,318.15,0.1,total,mixed,0.383031,"NaCl+CaCl2 (per-ion mol/kg water: Na 0.259441, Cl 0.506621, Ca 0.12359)",0.259441,0.506621,0.000000,0.123590,0.000000,0.000000,tawil2024_h2,Tawil et al. (2024),synthetic_visual,,CH4,0.5,,,0,"Rsw [-] (solution gas-water ratio, dimensionless; Vg(p,T)|sc / Vw|sc; sc=15degC,1bar)"
H2_tawil2024_h2_152,H2,323.15,0.1,total,mixed,0.383031,"NaCl+CaCl2 (per-ion mol/kg water: Na 0.259441, Cl 0.506621, Ca 0.12359)",0.259441,0.506621,0.000000,0.123590,0.000000,0.000000,tawil2024_h2,Tawil et al. (2024),synthetic_visual,,CH4,0.5,,,0,"Rsw [-] (solution gas-water ratio, dimensionless; Vg(p,T)|sc / Vw|sc; sc=15degC,1bar)"
H2_tawil2024_h2_153,H2,328.15,0.1,total,mixed,0.383031,"NaCl+CaCl2 (per-ion mol/kg water: Na 0.259441, Cl 0.506621, Ca 0.12359)",0.259441,0.506621,0.000000,0.123590,0.000000,0.000000,tawil2024_h2,Tawil et al. (2024),synthetic_visual,,CH4,0.5,,,0,"Rsw [-] (solution gas-water ratio, dimensionless; Vg(p,T)|sc / Vw|sc; sc=15degC,1bar)"
H2_tawil2024_h2_154,H2,318.15,0.1,total,mixed,0.399532,"NaCl+CaCl2 (per-ion mol/kg water: Na 0.388613, Cl 0.410452, Ca 0.010919)",0.388613,0.410452,0.000000,0.010919,0.000000,0.000000,tawil2024_h2,Tawil et al. (2024),synthetic_visual,,CH4,0.5,,,0,"Rsw [-] (solution gas-water ratio, dimensionless; Vg(p,T)|sc / Vw|sc; sc=15degC,1bar)"
H2_tawil2024_h2_155,H2,323.15,0.1,total,mixed,0.399532,"NaCl+CaCl2 (per-ion mol/kg water: Na 0.388613, Cl 0.410452, Ca 0.010919)",0.388613,0.410452,0.000000,0.010919,0.000000,0.000000,tawil2024_h2,Tawil et al. (2024),synthetic_visual,,CH4,0.5,,,0,"Rsw [-] (solution gas-water ratio, dimensionless; Vg(p,T)|sc / Vw|sc; sc=15degC,1bar)"
H2_tawil2024_h2_156,H2,328.15,0.1,total,mixed,0.399532,"NaCl+CaCl2 (per-ion mol/kg water: Na 0.388613, Cl 0.410452, Ca 0.010919)",0.388613,0.410452,0.000000,0.010919,0.000000,0.000000,tawil2024_h2,Tawil et al. (2024),synthetic_visual,,CH4,0.5,,,0,"Rsw [-] (solution gas-water ratio, dimensionless; Vg(p,T)|sc / Vw|sc; sc=15degC,1bar)"
H2_tawil2024_h2_157,H2,318.15,50,total,mixed,0.383031,"NaCl+CaCl2 (per-ion mol/kg water: Na 0.259441, Cl 0.506621, Ca 0.12359)",0.259441,0.506621,0.000000,0.123590,0.000000,0.000000,tawil2024_h2,Tawil et al. (2024),synthetic_visual,,CH4,0.9,,,4.336515,"Rsw [-] (solution gas-water ratio, dimensionless; Vg(p,T)|sc / Vw|sc; sc=15degC,1bar)"
H2_tawil2024_h2_158,H2,323.15,50,total,mixed,0.383031,"NaCl+CaCl2 (per-ion mol/kg water: Na 0.259441, Cl 0.506621, Ca 0.12359)",0.259441,0.506621,0.000000,0.123590,0.000000,0.000000,tawil2024_h2,Tawil et al. (2024),synthetic_visual,,CH4,0.9,,,4.505496,"Rsw [-] (solution gas-water ratio, dimensionless; Vg(p,T)|sc / Vw|sc; sc=15degC,1bar)"
H2_tawil2024_h2_159,H2,328.15,50,total,mixed,0.383031,"NaCl+CaCl2 (per-ion mol/kg water: Na 0.259441, Cl 0.506621, Ca 0.12359)",0.259441,0.506621,0.000000,0.123590,0.000000,0.000000,tawil2024_h2,Tawil et al. (2024),synthetic_visual,,CH4,0.9,,,4.185322,"Rsw [-] (solution gas-water ratio, dimensionless; Vg(p,T)|sc / Vw|sc; sc=15degC,1bar)"
H2_tawil2024_h2_160,H2,318.15,50,total,mixed,0.399532,"NaCl+CaCl2 (per-ion mol/kg water: Na 0.388613, Cl 0.410452, Ca 0.010919)",0.388613,0.410452,0.000000,0.010919,0.000000,0.000000,tawil2024_h2,Tawil et al. (2024),synthetic_visual,,CH4,0.9,,,4.392972,"Rsw [-] (solution gas-water ratio, dimensionless; Vg(p,T)|sc / Vw|sc; sc=15degC,1bar)"
H2_tawil2024_h2_161,H2,323.15,50,total,mixed,0.399532,"NaCl+CaCl2 (per-ion mol/kg water: Na 0.388613, Cl 0.410452, Ca 0.010919)",0.388613,0.410452,0.000000,0.010919,0.000000,0.000000,tawil2024_h2,Tawil et al. (2024),synthetic_visual,,CH4,0.9,,,4.459751,"Rsw [-] (solution gas-water ratio, dimensionless; Vg(p,T)|sc / Vw|sc; sc=15degC,1bar)"
H2_tawil2024_h2_162,H2,328.15,50,total,mixed,0.399532,"NaCl+CaCl2 (per-ion mol/kg water: Na 0.388613, Cl 0.410452, Ca 0.010919)",0.388613,0.410452,0.000000,0.010919,0.000000,0.000000,tawil2024_h2,Tawil et al. (2024),synthetic_visual,,CH4,0.9,,,4.207239,"Rsw [-] (solution gas-water ratio, dimensionless; Vg(p,T)|sc / Vw|sc; sc=15degC,1bar)"
H2_tawil2024_h2_163,H2,318.15,40,total,mixed,0.383031,"NaCl+CaCl2 (per-ion mol/kg water: Na 0.259441, Cl 0.506621, Ca 0.12359)",0.259441,0.506621,0.000000,0.123590,0.000000,0.000000,tawil2024_h2,Tawil et al. (2024),synthetic_visual,,CH4,0.9,,,4.336515,"Rsw [-] (solution gas-water ratio, dimensionless; Vg(p,T)|sc / Vw|sc; sc=15degC,1bar)"
H2_tawil2024_h2_164,H2,323.15,40,total,mixed,0.383031,"NaCl+CaCl2 (per-ion mol/kg water: Na 0.259441, Cl 0.506621, Ca 0.12359)",0.259441,0.506621,0.000000,0.123590,0.000000,0.000000,tawil2024_h2,Tawil et al. (2024),synthetic_visual,,CH4,0.9,,,4.505496,"Rsw [-] (solution gas-water ratio, dimensionless; Vg(p,T)|sc / Vw|sc; sc=15degC,1bar)"
H2_tawil2024_h2_165,H2,328.15,40,total,mixed,0.383031,"NaCl+CaCl2 (per-ion mol/kg water: Na 0.259441, Cl 0.506621, Ca 0.12359)",0.259441,0.506621,0.000000,0.123590,0.000000,0.000000,tawil2024_h2,Tawil et al. (2024),synthetic_visual,,CH4,0.9,,,4.185322,"Rsw [-] (solution gas-water ratio, dimensionless; Vg(p,T)|sc / Vw|sc; sc=15degC,1bar)"
H2_tawil2024_h2_166,H2,318.15,40,total,mixed,0.399532,"NaCl+CaCl2 (per-ion mol/kg water: Na 0.388613, Cl 0.410452, Ca 0.010919)",0.388613,0.410452,0.000000,0.010919,0.000000,0.000000,tawil2024_h2,Tawil et al. (2024),synthetic_visual,,CH4,0.9,,,4.392972,"Rsw [-] (solution gas-water ratio, dimensionless; Vg(p,T)|sc / Vw|sc; sc=15degC,1bar)"
H2_tawil2024_h2_167,H2,323.15,40,total,mixed,0.399532,"NaCl+CaCl2 (per-ion mol/kg water: Na 0.388613, Cl 0.410452, Ca 0.010919)",0.388613,0.410452,0.000000,0.010919,0.000000,0.000000,tawil2024_h2,Tawil et al. (2024),synthetic_visual,,CH4,0.9,,,4.459751,"Rsw [-] (solution gas-water ratio, dimensionless; Vg(p,T)|sc / Vw|sc; sc=15degC,1bar)"
H2_tawil2024_h2_168,H2,328.15,40,total,mixed,0.399532,"NaCl+CaCl2 (per-ion mol/kg water: Na 0.388613, Cl 0.410452, Ca 0.010919)",0.388613,0.410452,0.000000,0.010919,0.000000,0.000000,tawil2024_h2,Tawil et al. (2024),synthetic_visual,,CH4,0.9,,,4.207239,"Rsw [-] (solution gas-water ratio, dimensionless; Vg(p,T)|sc / Vw|sc; sc=15degC,1bar)"
H2_tawil2024_h2_169,H2,318.15,30,total,mixed,0.383031,"NaCl+CaCl2 (per-ion mol/kg water: Na 0.259441, Cl 0.506621, Ca 0.12359)",0.259441,0.506621,0.000000,0.123590,0.000000,0.000000,tawil2024_h2,Tawil et al. (2024),synthetic_visual,,CH4,0.9,,,4.336515,"Rsw [-] (solution gas-water ratio, dimensionless; Vg(p,T)|sc / Vw|sc; sc=15degC,1bar)"
H2_tawil2024_h2_170,H2,323.15,30,total,mixed,0.383031,"NaCl+CaCl2 (per-ion mol/kg water: Na 0.259441, Cl 0.506621, Ca 0.12359)",0.259441,0.506621,0.000000,0.123590,0.000000,0.000000,tawil2024_h2,Tawil et al. (2024),synthetic_visual,,CH4,0.9,,,4.505496,"Rsw [-] (solution gas-water ratio, dimensionless; Vg(p,T)|sc / Vw|sc; sc=15degC,1bar)"
H2_tawil2024_h2_171,H2,328.15,30,total,mixed,0.383031,"NaCl+CaCl2 (per-ion mol/kg water: Na 0.259441, Cl 0.506621, Ca 0.12359)",0.259441,0.506621,0.000000,0.123590,0.000000,0.000000,tawil2024_h2,Tawil et al. (2024),synthetic_visual,,CH4,0.9,,,4.185322,"Rsw [-] (solution gas-water ratio, dimensionless; Vg(p,T)|sc / Vw|sc; sc=15degC,1bar)"
H2_tawil2024_h2_172,H2,318.15,30,total,mixed,0.399532,"NaCl+CaCl2 (per-ion mol/kg water: Na 0.388613, Cl 0.410452, Ca 0.010919)",0.388613,0.410452,0.000000,0.010919,0.000000,0.000000,tawil2024_h2,Tawil et al. (2024),synthetic_visual,,CH4,0.9,,,4.392972,"Rsw [-] (solution gas-water ratio, dimensionless; Vg(p,T)|sc / Vw|sc; sc=15degC,1bar)"
H2_tawil2024_h2_173,H2,323.15,30,total,mixed,0.399532,"NaCl+CaCl2 (per-ion mol/kg water: Na 0.388613, Cl 0.410452, Ca 0.010919)",0.388613,0.410452,0.000000,0.010919,0.000000,0.000000,tawil2024_h2,Tawil et al. (2024),synthetic_visual,,CH4,0.9,,,4.459751,"Rsw [-] (solution gas-water ratio, dimensionless; Vg(p,T)|sc / Vw|sc; sc=15degC,1bar)"
H2_tawil2024_h2_174,H2,328.15,30,total,mixed,0.399532,"NaCl+CaCl2 (per-ion mol/kg water: Na 0.388613, Cl 0.410452, Ca 0.010919)",0.388613,0.410452,0.000000,0.010919,0.000000,0.000000,tawil2024_h2,Tawil et al. (2024),synthetic_visual,,CH4,0.9,,,4.207239,"Rsw [-] (solution gas-water ratio, dimensionless; Vg(p,T)|sc / Vw|sc; sc=15degC,1bar)"
H2_tawil2024_h2_175,H2,318.15,27,total,mixed,0.383031,"NaCl+CaCl2 (per-ion mol/kg water: Na 0.259441, Cl 0.506621, Ca 0.12359)",0.259441,0.506621,0.000000,0.123590,0.000000,0.000000,tawil2024_h2,Tawil et al. (2024),synthetic_visual,,CH4,0.9,,,4.336515,"Rsw [-] (solution gas-water ratio, dimensionless; Vg(p,T)|sc / Vw|sc; sc=15degC,1bar)"
H2_tawil2024_h2_176,H2,323.15,27,total,mixed,0.383031,"NaCl+CaCl2 (per-ion mol/kg water: Na 0.259441, Cl 0.506621, Ca 0.12359)",0.259441,0.506621,0.000000,0.123590,0.000000,0.000000,tawil2024_h2,Tawil et al. (2024),synthetic_visual,,CH4,0.9,,,4.505496,"Rsw [-] (solution gas-water ratio, dimensionless; Vg(p,T)|sc / Vw|sc; sc=15degC,1bar)"
H2_tawil2024_h2_177,H2,328.15,27,total,mixed,0.383031,"NaCl+CaCl2 (per-ion mol/kg water: Na 0.259441, Cl 0.506621, Ca 0.12359)",0.259441,0.506621,0.000000,0.123590,0.000000,0.000000,tawil2024_h2,Tawil et al. (2024),synthetic_visual,,CH4,0.9,,,4.185322,"Rsw [-] (solution gas-water ratio, dimensionless; Vg(p,T)|sc / Vw|sc; sc=15degC,1bar)"
H2_tawil2024_h2_178,H2,318.15,27,total,mixed,0.399532,"NaCl+CaCl2 (per-ion mol/kg water: Na 0.388613, Cl 0.410452, Ca 0.010919)",0.388613,0.410452,0.000000,0.010919,0.000000,0.000000,tawil2024_h2,Tawil et al. (2024),synthetic_visual,,CH4,0.9,,,4.392972,"Rsw [-] (solution gas-water ratio, dimensionless; Vg(p,T)|sc / Vw|sc; sc=15degC,1bar)"
H2_tawil2024_h2_179,H2,323.15,27,total,mixed,0.399532,"NaCl+CaCl2 (per-ion mol/kg water: Na 0.388613, Cl 0.410452, Ca 0.010919)",0.388613,0.410452,0.000000,0.010919,0.000000,0.000000,tawil2024_h2,Tawil et al. (2024),synthetic_visual,,CH4,0.9,,,4.459751,"Rsw [-] (solution gas-water ratio, dimensionless; Vg(p,T)|sc / Vw|sc; sc=15degC,1bar)"
H2_tawil2024_h2_180,H2,328.15,27,total,mixed,0.399532,"NaCl+CaCl2 (per-ion mol/kg water: Na 0.388613, Cl 0.410452, Ca 0.010919)",0.388613,0.410452,0.000000,0.010919,0.000000,0.000000,tawil2024_h2,Tawil et al. (2024),synthetic_visual,,CH4,0.9,,,4.207239,"Rsw [-] (solution gas-water ratio, dimensionless; Vg(p,T)|sc / Vw|sc; sc=15degC,1bar)"
H2_tawil2024_h2_181,H2,318.15,24,total,mixed,0.383031,"NaCl+CaCl2 (per-ion mol/kg water: Na 0.259441, Cl 0.506621, Ca 0.12359)",0.259441,0.506621,0.000000,0.123590,0.000000,0.000000,tawil2024_h2,Tawil et al. (2024),synthetic_visual,,CH4,0.9,,,4.336515,"Rsw [-] (solution gas-water ratio, dimensionless; Vg(p,T)|sc / Vw|sc; sc=15degC,1bar)"
H2_tawil2024_h2_182,H2,323.15,24,total,mixed,0.383031,"NaCl+CaCl2 (per-ion mol/kg water: Na 0.259441, Cl 0.506621, Ca 0.12359)",0.259441,0.506621,0.000000,0.123590,0.000000,0.000000,tawil2024_h2,Tawil et al. (2024),synthetic_visual,,CH4,0.9,,,4.505496,"Rsw [-] (solution gas-water ratio, dimensionless; Vg(p,T)|sc / Vw|sc; sc=15degC,1bar)"
H2_tawil2024_h2_183,H2,328.15,24,total,mixed,0.383031,"NaCl+CaCl2 (per-ion mol/kg water: Na 0.259441, Cl 0.506621, Ca 0.12359)",0.259441,0.506621,0.000000,0.123590,0.000000,0.000000,tawil2024_h2,Tawil et al. (2024),synthetic_visual,,CH4,0.9,,,4.185322,"Rsw [-] (solution gas-water ratio, dimensionless; Vg(p,T)|sc / Vw|sc; sc=15degC,1bar)"
H2_tawil2024_h2_184,H2,318.15,24,total,mixed,0.399532,"NaCl+CaCl2 (per-ion mol/kg water: Na 0.388613, Cl 0.410452, Ca 0.010919)",0.388613,0.410452,0.000000,0.010919,0.000000,0.000000,tawil2024_h2,Tawil et al. (2024),synthetic_visual,,CH4,0.9,,,4.392972,"Rsw [-] (solution gas-water ratio, dimensionless; Vg(p,T)|sc / Vw|sc; sc=15degC,1bar)"
H2_tawil2024_h2_185,H2,323.15,24,total,mixed,0.399532,"NaCl+CaCl2 (per-ion mol/kg water: Na 0.388613, Cl 0.410452, Ca 0.010919)",0.388613,0.410452,0.000000,0.010919,0.000000,0.000000,tawil2024_h2,Tawil et al. (2024),synthetic_visual,,CH4,0.9,,,4.459751,"Rsw [-] (solution gas-water ratio, dimensionless; Vg(p,T)|sc / Vw|sc; sc=15degC,1bar)"
H2_tawil2024_h2_186,H2,328.15,24,total,mixed,0.399532,"NaCl+CaCl2 (per-ion mol/kg water: Na 0.388613, Cl 0.410452, Ca 0.010919)",0.388613,0.410452,0.000000,0.010919,0.000000,0.000000,tawil2024_h2,Tawil et al. (2024),synthetic_visual,,CH4,0.9,,,4.207239,"Rsw [-] (solution gas-water ratio, dimensionless; Vg(p,T)|sc / Vw|sc; sc=15degC,1bar)"
H2_tawil2024_h2_187,H2,318.15,21,total,mixed,0.383031,"NaCl+CaCl2 (per-ion mol/kg water: Na 0.259441, Cl 0.506621, Ca 0.12359)",0.259441,0.506621,0.000000,0.123590,0.000000,0.000000,tawil2024_h2,Tawil et al. (2024),synthetic_visual,,CH4,0.9,,,4.094738,"Rsw [-] (solution gas-water ratio, dimensionless; Vg(p,T)|sc / Vw|sc; sc=15degC,1bar)"
H2_tawil2024_h2_188,H2,323.15,21,total,mixed,0.383031,"NaCl+CaCl2 (per-ion mol/kg water: Na 0.259441, Cl 0.506621, Ca 0.12359)",0.259441,0.506621,0.000000,0.123590,0.000000,0.000000,tawil2024_h2,Tawil et al. (2024),synthetic_visual,,CH4,0.9,,,4.284544,"Rsw [-] (solution gas-water ratio, dimensionless; Vg(p,T)|sc / Vw|sc; sc=15degC,1bar)"
H2_tawil2024_h2_189,H2,328.15,21,total,mixed,0.383031,"NaCl+CaCl2 (per-ion mol/kg water: Na 0.259441, Cl 0.506621, Ca 0.12359)",0.259441,0.506621,0.000000,0.123590,0.000000,0.000000,tawil2024_h2,Tawil et al. (2024),synthetic_visual,,CH4,0.9,,,3.973553,"Rsw [-] (solution gas-water ratio, dimensionless; Vg(p,T)|sc / Vw|sc; sc=15degC,1bar)"
H2_tawil2024_h2_190,H2,318.15,21,total,mixed,0.399532,"NaCl+CaCl2 (per-ion mol/kg water: Na 0.388613, Cl 0.410452, Ca 0.010919)",0.388613,0.410452,0.000000,0.010919,0.000000,0.000000,tawil2024_h2,Tawil et al. (2024),synthetic_visual,,CH4,0.9,,,4.219184,"Rsw [-] (solution gas-water ratio, dimensionless; Vg(p,T)|sc / Vw|sc; sc=15degC,1bar)"
H2_tawil2024_h2_191,H2,323.15,21,total,mixed,0.399532,"NaCl+CaCl2 (per-ion mol/kg water: Na 0.388613, Cl 0.410452, Ca 0.010919)",0.388613,0.410452,0.000000,0.010919,0.000000,0.000000,tawil2024_h2,Tawil et al. (2024),synthetic_visual,,CH4,0.9,,,4.238208,"Rsw [-] (solution gas-water ratio, dimensionless; Vg(p,T)|sc / Vw|sc; sc=15degC,1bar)"
H2_tawil2024_h2_192,H2,328.15,21,total,mixed,0.399532,"NaCl+CaCl2 (per-ion mol/kg water: Na 0.388613, Cl 0.410452, Ca 0.010919)",0.388613,0.410452,0.000000,0.010919,0.000000,0.000000,tawil2024_h2,Tawil et al. (2024),synthetic_visual,,CH4,0.9,,,4.004364,"Rsw [-] (solution gas-water ratio, dimensionless; Vg(p,T)|sc / Vw|sc; sc=15degC,1bar)"
H2_tawil2024_h2_193,H2,318.15,18,total,mixed,0.383031,"NaCl+CaCl2 (per-ion mol/kg water: Na 0.259441, Cl 0.506621, Ca 0.12359)",0.259441,0.506621,0.000000,0.123590,0.000000,0.000000,tawil2024_h2,Tawil et al. (2024),synthetic_visual,,CH4,0.9,,,3.780427,"Rsw [-] (solution gas-water ratio, dimensionless; Vg(p,T)|sc / Vw|sc; sc=15degC,1bar)"
H2_tawil2024_h2_194,H2,323.15,18,total,mixed,0.383031,"NaCl+CaCl2 (per-ion mol/kg water: Na 0.259441, Cl 0.506621, Ca 0.12359)",0.259441,0.506621,0.000000,0.123590,0.000000,0.000000,tawil2024_h2,Tawil et al. (2024),synthetic_visual,,CH4,0.9,,,3.867618,"Rsw [-] (solution gas-water ratio, dimensionless; Vg(p,T)|sc / Vw|sc; sc=15degC,1bar)"
H2_tawil2024_h2_195,H2,328.15,18,total,mixed,0.383031,"NaCl+CaCl2 (per-ion mol/kg water: Na 0.259441, Cl 0.506621, Ca 0.12359)",0.259441,0.506621,0.000000,0.123590,0.000000,0.000000,tawil2024_h2,Tawil et al. (2024),synthetic_visual,,CH4,0.9,,,3.551941,"Rsw [-] (solution gas-water ratio, dimensionless; Vg(p,T)|sc / Vw|sc; sc=15degC,1bar)"
H2_tawil2024_h2_196,H2,318.15,18,total,mixed,0.399532,"NaCl+CaCl2 (per-ion mol/kg water: Na 0.388613, Cl 0.410452, Ca 0.010919)",0.388613,0.410452,0.000000,0.010919,0.000000,0.000000,tawil2024_h2,Tawil et al. (2024),synthetic_visual,,CH4,0.9,,,3.98457,"Rsw [-] (solution gas-water ratio, dimensionless; Vg(p,T)|sc / Vw|sc; sc=15degC,1bar)"
H2_tawil2024_h2_197,H2,323.15,18,total,mixed,0.399532,"NaCl+CaCl2 (per-ion mol/kg water: Na 0.388613, Cl 0.410452, Ca 0.010919)",0.388613,0.410452,0.000000,0.010919,0.000000,0.000000,tawil2024_h2,Tawil et al. (2024),synthetic_visual,,CH4,0.9,,,3.800902,"Rsw [-] (solution gas-water ratio, dimensionless; Vg(p,T)|sc / Vw|sc; sc=15degC,1bar)"
H2_tawil2024_h2_198,H2,328.15,18,total,mixed,0.399532,"NaCl+CaCl2 (per-ion mol/kg water: Na 0.388613, Cl 0.410452, Ca 0.010919)",0.388613,0.410452,0.000000,0.010919,0.000000,0.000000,tawil2024_h2,Tawil et al. (2024),synthetic_visual,,CH4,0.9,,,3.579293,"Rsw [-] (solution gas-water ratio, dimensionless; Vg(p,T)|sc / Vw|sc; sc=15degC,1bar)"
H2_tawil2024_h2_199,H2,318.15,15,total,mixed,0.383031,"NaCl+CaCl2 (per-ion mol/kg water: Na 0.259441, Cl 0.506621, Ca 0.12359)",0.259441,0.506621,0.000000,0.123590,0.000000,0.000000,tawil2024_h2,Tawil et al. (2024),synthetic_visual,,CH4,0.9,,,3.301709,"Rsw [-] (solution gas-water ratio, dimensionless; Vg(p,T)|sc / Vw|sc; sc=15degC,1bar)"
H2_tawil2024_h2_200,H2,323.15,15,total,mixed,0.383031,"NaCl+CaCl2 (per-ion mol/kg water: Na 0.259441, Cl 0.506621, Ca 0.12359)",0.259441,0.506621,0.000000,0.123590,0.000000,0.000000,tawil2024_h2,Tawil et al. (2024),synthetic_visual,,CH4,0.9,,,3.360389,"Rsw [-] (solution gas-water ratio, dimensionless; Vg(p,T)|sc / Vw|sc; sc=15degC,1bar)"
H2_tawil2024_h2_201,H2,328.15,15,total,mixed,0.383031,"NaCl+CaCl2 (per-ion mol/kg water: Na 0.259441, Cl 0.506621, Ca 0.12359)",0.259441,0.506621,0.000000,0.123590,0.000000,0.000000,tawil2024_h2,Tawil et al. (2024),synthetic_visual,,CH4,0.9,,,3.048316,"Rsw [-] (solution gas-water ratio, dimensionless; Vg(p,T)|sc / Vw|sc; sc=15degC,1bar)"
H2_tawil2024_h2_202,H2,318.15,15,total,mixed,0.399532,"NaCl+CaCl2 (per-ion mol/kg water: Na 0.388613, Cl 0.410452, Ca 0.010919)",0.388613,0.410452,0.000000,0.010919,0.000000,0.000000,tawil2024_h2,Tawil et al. (2024),synthetic_visual,,CH4,0.9,,,3.620581,"Rsw [-] (solution gas-water ratio, dimensionless; Vg(p,T)|sc / Vw|sc; sc=15degC,1bar)"
H2_tawil2024_h2_203,H2,323.15,15,total,mixed,0.399532,"NaCl+CaCl2 (per-ion mol/kg water: Na 0.388613, Cl 0.410452, Ca 0.010919)",0.388613,0.410452,0.000000,0.010919,0.000000,0.000000,tawil2024_h2,Tawil et al. (2024),synthetic_visual,,CH4,0.9,,,3.29906,"Rsw [-] (solution gas-water ratio, dimensionless; Vg(p,T)|sc / Vw|sc; sc=15degC,1bar)"
H2_tawil2024_h2_204,H2,328.15,15,total,mixed,0.399532,"NaCl+CaCl2 (per-ion mol/kg water: Na 0.388613, Cl 0.410452, Ca 0.010919)",0.388613,0.410452,0.000000,0.010919,0.000000,0.000000,tawil2024_h2,Tawil et al. (2024),synthetic_visual,,CH4,0.9,,,3.067275,"Rsw [-] (solution gas-water ratio, dimensionless; Vg(p,T)|sc / Vw|sc; sc=15degC,1bar)"
H2_tawil2024_h2_205,H2,318.15,12,total,mixed,0.383031,"NaCl+CaCl2 (per-ion mol/kg water: Na 0.259441, Cl 0.506621, Ca 0.12359)",0.259441,0.506621,0.000000,0.123590,0.000000,0.000000,tawil2024_h2,Tawil et al. (2024),synthetic_visual,,CH4,0.9,,,2.791365,"Rsw [-] (solution gas-water ratio, dimensionless; Vg(p,T)|sc / Vw|sc; sc=15degC,1bar)"
H2_tawil2024_h2_206,H2,323.15,12,total,mixed,0.383031,"NaCl+CaCl2 (per-ion mol/kg water: Na 0.259441, Cl 0.506621, Ca 0.12359)",0.259441,0.506621,0.000000,0.123590,0.000000,0.000000,tawil2024_h2,Tawil et al. (2024),synthetic_visual,,CH4,0.9,,,2.698494,"Rsw [-] (solution gas-water ratio, dimensionless; Vg(p,T)|sc / Vw|sc; sc=15degC,1bar)"
H2_tawil2024_h2_207,H2,328.15,12,total,mixed,0.383031,"NaCl+CaCl2 (per-ion mol/kg water: Na 0.259441, Cl 0.506621, Ca 0.12359)",0.259441,0.506621,0.000000,0.123590,0.000000,0.000000,tawil2024_h2,Tawil et al. (2024),synthetic_visual,,CH4,0.9,,,2.693315,"Rsw [-] (solution gas-water ratio, dimensionless; Vg(p,T)|sc / Vw|sc; sc=15degC,1bar)"
H2_tawil2024_h2_208,H2,318.15,12,total,mixed,0.399532,"NaCl+CaCl2 (per-ion mol/kg water: Na 0.388613, Cl 0.410452, Ca 0.010919)",0.388613,0.410452,0.000000,0.010919,0.000000,0.000000,tawil2024_h2,Tawil et al. (2024),synthetic_visual,,CH4,0.9,,,3.091687,"Rsw [-] (solution gas-water ratio, dimensionless; Vg(p,T)|sc / Vw|sc; sc=15degC,1bar)"
H2_tawil2024_h2_209,H2,323.15,12,total,mixed,0.399532,"NaCl+CaCl2 (per-ion mol/kg water: Na 0.388613, Cl 0.410452, Ca 0.010919)",0.388613,0.410452,0.000000,0.010919,0.000000,0.000000,tawil2024_h2,Tawil et al. (2024),synthetic_visual,,CH4,0.9,,,2.626726,"Rsw [-] (solution gas-water ratio, dimensionless; Vg(p,T)|sc / Vw|sc; sc=15degC,1bar)"
H2_tawil2024_h2_210,H2,328.15,12,total,mixed,0.399532,"NaCl+CaCl2 (per-ion mol/kg water: Na 0.388613, Cl 0.410452, Ca 0.010919)",0.388613,0.410452,0.000000,0.010919,0.000000,0.000000,tawil2024_h2,Tawil et al. (2024),synthetic_visual,,CH4,0.9,,,2.737072,"Rsw [-] (solution gas-water ratio, dimensionless; Vg(p,T)|sc / Vw|sc; sc=15degC,1bar)"
H2_tawil2024_h2_211,H2,318.15,9,total,mixed,0.383031,"NaCl+CaCl2 (per-ion mol/kg water: Na 0.259441, Cl 0.506621, Ca 0.12359)",0.259441,0.506621,0.000000,0.123590,0.000000,0.000000,tawil2024_h2,Tawil et al. (2024),synthetic_visual,,CH4,0.9,,,2.181797,"Rsw [-] (solution gas-water ratio, dimensionless; Vg(p,T)|sc / Vw|sc; sc=15degC,1bar)"
H2_tawil2024_h2_212,H2,323.15,9,total,mixed,0.383031,"NaCl+CaCl2 (per-ion mol/kg water: Na 0.259441, Cl 0.506621, Ca 0.12359)",0.259441,0.506621,0.000000,0.123590,0.000000,0.000000,tawil2024_h2,Tawil et al. (2024),synthetic_visual,,CH4,0.9,,,2.00778,"Rsw [-] (solution gas-water ratio, dimensionless; Vg(p,T)|sc / Vw|sc; sc=15degC,1bar)"
H2_tawil2024_h2_213,H2,328.15,9,total,mixed,0.383031,"NaCl+CaCl2 (per-ion mol/kg water: Na 0.259441, Cl 0.506621, Ca 0.12359)",0.259441,0.506621,0.000000,0.123590,0.000000,0.000000,tawil2024_h2,Tawil et al. (2024),synthetic_visual,,CH4,0.9,,,2.16293,"Rsw [-] (solution gas-water ratio, dimensionless; Vg(p,T)|sc / Vw|sc; sc=15degC,1bar)"
H2_tawil2024_h2_214,H2,318.15,9,total,mixed,0.399532,"NaCl+CaCl2 (per-ion mol/kg water: Na 0.388613, Cl 0.410452, Ca 0.010919)",0.388613,0.410452,0.000000,0.010919,0.000000,0.000000,tawil2024_h2,Tawil et al. (2024),synthetic_visual,,CH4,0.9,,,2.448478,"Rsw [-] (solution gas-water ratio, dimensionless; Vg(p,T)|sc / Vw|sc; sc=15degC,1bar)"
H2_tawil2024_h2_215,H2,323.15,9,total,mixed,0.399532,"NaCl+CaCl2 (per-ion mol/kg water: Na 0.388613, Cl 0.410452, Ca 0.010919)",0.388613,0.410452,0.000000,0.010919,0.000000,0.000000,tawil2024_h2,Tawil et al. (2024),synthetic_visual,,CH4,0.9,,,1.859032,"Rsw [-] (solution gas-water ratio, dimensionless; Vg(p,T)|sc / Vw|sc; sc=15degC,1bar)"
H2_tawil2024_h2_216,H2,328.15,9,total,mixed,0.399532,"NaCl+CaCl2 (per-ion mol/kg water: Na 0.388613, Cl 0.410452, Ca 0.010919)",0.388613,0.410452,0.000000,0.010919,0.000000,0.000000,tawil2024_h2,Tawil et al. (2024),synthetic_visual,,CH4,0.9,,,2.121299,"Rsw [-] (solution gas-water ratio, dimensionless; Vg(p,T)|sc / Vw|sc; sc=15degC,1bar)"
H2_tawil2024_h2_217,H2,318.15,6,total,mixed,0.383031,"NaCl+CaCl2 (per-ion mol/kg water: Na 0.259441, Cl 0.506621, Ca 0.12359)",0.259441,0.506621,0.000000,0.123590,0.000000,0.000000,tawil2024_h2,Tawil et al. (2024),synthetic_visual,,CH4,0.9,,,1.511591,"Rsw [-] (solution gas-water ratio, dimensionless; Vg(p,T)|sc / Vw|sc; sc=15degC,1bar)"
H2_tawil2024_h2_218,H2,323.15,6,total,mixed,0.383031,"NaCl+CaCl2 (per-ion mol/kg water: Na 0.259441, Cl 0.506621, Ca 0.12359)",0.259441,0.506621,0.000000,0.123590,0.000000,0.000000,tawil2024_h2,Tawil et al. (2024),synthetic_visual,,CH4,0.9,,,1.436187,"Rsw [-] (solution gas-water ratio, dimensionless; Vg(p,T)|sc / Vw|sc; sc=15degC,1bar)"
H2_tawil2024_h2_219,H2,328.15,6,total,mixed,0.383031,"NaCl+CaCl2 (per-ion mol/kg water: Na 0.259441, Cl 0.506621, Ca 0.12359)",0.259441,0.506621,0.000000,0.123590,0.000000,0.000000,tawil2024_h2,Tawil et al. (2024),synthetic_visual,,CH4,0.9,,,1.631583,"Rsw [-] (solution gas-water ratio, dimensionless; Vg(p,T)|sc / Vw|sc; sc=15degC,1bar)"
H2_tawil2024_h2_220,H2,318.15,6,total,mixed,0.399532,"NaCl+CaCl2 (per-ion mol/kg water: Na 0.388613, Cl 0.410452, Ca 0.010919)",0.388613,0.410452,0.000000,0.010919,0.000000,0.000000,tawil2024_h2,Tawil et al. (2024),synthetic_visual,,CH4,0.9,,,1.670295,"Rsw [-] (solution gas-water ratio, dimensionless; Vg(p,T)|sc / Vw|sc; sc=15degC,1bar)"
H2_tawil2024_h2_221,H2,323.15,6,total,mixed,0.399532,"NaCl+CaCl2 (per-ion mol/kg water: Na 0.388613, Cl 0.410452, Ca 0.010919)",0.388613,0.410452,0.000000,0.010919,0.000000,0.000000,tawil2024_h2,Tawil et al. (2024),synthetic_visual,,CH4,0.9,,,1.350447,"Rsw [-] (solution gas-water ratio, dimensionless; Vg(p,T)|sc / Vw|sc; sc=15degC,1bar)"
H2_tawil2024_h2_222,H2,328.15,6,total,mixed,0.399532,"NaCl+CaCl2 (per-ion mol/kg water: Na 0.388613, Cl 0.410452, Ca 0.010919)",0.388613,0.410452,0.000000,0.010919,0.000000,0.000000,tawil2024_h2,Tawil et al. (2024),synthetic_visual,,CH4,0.9,,,1.397035,"Rsw [-] (solution gas-water ratio, dimensionless; Vg(p,T)|sc / Vw|sc; sc=15degC,1bar)"
H2_tawil2024_h2_223,H2,318.15,3,total,mixed,0.383031,"NaCl+CaCl2 (per-ion mol/kg water: Na 0.259441, Cl 0.506621, Ca 0.12359)",0.259441,0.506621,0.000000,0.123590,0.000000,0.000000,tawil2024_h2,Tawil et al. (2024),synthetic_visual,,CH4,0.9,,,0.784325,"Rsw [-] (solution gas-water ratio, dimensionless; Vg(p,T)|sc / Vw|sc; sc=15degC,1bar)"
H2_tawil2024_h2_224,H2,323.15,3,total,mixed,0.383031,"NaCl+CaCl2 (per-ion mol/kg water: Na 0.259441, Cl 0.506621, Ca 0.12359)",0.259441,0.506621,0.000000,0.123590,0.000000,0.000000,tawil2024_h2,Tawil et al. (2024),synthetic_visual,,CH4,0.9,,,0.682069,"Rsw [-] (solution gas-water ratio, dimensionless; Vg(p,T)|sc / Vw|sc; sc=15degC,1bar)"
H2_tawil2024_h2_225,H2,328.15,3,total,mixed,0.383031,"NaCl+CaCl2 (per-ion mol/kg water: Na 0.259441, Cl 0.506621, Ca 0.12359)",0.259441,0.506621,0.000000,0.123590,0.000000,0.000000,tawil2024_h2,Tawil et al. (2024),synthetic_visual,,CH4,0.9,,,0.912531,"Rsw [-] (solution gas-water ratio, dimensionless; Vg(p,T)|sc / Vw|sc; sc=15degC,1bar)"
H2_tawil2024_h2_226,H2,318.15,3,total,mixed,0.399532,"NaCl+CaCl2 (per-ion mol/kg water: Na 0.388613, Cl 0.410452, Ca 0.010919)",0.388613,0.410452,0.000000,0.010919,0.000000,0.000000,tawil2024_h2,Tawil et al. (2024),synthetic_visual,,CH4,0.9,,,0.846733,"Rsw [-] (solution gas-water ratio, dimensionless; Vg(p,T)|sc / Vw|sc; sc=15degC,1bar)"
H2_tawil2024_h2_227,H2,323.15,3,total,mixed,0.399532,"NaCl+CaCl2 (per-ion mol/kg water: Na 0.388613, Cl 0.410452, Ca 0.010919)",0.388613,0.410452,0.000000,0.010919,0.000000,0.000000,tawil2024_h2,Tawil et al. (2024),synthetic_visual,,CH4,0.9,,,0.703157,"Rsw [-] (solution gas-water ratio, dimensionless; Vg(p,T)|sc / Vw|sc; sc=15degC,1bar)"
H2_tawil2024_h2_228,H2,328.15,3,total,mixed,0.399532,"NaCl+CaCl2 (per-ion mol/kg water: Na 0.388613, Cl 0.410452, Ca 0.010919)",0.388613,0.410452,0.000000,0.010919,0.000000,0.000000,tawil2024_h2,Tawil et al. (2024),synthetic_visual,,CH4,0.9,,,0.822126,"Rsw [-] (solution gas-water ratio, dimensionless; Vg(p,T)|sc / Vw|sc; sc=15degC,1bar)"
H2_tawil2024_h2_229,H2,318.15,0.1,total,mixed,0.383031,"NaCl+CaCl2 (per-ion mol/kg water: Na 0.259441, Cl 0.506621, Ca 0.12359)",0.259441,0.506621,0.000000,0.123590,0.000000,0.000000,tawil2024_h2,Tawil et al. (2024),synthetic_visual,,CH4,0.9,,,0,"Rsw [-] (solution gas-water ratio, dimensionless; Vg(p,T)|sc / Vw|sc; sc=15degC,1bar)"
H2_tawil2024_h2_230,H2,323.15,0.1,total,mixed,0.383031,"NaCl+CaCl2 (per-ion mol/kg water: Na 0.259441, Cl 0.506621, Ca 0.12359)",0.259441,0.506621,0.000000,0.123590,0.000000,0.000000,tawil2024_h2,Tawil et al. (2024),synthetic_visual,,CH4,0.9,,,0,"Rsw [-] (solution gas-water ratio, dimensionless; Vg(p,T)|sc / Vw|sc; sc=15degC,1bar)"
H2_tawil2024_h2_231,H2,328.15,0.1,total,mixed,0.383031,"NaCl+CaCl2 (per-ion mol/kg water: Na 0.259441, Cl 0.506621, Ca 0.12359)",0.259441,0.506621,0.000000,0.123590,0.000000,0.000000,tawil2024_h2,Tawil et al. (2024),synthetic_visual,,CH4,0.9,,,0,"Rsw [-] (solution gas-water ratio, dimensionless; Vg(p,T)|sc / Vw|sc; sc=15degC,1bar)"
H2_tawil2024_h2_232,H2,318.15,0.1,total,mixed,0.399532,"NaCl+CaCl2 (per-ion mol/kg water: Na 0.388613, Cl 0.410452, Ca 0.010919)",0.388613,0.410452,0.000000,0.010919,0.000000,0.000000,tawil2024_h2,Tawil et al. (2024),synthetic_visual,,CH4,0.9,,,0,"Rsw [-] (solution gas-water ratio, dimensionless; Vg(p,T)|sc / Vw|sc; sc=15degC,1bar)"
H2_tawil2024_h2_233,H2,323.15,0.1,total,mixed,0.399532,"NaCl+CaCl2 (per-ion mol/kg water: Na 0.388613, Cl 0.410452, Ca 0.010919)",0.388613,0.410452,0.000000,0.010919,0.000000,0.000000,tawil2024_h2,Tawil et al. (2024),synthetic_visual,,CH4,0.9,,,0,"Rsw [-] (solution gas-water ratio, dimensionless; Vg(p,T)|sc / Vw|sc; sc=15degC,1bar)"
H2_tawil2024_h2_234,H2,328.15,0.1,total,mixed,0.399532,"NaCl+CaCl2 (per-ion mol/kg water: Na 0.388613, Cl 0.410452, Ca 0.010919)",0.388613,0.410452,0.000000,0.010919,0.000000,0.000000,tawil2024_h2,Tawil et al. (2024),synthetic_visual,,CH4,0.9,,,0,"Rsw [-] (solution gas-water ratio, dimensionless; Vg(p,T)|sc / Vw|sc; sc=15degC,1bar)"
H2_zhang2025_h2_001,H2,294,0.53,total,none,0,,0.000000,0.000000,0.000000,0.000000,0.000000,0.000000,zhang2025_h2,"Zhang, Bourdet, Clennell & Matthew (2025)",other,,CH4,0.85,2.41399e-05,0.00134,1.34E-3,mol/kg
H2_zhang2025_h2_002,H2,294,9.97,total,none,0,,0.000000,0.000000,0.000000,0.000000,0.000000,0.000000,zhang2025_h2,"Zhang, Bourdet, Clennell & Matthew (2025)",other,,CH4,0.85,0.000162832,0.00904,9.04E-3,mol/kg
H2_zhang2025_h2_003,H2,294,19.92,total,none,0,,0.000000,0.000000,0.000000,0.000000,0.000000,0.000000,zhang2025_h2,"Zhang, Bourdet, Clennell & Matthew (2025)",other,,CH4,0.85,0.000331372,0.0184,1.84E-2,mol/kg
H2_zhang2025_h2_004,H2,294,29.95,total,none,0,,0.000000,0.000000,0.000000,0.000000,0.000000,0.000000,zhang2025_h2,"Zhang, Bourdet, Clennell & Matthew (2025)",other,,CH4,0.85,0.000676917,0.0376,3.76E-2,mol/kg
H2S_huang1985_h2s_001,H2S,310.95,4.82,total,none,0,,0.000000,0.000000,0.000000,0.000000,0.000000,0.000000,huang1985_h2s,"Huang, Leu, Ng & Robinson (1985) -- CO2-CH4-H2S-water mixture (per Shabani-Vilcaez2017 validation)",chromatography,,,,,,2.76E-4,"CH4 liquid-phase (aqueous) mole fraction, Table 1, MIXTURE 4-component CH4-CO2-H2S-H2O"
H2S_huang1985_h2s_002,H2S,310.95,4.82,total,none,0,,0.000000,0.000000,0.000000,0.000000,0.000000,0.000000,huang1985_h2s,"Huang, Leu, Ng & Robinson (1985) -- CO2-CH4-H2S-water mixture (per Shabani-Vilcaez2017 validation)",chromatography,,,,,,9.30E-3,"CO2 liquid-phase (aqueous) mole fraction, Table 1, MIXTURE 4-component CH4-CO2-H2S-H2O"
H2S_huang1985_h2s_003,H2S,310.95,4.82,total,none,0,,0.000000,0.000000,0.000000,0.000000,0.000000,0.000000,huang1985_h2s,"Huang, Leu, Ng & Robinson (1985) -- CO2-CH4-H2S-water mixture (per Shabani-Vilcaez2017 validation)",chromatography,,,,0.00503,0.28061863,5.03E-3,"H2S liquid-phase (aqueous) mole fraction, Table 1, MIXTURE 4-component CH4-CO2-H2S-H2O"
H2S_huang1985_h2s_004,H2S,310.95,4.82,total,none,0,,0.000000,0.000000,0.000000,0.000000,0.000000,0.000000,huang1985_h2s,"Huang, Leu, Ng & Robinson (1985) -- CO2-CH4-H2S-water mixture (per Shabani-Vilcaez2017 validation)",chromatography,,,,,,0.9854,"H2O liquid-phase (aqueous) mole fraction, Table 1, MIXTURE 4-component CH4-CO2-H2S-H2O"
H2S_huang1985_h2s_005,H2S,310.95,7.6,total,none,0,,0.000000,0.000000,0.000000,0.000000,0.000000,0.000000,huang1985_h2s,"Huang, Leu, Ng & Robinson (1985) -- CO2-CH4-H2S-water mixture (per Shabani-Vilcaez2017 validation)",chromatography,,,,,,4.66E-4,"CH4 liquid-phase (aqueous) mole fraction, Table 1, MIXTURE 4-component CH4-CO2-H2S-H2O"
H2S_huang1985_h2s_006,H2S,310.95,7.6,total,none,0,,0.000000,0.000000,0.000000,0.000000,0.000000,0.000000,huang1985_h2s,"Huang, Leu, Ng & Robinson (1985) -- CO2-CH4-H2S-water mixture (per Shabani-Vilcaez2017 validation)",chromatography,,,,,,0.0121,"CO2 liquid-phase (aqueous) mole fraction, Table 1, MIXTURE 4-component CH4-CO2-H2S-H2O"
H2S_huang1985_h2s_007,H2S,310.95,7.6,total,none,0,,0.000000,0.000000,0.000000,0.000000,0.000000,0.000000,huang1985_h2s,"Huang, Leu, Ng & Robinson (1985) -- CO2-CH4-H2S-water mixture (per Shabani-Vilcaez2017 validation)",chromatography,,,,0.0054,0.30137263,5.40E-3,"H2S liquid-phase (aqueous) mole fraction, Table 1, MIXTURE 4-component CH4-CO2-H2S-H2O"
H2S_huang1985_h2s_008,H2S,310.95,7.6,total,none,0,,0.000000,0.000000,0.000000,0.000000,0.000000,0.000000,huang1985_h2s,"Huang, Leu, Ng & Robinson (1985) -- CO2-CH4-H2S-water mixture (per Shabani-Vilcaez2017 validation)",chromatography,,,,,,0.9816,"H2O liquid-phase (aqueous) mole fraction, Table 1, MIXTURE 4-component CH4-CO2-H2S-H2O"
H2S_huang1985_h2s_009,H2S,310.95,12.52,total,none,0,,0.000000,0.000000,0.000000,0.000000,0.000000,0.000000,huang1985_h2s,"Huang, Leu, Ng & Robinson (1985) -- CO2-CH4-H2S-water mixture (per Shabani-Vilcaez2017 validation)",chromatography,,,,,,7.96E-4,"CH4 liquid-phase (aqueous) mole fraction, Table 1, MIXTURE 4-component CH4-CO2-H2S-H2O"
H2S_huang1985_h2s_010,H2S,310.95,12.52,total,none,0,,0.000000,0.000000,0.000000,0.000000,0.000000,0.000000,huang1985_h2s,"Huang, Leu, Ng & Robinson (1985) -- CO2-CH4-H2S-water mixture (per Shabani-Vilcaez2017 validation)",chromatography,,,,,,0.0151,"CO2 liquid-phase (aqueous) mole fraction, Table 1, MIXTURE 4-component CH4-CO2-H2S-H2O"
H2S_huang1985_h2s_011,H2S,310.95,12.52,total,none,0,,0.000000,0.000000,0.000000,0.000000,0.000000,0.000000,huang1985_h2s,"Huang, Leu, Ng & Robinson (1985) -- CO2-CH4-H2S-water mixture (per Shabani-Vilcaez2017 validation)",chromatography,,,,0.00595,0.33225172,5.95E-3,"H2S liquid-phase (aqueous) mole fraction, Table 1, MIXTURE 4-component CH4-CO2-H2S-H2O"
H2S_huang1985_h2s_012,H2S,310.95,12.52,total,none,0,,0.000000,0.000000,0.000000,0.000000,0.000000,0.000000,huang1985_h2s,"Huang, Leu, Ng & Robinson (1985) -- CO2-CH4-H2S-water mixture (per Shabani-Vilcaez2017 validation)",chromatography,,,,,,0.9781,"H2O liquid-phase (aqueous) mole fraction, Table 1, MIXTURE 4-component CH4-CO2-H2S-H2O"
H2S_huang1985_h2s_013,H2S,310.95,16.93,total,none,0,,0.000000,0.000000,0.000000,0.000000,0.000000,0.000000,huang1985_h2s,"Huang, Leu, Ng & Robinson (1985) -- CO2-CH4-H2S-water mixture (per Shabani-Vilcaez2017 validation)",chromatography,,,,,,9.90E-4,"CH4 liquid-phase (aqueous) mole fraction, Table 1, MIXTURE 4-component CH4-CO2-H2S-H2O"
H2S_huang1985_h2s_014,H2S,310.95,16.93,total,none,0,,0.000000,0.000000,0.000000,0.000000,0.000000,0.000000,huang1985_h2s,"Huang, Leu, Ng & Robinson (1985) -- CO2-CH4-H2S-water mixture (per Shabani-Vilcaez2017 validation)",chromatography,,,,,,0.0154,"CO2 liquid-phase (aqueous) mole fraction, Table 1, MIXTURE 4-component CH4-CO2-H2S-H2O"
H2S_huang1985_h2s_015,H2S,310.95,16.93,total,none,0,,0.000000,0.000000,0.000000,0.000000,0.000000,0.000000,huang1985_h2s,"Huang, Leu, Ng & Robinson (1985) -- CO2-CH4-H2S-water mixture (per Shabani-Vilcaez2017 validation)",chromatography,,,,0.00608,0.33955541,6.08E-3,"H2S liquid-phase (aqueous) mole fraction, Table 1, MIXTURE 4-component CH4-CO2-H2S-H2O"
H2S_huang1985_h2s_016,H2S,310.95,16.93,total,none,0,,0.000000,0.000000,0.000000,0.000000,0.000000,0.000000,huang1985_h2s,"Huang, Leu, Ng & Robinson (1985) -- CO2-CH4-H2S-water mixture (per Shabani-Vilcaez2017 validation)",chromatography,,,,,,0.9777,"H2O liquid-phase (aqueous) mole fraction, Table 1, MIXTURE 4-component CH4-CO2-H2S-H2O"
H2S_huang1985_h2s_017,H2S,380.35,8.36,total,none,0,,0.000000,0.000000,0.000000,0.000000,0.000000,0.000000,huang1985_h2s,"Huang, Leu, Ng & Robinson (1985) -- CO2-CH4-H2S-water mixture (per Shabani-Vilcaez2017 validation)",chromatography,,,,,,3.79E-4,"CH4 liquid-phase (aqueous) mole fraction, Table 1, MIXTURE 4-component CH4-CO2-H2S-H2O"
H2S_huang1985_h2s_018,H2S,380.35,8.36,total,none,0,,0.000000,0.000000,0.000000,0.000000,0.000000,0.000000,huang1985_h2s,"Huang, Leu, Ng & Robinson (1985) -- CO2-CH4-H2S-water mixture (per Shabani-Vilcaez2017 validation)",chromatography,,,,,,6.98E-3,"CO2 liquid-phase (aqueous) mole fraction, Table 1, MIXTURE 4-component CH4-CO2-H2S-H2O"
H2S_huang1985_h2s_019,H2S,380.35,8.36,total,none,0,,0.000000,0.000000,0.000000,0.000000,0.000000,0.000000,huang1985_h2s,"Huang, Leu, Ng & Robinson (1985) -- CO2-CH4-H2S-water mixture (per Shabani-Vilcaez2017 validation)",chromatography,,,,0.00342,0.19049011,3.42E-3,"H2S liquid-phase (aqueous) mole fraction, Table 1, MIXTURE 4-component CH4-CO2-H2S-H2O"
H2S_huang1985_h2s_020,H2S,380.35,8.36,total,none,0,,0.000000,0.000000,0.000000,0.000000,0.000000,0.000000,huang1985_h2s,"Huang, Leu, Ng & Robinson (1985) -- CO2-CH4-H2S-water mixture (per Shabani-Vilcaez2017 validation)",chromatography,,,,,,0.9894,"H2O liquid-phase (aqueous) mole fraction, Table 1, MIXTURE 4-component CH4-CO2-H2S-H2O"
H2S_huang1985_h2s_021,H2S,380.35,12.93,total,none,0,,0.000000,0.000000,0.000000,0.000000,0.000000,0.000000,huang1985_h2s,"Huang, Leu, Ng & Robinson (1985) -- CO2-CH4-H2S-water mixture (per Shabani-Vilcaez2017 validation)",chromatography,,,,,,5.78E-4,"CH4 liquid-phase (aqueous) mole fraction, Table 1, MIXTURE 4-component CH4-CO2-H2S-H2O"
H2S_huang1985_h2s_022,H2S,380.35,12.93,total,none,0,,0.000000,0.000000,0.000000,0.000000,0.000000,0.000000,huang1985_h2s,"Huang, Leu, Ng & Robinson (1985) -- CO2-CH4-H2S-water mixture (per Shabani-Vilcaez2017 validation)",chromatography,,,,,,9.59E-3,"CO2 liquid-phase (aqueous) mole fraction, Table 1, MIXTURE 4-component CH4-CO2-H2S-H2O"
H2S_huang1985_h2s_023,H2S,380.35,12.93,total,none,0,,0.000000,0.000000,0.000000,0.000000,0.000000,0.000000,huang1985_h2s,"Huang, Leu, Ng & Robinson (1985) -- CO2-CH4-H2S-water mixture (per Shabani-Vilcaez2017 validation)",chromatography,,,,0.00447,0.24923652,4.47E-3,"H2S liquid-phase (aqueous) mole fraction, Table 1, MIXTURE 4-component CH4-CO2-H2S-H2O"
H2S_huang1985_h2s_024,H2S,380.35,12.93,total,none,0,,0.000000,0.000000,0.000000,0.000000,0.000000,0.000000,huang1985_h2s,"Huang, Leu, Ng & Robinson (1985) -- CO2-CH4-H2S-water mixture (per Shabani-Vilcaez2017 validation)",chromatography,,,,,,0.9854,"H2O liquid-phase (aqueous) mole fraction, Table 1, MIXTURE 4-component CH4-CO2-H2S-H2O"
H2S_huang1985_h2s_025,H2S,380.35,17.17,total,none,0,,0.000000,0.000000,0.000000,0.000000,0.000000,0.000000,huang1985_h2s,"Huang, Leu, Ng & Robinson (1985) -- CO2-CH4-H2S-water mixture (per Shabani-Vilcaez2017 validation)",chromatography,,,,,,7.79E-4,"CH4 liquid-phase (aqueous) mole fraction, Table 1, MIXTURE 4-component CH4-CO2-H2S-H2O"
H2S_huang1985_h2s_026,H2S,380.35,17.17,total,none,0,,0.000000,0.000000,0.000000,0.000000,0.000000,0.000000,huang1985_h2s,"Huang, Leu, Ng & Robinson (1985) -- CO2-CH4-H2S-water mixture (per Shabani-Vilcaez2017 validation)",chromatography,,,,,,0.0113,"CO2 liquid-phase (aqueous) mole fraction, Table 1, MIXTURE 4-component CH4-CO2-H2S-H2O"
H2S_huang1985_h2s_027,H2S,380.35,17.17,total,none,0,,0.000000,0.000000,0.000000,0.000000,0.000000,0.000000,huang1985_h2s,"Huang, Leu, Ng & Robinson (1985) -- CO2-CH4-H2S-water mixture (per Shabani-Vilcaez2017 validation)",chromatography,,,,0.00473,0.26380239,4.73E-3,"H2S liquid-phase (aqueous) mole fraction, Table 1, MIXTURE 4-component CH4-CO2-H2S-H2O"
H2S_huang1985_h2s_028,H2S,380.35,17.17,total,none,0,,0.000000,0.000000,0.000000,0.000000,0.000000,0.000000,huang1985_h2s,"Huang, Leu, Ng & Robinson (1985) -- CO2-CH4-H2S-water mixture (per Shabani-Vilcaez2017 validation)",chromatography,,,,,,0.9834,"H2O liquid-phase (aqueous) mole fraction, Table 1, MIXTURE 4-component CH4-CO2-H2S-H2O"
H2S_huang1985_h2s_029,H2S,449.85,11.8,total,none,0,,0.000000,0.000000,0.000000,0.000000,0.000000,0.000000,huang1985_h2s,"Huang, Leu, Ng & Robinson (1985) -- CO2-CH4-H2S-water mixture (per Shabani-Vilcaez2017 validation)",chromatography,,,,,,7.17E-4,"CH4 liquid-phase (aqueous) mole fraction, Table 1, MIXTURE 4-component CH4-CO2-H2S-H2O"
H2S_huang1985_h2s_030,H2S,449.85,11.8,total,none,0,,0.000000,0.000000,0.000000,0.000000,0.000000,0.000000,huang1985_h2s,"Huang, Leu, Ng & Robinson (1985) -- CO2-CH4-H2S-water mixture (per Shabani-Vilcaez2017 validation)",chromatography,,,,,,7.95E-3,"CO2 liquid-phase (aqueous) mole fraction, Table 1, MIXTURE 4-component CH4-CO2-H2S-H2O"
H2S_huang1985_h2s_031,H2S,449.85,11.8,total,none,0,,0.000000,0.000000,0.000000,0.000000,0.000000,0.000000,huang1985_h2s,"Huang, Leu, Ng & Robinson (1985) -- CO2-CH4-H2S-water mixture (per Shabani-Vilcaez2017 validation)",chromatography,,,,0.00374,0.20838066,3.74E-3,"H2S liquid-phase (aqueous) mole fraction, Table 1, MIXTURE 4-component CH4-CO2-H2S-H2O"
H2S_huang1985_h2s_032,H2S,449.85,11.8,total,none,0,,0.000000,0.000000,0.000000,0.000000,0.000000,0.000000,huang1985_h2s,"Huang, Leu, Ng & Robinson (1985) -- CO2-CH4-H2S-water mixture (per Shabani-Vilcaez2017 validation)",chromatography,,,,,,0.9877,"H2O liquid-phase (aqueous) mole fraction, Table 1, MIXTURE 4-component CH4-CO2-H2S-H2O"
H2S_huang1985_h2s_033,H2S,449.85,17.31,total,none,0,,0.000000,0.000000,0.000000,0.000000,0.000000,0.000000,huang1985_h2s,"Huang, Leu, Ng & Robinson (1985) -- CO2-CH4-H2S-water mixture (per Shabani-Vilcaez2017 validation)",chromatography,,,,,,1.10E-3,"CH4 liquid-phase (aqueous) mole fraction, Table 1, MIXTURE 4-component CH4-CO2-H2S-H2O"
H2S_huang1985_h2s_034,H2S,449.85,17.31,total,none,0,,0.000000,0.000000,0.000000,0.000000,0.000000,0.000000,huang1985_h2s,"Huang, Leu, Ng & Robinson (1985) -- CO2-CH4-H2S-water mixture (per Shabani-Vilcaez2017 validation)",chromatography,,,,,,0.0114,"CO2 liquid-phase (aqueous) mole fraction, Table 1, MIXTURE 4-component CH4-CO2-H2S-H2O"
H2S_huang1985_h2s_035,H2S,449.85,17.31,total,none,0,,0.000000,0.000000,0.000000,0.000000,0.000000,0.000000,huang1985_h2s,"Huang, Leu, Ng & Robinson (1985) -- CO2-CH4-H2S-water mixture (per Shabani-Vilcaez2017 validation)",chromatography,,,,0.00478,0.26660439,4.78E-3,"H2S liquid-phase (aqueous) mole fraction, Table 1, MIXTURE 4-component CH4-CO2-H2S-H2O"
H2S_huang1985_h2s_036,H2S,449.85,17.31,total,none,0,,0.000000,0.000000,0.000000,0.000000,0.000000,0.000000,huang1985_h2s,"Huang, Leu, Ng & Robinson (1985) -- CO2-CH4-H2S-water mixture (per Shabani-Vilcaez2017 validation)",chromatography,,,,,,0.9827,"H2O liquid-phase (aqueous) mole fraction, Table 1, MIXTURE 4-component CH4-CO2-H2S-H2O"
H2S_huang1985_h2s_037,H2S,380.35,7.56,total,none,0,,0.000000,0.000000,0.000000,0.000000,0.000000,0.000000,huang1985_h2s,"Huang, Leu, Ng & Robinson (1985) -- CO2-CH4-H2S-water mixture (per Shabani-Vilcaez2017 validation)",chromatography,,,,,,1.55E-4,"CH4 liquid-phase (aqueous) mole fraction, Table 2, MIXTURE 4-component CH4-CO2-H2S-H2O"
H2S_huang1985_h2s_038,H2S,380.35,7.56,total,none,0,,0.000000,0.000000,0.000000,0.000000,0.000000,0.000000,huang1985_h2s,"Huang, Leu, Ng & Robinson (1985) -- CO2-CH4-H2S-water mixture (per Shabani-Vilcaez2017 validation)",chromatography,,,,,,1.25E-3,"CO2 liquid-phase (aqueous) mole fraction, Table 2, MIXTURE 4-component CH4-CO2-H2S-H2O"
H2S_huang1985_h2s_039,H2S,380.35,7.56,total,none,0,,0.000000,0.000000,0.000000,0.000000,0.000000,0.000000,huang1985_h2s,"Huang, Leu, Ng & Robinson (1985) -- CO2-CH4-H2S-water mixture (per Shabani-Vilcaez2017 validation)",chromatography,,,,0.0304,1.7403615,0.0304,"H2S liquid-phase (aqueous) mole fraction, Table 2, MIXTURE 4-component CH4-CO2-H2S-H2O"
H2S_huang1985_h2s_040,H2S,380.35,7.56,total,none,0,,0.000000,0.000000,0.000000,0.000000,0.000000,0.000000,huang1985_h2s,"Huang, Leu, Ng & Robinson (1985) -- CO2-CH4-H2S-water mixture (per Shabani-Vilcaez2017 validation)",chromatography,,,,,,0.9682,"H2O liquid-phase (aqueous) mole fraction, Table 2, MIXTURE 4-component CH4-CO2-H2S-H2O"
H2S_huang1985_h2s_041,H2S,380.35,12.27,total,none,0,,0.000000,0.000000,0.000000,0.000000,0.000000,0.000000,huang1985_h2s,"Huang, Leu, Ng & Robinson (1985) -- CO2-CH4-H2S-water mixture (per Shabani-Vilcaez2017 validation)",chromatography,,,,,,3.32E-4,"CH4 liquid-phase (aqueous) mole fraction, Table 2, MIXTURE 4-component CH4-CO2-H2S-H2O"
H2S_huang1985_h2s_042,H2S,380.35,12.27,total,none,0,,0.000000,0.000000,0.000000,0.000000,0.000000,0.000000,huang1985_h2s,"Huang, Leu, Ng & Robinson (1985) -- CO2-CH4-H2S-water mixture (per Shabani-Vilcaez2017 validation)",chromatography,,,,,,2.26E-3,"CO2 liquid-phase (aqueous) mole fraction, Table 2, MIXTURE 4-component CH4-CO2-H2S-H2O"
H2S_huang1985_h2s_043,H2S,380.35,12.27,total,none,0,,0.000000,0.000000,0.000000,0.000000,0.000000,0.000000,huang1985_h2s,"Huang, Leu, Ng & Robinson (1985) -- CO2-CH4-H2S-water mixture (per Shabani-Vilcaez2017 validation)",chromatography,,,,0.0361,2.0789006,0.0361,"H2S liquid-phase (aqueous) mole fraction, Table 2, MIXTURE 4-component CH4-CO2-H2S-H2O"
H2S_huang1985_h2s_044,H2S,380.35,12.27,total,none,0,,0.000000,0.000000,0.000000,0.000000,0.000000,0.000000,huang1985_h2s,"Huang, Leu, Ng & Robinson (1985) -- CO2-CH4-H2S-water mixture (per Shabani-Vilcaez2017 validation)",chromatography,,,,,,0.9613,"H2O liquid-phase (aqueous) mole fraction, Table 2, MIXTURE 4-component CH4-CO2-H2S-H2O"
H2S_huang1985_h2s_045,H2S,380.35,16.92,total,none,0,,0.000000,0.000000,0.000000,0.000000,0.000000,0.000000,huang1985_h2s,"Huang, Leu, Ng & Robinson (1985) -- CO2-CH4-H2S-water mixture (per Shabani-Vilcaez2017 validation)",chromatography,,,,,,6.06E-4,"CH4 liquid-phase (aqueous) mole fraction, Table 2, MIXTURE 4-component CH4-CO2-H2S-H2O"
H2S_huang1985_h2s_046,H2S,380.35,16.92,total,none,0,,0.000000,0.000000,0.000000,0.000000,0.000000,0.000000,huang1985_h2s,"Huang, Leu, Ng & Robinson (1985) -- CO2-CH4-H2S-water mixture (per Shabani-Vilcaez2017 validation)",chromatography,,,,,,3.34E-3,"CO2 liquid-phase (aqueous) mole fraction, Table 2, MIXTURE 4-component CH4-CO2-H2S-H2O"
H2S_huang1985_h2s_047,H2S,380.35,16.92,total,none,0,,0.000000,0.000000,0.000000,0.000000,0.000000,0.000000,huang1985_h2s,"Huang, Leu, Ng & Robinson (1985) -- CO2-CH4-H2S-water mixture (per Shabani-Vilcaez2017 validation)",chromatography,,,,0.0392,2.2647047,0.0392,"H2S liquid-phase (aqueous) mole fraction, Table 2, MIXTURE 4-component CH4-CO2-H2S-H2O"
H2S_huang1985_h2s_048,H2S,380.35,16.92,total,none,0,,0.000000,0.000000,0.000000,0.000000,0.000000,0.000000,huang1985_h2s,"Huang, Leu, Ng & Robinson (1985) -- CO2-CH4-H2S-water mixture (per Shabani-Vilcaez2017 validation)",chromatography,,,,,,0.9568,"H2O liquid-phase (aqueous) mole fraction, Table 2, MIXTURE 4-component CH4-CO2-H2S-H2O"
H2S_huang1985_h2s_049,H2S,449.85,11.0,total,none,0,,0.000000,0.000000,0.000000,0.000000,0.000000,0.000000,huang1985_h2s,"Huang, Leu, Ng & Robinson (1985) -- CO2-CH4-H2S-water mixture (per Shabani-Vilcaez2017 validation)",chromatography,,,,,,3.50E-4,"CH4 liquid-phase (aqueous) mole fraction, Table 2, MIXTURE 4-component CH4-CO2-H2S-H2O"
H2S_huang1985_h2s_050,H2S,449.85,11.0,total,none,0,,0.000000,0.000000,0.000000,0.000000,0.000000,0.000000,huang1985_h2s,"Huang, Leu, Ng & Robinson (1985) -- CO2-CH4-H2S-water mixture (per Shabani-Vilcaez2017 validation)",chromatography,,,,,,1.64E-3,"CO2 liquid-phase (aqueous) mole fraction, Table 2, MIXTURE 4-component CH4-CO2-H2S-H2O"
H2S_huang1985_h2s_051,H2S,449.85,11.0,total,none,0,,0.000000,0.000000,0.000000,0.000000,0.000000,0.000000,huang1985_h2s,"Huang, Leu, Ng & Robinson (1985) -- CO2-CH4-H2S-water mixture (per Shabani-Vilcaez2017 validation)",chromatography,,,,0.0286,1.6342799,0.0286,"H2S liquid-phase (aqueous) mole fraction, Table 2, MIXTURE 4-component CH4-CO2-H2S-H2O"
H2S_huang1985_h2s_052,H2S,449.85,11.0,total,none,0,,0.000000,0.000000,0.000000,0.000000,0.000000,0.000000,huang1985_h2s,"Huang, Leu, Ng & Robinson (1985) -- CO2-CH4-H2S-water mixture (per Shabani-Vilcaez2017 validation)",chromatography,,,,,,0.9694,"H2O liquid-phase (aqueous) mole fraction, Table 2, MIXTURE 4-component CH4-CO2-H2S-H2O"
H2S_huang1985_h2s_053,H2S,449.85,18.17,total,none,0,,0.000000,0.000000,0.000000,0.000000,0.000000,0.000000,huang1985_h2s,"Huang, Leu, Ng & Robinson (1985) -- CO2-CH4-H2S-water mixture (per Shabani-Vilcaez2017 validation)",chromatography,,,,,,7.15E-4,"CH4 liquid-phase (aqueous) mole fraction, Table 2, MIXTURE 4-component CH4-CO2-H2S-H2O"
H2S_huang1985_h2s_054,H2S,449.85,18.17,total,none,0,,0.000000,0.000000,0.000000,0.000000,0.000000,0.000000,huang1985_h2s,"Huang, Leu, Ng & Robinson (1985) -- CO2-CH4-H2S-water mixture (per Shabani-Vilcaez2017 validation)",chromatography,,,,,,2.92E-3,"CO2 liquid-phase (aqueous) mole fraction, Table 2, MIXTURE 4-component CH4-CO2-H2S-H2O"
H2S_huang1985_h2s_055,H2S,449.85,18.17,total,none,0,,0.000000,0.000000,0.000000,0.000000,0.000000,0.000000,huang1985_h2s,"Huang, Leu, Ng & Robinson (1985) -- CO2-CH4-H2S-water mixture (per Shabani-Vilcaez2017 validation)",chromatography,,,,0.0517,3.0262395,0.0517,"H2S liquid-phase (aqueous) mole fraction, Table 2, MIXTURE 4-component CH4-CO2-H2S-H2O"
H2S_huang1985_h2s_056,H2S,449.85,18.17,total,none,0,,0.000000,0.000000,0.000000,0.000000,0.000000,0.000000,huang1985_h2s,"Huang, Leu, Ng & Robinson (1985) -- CO2-CH4-H2S-water mixture (per Shabani-Vilcaez2017 validation)",chromatography,,,,,,0.9454,"H2O liquid-phase (aqueous) mole fraction, Table 2, MIXTURE 4-component CH4-CO2-H2S-H2O"
H2S_huang1985_h2s_057,H2S,310.95,13.0,total,none,0,,0.000000,0.000000,0.000000,0.000000,0.000000,0.000000,huang1985_h2s,"Huang, Leu, Ng & Robinson (1985) -- CO2-CH4-H2S-water mixture (per Shabani-Vilcaez2017 validation)",chromatography,,CH4,,,,8.59E-4,"CH4 liquid-phase (aqueous) mole fraction, Table 2, MIXTURE 4-component CH4-CO2-H2S-H2O; second phase is H2S-rich dense fluid not vapor (footnote a)"
H2S_huang1985_h2s_058,H2S,310.95,13.0,total,none,0,,0.000000,0.000000,0.000000,0.000000,0.000000,0.000000,huang1985_h2s,"Huang, Leu, Ng & Robinson (1985) -- CO2-CH4-H2S-water mixture (per Shabani-Vilcaez2017 validation)",chromatography,,CO2,,,,3.62E-3,"CO2 liquid-phase (aqueous) mole fraction, Table 2, MIXTURE 4-component CH4-CO2-H2S-H2O; second phase is H2S-rich dense fluid not vapor (footnote a)"
H2S_huang1985_h2s_059,H2S,310.95,13.0,total,none,0,,0.000000,0.000000,0.000000,0.000000,0.000000,0.000000,huang1985_h2s,"Huang, Leu, Ng & Robinson (1985) -- CO2-CH4-H2S-water mixture (per Shabani-Vilcaez2017 validation)",chromatography,,,,0.0291,1.6637076,0.0291,"H2S liquid-phase (aqueous) mole fraction, Table 2, MIXTURE 4-component CH4-CO2-H2S-H2O; second phase is H2S-rich dense fluid not vapor (footnote a)"
H2S_huang1985_h2s_060,H2S,310.95,13.0,total,none,0,,0.000000,0.000000,0.000000,0.000000,0.000000,0.000000,huang1985_h2s,"Huang, Leu, Ng & Robinson (1985) -- CO2-CH4-H2S-water mixture (per Shabani-Vilcaez2017 validation)",chromatography,,,,,,0.9666,"H2O liquid-phase (aqueous) mole fraction, Table 2, MIXTURE 4-component CH4-CO2-H2S-H2O; second phase is H2S-rich dense fluid not vapor (footnote a)"
H2S_huang1985_h2s_061,H2S,310.95,16.46,total,none,0,,0.000000,0.000000,0.000000,0.000000,0.000000,0.000000,huang1985_h2s,"Huang, Leu, Ng & Robinson (1985) -- CO2-CH4-H2S-water mixture (per Shabani-Vilcaez2017 validation)",chromatography,,CH4,,,,8.82E-4,"CH4 liquid-phase (aqueous) mole fraction, Table 2, MIXTURE 4-component CH4-CO2-H2S-H2O; second phase is H2S-rich dense fluid not vapor (footnote a)"
H2S_huang1985_h2s_062,H2S,310.95,16.46,total,none,0,,0.000000,0.000000,0.000000,0.000000,0.000000,0.000000,huang1985_h2s,"Huang, Leu, Ng & Robinson (1985) -- CO2-CH4-H2S-water mixture (per Shabani-Vilcaez2017 validation)",chromatography,,CO2,,,,3.81E-3,"CO2 liquid-phase (aqueous) mole fraction, Table 2, MIXTURE 4-component CH4-CO2-H2S-H2O; second phase is H2S-rich dense fluid not vapor (footnote a)"
H2S_huang1985_h2s_063,H2S,310.95,16.46,total,none,0,,0.000000,0.000000,0.000000,0.000000,0.000000,0.000000,huang1985_h2s,"Huang, Leu, Ng & Robinson (1985) -- CO2-CH4-H2S-water mixture (per Shabani-Vilcaez2017 validation)",chromatography,,,,0.0281,1.6048825,0.0281,"H2S liquid-phase (aqueous) mole fraction, Table 2, MIXTURE 4-component CH4-CO2-H2S-H2O; second phase is H2S-rich dense fluid not vapor (footnote a)"
H2S_huang1985_h2s_064,H2S,310.95,16.46,total,none,0,,0.000000,0.000000,0.000000,0.000000,0.000000,0.000000,huang1985_h2s,"Huang, Leu, Ng & Robinson (1985) -- CO2-CH4-H2S-water mixture (per Shabani-Vilcaez2017 validation)",chromatography,,,,,,0.9672,"H2O liquid-phase (aqueous) mole fraction, Table 2, MIXTURE 4-component CH4-CO2-H2S-H2O; second phase is H2S-rich dense fluid not vapor (footnote a)"
H2S_huang1985_h2s_065,H2S,310.95,6.26,total,none,0,,0.000000,0.000000,0.000000,0.000000,0.000000,0.000000,huang1985_h2s,"Huang, Leu, Ng & Robinson (1985) -- CO2-CH4-H2S-water mixture (per Shabani-Vilcaez2017 validation)",chromatography,,,,,,4.90E-4,"CH4 aqueous-liquid(L2) mole fraction, Table 3, MIXTURE 4-component CH4-CO2-H2S-H2O, 3-PHASE ""region"
H2S_huang1985_h2s_066,H2S,310.95,6.26,total,none,0,,0.000000,0.000000,0.000000,0.000000,0.000000,0.000000,huang1985_h2s,"Huang, Leu, Ng & Robinson (1985) -- CO2-CH4-H2S-water mixture (per Shabani-Vilcaez2017 validation)",chromatography,,,,,,3.50E-3,"CO2 aqueous-liquid(L2) mole fraction, Table 3, MIXTURE 4-component CH4-CO2-H2S-H2O, 3-PHASE ""region"
H2S_huang1985_h2s_067,H2S,310.95,6.26,total,none,0,,0.000000,0.000000,0.000000,0.000000,0.000000,0.000000,huang1985_h2s,"Huang, Leu, Ng & Robinson (1985) -- CO2-CH4-H2S-water mixture (per Shabani-Vilcaez2017 validation)",chromatography,,,,0.0284,1.6225173,0.0284,"H2S aqueous-liquid(L2) mole fraction, Table 3, MIXTURE 4-component CH4-CO2-H2S-H2O, 3-PHASE ""region"
H2S_huang1985_h2s_068,H2S,310.95,6.26,total,none,0,,0.000000,0.000000,0.000000,0.000000,0.000000,0.000000,huang1985_h2s,"Huang, Leu, Ng & Robinson (1985) -- CO2-CH4-H2S-water mixture (per Shabani-Vilcaez2017 validation)",chromatography,,,,,,0.9677,"H2O aqueous-liquid(L2) mole fraction, Table 3, MIXTURE 4-component CH4-CO2-H2S-H2O, 3-PHASE ""region"
H2S_huang1985_h2s_069,H2S,338.75,8.43,total,none,0,,0.000000,0.000000,0.000000,0.000000,0.000000,0.000000,huang1985_h2s,"Huang, Leu, Ng & Robinson (1985) -- CO2-CH4-H2S-water mixture (per Shabani-Vilcaez2017 validation)",chromatography,,,,,,3.85E-4,"CH4 aqueous-liquid(L2) mole fraction, Table 3, MIXTURE 4-component CH4-CO2-H2S-H2O, 3-PHASE ""region"
H2S_huang1985_h2s_070,H2S,338.75,8.43,total,none,0,,0.000000,0.000000,0.000000,0.000000,0.000000,0.000000,huang1985_h2s,"Huang, Leu, Ng & Robinson (1985) -- CO2-CH4-H2S-water mixture (per Shabani-Vilcaez2017 validation)",chromatography,,,,,,2.72E-3,"CO2 aqueous-liquid(L2) mole fraction, Table 3, MIXTURE 4-component CH4-CO2-H2S-H2O, 3-PHASE ""region"
H2S_huang1985_h2s_071,H2S,338.75,8.43,total,none,0,,0.000000,0.000000,0.000000,0.000000,0.000000,0.000000,huang1985_h2s,"Huang, Leu, Ng & Robinson (1985) -- CO2-CH4-H2S-water mixture (per Shabani-Vilcaez2017 validation)",chromatography,,,,0.0321,1.8409121,0.0321,"H2S aqueous-liquid(L2) mole fraction, Table 3, MIXTURE 4-component CH4-CO2-H2S-H2O, 3-PHASE ""region"
H2S_huang1985_h2s_072,H2S,338.75,8.43,total,none,0,,0.000000,0.000000,0.000000,0.000000,0.000000,0.000000,huang1985_h2s,"Huang, Leu, Ng & Robinson (1985) -- CO2-CH4-H2S-water mixture (per Shabani-Vilcaez2017 validation)",chromatography,,,,,,0.9684,"H2O aqueous-liquid(L2) mole fraction, Table 3, MIXTURE 4-component CH4-CO2-H2S-H2O, 3-PHASE ""region"
H2S_savary2012_h2s_022,H2S,393.15,35.0,total,none,0,,0.000000,0.000000,0.000000,0.000000,0.000000,0.000000,savary2012_h2s,"Savary, Berger, Dubois, Lacharpagne, Pages, Thibeau & Lescanne (2012)",analytical_sampling,,CO2,,0.039952698,2.31,2.31,mol/kg_H2O
H2S_savary2012_h2s_023,H2S,393.15,24.1,total,none,0,,0.000000,0.000000,0.000000,0.000000,0.000000,0.000000,savary2012_h2s,"Savary, Berger, Dubois, Lacharpagne, Pages, Thibeau & Lescanne (2012)",analytical_sampling,,,,0.036620263,2.11,2.11,mol/kg_H2O
H2S_savary2012_h2s_024,H2S,393.15,3.9,total,none,0,,0.000000,0.000000,0.000000,0.000000,0.000000,0.000000,savary2012_h2s,"Savary, Berger, Dubois, Lacharpagne, Pages, Thibeau & Lescanne (2012)",analytical_sampling,,,,0.02167845,1.23,1.23,mol/kg_H2O
H2S_savary2012_h2s_025,H2S,393.15,33.8,total,none,0,,0.000000,0.000000,0.000000,0.000000,0.000000,0.000000,savary2012_h2s,"Savary, Berger, Dubois, Lacharpagne, Pages, Thibeau & Lescanne (2012)",analytical_sampling,,,,0.044250551,2.57,2.57,mol/kg_H2O
H2S_savary2012_h2s_026,H2S,393.15,23.3,total,none,0,,0.000000,0.000000,0.000000,0.000000,0.000000,0.000000,savary2012_h2s,"Savary, Berger, Dubois, Lacharpagne, Pages, Thibeau & Lescanne (2012)",analytical_sampling,,,,0.043262157,2.51,2.51,mol/kg_H2O
H2S_savary2012_h2s_027,H2S,393.15,17.3,total,none,0,,0.000000,0.000000,0.000000,0.000000,0.000000,0.000000,savary2012_h2s,"Savary, Berger, Dubois, Lacharpagne, Pages, Thibeau & Lescanne (2012)",analytical_sampling,,,,0.041610285,2.41,2.41,mol/kg_H2O
H2S_savary2012_h2s_028,H2S,393.15,27.3,total,none,0,,0.000000,0.000000,0.000000,0.000000,0.000000,0.000000,savary2012_h2s,"Savary, Berger, Dubois, Lacharpagne, Pages, Thibeau & Lescanne (2012)",analytical_sampling,,,,0.041444784,2.4,2.4,mol/kg_H2O
H2S_savary2012_h2s_029,H2S,393.15,34.4,total,none,0,,0.000000,0.000000,0.000000,0.000000,0.000000,0.000000,savary2012_h2s,"Savary, Berger, Dubois, Lacharpagne, Pages, Thibeau & Lescanne (2012)",analytical_sampling,,,,0.031070877,1.78,1.78,mol/kg_H2O
H2S_savary2012_h2s_030,H2S,393.15,28.5,total,none,0,,0.000000,0.000000,0.000000,0.000000,0.000000,0.000000,savary2012_h2s,"Savary, Berger, Dubois, Lacharpagne, Pages, Thibeau & Lescanne (2012)",analytical_sampling,,,,0.031578007,1.81,1.81,mol/kg_H2O
H2S_savary2012_h2s_031,H2S,393.15,24.8,total,none,0,,0.000000,0.000000,0.000000,0.000000,0.000000,0.000000,savary2012_h2s,"Savary, Berger, Dubois, Lacharpagne, Pages, Thibeau & Lescanne (2012)",analytical_sampling,,,,0.038788971,2.24,2.24,mol/kg_H2O
H2S_savary2012_h2s_032,H2S,393.15,15.6,total,none,0,,0.000000,0.000000,0.000000,0.000000,0.000000,0.000000,savary2012_h2s,"Savary, Berger, Dubois, Lacharpagne, Pages, Thibeau & Lescanne (2012)",analytical_sampling,,,,0.038122717,2.2,2.2,mol/kg_H2O
H2S_savary2012_h2s_033,H2S,393.15,34.6,total,none,0,,0.000000,0.000000,0.000000,0.000000,0.000000,0.000000,savary2012_h2s,"Savary, Berger, Dubois, Lacharpagne, Pages, Thibeau & Lescanne (2012)",analytical_sampling,,,,0.028527238,1.63,1.63,mol/kg_H2O
H2S_savary2012_h2s_034,H2S,393.15,28.5,total,none,0,,0.000000,0.000000,0.000000,0.000000,0.000000,0.000000,savary2012_h2s,"Savary, Berger, Dubois, Lacharpagne, Pages, Thibeau & Lescanne (2012)",analytical_sampling,,,,0.032084607,1.84,1.84,mol/kg_H2O
H2S_savary2012_h2s_035,H2S,393.15,31.0,total,none,0,,0.000000,0.000000,0.000000,0.000000,0.000000,0.000000,savary2012_h2s,"Savary, Berger, Dubois, Lacharpagne, Pages, Thibeau & Lescanne (2012)",analytical_sampling,,,,0.036954547,2.13,2.13,mol/kg_H2O
H2S_savary2012_h2s_036,H2S,393.15,23.9,total,none,0,,0.000000,0.000000,0.000000,0.000000,0.000000,0.000000,savary2012_h2s,"Savary, Berger, Dubois, Lacharpagne, Pages, Thibeau & Lescanne (2012)",analytical_sampling,,,,0.046548879,2.71,2.71,mol/kg_H2O
H2S_savary2012_h2s_037,H2S,393.15,19.5,total,none,0,,0.000000,0.000000,0.000000,0.000000,0.000000,0.000000,savary2012_h2s,"Savary, Berger, Dubois, Lacharpagne, Pages, Thibeau & Lescanne (2012)",analytical_sampling,,,,0.023227834,1.32,1.32,mol/kg_H2O
H2S_savary2012_h2s_038,H2S,393.15,35.0,total,none,0,,0.000000,0.000000,0.000000,0.000000,0.000000,0.000000,savary2012_h2s,"Savary, Berger, Dubois, Lacharpagne, Pages, Thibeau & Lescanne (2012)",analytical_sampling,,,,0.024943625,1.42,1.42,mol/kg_H2O
H2S_savary2012_h2s_039,H2S,393.15,29.2,total,none,0,,0.000000,0.000000,0.000000,0.000000,0.000000,0.000000,savary2012_h2s,"Savary, Berger, Dubois, Lacharpagne, Pages, Thibeau & Lescanne (2012)",analytical_sampling,,,,0.02971593,1.7,1.7,mol/kg_H2O
H2S_savary2012_h2s_040,H2S,393.15,20.4,total,none,0,,0.000000,0.000000,0.000000,0.000000,0.000000,0.000000,savary2012_h2s,"Savary, Berger, Dubois, Lacharpagne, Pages, Thibeau & Lescanne (2012)",analytical_sampling,,,,0.032927762,1.89,1.89,mol/kg_H2O
H2S_savary2012_h2s_041,H2S,393.15,13.5,total,none,0,,0.000000,0.000000,0.000000,0.000000,0.000000,0.000000,savary2012_h2s,"Savary, Berger, Dubois, Lacharpagne, Pages, Thibeau & Lescanne (2012)",analytical_sampling,,,,0.023227834,1.32,1.32,mol/kg_H2O
H2S_savary2012_h2s_042,H2S,393.15,34.9,total,none,0,,0.000000,0.000000,0.000000,0.000000,0.000000,0.000000,savary2012_h2s,"Savary, Berger, Dubois, Lacharpagne, Pages, Thibeau & Lescanne (2012)",analytical_sampling,,,,0.024600949,1.4,1.4,mol/kg_H2O
H2S_savary2012_h2s_043,H2S,393.15,33.6,total,none,0,,0.000000,0.000000,0.000000,0.000000,0.000000,0.000000,savary2012_h2s,"Savary, Berger, Dubois, Lacharpagne, Pages, Thibeau & Lescanne (2012)",analytical_sampling,,,,0.029546295,1.69,1.69,mol/kg_H2O
H2S_savary2012_h2s_044,H2S,393.15,31.5,total,none,0,,0.000000,0.000000,0.000000,0.000000,0.000000,0.000000,savary2012_h2s,"Savary, Berger, Dubois, Lacharpagne, Pages, Thibeau & Lescanne (2012)",analytical_sampling,,,,0.025114873,1.43,1.43,mol/kg_H2O
H2S_savary2012_h2s_045,H2S,393.15,24.5,total,none,0,,0.000000,0.000000,0.000000,0.000000,0.000000,0.000000,savary2012_h2s,"Savary, Berger, Dubois, Lacharpagne, Pages, Thibeau & Lescanne (2012)",analytical_sampling,,,,0.030563215,1.75,1.75,mol/kg_H2O
H2S_savary2012_h2s_046,H2S,393.15,18.6,total,none,0,,0.000000,0.000000,0.000000,0.000000,0.000000,0.000000,savary2012_h2s,"Savary, Berger, Dubois, Lacharpagne, Pages, Thibeau & Lescanne (2012)",analytical_sampling,,,,0.039288056,2.27,2.27,mol/kg_H2O
H2S_savary2012_h2s_047,H2S,393.15,8.6,total,none,0,,0.000000,0.000000,0.000000,0.000000,0.000000,0.000000,savary2012_h2s,"Savary, Berger, Dubois, Lacharpagne, Pages, Thibeau & Lescanne (2012)",analytical_sampling,,,,0.023055922,1.31,1.31,mol/kg_H2O
H2S_savary2012_h2s_048,H2S,393.15,32.3,total,NaCl,2.194158,,2.194158,2.194158,0.000000,0.000000,0.000000,0.000000,savary2012_h2s,"Savary, Berger, Dubois, Lacharpagne, Pages, Thibeau & Lescanne (2012)",analytical_sampling,,CO2,,0.037455539,2.16,2.16,mol/kg_H2O
H2S_savary2012_h2s_049,H2S,393.15,25.8,total,NaCl,2.194158,,2.194158,2.194158,0.000000,0.000000,0.000000,0.000000,savary2012_h2s,"Savary, Berger, Dubois, Lacharpagne, Pages, Thibeau & Lescanne (2012)",analytical_sampling,,,,0.038788971,2.24,2.24,mol/kg_H2O
H2S_savary2012_h2s_050,H2S,393.15,28.5,total,NaCl,2.194158,,2.194158,2.194158,0.000000,0.000000,0.000000,0.000000,savary2012_h2s,"Savary, Berger, Dubois, Lacharpagne, Pages, Thibeau & Lescanne (2012)",analytical_sampling,,,,0.037121602,2.14,2.14,mol/kg_H2O
H2S_savary2012_h2s_051,H2S,393.15,21.0,total,NaCl,2.194158,,2.194158,2.194158,0.000000,0.000000,0.000000,0.000000,savary2012_h2s,"Savary, Berger, Dubois, Lacharpagne, Pages, Thibeau & Lescanne (2012)",analytical_sampling,,,,0.031070877,1.78,1.78,mol/kg_H2O
H2S_savary2012_h2s_052,H2S,393.15,16.1,total,NaCl,2.194158,,2.194158,2.194158,0.000000,0.000000,0.000000,0.000000,savary2012_h2s,"Savary, Berger, Dubois, Lacharpagne, Pages, Thibeau & Lescanne (2012)",analytical_sampling,,,,0.025457188,1.45,1.45,mol/kg_H2O
H2S_savary2012_h2s_053,H2S,393.15,12.2,total,NaCl,2.194158,,2.194158,2.194158,0.000000,0.000000,0.000000,0.000000,savary2012_h2s,"Savary, Berger, Dubois, Lacharpagne, Pages, Thibeau & Lescanne (2012)",analytical_sampling,,,,0.02288395,1.3,1.30,mol/kg_H2O
H2S_savary2012_h2s_054,H2S,393.15,32.6,total,NaCl,2.194158,,2.194158,2.194158,0.000000,0.000000,0.000000,0.000000,savary2012_h2s,"Savary, Berger, Dubois, Lacharpagne, Pages, Thibeau & Lescanne (2012)",analytical_sampling,,,,0.031070877,1.78,1.78,mol/kg_H2O
H2S_savary2012_h2s_055,H2S,393.15,26.0,total,NaCl,2.194158,,2.194158,2.194158,0.000000,0.000000,0.000000,0.000000,savary2012_h2s,"Savary, Berger, Dubois, Lacharpagne, Pages, Thibeau & Lescanne (2012)",analytical_sampling,,,,0.026824047,1.53,1.53,mol/kg_H2O
H2S_savary2012_h2s_056,H2S,393.15,21.2,total,NaCl,2.194158,,2.194158,2.194158,0.000000,0.000000,0.000000,0.000000,savary2012_h2s,"Savary, Berger, Dubois, Lacharpagne, Pages, Thibeau & Lescanne (2012)",analytical_sampling,,,,0.020815556,1.18,1.18,mol/kg_H2O
H2S_savary2012_h2s_057,H2S,393.15,17.6,total,NaCl,2.194158,,2.194158,2.194158,0.000000,0.000000,0.000000,0.000000,savary2012_h2s,"Savary, Berger, Dubois, Lacharpagne, Pages, Thibeau & Lescanne (2012)",analytical_sampling,,,,0.029376601,1.68,1.68,mol/kg_H2O
H2S_savary2012_h2s_058,H2S,393.15,4.7,total,NaCl,2.194158,,2.194158,2.194158,0.000000,0.000000,0.000000,0.000000,savary2012_h2s,"Savary, Berger, Dubois, Lacharpagne, Pages, Thibeau & Lescanne (2012)",analytical_sampling,,,,0.019604943,1.11,1.11,mol/kg_H2O
H2S_savary2012_h2s_059,H2S,393.15,24.8,total,NaCl,2.194158,,2.194158,2.194158,0.000000,0.000000,0.000000,0.000000,savary2012_h2s,"Savary, Berger, Dubois, Lacharpagne, Pages, Thibeau & Lescanne (2012)",analytical_sampling,,,,0.02288395,1.3,1.30,mol/kg_H2O
H2S_savary2012_h2s_060,H2S,393.15,30.6,total,NaCl,2.194158,,2.194158,2.194158,0.000000,0.000000,0.000000,0.000000,savary2012_h2s,"Savary, Berger, Dubois, Lacharpagne, Pages, Thibeau & Lescanne (2012)",analytical_sampling,,,,0.021505993,1.22,1.22,mol/kg_H2O
H2S_savary2012_h2s_061,H2S,393.15,34.4,total,NaCl,2.194158,,2.194158,2.194158,0.000000,0.000000,0.000000,0.000000,savary2012_h2s,"Savary, Berger, Dubois, Lacharpagne, Pages, Thibeau & Lescanne (2012)",analytical_sampling,,,,0.019085192,1.08,1.08,mol/kg_H2O
H2S_savary2012_h2s_062,H2S,393.15,18.1,total,NaCl,2.194158,,2.194158,2.194158,0.000000,0.000000,0.000000,0.000000,savary2012_h2s,"Savary, Berger, Dubois, Lacharpagne, Pages, Thibeau & Lescanne (2012)",analytical_sampling,,,,0.022023182,1.25,1.25,mol/kg_H2O
N2_bartlett1927_n2_007,N2,298.15,10.1325,total,none,0,,,,,,,,bartlett1927_n2,Bartlett (1927),gravimetric,,,,,,26.60,"mg H2O per liter 3:1 H2-N2 mix gas (actual volume basis), Table I"
N2_bartlett1927_n2_008,N2,298.15,10.1325,total,none,0,,,,,,,,bartlett1927_n2,Bartlett (1927),gravimetric,,,,,,26.87,"mg H2O per liter 3:1 H2-N2 mix gas (actual volume basis), Table I"
N2_bartlett1927_n2_009,N2,298.15,20.265,total,none,0,,,,,,,,bartlett1927_n2,Bartlett (1927),gravimetric,,,,,,31.35,"mg H2O per liter 3:1 H2-N2 mix gas (actual volume basis), Table I"
N2_bartlett1927_n2_010,N2,298.15,20.265,total,none,0,,,,,,,,bartlett1927_n2,Bartlett (1927),gravimetric,,,,,,30.70,"mg H2O per liter 3:1 H2-N2 mix gas (actual volume basis), Table I"
N2_bartlett1927_n2_011,N2,298.15,30.3975,total,none,0,,,,,,,,bartlett1927_n2,Bartlett (1927),gravimetric,,,,,,33.89,"mg H2O per liter 3:1 H2-N2 mix gas (actual volume basis), Table I"
N2_bartlett1927_n2_012,N2,298.15,30.3975,total,none,0,,,,,,,,bartlett1927_n2,Bartlett (1927),gravimetric,,,,,,34.20,"mg H2O per liter 3:1 H2-N2 mix gas (actual volume basis), Table I"
N2_bartlett1927_n2_013,N2,298.15,30.3975,total,none,0,,,,,,,,bartlett1927_n2,Bartlett (1927),gravimetric,,,,,,34.06,"mg H2O per liter 3:1 H2-N2 mix gas (actual volume basis), Table I"
N2_bartlett1927_n2_014,N2,298.15,40.53,total,none,0,,,,,,,,bartlett1927_n2,Bartlett (1927),gravimetric,,,,,,34.69,"mg H2O per liter 3:1 H2-N2 mix gas (actual volume basis), Table I"
N2_bartlett1927_n2_015,N2,298.15,40.53,total,none,0,,,,,,,,bartlett1927_n2,Bartlett (1927),gravimetric,,,,,,36.13,"mg H2O per liter 3:1 H2-N2 mix gas (actual volume basis), Table I"
N2_bartlett1927_n2_016,N2,298.15,40.53,total,none,0,,,,,,,,bartlett1927_n2,Bartlett (1927),gravimetric,,,,,,35.37,"mg H2O per liter 3:1 H2-N2 mix gas (actual volume basis), Table I"
N2_bartlett1927_n2_017,N2,298.15,40.53,total,none,0,,,,,,,,bartlett1927_n2,Bartlett (1927),gravimetric,,,,,,34.71,"mg H2O per liter 3:1 H2-N2 mix gas (actual volume basis), Table I"
N2_bartlett1927_n2_018,N2,298.15,40.53,total,none,0,,,,,,,,bartlett1927_n2,Bartlett (1927),gravimetric,,,,,,35.07,"mg H2O per liter 3:1 H2-N2 mix gas (actual volume basis), Table I"
N2_bartlett1927_n2_019,N2,298.15,40.53,total,none,0,,,,,,,,bartlett1927_n2,Bartlett (1927),gravimetric,,,,,,34.66,"mg H2O per liter 3:1 H2-N2 mix gas (actual volume basis), Table I"
N2_bartlett1927_n2_020,N2,298.15,40.53,total,none,0,,,,,,,,bartlett1927_n2,Bartlett (1927),gravimetric,,,,,,35.74,"mg H2O per liter 3:1 H2-N2 mix gas (actual volume basis), Table I"
N2_bartlett1927_n2_021,N2,298.15,60.795,total,none,0,,,,,,,,bartlett1927_n2,Bartlett (1927),gravimetric,,,,,,39.95,"mg H2O per liter 3:1 H2-N2 mix gas (actual volume basis), Table I"
N2_bartlett1927_n2_022,N2,298.15,60.795,total,none,0,,,,,,,,bartlett1927_n2,Bartlett (1927),gravimetric,,,,,,40.03,"mg H2O per liter 3:1 H2-N2 mix gas (actual volume basis), Table I"
N2_bartlett1927_n2_023,N2,298.15,81.06,total,none,0,,,,,,,,bartlett1927_n2,Bartlett (1927),gravimetric,,,,,,42.32,"mg H2O per liter 3:1 H2-N2 mix gas (actual volume basis), Table I"
N2_bartlett1927_n2_024,N2,298.15,81.06,total,none,0,,,,,,,,bartlett1927_n2,Bartlett (1927),gravimetric,,,,,,41.56,"mg H2O per liter 3:1 H2-N2 mix gas (actual volume basis), Table I"
N2_bartlett1927_n2_025,N2,298.15,81.06,total,none,0,,,,,,,,bartlett1927_n2,Bartlett (1927),gravimetric,,,,,,42.75,"mg H2O per liter 3:1 H2-N2 mix gas (actual volume basis), Table I"
N2_bartlett1927_n2_026,N2,298.15,81.06,total,none,0,,,,,,,,bartlett1927_n2,Bartlett (1927),gravimetric,,,,,,42.53,"mg H2O per liter 3:1 H2-N2 mix gas (actual volume basis), Table I"
N2_bartlett1927_n2_027,N2,298.15,101.325,total,none,0,,,,,,,,bartlett1927_n2,Bartlett (1927),gravimetric,,,,,,44.99,"mg H2O per liter 3:1 H2-N2 mix gas (actual volume basis), Table I"
N2_bartlett1927_n2_028,N2,298.15,101.325,total,none,0,,,,,,,,bartlett1927_n2,Bartlett (1927),gravimetric,,,,,,44.37,"mg H2O per liter 3:1 H2-N2 mix gas (actual volume basis), Table I"
N2_bartlett1927_n2_029,N2,298.15,101.325,total,none,0,,,,,,,,bartlett1927_n2,Bartlett (1927),gravimetric,,,,,,44.10,"mg H2O per liter 3:1 H2-N2 mix gas (actual volume basis), Table I"
N2_bartlett1927_n2_030,N2,298.15,101.325,total,none,0,,,,,,,,bartlett1927_n2,Bartlett (1927),gravimetric,,,,,,44.30,"mg H2O per liter 3:1 H2-N2 mix gas (actual volume basis), Table I"
N2_bartlett1927_n2_031,N2,298.15,101.325,total,none,0,,,,,,,,bartlett1927_n2,Bartlett (1927),gravimetric,,,,,,43.13,"mg H2O per liter 3:1 H2-N2 mix gas (actual volume basis), Table I"
N2_bartlett1927_n2_032,N2,298.15,,total,none,0,,,,,,,,bartlett1927_n2,Bartlett (1927),gravimetric,,,,,,23.03,"mg H2O per liter mix gas (actual/single-basis), Table III"
N2_bartlett1927_n2_033,N2,298.15,10.1325,total,none,0,,,,,,,,bartlett1927_n2,Bartlett (1927),gravimetric,,,,,,26.7,"mg H2O per liter mix gas (actual/single-basis), Table III"
N2_bartlett1927_n2_034,N2,298.15,20.265,total,none,0,,,,,,,,bartlett1927_n2,Bartlett (1927),gravimetric,,,,,,31.0,"mg H2O per liter mix gas (actual/single-basis), Table III"
N2_bartlett1927_n2_035,N2,298.15,30.3975,total,none,0,,,,,,,,bartlett1927_n2,Bartlett (1927),gravimetric,,,,,,34.1,"mg H2O per liter mix gas (actual/single-basis), Table III"
N2_bartlett1927_n2_036,N2,298.15,40.53,total,none,0,,,,,,,,bartlett1927_n2,Bartlett (1927),gravimetric,,,,,,35.2,"mg H2O per liter mix gas (actual/single-basis), Table III"
N2_bartlett1927_n2_037,N2,298.15,60.795,total,none,0,,,,,,,,bartlett1927_n2,Bartlett (1927),gravimetric,,,,,,40.0,"mg H2O per liter mix gas (actual/single-basis), Table III"
N2_bartlett1927_n2_038,N2,298.15,81.06,total,none,0,,,,,,,,bartlett1927_n2,Bartlett (1927),gravimetric,,,,,,42.3,"mg H2O per liter mix gas (actual/single-basis), Table III"
N2_bartlett1927_n2_039,N2,298.15,101.325,total,none,0,,,,,,,,bartlett1927_n2,Bartlett (1927),gravimetric,,,,,,44.2,"mg H2O per liter mix gas (actual/single-basis), Table III"
N2_bartlett1927_n2_040,N2,310.65,,total,none,0,,,,,,,,bartlett1927_n2,Bartlett (1927),gravimetric,,,,,,45.36,"mg H2O per liter mix gas (actual/single-basis), Table III"
N2_bartlett1927_n2_041,N2,310.65,20.265,total,none,0,,,,,,,,bartlett1927_n2,Bartlett (1927),gravimetric,,,,,,56.5,"mg H2O per liter mix gas (actual/single-basis), Table III"
N2_bartlett1927_n2_042,N2,310.65,40.53,total,none,0,,,,,,,,bartlett1927_n2,Bartlett (1927),gravimetric,,,,,,62.9,"mg H2O per liter mix gas (actual/single-basis), Table III"
N2_bartlett1927_n2_043,N2,310.65,60.795,total,none,0,,,,,,,,bartlett1927_n2,Bartlett (1927),gravimetric,,,,,,69.3,"mg H2O per liter mix gas (actual/single-basis), Table III"
N2_bartlett1927_n2_044,N2,310.65,101.325,total,none,0,,,,,,,,bartlett1927_n2,Bartlett (1927),gravimetric,,,,,,74.6,"mg H2O per liter mix gas (actual/single-basis), Table III"
N2_bartlett1927_n2_045,N2,323.15,,total,none,0,,,,,,,,bartlett1927_n2,Bartlett (1927),gravimetric,,,,,,82.94,"mg H2O per liter mix gas (actual/single-basis), Table III"
N2_bartlett1927_n2_046,N2,323.15,10.1325,total,none,0,,,,,,,,bartlett1927_n2,Bartlett (1927),gravimetric,,,,,,92.3,"mg H2O per liter mix gas (actual/single-basis), Table III"
N2_bartlett1927_n2_047,N2,323.15,20.265,total,none,0,,,,,,,,bartlett1927_n2,Bartlett (1927),gravimetric,,,,,,103.3,"mg H2O per liter mix gas (actual/single-basis), Table III"
N2_bartlett1927_n2_048,N2,323.15,30.3975,total,none,0,,,,,,,,bartlett1927_n2,Bartlett (1927),gravimetric,,,,,,106.3,"mg H2O per liter mix gas (actual/single-basis), Table III"
N2_bartlett1927_n2_049,N2,323.15,40.53,total,none,0,,,,,,,,bartlett1927_n2,Bartlett (1927),gravimetric,,,,,,111.4,"mg H2O per liter mix gas (actual/single-basis), Table III"
N2_bartlett1927_n2_050,N2,323.15,60.795,total,none,0,,,,,,,,bartlett1927_n2,Bartlett (1927),gravimetric,,,,,,123.2,"mg H2O per liter mix gas (actual/single-basis), Table III"
N2_bartlett1927_n2_051,N2,323.15,81.06,total,none,0,,,,,,,,bartlett1927_n2,Bartlett (1927),gravimetric,,,,,,127.2,"mg H2O per liter mix gas (actual/single-basis), Table III"
N2_bartlett1927_n2_052,N2,323.15,101.325,total,none,0,,,,,,,,bartlett1927_n2,Bartlett (1927),gravimetric,,,,,,130.6,"mg H2O per liter mix gas (actual/single-basis), Table III"
N2_gao1997_n2_061,N2,323.15,5.54,total,mixed,0.626514,NaHCO3,,,,,,,gao1997_n2,"Gao, Zheng & Guo (1997)",analytical_sampling,,,,3.76e-06,0.000208712,0.3760 × 10-5,"x(N2) (mole fraction of the NITROGEN component only, salt-free basis, within the equilibrium liquid of the natural-gas + 5 mass % NaHCO3 system, Table 7 heading x(N2))"
N2_gao1997_n2_062,N2,323.15,10.35,total,mixed,0.626514,NaHCO3,,,,,,,gao1997_n2,"Gao, Zheng & Guo (1997)",analytical_sampling,,,,6.089e-06,0.000337993,0.6089 × 10-5,"x(N2) (mole fraction of the NITROGEN component only, salt-free basis, within the equilibrium liquid, Table 7 heading x(N2))"
N2_gao1997_n2_063,N2,323.15,19.7,total,mixed,0.626514,NaHCO3,,,,,,,gao1997_n2,"Gao, Zheng & Guo (1997)",analytical_sampling,,,,1.377e-05,0.000764361,0.1377 × 10-4,"x(N2) (mole fraction of the NITROGEN component only, salt-free basis, within the equilibrium liquid, Table 7 heading x(N2))"
N2_gao1997_n2_064,N2,323.15,30.44,total,mixed,0.626514,NaHCO3,,,,,,,gao1997_n2,"Gao, Zheng & Guo (1997)",analytical_sampling,,,,1.709e-05,0.000948654,0.1709 × 10-4,"x(N2) (mole fraction of the NITROGEN component only, salt-free basis, within the equilibrium liquid, Table 7 heading x(N2))"
N2_gao1997_n2_065,N2,323.15,40.2,total,mixed,0.626514,NaHCO3,,,,,,,gao1997_n2,"Gao, Zheng & Guo (1997)",analytical_sampling,,,,2.8e-05,0.00155428,0.2800 × 10-4,"x(N2) (mole fraction of the NITROGEN component only, salt-free basis, within the equilibrium liquid, Table 7 heading x(N2))"
N2_gao1997_n2_066,N2,323.15,50.4,total,mixed,0.626514,NaHCO3,,,,,,,gao1997_n2,"Gao, Zheng & Guo (1997)",analytical_sampling,,,,2.913e-05,0.00161701,0.2913 × 10-4,"x(N2) (mole fraction of the NITROGEN component only, salt-free basis, within the equilibrium liquid, Table 7 heading x(N2))"
N2_gao1997_n2_067,N2,323.15,56.3,total,mixed,0.626514,NaHCO3,,,,,,,gao1997_n2,"Gao, Zheng & Guo (1997)",analytical_sampling,,,,2.462e-05,0.00136665,0.2462 × 10-4,"x(N2) (mole fraction of the NITROGEN component only, salt-free basis, within the equilibrium liquid, Table 7 heading x(N2))"
N2_gao1997_n2_068,N2,373.15,5.2,total,mixed,0.626514,NaHCO3,,,,,,,gao1997_n2,"Gao, Zheng & Guo (1997)",analytical_sampling,,,,7.57e-06,0.000420202,0.7570 × 10-5,"x(N2) (mole fraction of the NITROGEN component only, salt-free basis, within the equilibrium liquid, Table 7 heading x(N2))"
N2_gao1997_n2_069,N2,373.15,10.35,total,mixed,0.626514,NaHCO3,,,,,,,gao1997_n2,"Gao, Zheng & Guo (1997)",analytical_sampling,,,,1.169e-05,0.0006489,0.1169 × 10-4,"x(N2) (mole fraction of the NITROGEN component only, salt-free basis, within the equilibrium liquid, Table 7 heading x(N2))"
N2_gao1997_n2_070,N2,373.15,20.6,total,mixed,0.626514,NaHCO3,,,,,,,gao1997_n2,"Gao, Zheng & Guo (1997)",analytical_sampling,,,,5.512e-06,0.000305964,0.5512 × 10-5,"x(N2) (mole fraction of the NITROGEN component only, salt-free basis, within the equilibrium liquid, Table 7 heading x(N2))"
N2_gao1997_n2_071,N2,373.15,29,total,mixed,0.626514,NaHCO3,,,,,,,gao1997_n2,"Gao, Zheng & Guo (1997)",analytical_sampling,,,,1.247e-05,0.000692198,0.1247 × 10-4,"x(N2) (mole fraction of the NITROGEN component only, salt-free basis, within the equilibrium liquid, Table 7 heading x(N2))"
N2_gao1997_n2_072,N2,373.15,40.2,total,mixed,0.626514,NaHCO3,,,,,,,gao1997_n2,"Gao, Zheng & Guo (1997)",analytical_sampling,,,,1.814e-05,0.00100694,0.1814 × 10-4,"x(N2) (mole fraction of the NITROGEN component only, salt-free basis, within the equilibrium liquid, Table 7 heading x(N2))"
N2_gao1997_n2_073,N2,373.15,50.3,total,mixed,0.626514,NaHCO3,,,,,,,gao1997_n2,"Gao, Zheng & Guo (1997)",analytical_sampling,,,,2.387e-05,0.00132502,0.2387 × 10-4,"x(N2) (mole fraction of the NITROGEN component only, salt-free basis, within the equilibrium liquid, Table 7 heading x(N2))"
N2_gao1997_n2_074,N2,373.15,56.5,total,mixed,0.626514,NaHCO3,,,,,,,gao1997_n2,"Gao, Zheng & Guo (1997)",analytical_sampling,,,,1.904e-05,0.0010569,0.1904 × 10-4,"x(N2) (mole fraction of the NITROGEN component only, salt-free basis, within the equilibrium liquid, Table 7 heading x(N2))"
N2_gao1997_n2_075,N2,403.15,5.4,total,mixed,0.626514,NaHCO3,,,,,,,gao1997_n2,"Gao, Zheng & Guo (1997)",analytical_sampling,,,,4.708e-06,0.000261335,0.4708 × 10-5,"x(N2) (mole fraction of the NITROGEN component only, salt-free basis, within the equilibrium liquid, Table 7 heading x(N2))"
N2_gao1997_n2_076,N2,403.15,10.64,total,mixed,0.626514,NaHCO3,,,,,,,gao1997_n2,"Gao, Zheng & Guo (1997)",analytical_sampling,,,,4.424e-06,0.00024557,0.4424 × 10-5,"x(N2) (mole fraction of the NITROGEN component only, salt-free basis, within the equilibrium liquid, Table 7 heading x(N2))"
N2_gao1997_n2_077,N2,403.15,20.3,total,mixed,0.626514,NaHCO3,,,,,,,gao1997_n2,"Gao, Zheng & Guo (1997)",analytical_sampling,,,,6.601e-06,0.000366413,0.6601 × 10-5,"x(N2) (mole fraction of the NITROGEN component only, salt-free basis, within the equilibrium liquid, Table 7 heading x(N2))"
N2_gao1997_n2_078,N2,403.15,30.4,total,mixed,0.626514,NaHCO3,,,,,,,gao1997_n2,"Gao, Zheng & Guo (1997)",analytical_sampling,,,,1.129e-05,0.000626697,0.1129 × 10-4,"x(N2) (mole fraction of the NITROGEN component only, salt-free basis, within the equilibrium liquid, Table 7 heading x(N2))"
N2_gao1997_n2_079,N2,403.15,40.2,total,mixed,0.626514,NaHCO3,,,,,,,gao1997_n2,"Gao, Zheng & Guo (1997)",analytical_sampling,,,,2.085e-05,0.00115737,0.2085 × 10-4,"x(N2) (mole fraction of the NITROGEN component only, salt-free basis, within the equilibrium liquid, Table 7 heading x(N2))"
N2_gao1997_n2_080,N2,403.15,50.45,total,mixed,0.626514,NaHCO3,,,,,,,gao1997_n2,"Gao, Zheng & Guo (1997)",analytical_sampling,,,,9.395e-06,0.000521506,0.9395 × 10-5,"x(N2) (mole fraction of the NITROGEN component only, salt-free basis, within the equilibrium liquid, Table 7 heading x(N2))"
N2_gao1997_n2_081,N2,403.15,57.7,total,mixed,0.626514,NaHCO3,,,,,,,gao1997_n2,"Gao, Zheng & Guo (1997)",analytical_sampling,,,,1.372e-05,0.000761585,0.1372 × 10-4,"x(N2) (mole fraction of the NITROGEN component only, salt-free basis, within the equilibrium liquid, Table 7 heading x(N2))"
N2_hassanpouryouzband2019_n2_001,N2,273.25,1.51,total,none,0,,,,,,,,hassanpouryouzband2019_n2,"Hassanpouryouzband, Vasheghani Farahani, Yang, Tohidi, Chuvilin, Istomin & Bukhanov (2019)",chromatography,,CO2,,0.0002,0.0111039,0.0002,"xN2, mole fraction (Aqueous/Liquid phase)"
N2_hassanpouryouzband2019_n2_002,N2,273.25,1.51,total,none,0,,,,,,,,hassanpouryouzband2019_n2,"Hassanpouryouzband, Vasheghani Farahani, Yang, Tohidi, Chuvilin, Istomin & Bukhanov (2019)",chromatography,,CO2,,,,0.9336,"yN2, mole fraction (Vapor phase)"
N2_hassanpouryouzband2019_n2_003,N2,273.25,3.3,total,none,0,,,,,,,,hassanpouryouzband2019_n2,"Hassanpouryouzband, Vasheghani Farahani, Yang, Tohidi, Chuvilin, Istomin & Bukhanov (2019)",chromatography,,CO2,,0.0005,0.0277681,0.0005,"xN2, mole fraction (Aqueous/Liquid phase)"
N2_hassanpouryouzband2019_n2_004,N2,273.25,3.3,total,none,0,,,,,,,,hassanpouryouzband2019_n2,"Hassanpouryouzband, Vasheghani Farahani, Yang, Tohidi, Chuvilin, Istomin & Bukhanov (2019)",chromatography,,CO2,,,,0.9286,"yN2, mole fraction (Vapor phase)"
N2_hassanpouryouzband2019_n2_005,N2,273.25,5.08,total,none,0,,,,,,,,hassanpouryouzband2019_n2,"Hassanpouryouzband, Vasheghani Farahani, Yang, Tohidi, Chuvilin, Istomin & Bukhanov (2019)",chromatography,,CO2,,0.0008,0.0444423,0.0008,"xN2, mole fraction (Aqueous/Liquid phase)"
N2_hassanpouryouzband2019_n2_006,N2,273.25,5.08,total,none,0,,,,,,,,hassanpouryouzband2019_n2,"Hassanpouryouzband, Vasheghani Farahani, Yang, Tohidi, Chuvilin, Istomin & Bukhanov (2019)",chromatography,,CO2,,,,0.9242,"yN2, mole fraction (Vapor phase)"
N2_hassanpouryouzband2019_n2_007,N2,273.25,6.92,total,none,0,,,,,,,,hassanpouryouzband2019_n2,"Hassanpouryouzband, Vasheghani Farahani, Yang, Tohidi, Chuvilin, Istomin & Bukhanov (2019)",chromatography,,CO2,,0.001,0.0555639,0.001,"xN2, mole fraction (Aqueous/Liquid phase)"
N2_hassanpouryouzband2019_n2_008,N2,273.25,6.92,total,none,0,,,,,,,,hassanpouryouzband2019_n2,"Hassanpouryouzband, Vasheghani Farahani, Yang, Tohidi, Chuvilin, Istomin & Bukhanov (2019)",chromatography,,CO2,,,,0.9194,"yN2, mole fraction (Vapor phase)"
N2_hassanpouryouzband2019_n2_009,N2,273.25,8.63,total,none,0,,,,,,,,hassanpouryouzband2019_n2,"Hassanpouryouzband, Vasheghani Farahani, Yang, Tohidi, Chuvilin, Istomin & Bukhanov (2019)",chromatography,,CO2,,0.0012,0.0666901,0.0012,"xN2, mole fraction (Aqueous/Liquid phase)"
N2_hassanpouryouzband2019_n2_010,N2,273.25,8.63,total,none,0,,,,,,,,hassanpouryouzband2019_n2,"Hassanpouryouzband, Vasheghani Farahani, Yang, Tohidi, Chuvilin, Istomin & Bukhanov (2019)",chromatography,,CO2,,,,0.9155,"yN2, mole fraction (Vapor phase)"
N2_hassanpouryouzband2019_n2_011,N2,273.25,10.46,total,none,0,,,,,,,,hassanpouryouzband2019_n2,"Hassanpouryouzband, Vasheghani Farahani, Yang, Tohidi, Chuvilin, Istomin & Bukhanov (2019)",chromatography,,CO2,,0.0014,0.0778207,0.0014,"xN2, mole fraction (Aqueous/Liquid phase)"
N2_hassanpouryouzband2019_n2_012,N2,273.25,10.46,total,none,0,,,,,,,,hassanpouryouzband2019_n2,"Hassanpouryouzband, Vasheghani Farahani, Yang, Tohidi, Chuvilin, Istomin & Bukhanov (2019)",chromatography,,CO2,,,,0.9117,"yN2, mole fraction (Vapor phase)"
N2_hassanpouryouzband2019_n2_013,N2,283.15,1.93,total,none,0,,,,,,,,hassanpouryouzband2019_n2,"Hassanpouryouzband, Vasheghani Farahani, Yang, Tohidi, Chuvilin, Istomin & Bukhanov (2019)",chromatography,,CO2,,0.0003,0.0166575,0.0003,"xN2, mole fraction (Aqueous/Liquid phase)"
N2_hassanpouryouzband2019_n2_014,N2,283.15,1.93,total,none,0,,,,,,,,hassanpouryouzband2019_n2,"Hassanpouryouzband, Vasheghani Farahani, Yang, Tohidi, Chuvilin, Istomin & Bukhanov (2019)",chromatography,,CO2,,,,0.923,"yN2, mole fraction (Vapor phase)"
N2_hassanpouryouzband2019_n2_015,N2,283.15,5.55,total,none,0,,,,,,,,hassanpouryouzband2019_n2,"Hassanpouryouzband, Vasheghani Farahani, Yang, Tohidi, Chuvilin, Istomin & Bukhanov (2019)",chromatography,,CO2,,0.0007,0.0388831,0.0007,"xN2, mole fraction (Aqueous/Liquid phase)"
N2_hassanpouryouzband2019_n2_016,N2,283.15,5.55,total,none,0,,,,,,,,hassanpouryouzband2019_n2,"Hassanpouryouzband, Vasheghani Farahani, Yang, Tohidi, Chuvilin, Istomin & Bukhanov (2019)",chromatography,,CO2,,,,0.9149,"yN2, mole fraction (Vapor phase)"
N2_hassanpouryouzband2019_n2_017,N2,283.15,9.35,total,none,0,,,,,,,,hassanpouryouzband2019_n2,"Hassanpouryouzband, Vasheghani Farahani, Yang, Tohidi, Chuvilin, Istomin & Bukhanov (2019)",chromatography,,CO2,,0.0011,0.0611264,0.0011,"xN2, mole fraction (Aqueous/Liquid phase)"
N2_hassanpouryouzband2019_n2_018,N2,283.15,9.35,total,none,0,,,,,,,,hassanpouryouzband2019_n2,"Hassanpouryouzband, Vasheghani Farahani, Yang, Tohidi, Chuvilin, Istomin & Bukhanov (2019)",chromatography,,CO2,,,,0.9067,"yN2, mole fraction (Vapor phase)"
N2_hassanpouryouzband2019_n2_019,N2,283.15,13.3,total,none,0,,,,,,,,hassanpouryouzband2019_n2,"Hassanpouryouzband, Vasheghani Farahani, Yang, Tohidi, Chuvilin, Istomin & Bukhanov (2019)",chromatography,,CO2,,0.0014,0.0778207,0.0014,"xN2, mole fraction (Aqueous/Liquid phase)"
N2_hassanpouryouzband2019_n2_020,N2,283.15,13.3,total,none,0,,,,,,,,hassanpouryouzband2019_n2,"Hassanpouryouzband, Vasheghani Farahani, Yang, Tohidi, Chuvilin, Istomin & Bukhanov (2019)",chromatography,,CO2,,,,0.8995,"yN2, mole fraction (Vapor phase)"
N2_hassanpouryouzband2019_n2_021,N2,283.15,16.96,total,none,0,,,,,,,,hassanpouryouzband2019_n2,"Hassanpouryouzband, Vasheghani Farahani, Yang, Tohidi, Chuvilin, Istomin & Bukhanov (2019)",chromatography,,CO2,,0.0017,0.0945249,0.0017,"xN2, mole fraction (Aqueous/Liquid phase)"
N2_hassanpouryouzband2019_n2_022,N2,283.15,16.96,total,none,0,,,,,,,,hassanpouryouzband2019_n2,"Hassanpouryouzband, Vasheghani Farahani, Yang, Tohidi, Chuvilin, Istomin & Bukhanov (2019)",chromatography,,CO2,,,,0.8949,"yN2, mole fraction (Vapor phase)"
N2_hassanpouryouzband2019_n2_023,N2,283.15,20.78,total,none,0,,,,,,,,hassanpouryouzband2019_n2,"Hassanpouryouzband, Vasheghani Farahani, Yang, Tohidi, Chuvilin, Istomin & Bukhanov (2019)",chromatography,,CO2,,0.002,0.111239,0.002,"xN2, mole fraction (Aqueous/Liquid phase)"
N2_hassanpouryouzband2019_n2_024,N2,283.15,20.78,total,none,0,,,,,,,,hassanpouryouzband2019_n2,"Hassanpouryouzband, Vasheghani Farahani, Yang, Tohidi, Chuvilin, Istomin & Bukhanov (2019)",chromatography,,CO2,,,,0.8907,"yN2, mole fraction (Vapor phase)"
N2_hassanpouryouzband2019_n2_025,N2,303.05,1.98,total,none,0,,,,,,,,hassanpouryouzband2019_n2,"Hassanpouryouzband, Vasheghani Farahani, Yang, Tohidi, Chuvilin, Istomin & Bukhanov (2019)",chromatography,,CO2,,0.0002,0.0111039,0.0002,"xN2, mole fraction (Aqueous/Liquid phase)"
N2_hassanpouryouzband2019_n2_026,N2,303.05,1.98,total,none,0,,,,,,,,hassanpouryouzband2019_n2,"Hassanpouryouzband, Vasheghani Farahani, Yang, Tohidi, Chuvilin, Istomin & Bukhanov (2019)",chromatography,,CO2,,,,0.9042,"yN2, mole fraction (Vapor phase)"
N2_hassanpouryouzband2019_n2_027,N2,303.05,5.63,total,none,0,,,,,,,,hassanpouryouzband2019_n2,"Hassanpouryouzband, Vasheghani Farahani, Yang, Tohidi, Chuvilin, Istomin & Bukhanov (2019)",chromatography,,CO2,,0.0005,0.0277681,0.0005,"xN2, mole fraction (Aqueous/Liquid phase)"
N2_hassanpouryouzband2019_n2_028,N2,303.05,5.63,total,none,0,,,,,,,,hassanpouryouzband2019_n2,"Hassanpouryouzband, Vasheghani Farahani, Yang, Tohidi, Chuvilin, Istomin & Bukhanov (2019)",chromatography,,CO2,,,,0.8982,"yN2, mole fraction (Vapor phase)"
N2_hassanpouryouzband2019_n2_029,N2,303.05,9.35,total,none,0,,,,,,,,hassanpouryouzband2019_n2,"Hassanpouryouzband, Vasheghani Farahani, Yang, Tohidi, Chuvilin, Istomin & Bukhanov (2019)",chromatography,,CO2,,0.0008,0.0444423,0.0008,"xN2, mole fraction (Aqueous/Liquid phase)"
N2_hassanpouryouzband2019_n2_030,N2,303.05,9.35,total,none,0,,,,,,,,hassanpouryouzband2019_n2,"Hassanpouryouzband, Vasheghani Farahani, Yang, Tohidi, Chuvilin, Istomin & Bukhanov (2019)",chromatography,,CO2,,,,0.8931,"yN2, mole fraction (Vapor phase)"
N2_hassanpouryouzband2019_n2_031,N2,303.05,13.17,total,none,0,,,,,,,,hassanpouryouzband2019_n2,"Hassanpouryouzband, Vasheghani Farahani, Yang, Tohidi, Chuvilin, Istomin & Bukhanov (2019)",chromatography,,CO2,,0.0011,0.0611264,0.0011,"xN2, mole fraction (Aqueous/Liquid phase)"
N2_hassanpouryouzband2019_n2_032,N2,303.05,13.17,total,none,0,,,,,,,,hassanpouryouzband2019_n2,"Hassanpouryouzband, Vasheghani Farahani, Yang, Tohidi, Chuvilin, Istomin & Bukhanov (2019)",chromatography,,CO2,,,,0.8881,"yN2, mole fraction (Vapor phase)"
N2_hassanpouryouzband2019_n2_033,N2,303.05,16.97,total,none,0,,,,,,,,hassanpouryouzband2019_n2,"Hassanpouryouzband, Vasheghani Farahani, Yang, Tohidi, Chuvilin, Istomin & Bukhanov (2019)",chromatography,,CO2,,0.0013,0.0722548,0.0013,"xN2, mole fraction (Aqueous/Liquid phase)"
N2_hassanpouryouzband2019_n2_034,N2,303.05,16.97,total,none,0,,,,,,,,hassanpouryouzband2019_n2,"Hassanpouryouzband, Vasheghani Farahani, Yang, Tohidi, Chuvilin, Istomin & Bukhanov (2019)",chromatography,,CO2,,,,0.8842,"yN2, mole fraction (Vapor phase)"
N2_hassanpouryouzband2019_n2_035,N2,303.05,20.75,total,none,0,,,,,,,,hassanpouryouzband2019_n2,"Hassanpouryouzband, Vasheghani Farahani, Yang, Tohidi, Chuvilin, Istomin & Bukhanov (2019)",chromatography,,CO2,,0.0015,0.0833876,0.0015,"xN2, mole fraction (Aqueous/Liquid phase)"
N2_hassanpouryouzband2019_n2_036,N2,303.05,20.75,total,none,0,,,,,,,,hassanpouryouzband2019_n2,"Hassanpouryouzband, Vasheghani Farahani, Yang, Tohidi, Chuvilin, Istomin & Bukhanov (2019)",chromatography,,CO2,,,,0.8816,"yN2, mole fraction (Vapor phase)"
N2_hassanpouryouzband2019_n2_037,N2,273.25,2.03,total,none,0,,,,,,,,hassanpouryouzband2019_n2,"Hassanpouryouzband, Vasheghani Farahani, Yang, Tohidi, Chuvilin, Istomin & Bukhanov (2019)",chromatography,,CO2,,0.0004,0.0222122,0.0004,"xN2, mole fraction (Aqueous/Liquid phase)"
N2_hassanpouryouzband2019_n2_038,N2,273.25,2.03,total,none,0,,,,,,,,hassanpouryouzband2019_n2,"Hassanpouryouzband, Vasheghani Farahani, Yang, Tohidi, Chuvilin, Istomin & Bukhanov (2019)",chromatography,,CO2,,,,0.9836,"yN2, mole fraction (Vapor phase)"
N2_hassanpouryouzband2019_n2_039,N2,273.25,5.77,total,none,0,,,,,,,,hassanpouryouzband2019_n2,"Hassanpouryouzband, Vasheghani Farahani, Yang, Tohidi, Chuvilin, Istomin & Bukhanov (2019)",chromatography,,CO2,,0.0009,0.0500025,0.0009,"xN2, mole fraction (Aqueous/Liquid phase)"
N2_hassanpouryouzband2019_n2_040,N2,273.25,5.77,total,none,0,,,,,,,,hassanpouryouzband2019_n2,"Hassanpouryouzband, Vasheghani Farahani, Yang, Tohidi, Chuvilin, Istomin & Bukhanov (2019)",chromatography,,CO2,,,,0.9816,"yN2, mole fraction (Vapor phase)"
N2_hassanpouryouzband2019_n2_041,N2,273.25,9.58,total,none,0,,,,,,,,hassanpouryouzband2019_n2,"Hassanpouryouzband, Vasheghani Farahani, Yang, Tohidi, Chuvilin, Istomin & Bukhanov (2019)",chromatography,,CO2,,0.0014,0.0778207,0.0014,"xN2, mole fraction (Aqueous/Liquid phase)"
N2_hassanpouryouzband2019_n2_042,N2,273.25,9.58,total,none,0,,,,,,,,hassanpouryouzband2019_n2,"Hassanpouryouzband, Vasheghani Farahani, Yang, Tohidi, Chuvilin, Istomin & Bukhanov (2019)",chromatography,,CO2,,,,0.9794,"yN2, mole fraction (Vapor phase)"
N2_hassanpouryouzband2019_n2_043,N2,273.25,13.55,total,none,0,,,,,,,,hassanpouryouzband2019_n2,"Hassanpouryouzband, Vasheghani Farahani, Yang, Tohidi, Chuvilin, Istomin & Bukhanov (2019)",chromatography,,CO2,,0.0019,0.105667,0.0019,"xN2, mole fraction (Aqueous/Liquid phase)"
N2_hassanpouryouzband2019_n2_044,N2,273.25,13.55,total,none,0,,,,,,,,hassanpouryouzband2019_n2,"Hassanpouryouzband, Vasheghani Farahani, Yang, Tohidi, Chuvilin, Istomin & Bukhanov (2019)",chromatography,,CO2,,,,0.9771,"yN2, mole fraction (Vapor phase)"
N2_hassanpouryouzband2019_n2_045,N2,273.25,17.26,total,none,0,,,,,,,,hassanpouryouzband2019_n2,"Hassanpouryouzband, Vasheghani Farahani, Yang, Tohidi, Chuvilin, Istomin & Bukhanov (2019)",chromatography,,CO2,,0.0023,0.127964,0.0023,"xN2, mole fraction (Aqueous/Liquid phase)"
N2_hassanpouryouzband2019_n2_046,N2,273.25,17.26,total,none,0,,,,,,,,hassanpouryouzband2019_n2,"Hassanpouryouzband, Vasheghani Farahani, Yang, Tohidi, Chuvilin, Istomin & Bukhanov (2019)",chromatography,,CO2,,,,0.9759,"yN2, mole fraction (Vapor phase)"
N2_hassanpouryouzband2019_n2_047,N2,273.25,21.27,total,none,0,,,,,,,,hassanpouryouzband2019_n2,"Hassanpouryouzband, Vasheghani Farahani, Yang, Tohidi, Chuvilin, Istomin & Bukhanov (2019)",chromatography,,CO2,,0.0027,0.150278,0.0027,"xN2, mole fraction (Aqueous/Liquid phase)"
N2_hassanpouryouzband2019_n2_048,N2,273.25,21.27,total,none,0,,,,,,,,hassanpouryouzband2019_n2,"Hassanpouryouzband, Vasheghani Farahani, Yang, Tohidi, Chuvilin, Istomin & Bukhanov (2019)",chromatography,,CO2,,,,0.9747,"yN2, mole fraction (Vapor phase)"
N2_hassanpouryouzband2019_n2_049,N2,283.15,2.05,total,none,0,,,,,,,,hassanpouryouzband2019_n2,"Hassanpouryouzband, Vasheghani Farahani, Yang, Tohidi, Chuvilin, Istomin & Bukhanov (2019)",chromatography,,CO2,,0.0003,0.0166575,0.0003,"xN2, mole fraction (Aqueous/Liquid phase)"
N2_hassanpouryouzband2019_n2_050,N2,283.15,2.05,total,none,0,,,,,,,,hassanpouryouzband2019_n2,"Hassanpouryouzband, Vasheghani Farahani, Yang, Tohidi, Chuvilin, Istomin & Bukhanov (2019)",chromatography,,CO2,,,,0.98,"yN2, mole fraction (Vapor phase)"
N2_hassanpouryouzband2019_n2_051,N2,283.15,5.74,total,none,0,,,,,,,,hassanpouryouzband2019_n2,"Hassanpouryouzband, Vasheghani Farahani, Yang, Tohidi, Chuvilin, Istomin & Bukhanov (2019)",chromatography,,CO2,,0.0008,0.0444423,0.0008,"xN2, mole fraction (Aqueous/Liquid phase)"
N2_hassanpouryouzband2019_n2_052,N2,283.15,5.74,total,none,0,,,,,,,,hassanpouryouzband2019_n2,"Hassanpouryouzband, Vasheghani Farahani, Yang, Tohidi, Chuvilin, Istomin & Bukhanov (2019)",chromatography,,CO2,,,,0.9785,"yN2, mole fraction (Vapor phase)"
N2_hassanpouryouzband2019_n2_053,N2,283.15,9.84,total,none,0,,,,,,,,hassanpouryouzband2019_n2,"Hassanpouryouzband, Vasheghani Farahani, Yang, Tohidi, Chuvilin, Istomin & Bukhanov (2019)",chromatography,,CO2,,0.0012,0.0666901,0.0012,"xN2, mole fraction (Aqueous/Liquid phase)"
N2_hassanpouryouzband2019_n2_054,N2,283.15,9.84,total,none,0,,,,,,,,hassanpouryouzband2019_n2,"Hassanpouryouzband, Vasheghani Farahani, Yang, Tohidi, Chuvilin, Istomin & Bukhanov (2019)",chromatography,,CO2,,,,0.9763,"yN2, mole fraction (Vapor phase)"
N2_hassanpouryouzband2019_n2_055,N2,283.15,13.58,total,none,0,,,,,,,,hassanpouryouzband2019_n2,"Hassanpouryouzband, Vasheghani Farahani, Yang, Tohidi, Chuvilin, Istomin & Bukhanov (2019)",chromatography,,CO2,,0.0016,0.0889557,0.0016,"xN2, mole fraction (Aqueous/Liquid phase)"
N2_hassanpouryouzband2019_n2_056,N2,283.15,13.58,total,none,0,,,,,,,,hassanpouryouzband2019_n2,"Hassanpouryouzband, Vasheghani Farahani, Yang, Tohidi, Chuvilin, Istomin & Bukhanov (2019)",chromatography,,CO2,,,,0.9748,"yN2, mole fraction (Vapor phase)"
N2_hassanpouryouzband2019_n2_057,N2,283.15,18.06,total,none,0,,,,,,,,hassanpouryouzband2019_n2,"Hassanpouryouzband, Vasheghani Farahani, Yang, Tohidi, Chuvilin, Istomin & Bukhanov (2019)",chromatography,,CO2,,0.002,0.111239,0.002,"xN2, mole fraction (Aqueous/Liquid phase)"
N2_hassanpouryouzband2019_n2_058,N2,283.15,18.06,total,none,0,,,,,,,,hassanpouryouzband2019_n2,"Hassanpouryouzband, Vasheghani Farahani, Yang, Tohidi, Chuvilin, Istomin & Bukhanov (2019)",chromatography,,CO2,,,,0.9738,"yN2, mole fraction (Vapor phase)"
N2_hassanpouryouzband2019_n2_059,N2,283.15,21.5,total,none,0,,,,,,,,hassanpouryouzband2019_n2,"Hassanpouryouzband, Vasheghani Farahani, Yang, Tohidi, Chuvilin, Istomin & Bukhanov (2019)",chromatography,,CO2,,0.0023,0.127964,0.0023,"xN2, mole fraction (Aqueous/Liquid phase)"
N2_hassanpouryouzband2019_n2_060,N2,283.15,21.5,total,none,0,,,,,,,,hassanpouryouzband2019_n2,"Hassanpouryouzband, Vasheghani Farahani, Yang, Tohidi, Chuvilin, Istomin & Bukhanov (2019)",chromatography,,CO2,,,,0.9728,"yN2, mole fraction (Vapor phase)"
N2_hassanpouryouzband2019_n2_061,N2,303.05,2.1,total,none,0,,,,,,,,hassanpouryouzband2019_n2,"Hassanpouryouzband, Vasheghani Farahani, Yang, Tohidi, Chuvilin, Istomin & Bukhanov (2019)",chromatography,,CO2,,0.0003,0.0166575,0.0003,"xN2, mole fraction (Aqueous/Liquid phase)"
N2_hassanpouryouzband2019_n2_062,N2,303.05,2.1,total,none,0,,,,,,,,hassanpouryouzband2019_n2,"Hassanpouryouzband, Vasheghani Farahani, Yang, Tohidi, Chuvilin, Istomin & Bukhanov (2019)",chromatography,,CO2,,,,0.98,"yN2, mole fraction (Vapor phase)"
N2_hassanpouryouzband2019_n2_063,N2,303.05,5.78,total,none,0,,,,,,,,hassanpouryouzband2019_n2,"Hassanpouryouzband, Vasheghani Farahani, Yang, Tohidi, Chuvilin, Istomin & Bukhanov (2019)",chromatography,,CO2,,0.0008,0.0444423,0.0008,"xN2, mole fraction (Aqueous/Liquid phase)"
N2_hassanpouryouzband2019_n2_064,N2,303.05,5.78,total,none,0,,,,,,,,hassanpouryouzband2019_n2,"Hassanpouryouzband, Vasheghani Farahani, Yang, Tohidi, Chuvilin, Istomin & Bukhanov (2019)",chromatography,,CO2,,,,0.9785,"yN2, mole fraction (Vapor phase)"
N2_hassanpouryouzband2019_n2_065,N2,303.05,9.8,total,none,0,,,,,,,,hassanpouryouzband2019_n2,"Hassanpouryouzband, Vasheghani Farahani, Yang, Tohidi, Chuvilin, Istomin & Bukhanov (2019)",chromatography,,CO2,,0.0012,0.0666901,0.0012,"xN2, mole fraction (Aqueous/Liquid phase)"
N2_hassanpouryouzband2019_n2_066,N2,303.05,9.8,total,none,0,,,,,,,,hassanpouryouzband2019_n2,"Hassanpouryouzband, Vasheghani Farahani, Yang, Tohidi, Chuvilin, Istomin & Bukhanov (2019)",chromatography,,CO2,,,,0.9763,"yN2, mole fraction (Vapor phase)"
N2_hassanpouryouzband2019_n2_067,N2,303.05,13.45,total,none,0,,,,,,,,hassanpouryouzband2019_n2,"Hassanpouryouzband, Vasheghani Farahani, Yang, Tohidi, Chuvilin, Istomin & Bukhanov (2019)",chromatography,,CO2,,0.0016,0.0889557,0.0016,"xN2, mole fraction (Aqueous/Liquid phase)"
N2_hassanpouryouzband2019_n2_068,N2,303.05,13.45,total,none,0,,,,,,,,hassanpouryouzband2019_n2,"Hassanpouryouzband, Vasheghani Farahani, Yang, Tohidi, Chuvilin, Istomin & Bukhanov (2019)",chromatography,,CO2,,,,0.9748,"yN2, mole fraction (Vapor phase)"
N2_hassanpouryouzband2019_n2_069,N2,303.05,17.3,total,none,0,,,,,,,,hassanpouryouzband2019_n2,"Hassanpouryouzband, Vasheghani Farahani, Yang, Tohidi, Chuvilin, Istomin & Bukhanov (2019)",chromatography,,CO2,,0.002,0.111239,0.002,"xN2, mole fraction (Aqueous/Liquid phase)"
N2_hassanpouryouzband2019_n2_070,N2,303.05,17.3,total,none,0,,,,,,,,hassanpouryouzband2019_n2,"Hassanpouryouzband, Vasheghani Farahani, Yang, Tohidi, Chuvilin, Istomin & Bukhanov (2019)",chromatography,,CO2,,,,0.9738,"yN2, mole fraction (Vapor phase)"
N2_hassanpouryouzband2019_n2_071,N2,303.05,21.74,total,none,0,,,,,,,,hassanpouryouzband2019_n2,"Hassanpouryouzband, Vasheghani Farahani, Yang, Tohidi, Chuvilin, Istomin & Bukhanov (2019)",chromatography,,CO2,,0.0023,0.127964,0.0023,"xN2, mole fraction (Aqueous/Liquid phase)"
N2_hassanpouryouzband2019_n2_072,N2,303.05,21.74,total,none,0,,,,,,,,hassanpouryouzband2019_n2,"Hassanpouryouzband, Vasheghani Farahani, Yang, Tohidi, Chuvilin, Istomin & Bukhanov (2019)",chromatography,,CO2,,,,0.9728,"yN2, mole fraction (Vapor phase)"
N2_hassanpouryouzband2019_n2_073,N2,273.25,1.73,total,none,0,,,,,,,,hassanpouryouzband2019_n2,"Hassanpouryouzband, Vasheghani Farahani, Yang, Tohidi, Chuvilin, Istomin & Bukhanov (2019)",chromatography,,CO2,,0.0002,0.0111039,0.0002,"xN2, mole fraction (Aqueous/Liquid phase)"
N2_hassanpouryouzband2019_n2_074,N2,273.25,1.73,total,none,0,,,,,,,,hassanpouryouzband2019_n2,"Hassanpouryouzband, Vasheghani Farahani, Yang, Tohidi, Chuvilin, Istomin & Bukhanov (2019)",chromatography,,CO2,,,,0.7895,"yN2, mole fraction (Vapor phase)"
N2_hassanpouryouzband2019_n2_075,N2,273.25,5.31,total,none,0,,,,,,,,hassanpouryouzband2019_n2,"Hassanpouryouzband, Vasheghani Farahani, Yang, Tohidi, Chuvilin, Istomin & Bukhanov (2019)",chromatography,,CO2,,0.0007,0.0388831,0.0007,"xN2, mole fraction (Aqueous/Liquid phase)"
N2_hassanpouryouzband2019_n2_076,N2,273.25,5.31,total,none,0,,,,,,,,hassanpouryouzband2019_n2,"Hassanpouryouzband, Vasheghani Farahani, Yang, Tohidi, Chuvilin, Istomin & Bukhanov (2019)",chromatography,,CO2,,,,0.7505,"yN2, mole fraction (Vapor phase)"
N2_hassanpouryouzband2019_n2_077,N2,283.15,1.68,total,none,0,,,,,,,,hassanpouryouzband2019_n2,"Hassanpouryouzband, Vasheghani Farahani, Yang, Tohidi, Chuvilin, Istomin & Bukhanov (2019)",chromatography,,CO2,,0.0002,0.0111039,0.0002,"xN2, mole fraction (Aqueous/Liquid phase)"
N2_hassanpouryouzband2019_n2_078,N2,283.15,1.68,total,none,0,,,,,,,,hassanpouryouzband2019_n2,"Hassanpouryouzband, Vasheghani Farahani, Yang, Tohidi, Chuvilin, Istomin & Bukhanov (2019)",chromatography,,CO2,,,,0.754,"yN2, mole fraction (Vapor phase)"
N2_hassanpouryouzband2019_n2_079,N2,283.15,6.07,total,none,0,,,,,,,,hassanpouryouzband2019_n2,"Hassanpouryouzband, Vasheghani Farahani, Yang, Tohidi, Chuvilin, Istomin & Bukhanov (2019)",chromatography,,CO2,,0.0006,0.033325,0.0006,"xN2, mole fraction (Aqueous/Liquid phase)"
N2_hassanpouryouzband2019_n2_080,N2,283.15,6.07,total,none,0,,,,,,,,hassanpouryouzband2019_n2,"Hassanpouryouzband, Vasheghani Farahani, Yang, Tohidi, Chuvilin, Istomin & Bukhanov (2019)",chromatography,,CO2,,,,0.7262,"yN2, mole fraction (Vapor phase)"
N2_hassanpouryouzband2019_n2_081,N2,283.15,9.34,total,none,0,,,,,,,,hassanpouryouzband2019_n2,"Hassanpouryouzband, Vasheghani Farahani, Yang, Tohidi, Chuvilin, Istomin & Bukhanov (2019)",chromatography,,CO2,,0.0009,0.0500025,0.0009,"xN2, mole fraction (Aqueous/Liquid phase)"
N2_hassanpouryouzband2019_n2_082,N2,283.15,9.34,total,none,0,,,,,,,,hassanpouryouzband2019_n2,"Hassanpouryouzband, Vasheghani Farahani, Yang, Tohidi, Chuvilin, Istomin & Bukhanov (2019)",chromatography,,CO2,,,,0.7085,"yN2, mole fraction (Vapor phase)"
N2_hassanpouryouzband2019_n2_083,N2,283.15,13.09,total,none,0,,,,,,,,hassanpouryouzband2019_n2,"Hassanpouryouzband, Vasheghani Farahani, Yang, Tohidi, Chuvilin, Istomin & Bukhanov (2019)",chromatography,,CO2,,0.0013,0.0722548,0.0013,"xN2, mole fraction (Aqueous/Liquid phase)"
N2_hassanpouryouzband2019_n2_084,N2,283.15,13.09,total,none,0,,,,,,,,hassanpouryouzband2019_n2,"Hassanpouryouzband, Vasheghani Farahani, Yang, Tohidi, Chuvilin, Istomin & Bukhanov (2019)",chromatography,,CO2,,,,0.6861,"yN2, mole fraction (Vapor phase)"
N2_hassanpouryouzband2019_n2_085,N2,283.15,17.06,total,none,0,,,,,,,,hassanpouryouzband2019_n2,"Hassanpouryouzband, Vasheghani Farahani, Yang, Tohidi, Chuvilin, Istomin & Bukhanov (2019)",chromatography,,CO2,,0.0016,0.0889557,0.0016,"xN2, mole fraction (Aqueous/Liquid phase)"
N2_hassanpouryouzband2019_n2_086,N2,283.15,17.06,total,none,0,,,,,,,,hassanpouryouzband2019_n2,"Hassanpouryouzband, Vasheghani Farahani, Yang, Tohidi, Chuvilin, Istomin & Bukhanov (2019)",chromatography,,CO2,,,,0.6698,"yN2, mole fraction (Vapor phase)"
N2_hassanpouryouzband2019_n2_087,N2,283.15,20.85,total,none,0,,,,,,,,hassanpouryouzband2019_n2,"Hassanpouryouzband, Vasheghani Farahani, Yang, Tohidi, Chuvilin, Istomin & Bukhanov (2019)",chromatography,,CO2,,0.0019,0.105667,0.0019,"xN2, mole fraction (Aqueous/Liquid phase)"
N2_hassanpouryouzband2019_n2_088,N2,283.15,20.85,total,none,0,,,,,,,,hassanpouryouzband2019_n2,"Hassanpouryouzband, Vasheghani Farahani, Yang, Tohidi, Chuvilin, Istomin & Bukhanov (2019)",chromatography,,CO2,,,,0.6572,"yN2, mole fraction (Vapor phase)"
N2_hassanpouryouzband2019_n2_089,N2,303.05,1.92,total,none,0,,,,,,,,hassanpouryouzband2019_n2,"Hassanpouryouzband, Vasheghani Farahani, Yang, Tohidi, Chuvilin, Istomin & Bukhanov (2019)",chromatography,,CO2,,0.0001,0.00555139,0.0001,"xN2, mole fraction (Aqueous/Liquid phase)"
N2_hassanpouryouzband2019_n2_090,N2,303.05,1.92,total,none,0,,,,,,,,hassanpouryouzband2019_n2,"Hassanpouryouzband, Vasheghani Farahani, Yang, Tohidi, Chuvilin, Istomin & Bukhanov (2019)",chromatography,,CO2,,,,0.7192,"yN2, mole fraction (Vapor phase)"
N2_hassanpouryouzband2019_n2_091,N2,303.05,5.59,total,none,0,,,,,,,,hassanpouryouzband2019_n2,"Hassanpouryouzband, Vasheghani Farahani, Yang, Tohidi, Chuvilin, Istomin & Bukhanov (2019)",chromatography,,CO2,,0.0004,0.0222122,0.0004,"xN2, mole fraction (Aqueous/Liquid phase)"
N2_hassanpouryouzband2019_n2_092,N2,303.05,5.59,total,none,0,,,,,,,,hassanpouryouzband2019_n2,"Hassanpouryouzband, Vasheghani Farahani, Yang, Tohidi, Chuvilin, Istomin & Bukhanov (2019)",chromatography,,CO2,,,,0.7035,"yN2, mole fraction (Vapor phase)"
N2_hassanpouryouzband2019_n2_093,N2,303.05,9.06,total,none,0,,,,,,,,hassanpouryouzband2019_n2,"Hassanpouryouzband, Vasheghani Farahani, Yang, Tohidi, Chuvilin, Istomin & Bukhanov (2019)",chromatography,,CO2,,0.0006,0.033325,0.0006,"xN2, mole fraction (Aqueous/Liquid phase)"
N2_hassanpouryouzband2019_n2_094,N2,303.05,9.06,total,none,0,,,,,,,,hassanpouryouzband2019_n2,"Hassanpouryouzband, Vasheghani Farahani, Yang, Tohidi, Chuvilin, Istomin & Bukhanov (2019)",chromatography,,CO2,,,,0.6891,"yN2, mole fraction (Vapor phase)"
N2_hassanpouryouzband2019_n2_095,N2,303.05,13.3,total,none,0,,,,,,,,hassanpouryouzband2019_n2,"Hassanpouryouzband, Vasheghani Farahani, Yang, Tohidi, Chuvilin, Istomin & Bukhanov (2019)",chromatography,,CO2,,0.0008,0.0444423,0.0008,"xN2, mole fraction (Aqueous/Liquid phase)"
N2_hassanpouryouzband2019_n2_096,N2,303.05,13.3,total,none,0,,,,,,,,hassanpouryouzband2019_n2,"Hassanpouryouzband, Vasheghani Farahani, Yang, Tohidi, Chuvilin, Istomin & Bukhanov (2019)",chromatography,,CO2,,,,0.6732,"yN2, mole fraction (Vapor phase)"
N2_hassanpouryouzband2019_n2_097,N2,303.05,17.03,total,none,0,,,,,,,,hassanpouryouzband2019_n2,"Hassanpouryouzband, Vasheghani Farahani, Yang, Tohidi, Chuvilin, Istomin & Bukhanov (2019)",chromatography,,CO2,,0.001,0.0555639,0.001,"xN2, mole fraction (Aqueous/Liquid phase)"
N2_hassanpouryouzband2019_n2_098,N2,303.05,17.03,total,none,0,,,,,,,,hassanpouryouzband2019_n2,"Hassanpouryouzband, Vasheghani Farahani, Yang, Tohidi, Chuvilin, Istomin & Bukhanov (2019)",chromatography,,CO2,,,,0.6625,"yN2, mole fraction (Vapor phase)"
N2_hassanpouryouzband2019_n2_099,N2,303.05,20.99,total,none,0,,,,,,,,hassanpouryouzband2019_n2,"Hassanpouryouzband, Vasheghani Farahani, Yang, Tohidi, Chuvilin, Istomin & Bukhanov (2019)",chromatography,,CO2,,0.0012,0.0666901,0.0012,"xN2, mole fraction (Aqueous/Liquid phase)"
N2_hassanpouryouzband2019_n2_100,N2,303.05,20.99,total,none,0,,,,,,,,hassanpouryouzband2019_n2,"Hassanpouryouzband, Vasheghani Farahani, Yang, Tohidi, Chuvilin, Istomin & Bukhanov (2019)",chromatography,,CO2,,,,0.6538,"yN2, mole fraction (Vapor phase)"
N2_hassanpouryouzband2019_n2_101,N2,273.25,1.96,total,NaCl,0.900563,,,,,,,,hassanpouryouzband2019_n2,"Hassanpouryouzband, Vasheghani Farahani, Yang, Tohidi, Chuvilin, Istomin & Bukhanov (2019)",chromatography,,CO2,,0.0002,0.0111039,0.0002,"xN2, mole fraction (Aqueous/Liquid phase)"
N2_hassanpouryouzband2019_n2_102,N2,273.25,1.96,total,NaCl,0.900563,,,,,,,,hassanpouryouzband2019_n2,"Hassanpouryouzband, Vasheghani Farahani, Yang, Tohidi, Chuvilin, Istomin & Bukhanov (2019)",chromatography,,CO2,,,,0.9266,"yN2, mole fraction (Vapor phase)"
N2_hassanpouryouzband2019_n2_103,N2,273.25,5.52,total,NaCl,0.900563,,,,,,,,hassanpouryouzband2019_n2,"Hassanpouryouzband, Vasheghani Farahani, Yang, Tohidi, Chuvilin, Istomin & Bukhanov (2019)",chromatography,,CO2,,0.0006,0.033325,0.0006,"xN2, mole fraction (Aqueous/Liquid phase)"
N2_hassanpouryouzband2019_n2_104,N2,273.25,5.52,total,NaCl,0.900563,,,,,,,,hassanpouryouzband2019_n2,"Hassanpouryouzband, Vasheghani Farahani, Yang, Tohidi, Chuvilin, Istomin & Bukhanov (2019)",chromatography,,CO2,,,,0.9176,"yN2, mole fraction (Vapor phase)"
N2_hassanpouryouzband2019_n2_105,N2,273.25,9.31,total,NaCl,0.900563,,,,,,,,hassanpouryouzband2019_n2,"Hassanpouryouzband, Vasheghani Farahani, Yang, Tohidi, Chuvilin, Istomin & Bukhanov (2019)",chromatography,,CO2,,0.0009,0.0500025,0.0009,"xN2, mole fraction (Aqueous/Liquid phase)"
N2_hassanpouryouzband2019_n2_106,N2,273.25,9.31,total,NaCl,0.900563,,,,,,,,hassanpouryouzband2019_n2,"Hassanpouryouzband, Vasheghani Farahani, Yang, Tohidi, Chuvilin, Istomin & Bukhanov (2019)",chromatography,,CO2,,,,0.9083,"yN2, mole fraction (Vapor phase)"
N2_hassanpouryouzband2019_n2_107,N2,273.25,13.43,total,NaCl,0.900563,,,,,,,,hassanpouryouzband2019_n2,"Hassanpouryouzband, Vasheghani Farahani, Yang, Tohidi, Chuvilin, Istomin & Bukhanov (2019)",chromatography,,CO2,,0.0013,0.0722548,0.0013,"xN2, mole fraction (Aqueous/Liquid phase)"
N2_hassanpouryouzband2019_n2_108,N2,273.25,13.43,total,NaCl,0.900563,,,,,,,,hassanpouryouzband2019_n2,"Hassanpouryouzband, Vasheghani Farahani, Yang, Tohidi, Chuvilin, Istomin & Bukhanov (2019)",chromatography,,CO2,,,,0.8999,"yN2, mole fraction (Vapor phase)"
N2_hassanpouryouzband2019_n2_109,N2,273.25,17.08,total,NaCl,0.900563,,,,,,,,hassanpouryouzband2019_n2,"Hassanpouryouzband, Vasheghani Farahani, Yang, Tohidi, Chuvilin, Istomin & Bukhanov (2019)",chromatography,,CO2,,0.0015,0.0833876,0.0015,"xN2, mole fraction (Aqueous/Liquid phase)"
N2_hassanpouryouzband2019_n2_110,N2,273.25,17.08,total,NaCl,0.900563,,,,,,,,hassanpouryouzband2019_n2,"Hassanpouryouzband, Vasheghani Farahani, Yang, Tohidi, Chuvilin, Istomin & Bukhanov (2019)",chromatography,,CO2,,,,0.8937,"yN2, mole fraction (Vapor phase)"
N2_hassanpouryouzband2019_n2_111,N2,273.25,21.1,total,NaCl,0.900563,,,,,,,,hassanpouryouzband2019_n2,"Hassanpouryouzband, Vasheghani Farahani, Yang, Tohidi, Chuvilin, Istomin & Bukhanov (2019)",chromatography,,CO2,,0.0018,0.100095,0.0018,"xN2, mole fraction (Aqueous/Liquid phase)"
N2_hassanpouryouzband2019_n2_112,N2,273.25,21.1,total,NaCl,0.900563,,,,,,,,hassanpouryouzband2019_n2,"Hassanpouryouzband, Vasheghani Farahani, Yang, Tohidi, Chuvilin, Istomin & Bukhanov (2019)",chromatography,,CO2,,,,0.888,"yN2, mole fraction (Vapor phase)"
N2_hassanpouryouzband2019_n2_113,N2,283.15,1.97,total,NaCl,0.900563,,,,,,,,hassanpouryouzband2019_n2,"Hassanpouryouzband, Vasheghani Farahani, Yang, Tohidi, Chuvilin, Istomin & Bukhanov (2019)",chromatography,,CO2,,0.0002,0.0111039,0.0002,"xN2, mole fraction (Aqueous/Liquid phase)"
N2_hassanpouryouzband2019_n2_114,N2,283.15,1.97,total,NaCl,0.900563,,,,,,,,hassanpouryouzband2019_n2,"Hassanpouryouzband, Vasheghani Farahani, Yang, Tohidi, Chuvilin, Istomin & Bukhanov (2019)",chromatography,,CO2,,,,0.914,"yN2, mole fraction (Vapor phase)"
N2_hassanpouryouzband2019_n2_115,N2,283.15,5.66,total,NaCl,0.900563,,,,,,,,hassanpouryouzband2019_n2,"Hassanpouryouzband, Vasheghani Farahani, Yang, Tohidi, Chuvilin, Istomin & Bukhanov (2019)",chromatography,,CO2,,0.0005,0.0277681,0.0005,"xN2, mole fraction (Aqueous/Liquid phase)"
N2_hassanpouryouzband2019_n2_116,N2,283.15,5.66,total,NaCl,0.900563,,,,,,,,hassanpouryouzband2019_n2,"Hassanpouryouzband, Vasheghani Farahani, Yang, Tohidi, Chuvilin, Istomin & Bukhanov (2019)",chromatography,,CO2,,,,0.9052,"yN2, mole fraction (Vapor phase)"
N2_hassanpouryouzband2019_n2_117,N2,283.15,9.42,total,NaCl,0.900563,,,,,,,,hassanpouryouzband2019_n2,"Hassanpouryouzband, Vasheghani Farahani, Yang, Tohidi, Chuvilin, Istomin & Bukhanov (2019)",chromatography,,CO2,,0.0008,0.0444423,0.0008,"xN2, mole fraction (Aqueous/Liquid phase)"
N2_hassanpouryouzband2019_n2_118,N2,283.15,9.42,total,NaCl,0.900563,,,,,,,,hassanpouryouzband2019_n2,"Hassanpouryouzband, Vasheghani Farahani, Yang, Tohidi, Chuvilin, Istomin & Bukhanov (2019)",chromatography,,CO2,,,,0.8973,"yN2, mole fraction (Vapor phase)"
N2_hassanpouryouzband2019_n2_119,N2,283.15,13.38,total,NaCl,0.900563,,,,,,,,hassanpouryouzband2019_n2,"Hassanpouryouzband, Vasheghani Farahani, Yang, Tohidi, Chuvilin, Istomin & Bukhanov (2019)",chromatography,,CO2,,0.0011,0.0611264,0.0011,"xN2, mole fraction (Aqueous/Liquid phase)"
N2_hassanpouryouzband2019_n2_120,N2,283.15,13.38,total,NaCl,0.900563,,,,,,,,hassanpouryouzband2019_n2,"Hassanpouryouzband, Vasheghani Farahani, Yang, Tohidi, Chuvilin, Istomin & Bukhanov (2019)",chromatography,,CO2,,,,0.891,"yN2, mole fraction (Vapor phase)"
N2_hassanpouryouzband2019_n2_121,N2,283.15,16.98,total,NaCl,0.900563,,,,,,,,hassanpouryouzband2019_n2,"Hassanpouryouzband, Vasheghani Farahani, Yang, Tohidi, Chuvilin, Istomin & Bukhanov (2019)",chromatography,,CO2,,0.0014,0.0778207,0.0014,"xN2, mole fraction (Aqueous/Liquid phase)"
N2_hassanpouryouzband2019_n2_122,N2,283.15,16.98,total,NaCl,0.900563,,,,,,,,hassanpouryouzband2019_n2,"Hassanpouryouzband, Vasheghani Farahani, Yang, Tohidi, Chuvilin, Istomin & Bukhanov (2019)",chromatography,,CO2,,,,0.8866,"yN2, mole fraction (Vapor phase)"
N2_hassanpouryouzband2019_n2_123,N2,283.15,20.89,total,NaCl,0.900563,,,,,,,,hassanpouryouzband2019_n2,"Hassanpouryouzband, Vasheghani Farahani, Yang, Tohidi, Chuvilin, Istomin & Bukhanov (2019)",chromatography,,CO2,,0.0016,0.0889557,0.0016,"xN2, mole fraction (Aqueous/Liquid phase)"
N2_hassanpouryouzband2019_n2_124,N2,283.15,20.89,total,NaCl,0.900563,,,,,,,,hassanpouryouzband2019_n2,"Hassanpouryouzband, Vasheghani Farahani, Yang, Tohidi, Chuvilin, Istomin & Bukhanov (2019)",chromatography,,CO2,,,,0.8825,"yN2, mole fraction (Vapor phase)"
N2_hassanpouryouzband2019_n2_125,N2,303.05,2.08,total,NaCl,0.900563,,,,,,,,hassanpouryouzband2019_n2,"Hassanpouryouzband, Vasheghani Farahani, Yang, Tohidi, Chuvilin, Istomin & Bukhanov (2019)",chromatography,,CO2,,0.0002,0.0111039,0.0002,"xN2, mole fraction (Aqueous/Liquid phase)"
N2_hassanpouryouzband2019_n2_126,N2,303.05,2.08,total,NaCl,0.900563,,,,,,,,hassanpouryouzband2019_n2,"Hassanpouryouzband, Vasheghani Farahani, Yang, Tohidi, Chuvilin, Istomin & Bukhanov (2019)",chromatography,,CO2,,,,0.8994,"yN2, mole fraction (Vapor phase)"
N2_hassanpouryouzband2019_n2_127,N2,303.05,5.65,total,NaCl,0.900563,,,,,,,,hassanpouryouzband2019_n2,"Hassanpouryouzband, Vasheghani Farahani, Yang, Tohidi, Chuvilin, Istomin & Bukhanov (2019)",chromatography,,CO2,,0.0004,0.0222122,0.0004,"xN2, mole fraction (Aqueous/Liquid phase)"
N2_hassanpouryouzband2019_n2_128,N2,303.05,5.65,total,NaCl,0.900563,,,,,,,,hassanpouryouzband2019_n2,"Hassanpouryouzband, Vasheghani Farahani, Yang, Tohidi, Chuvilin, Istomin & Bukhanov (2019)",chromatography,,CO2,,,,0.8937,"yN2, mole fraction (Vapor phase)"
N2_hassanpouryouzband2019_n2_129,N2,303.05,9.49,total,NaCl,0.900563,,,,,,,,hassanpouryouzband2019_n2,"Hassanpouryouzband, Vasheghani Farahani, Yang, Tohidi, Chuvilin, Istomin & Bukhanov (2019)",chromatography,,CO2,,0.0007,0.0388831,0.0007,"xN2, mole fraction (Aqueous/Liquid phase)"
N2_hassanpouryouzband2019_n2_130,N2,303.05,9.49,total,NaCl,0.900563,,,,,,,,hassanpouryouzband2019_n2,"Hassanpouryouzband, Vasheghani Farahani, Yang, Tohidi, Chuvilin, Istomin & Bukhanov (2019)",chromatography,,CO2,,,,0.8876,"yN2, mole fraction (Vapor phase)"
N2_hassanpouryouzband2019_n2_131,N2,303.05,13.33,total,NaCl,0.900563,,,,,,,,hassanpouryouzband2019_n2,"Hassanpouryouzband, Vasheghani Farahani, Yang, Tohidi, Chuvilin, Istomin & Bukhanov (2019)",chromatography,,CO2,,0.0009,0.0500025,0.0009,"xN2, mole fraction (Aqueous/Liquid phase)"
N2_hassanpouryouzband2019_n2_132,N2,303.05,13.33,total,NaCl,0.900563,,,,,,,,hassanpouryouzband2019_n2,"Hassanpouryouzband, Vasheghani Farahani, Yang, Tohidi, Chuvilin, Istomin & Bukhanov (2019)",chromatography,,CO2,,,,0.8828,"yN2, mole fraction (Vapor phase)"
N2_hassanpouryouzband2019_n2_133,N2,303.05,17.32,total,NaCl,0.900563,,,,,,,,hassanpouryouzband2019_n2,"Hassanpouryouzband, Vasheghani Farahani, Yang, Tohidi, Chuvilin, Istomin & Bukhanov (2019)",chromatography,,CO2,,0.0011,0.0611264,0.0011,"xN2, mole fraction (Aqueous/Liquid phase)"
N2_hassanpouryouzband2019_n2_134,N2,303.05,17.32,total,NaCl,0.900563,,,,,,,,hassanpouryouzband2019_n2,"Hassanpouryouzband, Vasheghani Farahani, Yang, Tohidi, Chuvilin, Istomin & Bukhanov (2019)",chromatography,,CO2,,,,0.8794,"yN2, mole fraction (Vapor phase)"
N2_hassanpouryouzband2019_n2_135,N2,303.05,20.93,total,NaCl,0.900563,,,,,,,,hassanpouryouzband2019_n2,"Hassanpouryouzband, Vasheghani Farahani, Yang, Tohidi, Chuvilin, Istomin & Bukhanov (2019)",chromatography,,CO2,,0.0013,0.0722548,0.0013,"xN2, mole fraction (Aqueous/Liquid phase)"
N2_hassanpouryouzband2019_n2_136,N2,303.05,20.93,total,NaCl,0.900563,,,,,,,,hassanpouryouzband2019_n2,"Hassanpouryouzband, Vasheghani Farahani, Yang, Tohidi, Chuvilin, Istomin & Bukhanov (2019)",chromatography,,CO2,,,,0.877,"yN2, mole fraction (Vapor phase)"
N2_hassanpouryouzband2019_n2_137,N2,273.25,2,total,NaCl,1.90119,,,,,,,,hassanpouryouzband2019_n2,"Hassanpouryouzband, Vasheghani Farahani, Yang, Tohidi, Chuvilin, Istomin & Bukhanov (2019)",chromatography,,CO2,,0.0002,0.0111039,0.0002,"xN2, mole fraction (Aqueous/Liquid phase)"
N2_hassanpouryouzband2019_n2_138,N2,273.25,2,total,NaCl,1.90119,,,,,,,,hassanpouryouzband2019_n2,"Hassanpouryouzband, Vasheghani Farahani, Yang, Tohidi, Chuvilin, Istomin & Bukhanov (2019)",chromatography,,CO2,,,,0.9153,"yN2, mole fraction (Vapor phase)"
N2_hassanpouryouzband2019_n2_139,N2,273.25,5.59,total,NaCl,1.90119,,,,,,,,hassanpouryouzband2019_n2,"Hassanpouryouzband, Vasheghani Farahani, Yang, Tohidi, Chuvilin, Istomin & Bukhanov (2019)",chromatography,,CO2,,0.0004,0.0222122,0.0004,"xN2, mole fraction (Aqueous/Liquid phase)"
N2_hassanpouryouzband2019_n2_140,N2,273.25,5.59,total,NaCl,1.90119,,,,,,,,hassanpouryouzband2019_n2,"Hassanpouryouzband, Vasheghani Farahani, Yang, Tohidi, Chuvilin, Istomin & Bukhanov (2019)",chromatography,,CO2,,,,0.9076,"yN2, mole fraction (Vapor phase)"
N2_hassanpouryouzband2019_n2_141,N2,273.25,9.42,total,NaCl,1.90119,,,,,,,,hassanpouryouzband2019_n2,"Hassanpouryouzband, Vasheghani Farahani, Yang, Tohidi, Chuvilin, Istomin & Bukhanov (2019)",chromatography,,CO2,,0.0006,0.033325,0.0006,"xN2, mole fraction (Aqueous/Liquid phase)"
N2_hassanpouryouzband2019_n2_142,N2,273.25,9.42,total,NaCl,1.90119,,,,,,,,hassanpouryouzband2019_n2,"Hassanpouryouzband, Vasheghani Farahani, Yang, Tohidi, Chuvilin, Istomin & Bukhanov (2019)",chromatography,,CO2,,,,0.8995,"yN2, mole fraction (Vapor phase)"
N2_hassanpouryouzband2019_n2_143,N2,273.25,13.26,total,NaCl,1.90119,,,,,,,,hassanpouryouzband2019_n2,"Hassanpouryouzband, Vasheghani Farahani, Yang, Tohidi, Chuvilin, Istomin & Bukhanov (2019)",chromatography,,CO2,,0.0008,0.0444423,0.0008,"xN2, mole fraction (Aqueous/Liquid phase)"
N2_hassanpouryouzband2019_n2_144,N2,273.25,13.26,total,NaCl,1.90119,,,,,,,,hassanpouryouzband2019_n2,"Hassanpouryouzband, Vasheghani Farahani, Yang, Tohidi, Chuvilin, Istomin & Bukhanov (2019)",chromatography,,CO2,,,,0.8924,"yN2, mole fraction (Vapor phase)"
N2_hassanpouryouzband2019_n2_145,N2,273.25,17.12,total,NaCl,1.90119,,,,,,,,hassanpouryouzband2019_n2,"Hassanpouryouzband, Vasheghani Farahani, Yang, Tohidi, Chuvilin, Istomin & Bukhanov (2019)",chromatography,,CO2,,0.001,0.0555639,0.001,"xN2, mole fraction (Aqueous/Liquid phase)"
N2_hassanpouryouzband2019_n2_146,N2,273.25,17.12,total,NaCl,1.90119,,,,,,,,hassanpouryouzband2019_n2,"Hassanpouryouzband, Vasheghani Farahani, Yang, Tohidi, Chuvilin, Istomin & Bukhanov (2019)",chromatography,,CO2,,,,0.8869,"yN2, mole fraction (Vapor phase)"
N2_hassanpouryouzband2019_n2_147,N2,273.25,21.08,total,NaCl,1.90119,,,,,,,,hassanpouryouzband2019_n2,"Hassanpouryouzband, Vasheghani Farahani, Yang, Tohidi, Chuvilin, Istomin & Bukhanov (2019)",chromatography,,CO2,,0.0012,0.0666901,0.0012,"xN2, mole fraction (Aqueous/Liquid phase)"
N2_hassanpouryouzband2019_n2_148,N2,273.25,21.08,total,NaCl,1.90119,,,,,,,,hassanpouryouzband2019_n2,"Hassanpouryouzband, Vasheghani Farahani, Yang, Tohidi, Chuvilin, Istomin & Bukhanov (2019)",chromatography,,CO2,,,,0.8833,"yN2, mole fraction (Vapor phase)"
N2_hassanpouryouzband2019_n2_149,N2,283.15,2.02,total,NaCl,1.90119,,,,,,,,hassanpouryouzband2019_n2,"Hassanpouryouzband, Vasheghani Farahani, Yang, Tohidi, Chuvilin, Istomin & Bukhanov (2019)",chromatography,,CO2,,0.0001,0.00555139,0.0001,"xN2, mole fraction (Aqueous/Liquid phase)"
N2_hassanpouryouzband2019_n2_150,N2,283.15,2.02,total,NaCl,1.90119,,,,,,,,hassanpouryouzband2019_n2,"Hassanpouryouzband, Vasheghani Farahani, Yang, Tohidi, Chuvilin, Istomin & Bukhanov (2019)",chromatography,,CO2,,,,0.9057,"yN2, mole fraction (Vapor phase)"
N2_hassanpouryouzband2019_n2_151,N2,283.15,5.72,total,NaCl,1.90119,,,,,,,,hassanpouryouzband2019_n2,"Hassanpouryouzband, Vasheghani Farahani, Yang, Tohidi, Chuvilin, Istomin & Bukhanov (2019)",chromatography,,CO2,,0.0004,0.0222122,0.0004,"xN2, mole fraction (Aqueous/Liquid phase)"
N2_hassanpouryouzband2019_n2_152,N2,283.15,5.72,total,NaCl,1.90119,,,,,,,,hassanpouryouzband2019_n2,"Hassanpouryouzband, Vasheghani Farahani, Yang, Tohidi, Chuvilin, Istomin & Bukhanov (2019)",chromatography,,CO2,,,,0.8984,"yN2, mole fraction (Vapor phase)"
N2_hassanpouryouzband2019_n2_153,N2,283.15,9.49,total,NaCl,1.90119,,,,,,,,hassanpouryouzband2019_n2,"Hassanpouryouzband, Vasheghani Farahani, Yang, Tohidi, Chuvilin, Istomin & Bukhanov (2019)",chromatography,,CO2,,0.0006,0.033325,0.0006,"xN2, mole fraction (Aqueous/Liquid phase)"
N2_hassanpouryouzband2019_n2_154,N2,283.15,9.49,total,NaCl,1.90119,,,,,,,,hassanpouryouzband2019_n2,"Hassanpouryouzband, Vasheghani Farahani, Yang, Tohidi, Chuvilin, Istomin & Bukhanov (2019)",chromatography,,CO2,,,,0.8912,"yN2, mole fraction (Vapor phase)"
N2_hassanpouryouzband2019_n2_155,N2,283.15,13.49,total,NaCl,1.90119,,,,,,,,hassanpouryouzband2019_n2,"Hassanpouryouzband, Vasheghani Farahani, Yang, Tohidi, Chuvilin, Istomin & Bukhanov (2019)",chromatography,,CO2,,0.0008,0.0444423,0.0008,"xN2, mole fraction (Aqueous/Liquid phase)"
N2_hassanpouryouzband2019_n2_156,N2,283.15,13.49,total,NaCl,1.90119,,,,,,,,hassanpouryouzband2019_n2,"Hassanpouryouzband, Vasheghani Farahani, Yang, Tohidi, Chuvilin, Istomin & Bukhanov (2019)",chromatography,,CO2,,,,0.8845,"yN2, mole fraction (Vapor phase)"
N2_hassanpouryouzband2019_n2_157,N2,283.15,17.09,total,NaCl,1.90119,,,,,,,,hassanpouryouzband2019_n2,"Hassanpouryouzband, Vasheghani Farahani, Yang, Tohidi, Chuvilin, Istomin & Bukhanov (2019)",chromatography,,CO2,,0.0009,0.0500025,0.0009,"xN2, mole fraction (Aqueous/Liquid phase)"
N2_hassanpouryouzband2019_n2_158,N2,283.15,17.09,total,NaCl,1.90119,,,,,,,,hassanpouryouzband2019_n2,"Hassanpouryouzband, Vasheghani Farahani, Yang, Tohidi, Chuvilin, Istomin & Bukhanov (2019)",chromatography,,CO2,,,,0.8804,"yN2, mole fraction (Vapor phase)"
N2_hassanpouryouzband2019_n2_159,N2,283.15,20.93,total,NaCl,1.90119,,,,,,,,hassanpouryouzband2019_n2,"Hassanpouryouzband, Vasheghani Farahani, Yang, Tohidi, Chuvilin, Istomin & Bukhanov (2019)",chromatography,,CO2,,0.0011,0.0611264,0.0011,"xN2, mole fraction (Aqueous/Liquid phase)"
N2_hassanpouryouzband2019_n2_160,N2,283.15,20.93,total,NaCl,1.90119,,,,,,,,hassanpouryouzband2019_n2,"Hassanpouryouzband, Vasheghani Farahani, Yang, Tohidi, Chuvilin, Istomin & Bukhanov (2019)",chromatography,,CO2,,,,0.8771,"yN2, mole fraction (Vapor phase)"
N2_hassanpouryouzband2019_n2_161,N2,303.05,1.98,total,NaCl,1.90119,,,,,,,,hassanpouryouzband2019_n2,"Hassanpouryouzband, Vasheghani Farahani, Yang, Tohidi, Chuvilin, Istomin & Bukhanov (2019)",chromatography,,CO2,,0.0001,0.00555139,0.0001,"xN2, mole fraction (Aqueous/Liquid phase)"
N2_hassanpouryouzband2019_n2_162,N2,303.05,1.98,total,NaCl,1.90119,,,,,,,,hassanpouryouzband2019_n2,"Hassanpouryouzband, Vasheghani Farahani, Yang, Tohidi, Chuvilin, Istomin & Bukhanov (2019)",chromatography,,CO2,,,,0.8915,"yN2, mole fraction (Vapor phase)"
N2_hassanpouryouzband2019_n2_163,N2,303.05,5.64,total,NaCl,1.90119,,,,,,,,hassanpouryouzband2019_n2,"Hassanpouryouzband, Vasheghani Farahani, Yang, Tohidi, Chuvilin, Istomin & Bukhanov (2019)",chromatography,,CO2,,0.0003,0.0166575,0.0003,"xN2, mole fraction (Aqueous/Liquid phase)"
N2_hassanpouryouzband2019_n2_164,N2,303.05,5.64,total,NaCl,1.90119,,,,,,,,hassanpouryouzband2019_n2,"Hassanpouryouzband, Vasheghani Farahani, Yang, Tohidi, Chuvilin, Istomin & Bukhanov (2019)",chromatography,,CO2,,,,0.8864,"yN2, mole fraction (Vapor phase)"
N2_hassanpouryouzband2019_n2_165,N2,303.05,9.51,total,NaCl,1.90119,,,,,,,,hassanpouryouzband2019_n2,"Hassanpouryouzband, Vasheghani Farahani, Yang, Tohidi, Chuvilin, Istomin & Bukhanov (2019)",chromatography,,CO2,,0.0005,0.0277681,0.0005,"xN2, mole fraction (Aqueous/Liquid phase)"
N2_hassanpouryouzband2019_n2_166,N2,303.05,9.51,total,NaCl,1.90119,,,,,,,,hassanpouryouzband2019_n2,"Hassanpouryouzband, Vasheghani Farahani, Yang, Tohidi, Chuvilin, Istomin & Bukhanov (2019)",chromatography,,CO2,,,,0.8813,"yN2, mole fraction (Vapor phase)"
N2_hassanpouryouzband2019_n2_167,N2,303.05,13.44,total,NaCl,1.90119,,,,,,,,hassanpouryouzband2019_n2,"Hassanpouryouzband, Vasheghani Farahani, Yang, Tohidi, Chuvilin, Istomin & Bukhanov (2019)",chromatography,,CO2,,0.0006,0.033325,0.0006,"xN2, mole fraction (Aqueous/Liquid phase)"
N2_hassanpouryouzband2019_n2_168,N2,303.05,13.44,total,NaCl,1.90119,,,,,,,,hassanpouryouzband2019_n2,"Hassanpouryouzband, Vasheghani Farahani, Yang, Tohidi, Chuvilin, Istomin & Bukhanov (2019)",chromatography,,CO2,,,,0.8778,"yN2, mole fraction (Vapor phase)"
N2_hassanpouryouzband2019_n2_169,N2,303.05,17.2,total,NaCl,1.90119,,,,,,,,hassanpouryouzband2019_n2,"Hassanpouryouzband, Vasheghani Farahani, Yang, Tohidi, Chuvilin, Istomin & Bukhanov (2019)",chromatography,,CO2,,0.0008,0.0444423,0.0008,"xN2, mole fraction (Aqueous/Liquid phase)"
N2_hassanpouryouzband2019_n2_170,N2,303.05,17.2,total,NaCl,1.90119,,,,,,,,hassanpouryouzband2019_n2,"Hassanpouryouzband, Vasheghani Farahani, Yang, Tohidi, Chuvilin, Istomin & Bukhanov (2019)",chromatography,,CO2,,,,0.8751,"yN2, mole fraction (Vapor phase)"
N2_hassanpouryouzband2019_n2_171,N2,303.05,21.11,total,NaCl,1.90119,,,,,,,,hassanpouryouzband2019_n2,"Hassanpouryouzband, Vasheghani Farahani, Yang, Tohidi, Chuvilin, Istomin & Bukhanov (2019)",chromatography,,CO2,,0.0009,0.0500025,0.0009,"xN2, mole fraction (Aqueous/Liquid phase)"
N2_hassanpouryouzband2019_n2_172,N2,303.05,21.11,total,NaCl,1.90119,,,,,,,,hassanpouryouzband2019_n2,"Hassanpouryouzband, Vasheghani Farahani, Yang, Tohidi, Chuvilin, Istomin & Bukhanov (2019)",chromatography,,CO2,,,,0.8729,"yN2, mole fraction (Vapor phase)"
N2_hassanpouryouzband2019_n2_173,N2,273.25,1.99,total,NaCl,3.01953,,,,,,,,hassanpouryouzband2019_n2,"Hassanpouryouzband, Vasheghani Farahani, Yang, Tohidi, Chuvilin, Istomin & Bukhanov (2019)",chromatography,,CO2,,0.0001,0.00555139,0.0001,"xN2, mole fraction (Aqueous/Liquid phase)"
N2_hassanpouryouzband2019_n2_174,N2,273.25,1.99,total,NaCl,3.01953,,,,,,,,hassanpouryouzband2019_n2,"Hassanpouryouzband, Vasheghani Farahani, Yang, Tohidi, Chuvilin, Istomin & Bukhanov (2019)",chromatography,,CO2,,,,0.9057,"yN2, mole fraction (Vapor phase)"
N2_hassanpouryouzband2019_n2_175,N2,273.25,5.76,total,NaCl,3.01953,,,,,,,,hassanpouryouzband2019_n2,"Hassanpouryouzband, Vasheghani Farahani, Yang, Tohidi, Chuvilin, Istomin & Bukhanov (2019)",chromatography,,CO2,,0.0003,0.0166575,0.0003,"xN2, mole fraction (Aqueous/Liquid phase)"
N2_hassanpouryouzband2019_n2_176,N2,273.25,5.76,total,NaCl,3.01953,,,,,,,,hassanpouryouzband2019_n2,"Hassanpouryouzband, Vasheghani Farahani, Yang, Tohidi, Chuvilin, Istomin & Bukhanov (2019)",chromatography,,CO2,,,,0.8983,"yN2, mole fraction (Vapor phase)"
N2_hassanpouryouzband2019_n2_177,N2,273.25,9.5,total,NaCl,3.01953,,,,,,,,hassanpouryouzband2019_n2,"Hassanpouryouzband, Vasheghani Farahani, Yang, Tohidi, Chuvilin, Istomin & Bukhanov (2019)",chromatography,,CO2,,0.0004,0.0222122,0.0004,"xN2, mole fraction (Aqueous/Liquid phase)"
N2_hassanpouryouzband2019_n2_178,N2,273.25,9.5,total,NaCl,3.01953,,,,,,,,hassanpouryouzband2019_n2,"Hassanpouryouzband, Vasheghani Farahani, Yang, Tohidi, Chuvilin, Istomin & Bukhanov (2019)",chromatography,,CO2,,,,0.8915,"yN2, mole fraction (Vapor phase)"
N2_hassanpouryouzband2019_n2_179,N2,273.25,13.36,total,NaCl,3.01953,,,,,,,,hassanpouryouzband2019_n2,"Hassanpouryouzband, Vasheghani Farahani, Yang, Tohidi, Chuvilin, Istomin & Bukhanov (2019)",chromatography,,CO2,,0.0006,0.033325,0.0006,"xN2, mole fraction (Aqueous/Liquid phase)"
N2_hassanpouryouzband2019_n2_180,N2,273.25,13.36,total,NaCl,3.01953,,,,,,,,hassanpouryouzband2019_n2,"Hassanpouryouzband, Vasheghani Farahani, Yang, Tohidi, Chuvilin, Istomin & Bukhanov (2019)",chromatography,,CO2,,,,0.8858,"yN2, mole fraction (Vapor phase)"
N2_hassanpouryouzband2019_n2_181,N2,273.25,17.66,total,NaCl,3.01953,,,,,,,,hassanpouryouzband2019_n2,"Hassanpouryouzband, Vasheghani Farahani, Yang, Tohidi, Chuvilin, Istomin & Bukhanov (2019)",chromatography,,CO2,,0.0007,0.0388831,0.0007,"xN2, mole fraction (Aqueous/Liquid phase)"
N2_hassanpouryouzband2019_n2_182,N2,273.25,17.66,total,NaCl,3.01953,,,,,,,,hassanpouryouzband2019_n2,"Hassanpouryouzband, Vasheghani Farahani, Yang, Tohidi, Chuvilin, Istomin & Bukhanov (2019)",chromatography,,CO2,,,,0.8804,"yN2, mole fraction (Vapor phase)"
N2_hassanpouryouzband2019_n2_183,N2,273.25,21.56,total,NaCl,3.01953,,,,,,,,hassanpouryouzband2019_n2,"Hassanpouryouzband, Vasheghani Farahani, Yang, Tohidi, Chuvilin, Istomin & Bukhanov (2019)",chromatography,,CO2,,0.0008,0.0444423,0.0008,"xN2, mole fraction (Aqueous/Liquid phase)"
N2_hassanpouryouzband2019_n2_184,N2,273.25,21.56,total,NaCl,3.01953,,,,,,,,hassanpouryouzband2019_n2,"Hassanpouryouzband, Vasheghani Farahani, Yang, Tohidi, Chuvilin, Istomin & Bukhanov (2019)",chromatography,,CO2,,,,0.8765,"yN2, mole fraction (Vapor phase)"
N2_hassanpouryouzband2019_n2_185,N2,283.15,1.98,total,NaCl,3.01953,,,,,,,,hassanpouryouzband2019_n2,"Hassanpouryouzband, Vasheghani Farahani, Yang, Tohidi, Chuvilin, Istomin & Bukhanov (2019)",chromatography,,CO2,,0.0001,0.00555139,0.0001,"xN2, mole fraction (Aqueous/Liquid phase)"
N2_hassanpouryouzband2019_n2_186,N2,283.15,1.98,total,NaCl,3.01953,,,,,,,,hassanpouryouzband2019_n2,"Hassanpouryouzband, Vasheghani Farahani, Yang, Tohidi, Chuvilin, Istomin & Bukhanov (2019)",chromatography,,CO2,,,,0.8981,"yN2, mole fraction (Vapor phase)"
N2_hassanpouryouzband2019_n2_187,N2,283.15,5.74,total,NaCl,3.01953,,,,,,,,hassanpouryouzband2019_n2,"Hassanpouryouzband, Vasheghani Farahani, Yang, Tohidi, Chuvilin, Istomin & Bukhanov (2019)",chromatography,,CO2,,0.0003,0.0166575,0.0003,"xN2, mole fraction (Aqueous/Liquid phase)"
N2_hassanpouryouzband2019_n2_188,N2,283.15,5.74,total,NaCl,3.01953,,,,,,,,hassanpouryouzband2019_n2,"Hassanpouryouzband, Vasheghani Farahani, Yang, Tohidi, Chuvilin, Istomin & Bukhanov (2019)",chromatography,,CO2,,,,0.8916,"yN2, mole fraction (Vapor phase)"
N2_hassanpouryouzband2019_n2_189,N2,283.15,9.58,total,NaCl,3.01953,,,,,,,,hassanpouryouzband2019_n2,"Hassanpouryouzband, Vasheghani Farahani, Yang, Tohidi, Chuvilin, Istomin & Bukhanov (2019)",chromatography,,CO2,,0.0004,0.0222122,0.0004,"xN2, mole fraction (Aqueous/Liquid phase)"
N2_hassanpouryouzband2019_n2_190,N2,283.15,9.58,total,NaCl,3.01953,,,,,,,,hassanpouryouzband2019_n2,"Hassanpouryouzband, Vasheghani Farahani, Yang, Tohidi, Chuvilin, Istomin & Bukhanov (2019)",chromatography,,CO2,,,,0.8865,"yN2, mole fraction (Vapor phase)"
N2_hassanpouryouzband2019_n2_191,N2,283.15,13.41,total,NaCl,3.01953,,,,,,,,hassanpouryouzband2019_n2,"Hassanpouryouzband, Vasheghani Farahani, Yang, Tohidi, Chuvilin, Istomin & Bukhanov (2019)",chromatography,,CO2,,0.0006,0.033325,0.0006,"xN2, mole fraction (Aqueous/Liquid phase)"
N2_hassanpouryouzband2019_n2_192,N2,283.15,13.41,total,NaCl,3.01953,,,,,,,,hassanpouryouzband2019_n2,"Hassanpouryouzband, Vasheghani Farahani, Yang, Tohidi, Chuvilin, Istomin & Bukhanov (2019)",chromatography,,CO2,,,,0.8822,"yN2, mole fraction (Vapor phase)"
N2_hassanpouryouzband2019_n2_193,N2,283.15,17.24,total,NaCl,3.01953,,,,,,,,hassanpouryouzband2019_n2,"Hassanpouryouzband, Vasheghani Farahani, Yang, Tohidi, Chuvilin, Istomin & Bukhanov (2019)",chromatography,,CO2,,0.0007,0.0388831,0.0007,"xN2, mole fraction (Aqueous/Liquid phase)"
N2_hassanpouryouzband2019_n2_194,N2,283.15,17.24,total,NaCl,3.01953,,,,,,,,hassanpouryouzband2019_n2,"Hassanpouryouzband, Vasheghani Farahani, Yang, Tohidi, Chuvilin, Istomin & Bukhanov (2019)",chromatography,,CO2,,,,0.8779,"yN2, mole fraction (Vapor phase)"
N2_hassanpouryouzband2019_n2_195,N2,283.15,21.6,total,NaCl,3.01953,,,,,,,,hassanpouryouzband2019_n2,"Hassanpouryouzband, Vasheghani Farahani, Yang, Tohidi, Chuvilin, Istomin & Bukhanov (2019)",chromatography,,CO2,,0.0008,0.0444423,0.0008,"xN2, mole fraction (Aqueous/Liquid phase)"
N2_hassanpouryouzband2019_n2_196,N2,283.15,21.6,total,NaCl,3.01953,,,,,,,,hassanpouryouzband2019_n2,"Hassanpouryouzband, Vasheghani Farahani, Yang, Tohidi, Chuvilin, Istomin & Bukhanov (2019)",chromatography,,CO2,,,,0.8742,"yN2, mole fraction (Vapor phase)"
N2_hassanpouryouzband2019_n2_197,N2,303.05,2.07,total,NaCl,3.01953,,,,,,,,hassanpouryouzband2019_n2,"Hassanpouryouzband, Vasheghani Farahani, Yang, Tohidi, Chuvilin, Istomin & Bukhanov (2019)",chromatography,,CO2,,0.0001,0.00555139,0.0001,"xN2, mole fraction (Aqueous/Liquid phase)"
N2_hassanpouryouzband2019_n2_198,N2,303.05,2.07,total,NaCl,3.01953,,,,,,,,hassanpouryouzband2019_n2,"Hassanpouryouzband, Vasheghani Farahani, Yang, Tohidi, Chuvilin, Istomin & Bukhanov (2019)",chromatography,,CO2,,,,0.8849,"yN2, mole fraction (Vapor phase)"
N2_hassanpouryouzband2019_n2_199,N2,303.05,5.81,total,NaCl,3.01953,,,,,,,,hassanpouryouzband2019_n2,"Hassanpouryouzband, Vasheghani Farahani, Yang, Tohidi, Chuvilin, Istomin & Bukhanov (2019)",chromatography,,CO2,,0.0002,0.0111039,0.0002,"xN2, mole fraction (Aqueous/Liquid phase)"
N2_hassanpouryouzband2019_n2_200,N2,303.05,5.81,total,NaCl,3.01953,,,,,,,,hassanpouryouzband2019_n2,"Hassanpouryouzband, Vasheghani Farahani, Yang, Tohidi, Chuvilin, Istomin & Bukhanov (2019)",chromatography,,CO2,,,,0.8815,"yN2, mole fraction (Vapor phase)"
N2_hassanpouryouzband2019_n2_201,N2,303.05,9.59,total,NaCl,3.01953,,,,,,,,hassanpouryouzband2019_n2,"Hassanpouryouzband, Vasheghani Farahani, Yang, Tohidi, Chuvilin, Istomin & Bukhanov (2019)",chromatography,,CO2,,0.0004,0.0222122,0.0004,"xN2, mole fraction (Aqueous/Liquid phase)"
N2_hassanpouryouzband2019_n2_202,N2,303.05,9.59,total,NaCl,3.01953,,,,,,,,hassanpouryouzband2019_n2,"Hassanpouryouzband, Vasheghani Farahani, Yang, Tohidi, Chuvilin, Istomin & Bukhanov (2019)",chromatography,,CO2,,,,0.879,"yN2, mole fraction (Vapor phase)"
N2_hassanpouryouzband2019_n2_203,N2,303.05,13.43,total,NaCl,3.01953,,,,,,,,hassanpouryouzband2019_n2,"Hassanpouryouzband, Vasheghani Farahani, Yang, Tohidi, Chuvilin, Istomin & Bukhanov (2019)",chromatography,,CO2,,0.0005,0.0277681,0.0005,"xN2, mole fraction (Aqueous/Liquid phase)"
N2_hassanpouryouzband2019_n2_204,N2,303.05,13.43,total,NaCl,3.01953,,,,,,,,hassanpouryouzband2019_n2,"Hassanpouryouzband, Vasheghani Farahani, Yang, Tohidi, Chuvilin, Istomin & Bukhanov (2019)",chromatography,,CO2,,,,0.8769,"yN2, mole fraction (Vapor phase)"
N2_hassanpouryouzband2019_n2_205,N2,303.05,17.2,total,NaCl,3.01953,,,,,,,,hassanpouryouzband2019_n2,"Hassanpouryouzband, Vasheghani Farahani, Yang, Tohidi, Chuvilin, Istomin & Bukhanov (2019)",chromatography,,CO2,,0.0006,0.033325,0.0006,"xN2, mole fraction (Aqueous/Liquid phase)"
N2_hassanpouryouzband2019_n2_206,N2,303.05,17.2,total,NaCl,3.01953,,,,,,,,hassanpouryouzband2019_n2,"Hassanpouryouzband, Vasheghani Farahani, Yang, Tohidi, Chuvilin, Istomin & Bukhanov (2019)",chromatography,,CO2,,,,0.8747,"yN2, mole fraction (Vapor phase)"
N2_hassanpouryouzband2019_n2_207,N2,303.05,21.28,total,NaCl,3.01953,,,,,,,,hassanpouryouzband2019_n2,"Hassanpouryouzband, Vasheghani Farahani, Yang, Tohidi, Chuvilin, Istomin & Bukhanov (2019)",chromatography,,CO2,,0.0008,0.0444423,0.0008,"xN2, mole fraction (Aqueous/Liquid phase)"
N2_hassanpouryouzband2019_n2_208,N2,303.05,21.28,total,NaCl,3.01953,,,,,,,,hassanpouryouzband2019_n2,"Hassanpouryouzband, Vasheghani Farahani, Yang, Tohidi, Chuvilin, Istomin & Bukhanov (2019)",chromatography,,CO2,,,,0.8726,"yN2, mole fraction (Vapor phase)"
N2_liu2012_n2_001,N2,308.15,8,total,none,0,,,,,,,,liu2012_n2,"Liu, Hou, Ning, Yang, Yang & Han (2012)",analytical_sampling,,CO2,,0.000119,0.00660628,0.119,"mole fraction N2 in liquid phase, x1*10^3 basis (printed value / 1000 = mole fraction)"
N2_liu2012_n2_002,N2,308.15,8,total,none,0,,,,,,,,liu2012_n2,"Liu, Hou, Ning, Yang, Yang & Han (2012)",analytical_sampling,,CO2,,0.000139,0.00771674,0.139,"mole fraction N2 in liquid phase, x1*10^3 basis (printed value / 1000 = mole fraction)"
N2_liu2012_n2_003,N2,308.15,8,total,none,0,,,,,,,,liu2012_n2,"Liu, Hou, Ning, Yang, Yang & Han (2012)",analytical_sampling,,CO2,,0.000224,0.0124367,0.224,"mole fraction N2 in liquid phase, x1*10^3 basis (printed value / 1000 = mole fraction)"
N2_liu2012_n2_004,N2,308.15,8,total,none,0,,,,,,,,liu2012_n2,"Liu, Hou, Ning, Yang, Yang & Han (2012)",analytical_sampling,,CO2,,0.000322,0.0178795,0.322,"mole fraction N2 in liquid phase, x1*10^3 basis (printed value / 1000 = mole fraction)"
N2_liu2012_n2_005,N2,308.15,8,total,none,0,,,,,,,,liu2012_n2,"Liu, Hou, Ning, Yang, Yang & Han (2012)",analytical_sampling,,CO2,,0.000432,0.02399,0.432,"mole fraction N2 in liquid phase, x1*10^3 basis (printed value / 1000 = mole fraction)"
N2_liu2012_n2_006,N2,308.15,8,total,none,0,,,,,,,,liu2012_n2,"Liu, Hou, Ning, Yang, Yang & Han (2012)",analytical_sampling,,CO2,,0.00078,0.0433303,0.78,"mole fraction N2 in liquid phase, x1*10^3 basis (printed value / 1000 = mole fraction)"
N2_liu2012_n2_007,N2,308.15,12,total,none,0,,,,,,,,liu2012_n2,"Liu, Hou, Ning, Yang, Yang & Han (2012)",analytical_sampling,,CO2,,0.000232,0.0128809,0.232,"mole fraction N2 in liquid phase, x1*10^3 basis (printed value / 1000 = mole fraction)"
N2_liu2012_n2_008,N2,308.15,12,total,none,0,,,,,,,,liu2012_n2,"Liu, Hou, Ning, Yang, Yang & Han (2012)",analytical_sampling,,CO2,,0.000291,0.0161576,0.291,"mole fraction N2 in liquid phase, x1*10^3 basis (printed value / 1000 = mole fraction)"
N2_liu2012_n2_009,N2,308.15,12,total,none,0,,,,,,,,liu2012_n2,"Liu, Hou, Ning, Yang, Yang & Han (2012)",analytical_sampling,,CO2,,0.000331,0.0183794,0.331,"mole fraction N2 in liquid phase, x1*10^3 basis (printed value / 1000 = mole fraction)"
N2_liu2012_n2_010,N2,308.15,12,total,none,0,,,,,,,,liu2012_n2,"Liu, Hou, Ning, Yang, Yang & Han (2012)",analytical_sampling,,CO2,,0.000474,0.0263234,0.474,"mole fraction N2 in liquid phase, x1*10^3 basis (printed value / 1000 = mole fraction)"
N2_liu2012_n2_011,N2,308.15,12,total,none,0,,,,,,,,liu2012_n2,"Liu, Hou, Ning, Yang, Yang & Han (2012)",analytical_sampling,,CO2,,0.00068,0.0377714,0.68,"mole fraction N2 in liquid phase, x1*10^3 basis (printed value / 1000 = mole fraction)"
N2_liu2012_n2_012,N2,308.15,12,total,none,0,,,,,,,,liu2012_n2,"Liu, Hou, Ning, Yang, Yang & Han (2012)",analytical_sampling,,CO2,,0.00101,0.0561201,1.01,"mole fraction N2 in liquid phase, x1*10^3 basis (printed value / 1000 = mole fraction)"
N2_liu2012_n2_013,N2,308.15,16,total,none,0,,,,,,,,liu2012_n2,"Liu, Hou, Ning, Yang, Yang & Han (2012)",analytical_sampling,,CO2,,0.000325,0.0180461,0.325,"mole fraction N2 in liquid phase, x1*10^3 basis (printed value / 1000 = mole fraction)"
N2_liu2012_n2_014,N2,308.15,16,total,none,0,,,,,,,,liu2012_n2,"Liu, Hou, Ning, Yang, Yang & Han (2012)",analytical_sampling,,CO2,,0.000398,0.0221011,0.398,"mole fraction N2 in liquid phase, x1*10^3 basis (printed value / 1000 = mole fraction)"
N2_liu2012_n2_015,N2,308.15,16,total,none,0,,,,,,,,liu2012_n2,"Liu, Hou, Ning, Yang, Yang & Han (2012)",analytical_sampling,,CO2,,0.00049,0.0272124,0.49,"mole fraction N2 in liquid phase, x1*10^3 basis (printed value / 1000 = mole fraction)"
N2_liu2012_n2_016,N2,308.15,16,total,none,0,,,,,,,,liu2012_n2,"Liu, Hou, Ning, Yang, Yang & Han (2012)",analytical_sampling,,CO2,,0.000634,0.0352146,0.634,"mole fraction N2 in liquid phase, x1*10^3 basis (printed value / 1000 = mole fraction)"
N2_liu2012_n2_017,N2,308.15,16,total,none,0,,,,,,,,liu2012_n2,"Liu, Hou, Ning, Yang, Yang & Han (2012)",analytical_sampling,,CO2,,0.00079,0.0438863,0.79,"mole fraction N2 in liquid phase, x1*10^3 basis (printed value / 1000 = mole fraction)"
N2_liu2012_n2_018,N2,308.15,16,total,none,0,,,,,,,,liu2012_n2,"Liu, Hou, Ning, Yang, Yang & Han (2012)",analytical_sampling,,CO2,,0.00122,0.0678029,1.22,"mole fraction N2 in liquid phase, x1*10^3 basis (printed value / 1000 = mole fraction)"
N2_liu2012_n2_019,N2,318.15,8,total,none,0,,,,,,,,liu2012_n2,"Liu, Hou, Ning, Yang, Yang & Han (2012)",analytical_sampling,,CO2,,0.000106,0.00588451,0.106,"mole fraction N2 in liquid phase, x1*10^3 basis (printed value / 1000 = mole fraction)"
N2_liu2012_n2_020,N2,318.15,8,total,none,0,,,,,,,,liu2012_n2,"Liu, Hou, Ning, Yang, Yang & Han (2012)",analytical_sampling,,CO2,,0.000165,0.00916039,0.165,"mole fraction N2 in liquid phase, x1*10^3 basis (printed value / 1000 = mole fraction)"
N2_liu2012_n2_021,N2,318.15,8,total,none,0,,,,,,,,liu2012_n2,"Liu, Hou, Ning, Yang, Yang & Han (2012)",analytical_sampling,,CO2,,0.000217,0.0120479,0.217,"mole fraction N2 in liquid phase, x1*10^3 basis (printed value / 1000 = mole fraction)"
N2_liu2012_n2_022,N2,318.15,8,total,none,0,,,,,,,,liu2012_n2,"Liu, Hou, Ning, Yang, Yang & Han (2012)",analytical_sampling,,CO2,,0.000307,0.0170463,0.307,"mole fraction N2 in liquid phase, x1*10^3 basis (printed value / 1000 = mole fraction)"
N2_liu2012_n2_023,N2,318.15,8,total,none,0,,,,,,,,liu2012_n2,"Liu, Hou, Ning, Yang, Yang & Han (2012)",analytical_sampling,,CO2,,0.000417,0.0231566,0.417,"mole fraction N2 in liquid phase, x1*10^3 basis (printed value / 1000 = mole fraction)"
N2_liu2012_n2_024,N2,318.15,8,total,none,0,,,,,,,,liu2012_n2,"Liu, Hou, Ning, Yang, Yang & Han (2012)",analytical_sampling,,CO2,,0.000611,0.0339364,0.611,"mole fraction N2 in liquid phase, x1*10^3 basis (printed value / 1000 = mole fraction)"
N2_liu2012_n2_025,N2,318.15,12,total,none,0,,,,,,,,liu2012_n2,"Liu, Hou, Ning, Yang, Yang & Han (2012)",analytical_sampling,,CO2,,0.000192,0.0106597,0.192,"mole fraction N2 in liquid phase, x1*10^3 basis (printed value / 1000 = mole fraction)"
N2_liu2012_n2_026,N2,318.15,12,total,none,0,,,,,,,,liu2012_n2,"Liu, Hou, Ning, Yang, Yang & Han (2012)",analytical_sampling,,CO2,,0.000238,0.0132141,0.238,"mole fraction N2 in liquid phase, x1*10^3 basis (printed value / 1000 = mole fraction)"
N2_liu2012_n2_027,N2,318.15,12,total,none,0,,,,,,,,liu2012_n2,"Liu, Hou, Ning, Yang, Yang & Han (2012)",analytical_sampling,,CO2,,0.00035,0.0194347,0.35,"mole fraction N2 in liquid phase, x1*10^3 basis (printed value / 1000 = mole fraction)"
N2_liu2012_n2_028,N2,318.15,12,total,none,0,,,,,,,,liu2012_n2,"Liu, Hou, Ning, Yang, Yang & Han (2012)",analytical_sampling,,CO2,,0.000466,0.025879,0.466,"mole fraction N2 in liquid phase, x1*10^3 basis (printed value / 1000 = mole fraction)"
N2_liu2012_n2_029,N2,318.15,12,total,none,0,,,,,,,,liu2012_n2,"Liu, Hou, Ning, Yang, Yang & Han (2012)",analytical_sampling,,CO2,,0.000581,0.0322691,0.581,"mole fraction N2 in liquid phase, x1*10^3 basis (printed value / 1000 = mole fraction)"
N2_liu2012_n2_030,N2,318.15,12,total,none,0,,,,,,,,liu2012_n2,"Liu, Hou, Ning, Yang, Yang & Han (2012)",analytical_sampling,,CO2,,0.000901,0.0500581,0.901,"mole fraction N2 in liquid phase, x1*10^3 basis (printed value / 1000 = mole fraction)"
N2_liu2012_n2_031,N2,318.15,16,total,none,0,,,,,,,,liu2012_n2,"Liu, Hou, Ning, Yang, Yang & Han (2012)",analytical_sampling,,CO2,,0.000265,0.0147136,0.265,"mole fraction N2 in liquid phase, x1*10^3 basis (printed value / 1000 = mole fraction)"
N2_liu2012_n2_032,N2,318.15,16,total,none,0,,,,,,,,liu2012_n2,"Liu, Hou, Ning, Yang, Yang & Han (2012)",analytical_sampling,,CO2,,0.000378,0.0209901,0.378,"mole fraction N2 in liquid phase, x1*10^3 basis (printed value / 1000 = mole fraction)"
N2_liu2012_n2_033,N2,318.15,16,total,none,0,,,,,,,,liu2012_n2,"Liu, Hou, Ning, Yang, Yang & Han (2012)",analytical_sampling,,CO2,,0.000487,0.0270457,0.487,"mole fraction N2 in liquid phase, x1*10^3 basis (printed value / 1000 = mole fraction)"
N2_liu2012_n2_034,N2,318.15,16,total,none,0,,,,,,,,liu2012_n2,"Liu, Hou, Ning, Yang, Yang & Han (2012)",analytical_sampling,,CO2,,0.000625,0.0347144,0.625,"mole fraction N2 in liquid phase, x1*10^3 basis (printed value / 1000 = mole fraction)"
N2_liu2012_n2_035,N2,318.15,16,total,none,0,,,,,,,,liu2012_n2,"Liu, Hou, Ning, Yang, Yang & Han (2012)",analytical_sampling,,CO2,,0.000787,0.0437195,0.787,"mole fraction N2 in liquid phase, x1*10^3 basis (printed value / 1000 = mole fraction)"
N2_liu2012_n2_036,N2,318.15,16,total,none,0,,,,,,,,liu2012_n2,"Liu, Hou, Ning, Yang, Yang & Han (2012)",analytical_sampling,,CO2,,0.00109,0.0605701,1.09,"mole fraction N2 in liquid phase, x1*10^3 basis (printed value / 1000 = mole fraction)"
N2_liu2012_n2_037,N2,308.15,8,total,mixed,,NaCl + KCl+CaCl2 (1:1:1 mass ratio) 0.235327 mol/kg,,,,,,,liu2012_n2,"Liu, Hou, Ning, Yang, Yang & Han (2012)",analytical_sampling,,CO2,,8.3e-05,0.00460758,0.083,"mole fraction N2 in liquid phase, x1*10^3 basis, SALT-FREE basis per table title (printed value / 1000 = mole fraction)"
N2_liu2012_n2_038,N2,308.15,8,total,mixed,,NaCl + KCl+CaCl2 (1:1:1 mass ratio) 0.235327 mol/kg,,,,,,,liu2012_n2,"Liu, Hou, Ning, Yang, Yang & Han (2012)",analytical_sampling,,CO2,,0.000111,0.00616211,0.111,"mole fraction N2 in liquid phase, x1*10^3 basis, SALT-FREE basis per table title (printed value / 1000 = mole fraction)"
N2_liu2012_n2_039,N2,308.15,8,total,mixed,,NaCl + KCl+CaCl2 (1:1:1 mass ratio) 0.235327 mol/kg,,,,,,,liu2012_n2,"Liu, Hou, Ning, Yang, Yang & Han (2012)",analytical_sampling,,CO2,,0.000241,0.0133807,0.241,"mole fraction N2 in liquid phase, x1*10^3 basis, SALT-FREE basis per table title (printed value / 1000 = mole fraction)"
N2_liu2012_n2_040,N2,308.15,8,total,mixed,,NaCl + KCl+CaCl2 (1:1:1 mass ratio) 0.235327 mol/kg,,,,,,,liu2012_n2,"Liu, Hou, Ning, Yang, Yang & Han (2012)",analytical_sampling,,CO2,,0.000383,0.0212679,0.383,"mole fraction N2 in liquid phase, x1*10^3 basis, SALT-FREE basis per table title (printed value / 1000 = mole fraction)"
N2_liu2012_n2_041,N2,308.15,8,total,mixed,,NaCl + KCl+CaCl2 (1:1:1 mass ratio) 0.235327 mol/kg,,,,,,,liu2012_n2,"Liu, Hou, Ning, Yang, Yang & Han (2012)",analytical_sampling,,CO2,,0.000484,0.0268791,0.484,"mole fraction N2 in liquid phase, x1*10^3 basis, SALT-FREE basis per table title (printed value / 1000 = mole fraction)"
N2_liu2012_n2_042,N2,308.15,8,total,mixed,,NaCl + KCl+CaCl2 (1:1:1 mass ratio) 0.235327 mol/kg,,,,,,,liu2012_n2,"Liu, Hou, Ning, Yang, Yang & Han (2012)",analytical_sampling,,CO2,,0.000582,0.0323247,0.582,"mole fraction N2 in liquid phase, x1*10^3 basis, SALT-FREE basis per table title (printed value / 1000 = mole fraction)"
N2_sanchezvicentetrusler2022_n2_082,N2,323.21,1.44,total,none,0,,,,,,,,sanchezvicentetrusler2022_n2,Sanchez-Vicente & Trusler (2022),analytical_sampling,,CO2,,3e-05,0.0016653,0.00003,MIXTURE: mole fraction N2 in the CO2+H2O+N2 liquid phase
N2_sanchezvicentetrusler2022_n2_083,N2,323.21,2.36,total,none,0,,,,,,,,sanchezvicentetrusler2022_n2,Sanchez-Vicente & Trusler (2022),analytical_sampling,,CO2,,9e-05,0.0049962,0.00009,MIXTURE: mole fraction N2 in the CO2+H2O+N2 liquid phase
N2_sanchezvicentetrusler2022_n2_084,N2,323.19,4.86,total,none,0,,,,,,,,sanchezvicentetrusler2022_n2,Sanchez-Vicente & Trusler (2022),analytical_sampling,,CO2,,0.00017,0.00943803,0.00017,MIXTURE: mole fraction N2 in the CO2+H2O+N2 liquid phase
N2_sanchezvicentetrusler2022_n2_085,N2,323.2,7.29,total,none,0,,,,,,,,sanchezvicentetrusler2022_n2,Sanchez-Vicente & Trusler (2022),analytical_sampling,,CO2,,0.00023,0.0127699,0.00023,MIXTURE: mole fraction N2 in the CO2+H2O+N2 liquid phase
N2_sanchezvicentetrusler2022_n2_086,N2,323.19,9.71,total,none,0,,,,,,,,sanchezvicentetrusler2022_n2,Sanchez-Vicente & Trusler (2022),analytical_sampling,,CO2,,0.00029,0.0161021,0.00029,MIXTURE: mole fraction N2 in the CO2+H2O+N2 liquid phase
N2_sanchezvicentetrusler2022_n2_087,N2,323.18,12.71,total,none,0,,,,,,,,sanchezvicentetrusler2022_n2,Sanchez-Vicente & Trusler (2022),analytical_sampling,,CO2,,0.00034,0.0188793,0.00034,MIXTURE: mole fraction N2 in the CO2+H2O+N2 liquid phase
N2_sanchezvicentetrusler2022_n2_088,N2,323.18,20.09,total,none,0,,,,,,,,sanchezvicentetrusler2022_n2,Sanchez-Vicente & Trusler (2022),analytical_sampling,,CO2,,0.00061,0.0338808,0.00061,MIXTURE: mole fraction N2 in the CO2+H2O+N2 liquid phase
N2_sanchezvicentetrusler2022_n2_089,N2,373.26,2.51,total,none,0,,,,,,,,sanchezvicentetrusler2022_n2,Sanchez-Vicente & Trusler (2022),analytical_sampling,,CO2,,7e-05,0.00388586,0.00007,MIXTURE: mole fraction N2 in the CO2+H2O+N2 liquid phase
N2_sanchezvicentetrusler2022_n2_090,N2,373.27,5.21,total,none,0,,,,,,,,sanchezvicentetrusler2022_n2,Sanchez-Vicente & Trusler (2022),analytical_sampling,,CO2,,0.00019,0.0105486,0.00019,MIXTURE: mole fraction N2 in the CO2+H2O+N2 liquid phase
N2_sanchezvicentetrusler2022_n2_091,N2,373.28,7.39,total,none,0,,,,,,,,sanchezvicentetrusler2022_n2,Sanchez-Vicente & Trusler (2022),analytical_sampling,,CO2,,0.0003,0.0166575,0.00030,MIXTURE: mole fraction N2 in the CO2+H2O+N2 liquid phase
N2_sanchezvicentetrusler2022_n2_092,N2,373.26,10.04,total,none,0,,,,,,,,sanchezvicentetrusler2022_n2,Sanchez-Vicente & Trusler (2022),analytical_sampling,,CO2,,0.00041,0.0227678,0.00041,MIXTURE: mole fraction N2 in the CO2+H2O+N2 liquid phase
N2_sanchezvicentetrusler2022_n2_093,N2,373.28,12.53,total,none,0,,,,,,,,sanchezvicentetrusler2022_n2,Sanchez-Vicente & Trusler (2022),analytical_sampling,,CO2,,0.00054,0.0299907,0.00054,MIXTURE: mole fraction N2 in the CO2+H2O+N2 liquid phase
N2_sanchezvicentetrusler2022_n2_094,N2,373.25,14.86,total,none,0,,,,,,,,sanchezvicentetrusler2022_n2,Sanchez-Vicente & Trusler (2022),analytical_sampling,,CO2,,0.00063,0.0349923,0.00063,MIXTURE: mole fraction N2 in the CO2+H2O+N2 liquid phase
N2_sanchezvicentetrusler2022_n2_095,N2,373.24,14.92,total,none,0,,,,,,,,sanchezvicentetrusler2022_n2,Sanchez-Vicente & Trusler (2022),analytical_sampling,,CO2,,0.00061,0.0338808,0.00061,MIXTURE: mole fraction N2 in the CO2+H2O+N2 liquid phase
N2_sanchezvicentetrusler2022_n2_096,N2,373.28,17.44,total,none,0,,,,,,,,sanchezvicentetrusler2022_n2,Sanchez-Vicente & Trusler (2022),analytical_sampling,,CO2,,0.00074,0.0411066,0.00074,MIXTURE: mole fraction N2 in the CO2+H2O+N2 liquid phase
N2_sanchezvicentetrusler2022_n2_097,N2,373.26,19.96,total,none,0,,,,,,,,sanchezvicentetrusler2022_n2,Sanchez-Vicente & Trusler (2022),analytical_sampling,,CO2,,0.00087,0.0483343,0.00087,MIXTURE: mole fraction N2 in the CO2+H2O+N2 liquid phase
N2_sanchezvicentetrusler2022_n2_098,N2,423.45,1.51,total,none,0,,,,,,,,sanchezvicentetrusler2022_n2,Sanchez-Vicente & Trusler (2022),analytical_sampling,,CO2,,2e-05,0.00111019,0.00002,MIXTURE: mole fraction N2 in the CO2+H2O+N2 liquid phase
N2_sanchezvicentetrusler2022_n2_099,N2,423.45,2.44,total,none,0,,,,,,,,sanchezvicentetrusler2022_n2,Sanchez-Vicente & Trusler (2022),analytical_sampling,,CO2,,5e-05,0.00277556,0.00005,MIXTURE: mole fraction N2 in the CO2+H2O+N2 liquid phase
N2_sanchezvicentetrusler2022_n2_100,N2,423.67,4.89,total,none,0,,,,,,,,sanchezvicentetrusler2022_n2,Sanchez-Vicente & Trusler (2022),analytical_sampling,,CO2,,0.00019,0.0105486,0.00019,MIXTURE: mole fraction N2 in the CO2+H2O+N2 liquid phase
N2_sanchezvicentetrusler2022_n2_101,N2,423.27,4.97,total,none,0,,,,,,,,sanchezvicentetrusler2022_n2,Sanchez-Vicente & Trusler (2022),analytical_sampling,,CO2,,0.00022,0.0122145,0.00022,MIXTURE: mole fraction N2 in the CO2+H2O+N2 liquid phase
N2_sanchezvicentetrusler2022_n2_102,N2,423.66,9.89,total,none,0,,,,,,,,sanchezvicentetrusler2022_n2,Sanchez-Vicente & Trusler (2022),analytical_sampling,,CO2,,0.0004,0.0222122,0.00040,MIXTURE: mole fraction N2 in the CO2+H2O+N2 liquid phase
N2_sanchezvicentetrusler2022_n2_103,N2,423.29,12.55,total,none,0,,,,,,,,sanchezvicentetrusler2022_n2,Sanchez-Vicente & Trusler (2022),analytical_sampling,,CO2,,0.00052,0.0288794,0.00052,MIXTURE: mole fraction N2 in the CO2+H2O+N2 liquid phase
N2_sanchezvicentetrusler2022_n2_104,N2,423.28,15.06,total,none,0,,,,,,,,sanchezvicentetrusler2022_n2,Sanchez-Vicente & Trusler (2022),analytical_sampling,,CO2,,0.00062,0.0344365,0.00062,MIXTURE: mole fraction N2 in the CO2+H2O+N2 liquid phase
N2_sanchezvicentetrusler2022_n2_105,N2,423.29,20.6,total,none,0,,,,,,,,sanchezvicentetrusler2022_n2,Sanchez-Vicente & Trusler (2022),analytical_sampling,,CO2,,0.00084,0.0466662,0.00084,MIXTURE: mole fraction N2 in the CO2+H2O+N2 liquid phase
N2_sanchezvicentetrusler2022_n2_106,N2,472.9,2.81,total,none,0,,,,,,,,sanchezvicentetrusler2022_n2,Sanchez-Vicente & Trusler (2022),analytical_sampling,,CO2,,5e-05,0.00277556,0.00005,MIXTURE: mole fraction N2 in the CO2+H2O+N2 liquid phase
N2_sanchezvicentetrusler2022_n2_107,N2,472.91,4.87,total,none,0,,,,,,,,sanchezvicentetrusler2022_n2,Sanchez-Vicente & Trusler (2022),analytical_sampling,,CO2,,0.00022,0.0122145,0.00022,MIXTURE: mole fraction N2 in the CO2+H2O+N2 liquid phase
N2_sanchezvicentetrusler2022_n2_108,N2,472.91,9.63,total,none,0,,,,,,,,sanchezvicentetrusler2022_n2,Sanchez-Vicente & Trusler (2022),analytical_sampling,,CO2,,0.00048,0.0266568,0.00048,MIXTURE: mole fraction N2 in the CO2+H2O+N2 liquid phase
N2_sanchezvicentetrusler2022_n2_109,N2,472.91,15.33,total,none,0,,,,,,,,sanchezvicentetrusler2022_n2,Sanchez-Vicente & Trusler (2022),analytical_sampling,,CO2,,0.00106,0.0589013,0.00106,MIXTURE: mole fraction N2 in the CO2+H2O+N2 liquid phase
N2_sanchezvicentetrusler2022_n2_110,N2,472.93,20.12,total,none,0,,,,,,,,sanchezvicentetrusler2022_n2,Sanchez-Vicente & Trusler (2022),analytical_sampling,,CO2,,0.00129,0.0716983,0.00129,MIXTURE: mole fraction N2 in the CO2+H2O+N2 liquid phase
N2_sanchezvicentetrusler2022_n2_111,N2,323.22,1.45,total,none,0,,,,,,,,sanchezvicentetrusler2022_n2,Sanchez-Vicente & Trusler (2022),analytical_sampling,,CO2,,,,0.61522,MIXTURE VAPOR-PHASE: mole fraction N2 in the CO2+H2O+N2 vapour phase
N2_sanchezvicentetrusler2022_n2_112,N2,323.21,2.34,total,none,0,,,,,,,,sanchezvicentetrusler2022_n2,Sanchez-Vicente & Trusler (2022),analytical_sampling,,CO2,,,,0.61316,MIXTURE VAPOR-PHASE: mole fraction N2 in the CO2+H2O+N2 vapour phase
N2_sanchezvicentetrusler2022_n2_113,N2,323.19,4.86,total,none,0,,,,,,,,sanchezvicentetrusler2022_n2,Sanchez-Vicente & Trusler (2022),analytical_sampling,,CO2,,,,0.60044,MIXTURE VAPOR-PHASE: mole fraction N2 in the CO2+H2O+N2 vapour phase
N2_sanchezvicentetrusler2022_n2_114,N2,323.2,7.27,total,none,0,,,,,,,,sanchezvicentetrusler2022_n2,Sanchez-Vicente & Trusler (2022),analytical_sampling,,CO2,,,,0.59101,MIXTURE VAPOR-PHASE: mole fraction N2 in the CO2+H2O+N2 vapour phase
N2_sanchezvicentetrusler2022_n2_115,N2,323.18,9.71,total,none,0,,,,,,,,sanchezvicentetrusler2022_n2,Sanchez-Vicente & Trusler (2022),analytical_sampling,,CO2,,,,0.57451,MIXTURE VAPOR-PHASE: mole fraction N2 in the CO2+H2O+N2 vapour phase
N2_sanchezvicentetrusler2022_n2_116,N2,323.17,12.75,total,none,0,,,,,,,,sanchezvicentetrusler2022_n2,Sanchez-Vicente & Trusler (2022),analytical_sampling,,CO2,,,,0.57044,MIXTURE VAPOR-PHASE: mole fraction N2 in the CO2+H2O+N2 vapour phase
N2_sanchezvicentetrusler2022_n2_117,N2,323.18,15.5,total,none,0,,,,,,,,sanchezvicentetrusler2022_n2,Sanchez-Vicente & Trusler (2022),analytical_sampling,,CO2,,,,0.56567,MIXTURE VAPOR-PHASE: mole fraction N2 in the CO2+H2O+N2 vapour phase
N2_sanchezvicentetrusler2022_n2_118,N2,323.19,20.03,total,none,0,,,,,,,,sanchezvicentetrusler2022_n2,Sanchez-Vicente & Trusler (2022),analytical_sampling,,CO2,,,,0.55789,MIXTURE VAPOR-PHASE: mole fraction N2 in the CO2+H2O+N2 vapour phase
N2_sanchezvicentetrusler2022_n2_119,N2,373.27,2.5,total,none,0,,,,,,,,sanchezvicentetrusler2022_n2,Sanchez-Vicente & Trusler (2022),analytical_sampling,,CO2,,,,0.56693,MIXTURE VAPOR-PHASE: mole fraction N2 in the CO2+H2O+N2 vapour phase
N2_sanchezvicentetrusler2022_n2_120,N2,373.27,5.14,total,none,0,,,,,,,,sanchezvicentetrusler2022_n2,Sanchez-Vicente & Trusler (2022),analytical_sampling,,CO2,,,,0.55952,MIXTURE VAPOR-PHASE: mole fraction N2 in the CO2+H2O+N2 vapour phase
N2_sanchezvicentetrusler2022_n2_121,N2,373.28,7.36,total,none,0,,,,,,,,sanchezvicentetrusler2022_n2,Sanchez-Vicente & Trusler (2022),analytical_sampling,,CO2,,,,0.55364,MIXTURE VAPOR-PHASE: mole fraction N2 in the CO2+H2O+N2 vapour phase
N2_sanchezvicentetrusler2022_n2_122,N2,373.27,10.03,total,none,0,,,,,,,,sanchezvicentetrusler2022_n2,Sanchez-Vicente & Trusler (2022),analytical_sampling,,CO2,,,,0.54939,MIXTURE VAPOR-PHASE: mole fraction N2 in the CO2+H2O+N2 vapour phase
N2_sanchezvicentetrusler2022_n2_123,N2,373.28,12.48,total,none,0,,,,,,,,sanchezvicentetrusler2022_n2,Sanchez-Vicente & Trusler (2022),analytical_sampling,,CO2,,,,0.54902,MIXTURE VAPOR-PHASE: mole fraction N2 in the CO2+H2O+N2 vapour phase
N2_sanchezvicentetrusler2022_n2_124,N2,373.27,14.79,total,none,0,,,,,,,,sanchezvicentetrusler2022_n2,Sanchez-Vicente & Trusler (2022),analytical_sampling,,CO2,,,,0.55203,MIXTURE VAPOR-PHASE: mole fraction N2 in the CO2+H2O+N2 vapour phase
N2_sanchezvicentetrusler2022_n2_125,N2,373.24,14.87,total,none,0,,,,,,,,sanchezvicentetrusler2022_n2,Sanchez-Vicente & Trusler (2022),analytical_sampling,,CO2,,,,0.55161,MIXTURE VAPOR-PHASE: mole fraction N2 in the CO2+H2O+N2 vapour phase
N2_sanchezvicentetrusler2022_n2_126,N2,373.27,17.47,total,none,0,,,,,,,,sanchezvicentetrusler2022_n2,Sanchez-Vicente & Trusler (2022),analytical_sampling,,CO2,,,,0.55165,MIXTURE VAPOR-PHASE: mole fraction N2 in the CO2+H2O+N2 vapour phase
N2_sanchezvicentetrusler2022_n2_127,N2,373.27,19.81,total,none,0,,,,,,,,sanchezvicentetrusler2022_n2,Sanchez-Vicente & Trusler (2022),analytical_sampling,,CO2,,,,0.55000,MIXTURE VAPOR-PHASE: mole fraction N2 in the CO2+H2O+N2 vapour phase
N2_sanchezvicentetrusler2022_n2_128,N2,423.46,1.52,total,none,0,,,,,,,,sanchezvicentetrusler2022_n2,Sanchez-Vicente & Trusler (2022),analytical_sampling,,CO2,,,,0.3841,MIXTURE VAPOR-PHASE: mole fraction N2 in the CO2+H2O+N2 vapour phase
N2_sanchezvicentetrusler2022_n2_129,N2,423.27,2.67,total,none,0,,,,,,,,sanchezvicentetrusler2022_n2,Sanchez-Vicente & Trusler (2022),analytical_sampling,,CO2,,,,0.4244,MIXTURE VAPOR-PHASE: mole fraction N2 in the CO2+H2O+N2 vapour phase
N2_sanchezvicentetrusler2022_n2_130,N2,423.26,4.94,total,none,0,,,,,,,,sanchezvicentetrusler2022_n2,Sanchez-Vicente & Trusler (2022),analytical_sampling,,CO2,,,,0.4588,MIXTURE VAPOR-PHASE: mole fraction N2 in the CO2+H2O+N2 vapour phase
N2_sanchezvicentetrusler2022_n2_131,N2,423.66,9.85,total,none,0,,,,,,,,sanchezvicentetrusler2022_n2,Sanchez-Vicente & Trusler (2022),analytical_sampling,,CO2,,,,0.4783,MIXTURE VAPOR-PHASE: mole fraction N2 in the CO2+H2O+N2 vapour phase
N2_sanchezvicentetrusler2022_n2_132,N2,423.28,12.52,total,none,0,,,,,,,,sanchezvicentetrusler2022_n2,Sanchez-Vicente & Trusler (2022),analytical_sampling,,CO2,,,,0.4853,MIXTURE VAPOR-PHASE: mole fraction N2 in the CO2+H2O+N2 vapour phase
N2_sanchezvicentetrusler2022_n2_133,N2,423.28,15.02,total,none,0,,,,,,,,sanchezvicentetrusler2022_n2,Sanchez-Vicente & Trusler (2022),analytical_sampling,,CO2,,,,0.4897,MIXTURE VAPOR-PHASE: mole fraction N2 in the CO2+H2O+N2 vapour phase
N2_sanchezvicentetrusler2022_n2_134,N2,423.27,19.82,total,none,0,,,,,,,,sanchezvicentetrusler2022_n2,Sanchez-Vicente & Trusler (2022),analytical_sampling,,CO2,,,,0.4887,MIXTURE VAPOR-PHASE: mole fraction N2 in the CO2+H2O+N2 vapour phase
N2_sanchezvicentetrusler2022_n2_135,N2,472.9,2.8,total,none,0,,,,,,,,sanchezvicentetrusler2022_n2,Sanchez-Vicente & Trusler (2022),analytical_sampling,,CO2,,,,0.3058,MIXTURE VAPOR-PHASE: mole fraction N2 in the CO2+H2O+N2 vapour phase
N2_sanchezvicentetrusler2022_n2_136,N2,472.9,2.79,total,none,0,,,,,,,,sanchezvicentetrusler2022_n2,Sanchez-Vicente & Trusler (2022),analytical_sampling,,CO2,,,,0.2644,MIXTURE VAPOR-PHASE: mole fraction N2 in the CO2+H2O+N2 vapour phase
N2_sanchezvicentetrusler2022_n2_137,N2,472.92,4.88,total,none,0,,,,,,,,sanchezvicentetrusler2022_n2,Sanchez-Vicente & Trusler (2022),analytical_sampling,,CO2,,,,0.3812,MIXTURE VAPOR-PHASE: mole fraction N2 in the CO2+H2O+N2 vapour phase
N2_sanchezvicentetrusler2022_n2_138,N2,472.92,9.58,total,none,0,,,,,,,,sanchezvicentetrusler2022_n2,Sanchez-Vicente & Trusler (2022),analytical_sampling,,CO2,,,,0.4395,MIXTURE VAPOR-PHASE: mole fraction N2 in the CO2+H2O+N2 vapour phase
N2_sanchezvicentetrusler2022_n2_139,N2,472.93,15.34,total,none,0,,,,,,,,sanchezvicentetrusler2022_n2,Sanchez-Vicente & Trusler (2022),analytical_sampling,,CO2,,,,0.4695,MIXTURE VAPOR-PHASE: mole fraction N2 in the CO2+H2O+N2 vapour phase
N2_sanchezvicentetrusler2022_n2_140,N2,472.92,20.11,total,none,0,,,,,,,,sanchezvicentetrusler2022_n2,Sanchez-Vicente & Trusler (2022),analytical_sampling,,CO2,,,,0.4842,MIXTURE VAPOR-PHASE: mole fraction N2 in the CO2+H2O+N2 vapour phase
nC4H10_chapoy2004_c2c4_001,nC4H10,278.14,1.032,total,none,0,,0.000000,0.000000,0.000000,0.000000,0.000000,0.000000,chapoy2004_c2c4,"Chapoy, Mohammadi, Richon & Tohidi 2004",analytical_sampling,,,,7.03e-06,0.00039022661,0.703,x3·10^5 mole fraction n-C4H10 (xexp)
nC4H10_chapoy2004_c2c4_002,nC4H10,278.15,2.004,total,none,0,,0.000000,0.000000,0.000000,0.000000,0.000000,0.000000,chapoy2004_c2c4,"Chapoy, Mohammadi, Richon & Tohidi 2004",analytical_sampling,,,,1.121e-05,0.00062225584,1.121,x3·10^5 mole fraction n-C4H10 (xexp)
nC4H10_chapoy2004_c2c4_003,nC4H10,283.14,0.987,total,none,0,,0.000000,0.000000,0.000000,0.000000,0.000000,0.000000,chapoy2004_c2c4,"Chapoy, Mohammadi, Richon & Tohidi 2004",analytical_sampling,,,,5.12e-06,0.00028420433,0.512,x3·10^5 mole fraction n-C4H10 (xexp)
nC4H10_chapoy2004_c2c4_004,nC4H10,283.16,1.038,total,none,0,,0.000000,0.000000,0.000000,0.000000,0.000000,0.000000,chapoy2004_c2c4,"Chapoy, Mohammadi, Richon & Tohidi 2004",analytical_sampling,,,,4.82e-06,0.00026755165,0.482,x3·10^5 mole fraction n-C4H10 (xexp)
nC4H10_chapoy2004_c2c4_005,nC4H10,283.16,1.988,total,none,0,,0.000000,0.000000,0.000000,0.000000,0.000000,0.000000,chapoy2004_c2c4,"Chapoy, Mohammadi, Richon & Tohidi 2004",analytical_sampling,,,,7.54e-06,0.00041853629,0.754,x3·10^5 mole fraction n-C4H10 (xexp)
nC4H10_chapoy2004_c2c4_006,nC4H10,283.15,2.077,total,none,0,,0.000000,0.000000,0.000000,0.000000,0.000000,0.000000,chapoy2004_c2c4,"Chapoy, Mohammadi, Richon & Tohidi 2004",analytical_sampling,,,,9.41e-06,0.00052233871,0.941,x3·10^5 mole fraction n-C4H10 (xexp)
nC4H10_chapoy2004_c2c4_007,nC4H10,283.15,3.079,total,none,0,,0.000000,0.000000,0.000000,0.000000,0.000000,0.000000,chapoy2004_c2c4,"Chapoy, Mohammadi, Richon & Tohidi 2004",analytical_sampling,,,,1.063e-05,0.00059006028,1.063,x3·10^5 mole fraction n-C4H10 (xexp)
nC4H10_chapoy2004_c2c4_008,nC4H10,283.14,3.413,total,none,0,,0.000000,0.000000,0.000000,0.000000,0.000000,0.000000,chapoy2004_c2c4,"Chapoy, Mohammadi, Richon & Tohidi 2004",analytical_sampling,,,,1.121e-05,0.00062225584,1.121,x3·10^5 mole fraction n-C4H10 (xexp)
nC4H10_chapoy2004_c2c4_009,nC4H10,283.15,3.415,total,none,0,,0.000000,0.000000,0.000000,0.000000,0.000000,0.000000,chapoy2004_c2c4,"Chapoy, Mohammadi, Richon & Tohidi 2004",analytical_sampling,,,,1.048e-05,0.00058173385,1.048,x3·10^5 mole fraction n-C4H10 (xexp)
nC4H10_chapoy2004_c2c4_010,nC4H10,288.17,3.068,total,none,0,,0.000000,0.000000,0.000000,0.000000,0.000000,0.000000,chapoy2004_c2c4,"Chapoy, Mohammadi, Richon & Tohidi 2004",analytical_sampling,,,,7.34e-06,0.00040743445,0.734,x3·10^5 mole fraction n-C4H10 (xexp)
nC4H10_chapoy2004_c2c4_011,nC4H10,298.14,0.994,total,none,0,,0.000000,0.000000,0.000000,0.000000,0.000000,0.000000,chapoy2004_c2c4,"Chapoy, Mohammadi, Richon & Tohidi 2004",analytical_sampling,,,,3.87e-06,0.00021481824,0.387,x3·10^5 mole fraction n-C4H10 (xexp)
nC4H10_chapoy2004_c2c4_012,nC4H10,298.14,2.964,total,none,0,,0.000000,0.000000,0.000000,0.000000,0.000000,0.000000,chapoy2004_c2c4,"Chapoy, Mohammadi, Richon & Tohidi 2004",analytical_sampling,,,,8.11e-06,0.00045017656,0.811,x3·10^5 mole fraction n-C4H10 (xexp)
nC4H10_chapoy2004_c2c4_013,nC4H10,298.14,7.257,total,none,0,,0.000000,0.000000,0.000000,0.000000,0.000000,0.000000,chapoy2004_c2c4,"Chapoy, Mohammadi, Richon & Tohidi 2004",analytical_sampling,,,,9.91e-06,0.00055009343,0.991,x3·10^5 mole fraction n-C4H10 (xexp)
nC4H10_chapoy2004_c2c4_014,nC4H10,313.12,7.46,total,none,0,,0.000000,0.000000,0.000000,0.000000,0.000000,0.000000,chapoy2004_c2c4,"Chapoy, Mohammadi, Richon & Tohidi 2004",analytical_sampling,,,,6.94e-06,0.00038523079,0.694,x3·10^5 mole fraction n-C4H10 (xexp)
