point_id,gas,temperature_K,pressure_MPa,pressure_basis,salt,salt_molality,salt_composition,m_Na,m_Cl,m_K,m_Ca,m_Mg,m_SO4,source_id,reference,method,flags,boundary_type,value_as_printed,unit_as_printed
C2H6_maekawa2001_c2c4_001,C2H6,275.4,3.0,total,none,0,,0.000000,0.000000,0.000000,0.000000,0.000000,0.000000,maekawa2001_c2c4,Maekawa 2001,synthetic_visual,,hydrate,,"hydrate dissociation P-T boundary (boundary_type=hydrate; gas composition as printed: 98.9% CH4) -- NO composition printed, NOT a solubility"
C2H6_maekawa2001_c2c4_002,C2H6,276.8,3.5,total,none,0,,0.000000,0.000000,0.000000,0.000000,0.000000,0.000000,maekawa2001_c2c4,Maekawa 2001,synthetic_visual,,hydrate,,"hydrate dissociation P-T boundary (boundary_type=hydrate; gas composition as printed: 98.9% CH4) -- NO composition printed, NOT a solubility"
C2H6_maekawa2001_c2c4_003,C2H6,278.5,4.2,total,none,0,,0.000000,0.000000,0.000000,0.000000,0.000000,0.000000,maekawa2001_c2c4,Maekawa 2001,synthetic_visual,,hydrate,,"hydrate dissociation P-T boundary (boundary_type=hydrate; gas composition as printed: 98.9% CH4) -- NO composition printed, NOT a solubility"
C2H6_maekawa2001_c2c4_004,C2H6,280.2,5.1,total,none,0,,0.000000,0.000000,0.000000,0.000000,0.000000,0.000000,maekawa2001_c2c4,Maekawa 2001,synthetic_visual,,hydrate,,"hydrate dissociation P-T boundary (boundary_type=hydrate; gas composition as printed: 98.9% CH4) -- NO composition printed, NOT a solubility"
C2H6_maekawa2001_c2c4_005,C2H6,281.3,5.7,total,none,0,,0.000000,0.000000,0.000000,0.000000,0.000000,0.000000,maekawa2001_c2c4,Maekawa 2001,synthetic_visual,,hydrate,,"hydrate dissociation P-T boundary (boundary_type=hydrate; gas composition as printed: 98.9% CH4) -- NO composition printed, NOT a solubility"
C2H6_maekawa2001_c2c4_006,C2H6,281.9,6.1,total,none,0,,0.000000,0.000000,0.000000,0.000000,0.000000,0.000000,maekawa2001_c2c4,Maekawa 2001,synthetic_visual,,hydrate,,"hydrate dissociation P-T boundary (boundary_type=hydrate; gas composition as printed: 98.9% CH4) -- NO composition printed, NOT a solubility"
C2H6_maekawa2001_c2c4_007,C2H6,283.1,6.9,total,none,0,,0.000000,0.000000,0.000000,0.000000,0.000000,0.000000,maekawa2001_c2c4,Maekawa 2001,synthetic_visual,,hydrate,,"hydrate dissociation P-T boundary (boundary_type=hydrate; gas composition as printed: 98.9% CH4) -- NO composition printed, NOT a solubility"
C2H6_maekawa2001_c2c4_008,C2H6,283.8,7.4,total,none,0,,0.000000,0.000000,0.000000,0.000000,0.000000,0.000000,maekawa2001_c2c4,Maekawa 2001,synthetic_visual,,hydrate,,"hydrate dissociation P-T boundary (boundary_type=hydrate; gas composition as printed: 98.9% CH4) -- NO composition printed, NOT a solubility"
C2H6_maekawa2001_c2c4_009,C2H6,284.7,8.1,total,none,0,,0.000000,0.000000,0.000000,0.000000,0.000000,0.000000,maekawa2001_c2c4,Maekawa 2001,synthetic_visual,,hydrate,,"hydrate dissociation P-T boundary (boundary_type=hydrate; gas composition as printed: 98.9% CH4) -- NO composition printed, NOT a solubility"
C2H6_maekawa2001_c2c4_010,C2H6,285.4,8.9,total,none,0,,0.000000,0.000000,0.000000,0.000000,0.000000,0.000000,maekawa2001_c2c4,Maekawa 2001,synthetic_visual,,hydrate,,"hydrate dissociation P-T boundary (boundary_type=hydrate; gas composition as printed: 98.9% CH4) -- NO composition printed, NOT a solubility"
C2H6_maekawa2001_c2c4_011,C2H6,277.0,3.2,total,none,0,,0.000000,0.000000,0.000000,0.000000,0.000000,0.000000,maekawa2001_c2c4,Maekawa 2001,synthetic_visual,,hydrate,,"hydrate dissociation P-T boundary (boundary_type=hydrate; gas composition as printed: 97.9% CH4) -- NO composition printed, NOT a solubility"
C2H6_maekawa2001_c2c4_012,C2H6,278.4,3.7,total,none,0,,0.000000,0.000000,0.000000,0.000000,0.000000,0.000000,maekawa2001_c2c4,Maekawa 2001,synthetic_visual,,hydrate,,"hydrate dissociation P-T boundary (boundary_type=hydrate; gas composition as printed: 97.9% CH4) -- NO composition printed, NOT a solubility"
C2H6_maekawa2001_c2c4_013,C2H6,279.1,4.0,total,none,0,,0.000000,0.000000,0.000000,0.000000,0.000000,0.000000,maekawa2001_c2c4,Maekawa 2001,synthetic_visual,,hydrate,,"hydrate dissociation P-T boundary (boundary_type=hydrate; gas composition as printed: 97.9% CH4) -- NO composition printed, NOT a solubility"
C2H6_maekawa2001_c2c4_014,C2H6,280.3,4.6,total,none,0,,0.000000,0.000000,0.000000,0.000000,0.000000,0.000000,maekawa2001_c2c4,Maekawa 2001,synthetic_visual,,hydrate,,"hydrate dissociation P-T boundary (boundary_type=hydrate; gas composition as printed: 97.9% CH4) -- NO composition printed, NOT a solubility"
C2H6_maekawa2001_c2c4_015,C2H6,281.4,5.2,total,none,0,,0.000000,0.000000,0.000000,0.000000,0.000000,0.000000,maekawa2001_c2c4,Maekawa 2001,synthetic_visual,,hydrate,,"hydrate dissociation P-T boundary (boundary_type=hydrate; gas composition as printed: 97.9% CH4) -- NO composition printed, NOT a solubility"
C2H6_maekawa2001_c2c4_016,C2H6,282.4,5.8,total,none,0,,0.000000,0.000000,0.000000,0.000000,0.000000,0.000000,maekawa2001_c2c4,Maekawa 2001,synthetic_visual,,hydrate,,"hydrate dissociation P-T boundary (boundary_type=hydrate; gas composition as printed: 97.9% CH4) -- NO composition printed, NOT a solubility"
C2H6_maekawa2001_c2c4_017,C2H6,283.0,6.2,total,none,0,,0.000000,0.000000,0.000000,0.000000,0.000000,0.000000,maekawa2001_c2c4,Maekawa 2001,synthetic_visual,,hydrate,,"hydrate dissociation P-T boundary (boundary_type=hydrate; gas composition as printed: 97.9% CH4) -- NO composition printed, NOT a solubility"
C2H6_maekawa2001_c2c4_018,C2H6,283.7,6.7,total,none,0,,0.000000,0.000000,0.000000,0.000000,0.000000,0.000000,maekawa2001_c2c4,Maekawa 2001,synthetic_visual,,hydrate,,"hydrate dissociation P-T boundary (boundary_type=hydrate; gas composition as printed: 97.9% CH4) -- NO composition printed, NOT a solubility"
C2H6_maekawa2001_c2c4_019,C2H6,284.4,7.3,total,none,0,,0.000000,0.000000,0.000000,0.000000,0.000000,0.000000,maekawa2001_c2c4,Maekawa 2001,synthetic_visual,,hydrate,,"hydrate dissociation P-T boundary (boundary_type=hydrate; gas composition as printed: 97.9% CH4) -- NO composition printed, NOT a solubility"
C2H6_maekawa2001_c2c4_020,C2H6,285.2,8.1,total,none,0,,0.000000,0.000000,0.000000,0.000000,0.000000,0.000000,maekawa2001_c2c4,Maekawa 2001,synthetic_visual,,hydrate,,"hydrate dissociation P-T boundary (boundary_type=hydrate; gas composition as printed: 97.9% CH4) -- NO composition printed, NOT a solubility"
C2H6_maekawa2001_c2c4_021,C2H6,285.5,8.4,total,none,0,,0.000000,0.000000,0.000000,0.000000,0.000000,0.000000,maekawa2001_c2c4,Maekawa 2001,synthetic_visual,,hydrate,,"hydrate dissociation P-T boundary (boundary_type=hydrate; gas composition as printed: 97.9% CH4) -- NO composition printed, NOT a solubility"
C2H6_maekawa2001_c2c4_022,C2H6,285.5,8.9,total,none,0,,0.000000,0.000000,0.000000,0.000000,0.000000,0.000000,maekawa2001_c2c4,Maekawa 2001,synthetic_visual,,hydrate,,"hydrate dissociation P-T boundary (boundary_type=hydrate; gas composition as printed: 97.9% CH4) -- NO composition printed, NOT a solubility"
C2H6_maekawa2001_c2c4_023,C2H6,285.9,9.0,total,none,0,,0.000000,0.000000,0.000000,0.000000,0.000000,0.000000,maekawa2001_c2c4,Maekawa 2001,synthetic_visual,,hydrate,,"hydrate dissociation P-T boundary (boundary_type=hydrate; gas composition as printed: 97.9% CH4) -- NO composition printed, NOT a solubility"
C2H6_maekawa2001_c2c4_024,C2H6,277.4,2.7,total,none,0,,0.000000,0.000000,0.000000,0.000000,0.000000,0.000000,maekawa2001_c2c4,Maekawa 2001,synthetic_visual,,hydrate,,"hydrate dissociation P-T boundary (boundary_type=hydrate; gas composition as printed: 95.2% CH4) -- NO composition printed, NOT a solubility"
C2H6_maekawa2001_c2c4_025,C2H6,279.3,3.2,total,none,0,,0.000000,0.000000,0.000000,0.000000,0.000000,0.000000,maekawa2001_c2c4,Maekawa 2001,synthetic_visual,,hydrate,,"hydrate dissociation P-T boundary (boundary_type=hydrate; gas composition as printed: 95.2% CH4) -- NO composition printed, NOT a solubility"
C2H6_maekawa2001_c2c4_026,C2H6,280.1,3.5,total,none,0,,0.000000,0.000000,0.000000,0.000000,0.000000,0.000000,maekawa2001_c2c4,Maekawa 2001,synthetic_visual,,hydrate,,"hydrate dissociation P-T boundary (boundary_type=hydrate; gas composition as printed: 95.2% CH4) -- NO composition printed, NOT a solubility"
C2H6_maekawa2001_c2c4_027,C2H6,281.9,4.3,total,none,0,,0.000000,0.000000,0.000000,0.000000,0.000000,0.000000,maekawa2001_c2c4,Maekawa 2001,synthetic_visual,,hydrate,,"hydrate dissociation P-T boundary (boundary_type=hydrate; gas composition as printed: 95.2% CH4) -- NO composition printed, NOT a solubility"
C2H6_maekawa2001_c2c4_028,C2H6,282.7,4.7,total,none,0,,0.000000,0.000000,0.000000,0.000000,0.000000,0.000000,maekawa2001_c2c4,Maekawa 2001,synthetic_visual,,hydrate,,"hydrate dissociation P-T boundary (boundary_type=hydrate; gas composition as printed: 95.2% CH4) -- NO composition printed, NOT a solubility"
C2H6_maekawa2001_c2c4_029,C2H6,283.6,5.3,total,none,0,,0.000000,0.000000,0.000000,0.000000,0.000000,0.000000,maekawa2001_c2c4,Maekawa 2001,synthetic_visual,,hydrate,,"hydrate dissociation P-T boundary (boundary_type=hydrate; gas composition as printed: 95.2% CH4) -- NO composition printed, NOT a solubility"
C2H6_maekawa2001_c2c4_030,C2H6,284.8,6.2,total,none,0,,0.000000,0.000000,0.000000,0.000000,0.000000,0.000000,maekawa2001_c2c4,Maekawa 2001,synthetic_visual,,hydrate,,"hydrate dissociation P-T boundary (boundary_type=hydrate; gas composition as printed: 95.2% CH4) -- NO composition printed, NOT a solubility"
C2H6_maekawa2001_c2c4_031,C2H6,286.0,7.2,total,none,0,,0.000000,0.000000,0.000000,0.000000,0.000000,0.000000,maekawa2001_c2c4,Maekawa 2001,synthetic_visual,,hydrate,,"hydrate dissociation P-T boundary (boundary_type=hydrate; gas composition as printed: 95.2% CH4) -- NO composition printed, NOT a solubility"
C2H6_maekawa2001_c2c4_032,C2H6,286.7,7.8,total,none,0,,0.000000,0.000000,0.000000,0.000000,0.000000,0.000000,maekawa2001_c2c4,Maekawa 2001,synthetic_visual,,hydrate,,"hydrate dissociation P-T boundary (boundary_type=hydrate; gas composition as printed: 95.2% CH4) -- NO composition printed, NOT a solubility"
C2H6_maekawa2001_c2c4_033,C2H6,287.4,8.4,total,none,0,,0.000000,0.000000,0.000000,0.000000,0.000000,0.000000,maekawa2001_c2c4,Maekawa 2001,synthetic_visual,,hydrate,,"hydrate dissociation P-T boundary (boundary_type=hydrate; gas composition as printed: 95.2% CH4) -- NO composition printed, NOT a solubility"
C2H6_maekawa2001_c2c4_034,C2H6,287.9,9.1,total,none,0,,0.000000,0.000000,0.000000,0.000000,0.000000,0.000000,maekawa2001_c2c4,Maekawa 2001,synthetic_visual,,hydrate,,"hydrate dissociation P-T boundary (boundary_type=hydrate; gas composition as printed: 95.2% CH4) -- NO composition printed, NOT a solubility"
C2H6_maekawa2001_c2c4_035,C2H6,288.5,9.8,total,none,0,,0.000000,0.000000,0.000000,0.000000,0.000000,0.000000,maekawa2001_c2c4,Maekawa 2001,synthetic_visual,,hydrate,,"hydrate dissociation P-T boundary (boundary_type=hydrate; gas composition as printed: 95.2% CH4) -- NO composition printed, NOT a solubility"
C2H6_maekawa2001_c2c4_036,C2H6,289.3,10.9,total,none,0,,0.000000,0.000000,0.000000,0.000000,0.000000,0.000000,maekawa2001_c2c4,Maekawa 2001,synthetic_visual,,hydrate,,"hydrate dissociation P-T boundary (boundary_type=hydrate; gas composition as printed: 95.2% CH4) -- NO composition printed, NOT a solubility"
C2H6_maekawa2001_c2c4_037,C2H6,289.4,11.1,total,none,0,,0.000000,0.000000,0.000000,0.000000,0.000000,0.000000,maekawa2001_c2c4,Maekawa 2001,synthetic_visual,,hydrate,,"hydrate dissociation P-T boundary (boundary_type=hydrate; gas composition as printed: 95.2% CH4) -- NO composition printed, NOT a solubility"
C2H6_maekawa2001_c2c4_038,C2H6,275.6,1.7,total,none,0,,0.000000,0.000000,0.000000,0.000000,0.000000,0.000000,maekawa2001_c2c4,Maekawa 2001,synthetic_visual,,hydrate,,"hydrate dissociation P-T boundary (boundary_type=hydrate; gas composition as printed: 90.2% CH4) -- NO composition printed, NOT a solubility"
C2H6_maekawa2001_c2c4_039,C2H6,275.6,1.7,total,none,0,,0.000000,0.000000,0.000000,0.000000,0.000000,0.000000,maekawa2001_c2c4,Maekawa 2001,synthetic_visual,,hydrate,,"hydrate dissociation P-T boundary (boundary_type=hydrate; gas composition as printed: 90.2% CH4) -- NO composition printed, NOT a solubility"
C2H6_maekawa2001_c2c4_040,C2H6,277.9,2.3,total,none,0,,0.000000,0.000000,0.000000,0.000000,0.000000,0.000000,maekawa2001_c2c4,Maekawa 2001,synthetic_visual,replicate,hydrate,,"hydrate dissociation P-T boundary (boundary_type=hydrate; gas composition as printed: 90.2% CH4) -- NO composition printed, NOT a solubility"
C2H6_maekawa2001_c2c4_041,C2H6,277.9,2.3,total,none,0,,0.000000,0.000000,0.000000,0.000000,0.000000,0.000000,maekawa2001_c2c4,Maekawa 2001,synthetic_visual,replicate,hydrate,,"hydrate dissociation P-T boundary (boundary_type=hydrate; gas composition as printed: 90.2% CH4) -- NO composition printed, NOT a solubility"
C2H6_maekawa2001_c2c4_042,C2H6,280.0,2.8,total,none,0,,0.000000,0.000000,0.000000,0.000000,0.000000,0.000000,maekawa2001_c2c4,Maekawa 2001,synthetic_visual,,hydrate,,"hydrate dissociation P-T boundary (boundary_type=hydrate; gas composition as printed: 90.2% CH4) -- NO composition printed, NOT a solubility"
C2H6_maekawa2001_c2c4_043,C2H6,281.8,3.5,total,none,0,,0.000000,0.000000,0.000000,0.000000,0.000000,0.000000,maekawa2001_c2c4,Maekawa 2001,synthetic_visual,,hydrate,,"hydrate dissociation P-T boundary (boundary_type=hydrate; gas composition as printed: 90.2% CH4) -- NO composition printed, NOT a solubility"
C2H6_maekawa2001_c2c4_044,C2H6,282.3,3.6,total,none,0,,0.000000,0.000000,0.000000,0.000000,0.000000,0.000000,maekawa2001_c2c4,Maekawa 2001,synthetic_visual,,hydrate,,"hydrate dissociation P-T boundary (boundary_type=hydrate; gas composition as printed: 90.2% CH4) -- NO composition printed, NOT a solubility"
C2H6_maekawa2001_c2c4_045,C2H6,284.0,4.5,total,none,0,,0.000000,0.000000,0.000000,0.000000,0.000000,0.000000,maekawa2001_c2c4,Maekawa 2001,synthetic_visual,,hydrate,,"hydrate dissociation P-T boundary (boundary_type=hydrate; gas composition as printed: 90.2% CH4) -- NO composition printed, NOT a solubility"
C2H6_maekawa2001_c2c4_046,C2H6,285.5,5.3,total,none,0,,0.000000,0.000000,0.000000,0.000000,0.000000,0.000000,maekawa2001_c2c4,Maekawa 2001,synthetic_visual,,hydrate,,"hydrate dissociation P-T boundary (boundary_type=hydrate; gas composition as printed: 90.2% CH4) -- NO composition printed, NOT a solubility"
C2H6_maekawa2001_c2c4_047,C2H6,286.7,6.1,total,none,0,,0.000000,0.000000,0.000000,0.000000,0.000000,0.000000,maekawa2001_c2c4,Maekawa 2001,synthetic_visual,,hydrate,,"hydrate dissociation P-T boundary (boundary_type=hydrate; gas composition as printed: 90.2% CH4) -- NO composition printed, NOT a solubility"
C2H6_maekawa2001_c2c4_048,C2H6,287.5,6.8,total,none,0,,0.000000,0.000000,0.000000,0.000000,0.000000,0.000000,maekawa2001_c2c4,Maekawa 2001,synthetic_visual,,hydrate,,"hydrate dissociation P-T boundary (boundary_type=hydrate; gas composition as printed: 90.2% CH4) -- NO composition printed, NOT a solubility"
C2H6_maekawa2001_c2c4_049,C2H6,287.6,6.9,total,none,0,,0.000000,0.000000,0.000000,0.000000,0.000000,0.000000,maekawa2001_c2c4,Maekawa 2001,synthetic_visual,,hydrate,,"hydrate dissociation P-T boundary (boundary_type=hydrate; gas composition as printed: 90.2% CH4) -- NO composition printed, NOT a solubility"
C2H6_maekawa2001_c2c4_050,C2H6,288.4,7.8,total,none,0,,0.000000,0.000000,0.000000,0.000000,0.000000,0.000000,maekawa2001_c2c4,Maekawa 2001,synthetic_visual,,hydrate,,"hydrate dissociation P-T boundary (boundary_type=hydrate; gas composition as printed: 90.2% CH4) -- NO composition printed, NOT a solubility"
C2H6_maekawa2001_c2c4_051,C2H6,289.3,8.7,total,none,0,,0.000000,0.000000,0.000000,0.000000,0.000000,0.000000,maekawa2001_c2c4,Maekawa 2001,synthetic_visual,,hydrate,,"hydrate dissociation P-T boundary (boundary_type=hydrate; gas composition as printed: 90.2% CH4) -- NO composition printed, NOT a solubility"
C2H6_maekawa2001_c2c4_052,C2H6,289.6,9.1,total,none,0,,0.000000,0.000000,0.000000,0.000000,0.000000,0.000000,maekawa2001_c2c4,Maekawa 2001,synthetic_visual,,hydrate,,"hydrate dissociation P-T boundary (boundary_type=hydrate; gas composition as printed: 90.2% CH4) -- NO composition printed, NOT a solubility"
C2H6_maekawa2001_c2c4_053,C2H6,277.4,3.8,total,NaCl,0.529197,,0.529197,0.529197,0.000000,0.000000,0.000000,0.000000,maekawa2001_c2c4,Maekawa 2001,synthetic_visual,,hydrate,,"hydrate dissociation P-T boundary (boundary_type=hydrate; gas composition as printed: 97.9% CH4) -- NO composition printed, NOT a solubility"
C2H6_maekawa2001_c2c4_054,C2H6,278.8,4.3,total,NaCl,0.529197,,0.529197,0.529197,0.000000,0.000000,0.000000,0.000000,maekawa2001_c2c4,Maekawa 2001,synthetic_visual,,hydrate,,"hydrate dissociation P-T boundary (boundary_type=hydrate; gas composition as printed: 97.9% CH4) -- NO composition printed, NOT a solubility"
C2H6_maekawa2001_c2c4_055,C2H6,280.1,5.0,total,NaCl,0.529197,,0.529197,0.529197,0.000000,0.000000,0.000000,0.000000,maekawa2001_c2c4,Maekawa 2001,synthetic_visual,,hydrate,,"hydrate dissociation P-T boundary (boundary_type=hydrate; gas composition as printed: 97.9% CH4) -- NO composition printed, NOT a solubility"
C2H6_maekawa2001_c2c4_056,C2H6,280.9,5.5,total,NaCl,0.529197,,0.529197,0.529197,0.000000,0.000000,0.000000,0.000000,maekawa2001_c2c4,Maekawa 2001,synthetic_visual,,hydrate,,"hydrate dissociation P-T boundary (boundary_type=hydrate; gas composition as printed: 97.9% CH4) -- NO composition printed, NOT a solubility"
C2H6_maekawa2001_c2c4_057,C2H6,281.7,6.0,total,NaCl,0.529197,,0.529197,0.529197,0.000000,0.000000,0.000000,0.000000,maekawa2001_c2c4,Maekawa 2001,synthetic_visual,,hydrate,,"hydrate dissociation P-T boundary (boundary_type=hydrate; gas composition as printed: 97.9% CH4) -- NO composition printed, NOT a solubility"
C2H6_maekawa2001_c2c4_058,C2H6,282.6,6.7,total,NaCl,0.529197,,0.529197,0.529197,0.000000,0.000000,0.000000,0.000000,maekawa2001_c2c4,Maekawa 2001,synthetic_visual,,hydrate,,"hydrate dissociation P-T boundary (boundary_type=hydrate; gas composition as printed: 97.9% CH4) -- NO composition printed, NOT a solubility"
C2H6_maekawa2001_c2c4_059,C2H6,283.1,7.0,total,NaCl,0.529197,,0.529197,0.529197,0.000000,0.000000,0.000000,0.000000,maekawa2001_c2c4,Maekawa 2001,synthetic_visual,,hydrate,,"hydrate dissociation P-T boundary (boundary_type=hydrate; gas composition as printed: 97.9% CH4) -- NO composition printed, NOT a solubility"
C2H6_maekawa2001_c2c4_060,C2H6,283.7,7.6,total,NaCl,0.529197,,0.529197,0.529197,0.000000,0.000000,0.000000,0.000000,maekawa2001_c2c4,Maekawa 2001,synthetic_visual,,hydrate,,"hydrate dissociation P-T boundary (boundary_type=hydrate; gas composition as printed: 97.9% CH4) -- NO composition printed, NOT a solubility"
C2H6_maekawa2001_c2c4_061,C2H6,280.2,4.0,total,NaCl,0.529197,,0.529197,0.529197,0.000000,0.000000,0.000000,0.000000,maekawa2001_c2c4,Maekawa 2001,synthetic_visual,,hydrate,,"hydrate dissociation P-T boundary (boundary_type=hydrate; gas composition as printed: 95.2% CH4) -- NO composition printed, NOT a solubility"
C2H6_maekawa2001_c2c4_062,C2H6,281.1,4.5,total,NaCl,0.529197,,0.529197,0.529197,0.000000,0.000000,0.000000,0.000000,maekawa2001_c2c4,Maekawa 2001,synthetic_visual,,hydrate,,"hydrate dissociation P-T boundary (boundary_type=hydrate; gas composition as printed: 95.2% CH4) -- NO composition printed, NOT a solubility"
C2H6_maekawa2001_c2c4_063,C2H6,282.5,5.3,total,NaCl,0.529197,,0.529197,0.529197,0.000000,0.000000,0.000000,0.000000,maekawa2001_c2c4,Maekawa 2001,synthetic_visual,,hydrate,,"hydrate dissociation P-T boundary (boundary_type=hydrate; gas composition as printed: 95.2% CH4) -- NO composition printed, NOT a solubility"
C2H6_maekawa2001_c2c4_064,C2H6,283.7,6.1,total,NaCl,0.529197,,0.529197,0.529197,0.000000,0.000000,0.000000,0.000000,maekawa2001_c2c4,Maekawa 2001,synthetic_visual,,hydrate,,"hydrate dissociation P-T boundary (boundary_type=hydrate; gas composition as printed: 95.2% CH4) -- NO composition printed, NOT a solubility"
C2H6_maekawa2001_c2c4_065,C2H6,284.7,6.9,total,NaCl,0.529197,,0.529197,0.529197,0.000000,0.000000,0.000000,0.000000,maekawa2001_c2c4,Maekawa 2001,synthetic_visual,,hydrate,,"hydrate dissociation P-T boundary (boundary_type=hydrate; gas composition as printed: 95.2% CH4) -- NO composition printed, NOT a solubility"
C2H6_maekawa2001_c2c4_066,C2H6,285.9,8.0,total,NaCl,0.529197,,0.529197,0.529197,0.000000,0.000000,0.000000,0.000000,maekawa2001_c2c4,Maekawa 2001,synthetic_visual,,hydrate,,"hydrate dissociation P-T boundary (boundary_type=hydrate; gas composition as printed: 95.2% CH4) -- NO composition printed, NOT a solubility"
C2H6_maekawa2001_c2c4_067,C2H6,286.7,8.9,total,NaCl,0.529197,,0.529197,0.529197,0.000000,0.000000,0.000000,0.000000,maekawa2001_c2c4,Maekawa 2001,synthetic_visual,,hydrate,,"hydrate dissociation P-T boundary (boundary_type=hydrate; gas composition as printed: 95.2% CH4) -- NO composition printed, NOT a solubility"
C2H6_maekawa2001_c2c4_068,C2H6,287.3,9.5,total,NaCl,0.529197,,0.529197,0.529197,0.000000,0.000000,0.000000,0.000000,maekawa2001_c2c4,Maekawa 2001,synthetic_visual,,hydrate,,"hydrate dissociation P-T boundary (boundary_type=hydrate; gas composition as printed: 95.2% CH4) -- NO composition printed, NOT a solubility"
C2H6_maekawa2001_c2c4_069,C2H6,281.4,3.7,total,NaCl,0.529197,,0.529197,0.529197,0.000000,0.000000,0.000000,0.000000,maekawa2001_c2c4,Maekawa 2001,synthetic_visual,,hydrate,,"hydrate dissociation P-T boundary (boundary_type=hydrate; gas composition as printed: 90.2% CH4) -- NO composition printed, NOT a solubility"
C2H6_maekawa2001_c2c4_070,C2H6,283.1,4.5,total,NaCl,0.529197,,0.529197,0.529197,0.000000,0.000000,0.000000,0.000000,maekawa2001_c2c4,Maekawa 2001,synthetic_visual,,hydrate,,"hydrate dissociation P-T boundary (boundary_type=hydrate; gas composition as printed: 90.2% CH4) -- NO composition printed, NOT a solubility"
C2H6_maekawa2001_c2c4_071,C2H6,284.4,5.2,total,NaCl,0.529197,,0.529197,0.529197,0.000000,0.000000,0.000000,0.000000,maekawa2001_c2c4,Maekawa 2001,synthetic_visual,,hydrate,,"hydrate dissociation P-T boundary (boundary_type=hydrate; gas composition as printed: 90.2% CH4) -- NO composition printed, NOT a solubility"
C2H6_maekawa2001_c2c4_072,C2H6,285.9,6.3,total,NaCl,0.529197,,0.529197,0.529197,0.000000,0.000000,0.000000,0.000000,maekawa2001_c2c4,Maekawa 2001,synthetic_visual,,hydrate,,"hydrate dissociation P-T boundary (boundary_type=hydrate; gas composition as printed: 90.2% CH4) -- NO composition printed, NOT a solubility"
C2H6_maekawa2001_c2c4_073,C2H6,287.1,7.4,total,NaCl,0.529197,,0.529197,0.529197,0.000000,0.000000,0.000000,0.000000,maekawa2001_c2c4,Maekawa 2001,synthetic_visual,,hydrate,,"hydrate dissociation P-T boundary (boundary_type=hydrate; gas composition as printed: 90.2% CH4) -- NO composition printed, NOT a solubility"
C2H6_maekawa2001_c2c4_074,C2H6,288.1,8.4,total,NaCl,0.529197,,0.529197,0.529197,0.000000,0.000000,0.000000,0.000000,maekawa2001_c2c4,Maekawa 2001,synthetic_visual,,hydrate,,"hydrate dissociation P-T boundary (boundary_type=hydrate; gas composition as printed: 90.2% CH4) -- NO composition printed, NOT a solubility"
C2H6_tian2004_c2c4_001,C2H6,623.0,73.0,total,none,0,,0.000000,0.000000,0.000000,0.000000,0.000000,0.000000,tian2004_c2c4,Tian et al. (2004),synthetic_visual,from_compilation,,0.78,mole fraction water on the phase boundary (Vm= ) -- NOT a dilute solubility
CH4_kastanidis2016_ch4_001,CH4,282.7,7.04,total,none,0,,0.000000,0.000000,0.000000,0.000000,0.000000,0.000000,kastanidis2016_ch4,"Kastanidis, Romanos, Michalis, Economou, Stubos & Tsimpanogiannis (2016)",chromatography,,hydrate,0.00197 ± 0.00019,"X (mole fraction CH4 in H2O, Table 3 heading 'X (mole fraction)')"
CH4_kastanidis2016_ch4_002,CH4,280.0,5.36,total,none,0,,0.000000,0.000000,0.000000,0.000000,0.000000,0.000000,kastanidis2016_ch4,"Kastanidis, Romanos, Michalis, Economou, Stubos & Tsimpanogiannis (2016)",chromatography,,hydrate,0.00184 ± 0.00019,"X (mole fraction CH4 in H2O, Table 3 heading 'X (mole fraction)')"
CH4_kastanidis2016_ch4_003,CH4,282.5,7.07,total,none,0,,0.000000,0.000000,0.000000,0.000000,0.000000,0.000000,kastanidis2016_ch4,"Kastanidis, Romanos, Michalis, Economou, Stubos & Tsimpanogiannis (2016)",chromatography,,hydrate,0.00194 ± 0.00018,"X (mole fraction CH4 in H2O, Table 3 heading 'X (mole fraction)')"
CH4_kraderfranck1987_ch4_001,CH4,668.0,44.7,total,NaCl,0.101862,,0.101862,0.101862,0.000000,0.000000,0.000000,0.000000,kraderfranck1987_ch4,Krader & Franck (1987),synthetic_visual,,,12.65,"mol% CH4 (fixed composition of this isopleth; H2O=87.19 mol%, NaCl=0.160 mol%)"
CH4_kraderfranck1987_ch4_002,CH4,653.0,44.6,total,NaCl,0.101862,,0.101862,0.101862,0.000000,0.000000,0.000000,0.000000,kraderfranck1987_ch4,Krader & Franck (1987),synthetic_visual,,,12.65,"mol% CH4 (fixed composition of this isopleth; H2O=87.19 mol%, NaCl=0.160 mol%)"
CH4_kraderfranck1987_ch4_003,CH4,644.0,48.0,total,NaCl,0.101862,,0.101862,0.101862,0.000000,0.000000,0.000000,0.000000,kraderfranck1987_ch4,Krader & Franck (1987),synthetic_visual,,,12.65,"mol% CH4 (fixed composition of this isopleth; H2O=87.19 mol%, NaCl=0.160 mol%)"
CH4_kraderfranck1987_ch4_004,CH4,641.0,55.0,total,NaCl,0.101862,,0.101862,0.101862,0.000000,0.000000,0.000000,0.000000,kraderfranck1987_ch4,Krader & Franck (1987),synthetic_visual,,,12.65,"mol% CH4 (fixed composition of this isopleth; H2O=87.19 mol%, NaCl=0.160 mol%)"
CH4_kraderfranck1987_ch4_005,CH4,638.0,68.0,total,NaCl,0.101862,,0.101862,0.101862,0.000000,0.000000,0.000000,0.000000,kraderfranck1987_ch4,Krader & Franck (1987),synthetic_visual,,,12.65,"mol% CH4 (fixed composition of this isopleth; H2O=87.19 mol%, NaCl=0.160 mol%)"
CH4_kraderfranck1987_ch4_006,CH4,641.0,153.0,total,NaCl,0.101862,,0.101862,0.101862,0.000000,0.000000,0.000000,0.000000,kraderfranck1987_ch4,Krader & Franck (1987),synthetic_visual,,,12.65,"mol% CH4 (fixed composition of this isopleth; H2O=87.19 mol%, NaCl=0.160 mol%)"
CH4_kraderfranck1987_ch4_007,CH4,648.0,210.0,total,NaCl,0.101862,,0.101862,0.101862,0.000000,0.000000,0.000000,0.000000,kraderfranck1987_ch4,Krader & Franck (1987),synthetic_visual,,,12.65,"mol% CH4 (fixed composition of this isopleth; H2O=87.19 mol%, NaCl=0.160 mol%)"
CH4_kraderfranck1987_ch4_008,CH4,670.0,61.0,total,NaCl,0.108133,,0.108133,0.108133,0.000000,0.000000,0.000000,0.000000,kraderfranck1987_ch4,Krader & Franck (1987),synthetic_visual,,,22.85,"mol% CH4 (fixed composition of this isopleth; H2O=77.00 mol%, NaCl=0.150 mol%)"
CH4_kraderfranck1987_ch4_009,CH4,661.0,68.0,total,NaCl,0.108133,,0.108133,0.108133,0.000000,0.000000,0.000000,0.000000,kraderfranck1987_ch4,Krader & Franck (1987),synthetic_visual,,,22.85,"mol% CH4 (fixed composition of this isopleth; H2O=77.00 mol%, NaCl=0.150 mol%)"
CH4_kraderfranck1987_ch4_010,CH4,658.0,74.0,total,NaCl,0.108133,,0.108133,0.108133,0.000000,0.000000,0.000000,0.000000,kraderfranck1987_ch4,Krader & Franck (1987),synthetic_visual,,,22.85,"mol% CH4 (fixed composition of this isopleth; H2O=77.00 mol%, NaCl=0.150 mol%)"
CH4_kraderfranck1987_ch4_011,CH4,652.0,89.5,total,NaCl,0.108133,,0.108133,0.108133,0.000000,0.000000,0.000000,0.000000,kraderfranck1987_ch4,Krader & Franck (1987),synthetic_visual,,,22.85,"mol% CH4 (fixed composition of this isopleth; H2O=77.00 mol%, NaCl=0.150 mol%)"
CH4_kraderfranck1987_ch4_012,CH4,650.0,104.6,total,NaCl,0.108133,,0.108133,0.108133,0.000000,0.000000,0.000000,0.000000,kraderfranck1987_ch4,Krader & Franck (1987),synthetic_visual,,,22.85,"mol% CH4 (fixed composition of this isopleth; H2O=77.00 mol%, NaCl=0.150 mol%)"
CH4_kraderfranck1987_ch4_013,CH4,649.0,134.4,total,NaCl,0.108133,,0.108133,0.108133,0.000000,0.000000,0.000000,0.000000,kraderfranck1987_ch4,Krader & Franck (1987),synthetic_visual,,,22.85,"mol% CH4 (fixed composition of this isopleth; H2O=77.00 mol%, NaCl=0.150 mol%)"
CH4_kraderfranck1987_ch4_014,CH4,651.0,179.6,total,NaCl,0.108133,,0.108133,0.108133,0.000000,0.000000,0.000000,0.000000,kraderfranck1987_ch4,Krader & Franck (1987),synthetic_visual,,,22.85,"mol% CH4 (fixed composition of this isopleth; H2O=77.00 mol%, NaCl=0.150 mol%)"
CH4_kraderfranck1987_ch4_015,CH4,653.0,220.8,total,NaCl,0.108133,,0.108133,0.108133,0.000000,0.000000,0.000000,0.000000,kraderfranck1987_ch4,Krader & Franck (1987),synthetic_visual,,,22.85,"mol% CH4 (fixed composition of this isopleth; H2O=77.00 mol%, NaCl=0.150 mol%)"
CH4_kraderfranck1987_ch4_016,CH4,713.0,68.8,total,NaCl,0.1034,,0.103400,0.103400,0.000000,0.000000,0.000000,0.000000,kraderfranck1987_ch4,Krader & Franck (1987),synthetic_visual,printed_defect;suspect_value,,35.46,"mol% CH4 (fixed composition of this isopleth; H2O=64.42 mol%, NaCl=0.120 mol%)"
CH4_kraderfranck1987_ch4_017,CH4,687.0,88.9,total,NaCl,0.1034,,0.103400,0.103400,0.000000,0.000000,0.000000,0.000000,kraderfranck1987_ch4,Krader & Franck (1987),synthetic_visual,,,35.46,"mol% CH4 (fixed composition of this isopleth; H2O=64.42 mol%, NaCl=0.120 mol%)"
CH4_kraderfranck1987_ch4_018,CH4,668.0,125.9,total,NaCl,0.1034,,0.103400,0.103400,0.000000,0.000000,0.000000,0.000000,kraderfranck1987_ch4,Krader & Franck (1987),synthetic_visual,,,35.46,"mol% CH4 (fixed composition of this isopleth; H2O=64.42 mol%, NaCl=0.120 mol%)"
CH4_kraderfranck1987_ch4_019,CH4,666.0,151.2,total,NaCl,0.1034,,0.103400,0.103400,0.000000,0.000000,0.000000,0.000000,kraderfranck1987_ch4,Krader & Franck (1987),synthetic_visual,,,35.46,"mol% CH4 (fixed composition of this isopleth; H2O=64.42 mol%, NaCl=0.120 mol%)"
CH4_kraderfranck1987_ch4_020,CH4,669.0,187.2,total,NaCl,0.1034,,0.103400,0.103400,0.000000,0.000000,0.000000,0.000000,kraderfranck1987_ch4,Krader & Franck (1987),synthetic_visual,,,35.46,"mol% CH4 (fixed composition of this isopleth; H2O=64.42 mol%, NaCl=0.120 mol%)"
CH4_kraderfranck1987_ch4_021,CH4,672.0,236.0,total,NaCl,0.1034,,0.103400,0.103400,0.000000,0.000000,0.000000,0.000000,kraderfranck1987_ch4,Krader & Franck (1987),synthetic_visual,,,35.46,"mol% CH4 (fixed composition of this isopleth; H2O=64.42 mol%, NaCl=0.120 mol%)"
CH4_kraderfranck1987_ch4_022,CH4,673.0,248.9,total,NaCl,0.1034,,0.103400,0.103400,0.000000,0.000000,0.000000,0.000000,kraderfranck1987_ch4,Krader & Franck (1987),synthetic_visual,,,35.46,"mol% CH4 (fixed composition of this isopleth; H2O=64.42 mol%, NaCl=0.120 mol%)"
CH4_kraderfranck1987_ch4_023,CH4,738.0,63.2,total,NaCl,0.100278,,0.100278,0.100278,0.000000,0.000000,0.000000,0.000000,kraderfranck1987_ch4,Krader & Franck (1987),synthetic_visual,printed_defect;suspect_value,,39.00,"mol% CH4 (fixed composition of this isopleth; H2O=60.89 mol%, NaCl=0.110 mol%)"
CH4_kraderfranck1987_ch4_024,CH4,724.0,68.8,total,NaCl,0.100278,,0.100278,0.100278,0.000000,0.000000,0.000000,0.000000,kraderfranck1987_ch4,Krader & Franck (1987),synthetic_visual,printed_defect;suspect_value,,39.00,"mol% CH4 (fixed composition of this isopleth; H2O=60.89 mol%, NaCl=0.110 mol%)"
CH4_kraderfranck1987_ch4_025,CH4,699.0,84.5,total,NaCl,0.100278,,0.100278,0.100278,0.000000,0.000000,0.000000,0.000000,kraderfranck1987_ch4,Krader & Franck (1987),synthetic_visual,,,39.00,"mol% CH4 (fixed composition of this isopleth; H2O=60.89 mol%, NaCl=0.110 mol%)"
CH4_kraderfranck1987_ch4_026,CH4,721.0,76.4,total,NaCl,0.095157,,0.095157,0.095157,0.000000,0.000000,0.000000,0.000000,kraderfranck1987_ch4,Krader & Franck (1987),synthetic_visual,printed_defect;suspect_value,,47.41,"mol% CH4 (fixed composition of this isopleth; H2O=52.50 mol%, NaCl=0.090 mol%)"
CH4_kraderfranck1987_ch4_027,CH4,703.0,93.6,total,NaCl,0.095157,,0.095157,0.095157,0.000000,0.000000,0.000000,0.000000,kraderfranck1987_ch4,Krader & Franck (1987),synthetic_visual,printed_defect;suspect_value,,47.41,"mol% CH4 (fixed composition of this isopleth; H2O=52.50 mol%, NaCl=0.090 mol%)"
CH4_kraderfranck1987_ch4_028,CH4,693.0,110.0,total,NaCl,0.095157,,0.095157,0.095157,0.000000,0.000000,0.000000,0.000000,kraderfranck1987_ch4,Krader & Franck (1987),synthetic_visual,,,47.41,"mol% CH4 (fixed composition of this isopleth; H2O=52.50 mol%, NaCl=0.090 mol%)"
CH4_kraderfranck1987_ch4_029,CH4,689.0,140.0,total,NaCl,0.095157,,0.095157,0.095157,0.000000,0.000000,0.000000,0.000000,kraderfranck1987_ch4,Krader & Franck (1987),synthetic_visual,,,47.41,"mol% CH4 (fixed composition of this isopleth; H2O=52.50 mol%, NaCl=0.090 mol%)"
CH4_kraderfranck1987_ch4_030,CH4,695.0,170.0,total,NaCl,0.095157,,0.095157,0.095157,0.000000,0.000000,0.000000,0.000000,kraderfranck1987_ch4,Krader & Franck (1987),synthetic_visual,,,47.41,"mol% CH4 (fixed composition of this isopleth; H2O=52.50 mol%, NaCl=0.090 mol%)"
CH4_kraderfranck1987_ch4_031,CH4,703.0,207.2,total,NaCl,0.095157,,0.095157,0.095157,0.000000,0.000000,0.000000,0.000000,kraderfranck1987_ch4,Krader & Franck (1987),synthetic_visual,printed_defect;suspect_value,,47.41,"mol% CH4 (fixed composition of this isopleth; H2O=52.50 mol%, NaCl=0.090 mol%)"
CH4_kraderfranck1987_ch4_032,CH4,710.0,249.8,total,NaCl,0.095157,,0.095157,0.095157,0.000000,0.000000,0.000000,0.000000,kraderfranck1987_ch4,Krader & Franck (1987),synthetic_visual,printed_defect;suspect_value,,47.41,"mol% CH4 (fixed composition of this isopleth; H2O=52.50 mol%, NaCl=0.090 mol%)"
CH4_kraderfranck1987_ch4_033,CH4,723.0,90.0,total,NaCl,0.103809,,0.103809,0.103809,0.000000,0.000000,0.000000,0.000000,kraderfranck1987_ch4,Krader & Franck (1987),synthetic_visual,printed_defect;suspect_value,,62.50,"mol% CH4 (fixed composition of this isopleth; H2O=37.43 mol%, NaCl=0.070 mol%)"
CH4_kraderfranck1987_ch4_034,CH4,704.0,106.2,total,NaCl,0.103809,,0.103809,0.103809,0.000000,0.000000,0.000000,0.000000,kraderfranck1987_ch4,Krader & Franck (1987),synthetic_visual,printed_defect;suspect_value,,62.50,"mol% CH4 (fixed composition of this isopleth; H2O=37.43 mol%, NaCl=0.070 mol%)"
CH4_kraderfranck1987_ch4_035,CH4,692.0,123.0,total,NaCl,0.103809,,0.103809,0.103809,0.000000,0.000000,0.000000,0.000000,kraderfranck1987_ch4,Krader & Franck (1987),synthetic_visual,,,62.50,"mol% CH4 (fixed composition of this isopleth; H2O=37.43 mol%, NaCl=0.070 mol%)"
CH4_kraderfranck1987_ch4_036,CH4,693.0,150.0,total,NaCl,0.103809,,0.103809,0.103809,0.000000,0.000000,0.000000,0.000000,kraderfranck1987_ch4,Krader & Franck (1987),synthetic_visual,,,62.50,"mol% CH4 (fixed composition of this isopleth; H2O=37.43 mol%, NaCl=0.070 mol%)"
CH4_kraderfranck1987_ch4_037,CH4,708.0,200.0,total,NaCl,0.103809,,0.103809,0.103809,0.000000,0.000000,0.000000,0.000000,kraderfranck1987_ch4,Krader & Franck (1987),synthetic_visual,printed_defect;suspect_value,,62.50,"mol% CH4 (fixed composition of this isopleth; H2O=37.43 mol%, NaCl=0.070 mol%)"
CH4_kraderfranck1987_ch4_038,CH4,718.0,258.0,total,NaCl,0.103809,,0.103809,0.103809,0.000000,0.000000,0.000000,0.000000,kraderfranck1987_ch4,Krader & Franck (1987),synthetic_visual,printed_defect;suspect_value,,62.50,"mol% CH4 (fixed composition of this isopleth; H2O=37.43 mol%, NaCl=0.070 mol%)"
CH4_kraderfranck1987_ch4_039,CH4,703.0,95.0,total,NaCl,0.096907,,0.096907,0.096907,0.000000,0.000000,0.000000,0.000000,kraderfranck1987_ch4,Krader & Franck (1987),synthetic_visual,printed_defect;suspect_value,,71.31,"mol% CH4 (fixed composition of this isopleth; H2O=28.64 mol%, NaCl=0.050 mol%)"
CH4_kraderfranck1987_ch4_040,CH4,691.0,105.0,total,NaCl,0.096907,,0.096907,0.096907,0.000000,0.000000,0.000000,0.000000,kraderfranck1987_ch4,Krader & Franck (1987),synthetic_visual,,,71.31,"mol% CH4 (fixed composition of this isopleth; H2O=28.64 mol%, NaCl=0.050 mol%)"
CH4_kraderfranck1987_ch4_041,CH4,680.0,132.3,total,NaCl,0.096907,,0.096907,0.096907,0.000000,0.000000,0.000000,0.000000,kraderfranck1987_ch4,Krader & Franck (1987),synthetic_visual,,,71.31,"mol% CH4 (fixed composition of this isopleth; H2O=28.64 mol%, NaCl=0.050 mol%)"
CH4_kraderfranck1987_ch4_042,CH4,683.0,169.2,total,NaCl,0.096907,,0.096907,0.096907,0.000000,0.000000,0.000000,0.000000,kraderfranck1987_ch4,Krader & Franck (1987),synthetic_visual,,,71.31,"mol% CH4 (fixed composition of this isopleth; H2O=28.64 mol%, NaCl=0.050 mol%)"
CH4_kraderfranck1987_ch4_043,CH4,688.0,221.0,total,NaCl,0.096907,,0.096907,0.096907,0.000000,0.000000,0.000000,0.000000,kraderfranck1987_ch4,Krader & Franck (1987),synthetic_visual,,,71.31,"mol% CH4 (fixed composition of this isopleth; H2O=28.64 mol%, NaCl=0.050 mol%)"
CH4_kraderfranck1987_ch4_044,CH4,691.0,263.0,total,NaCl,0.096907,,0.096907,0.096907,0.000000,0.000000,0.000000,0.000000,kraderfranck1987_ch4,Krader & Franck (1987),synthetic_visual,,,71.31,"mol% CH4 (fixed composition of this isopleth; H2O=28.64 mol%, NaCl=0.050 mol%)"
CH4_kraderfranck1987_ch4_045,CH4,673.0,40.0,total,NaCl,0.296234,,0.296234,0.296234,0.000000,0.000000,0.000000,0.000000,kraderfranck1987_ch4,Krader & Franck (1987),synthetic_visual,,,5.81,"mol% CH4 (fixed composition of this isopleth; H2O=93.69 mol%, NaCl=0.500 mol%)"
CH4_kraderfranck1987_ch4_046,CH4,669.0,45.0,total,NaCl,0.296234,,0.296234,0.296234,0.000000,0.000000,0.000000,0.000000,kraderfranck1987_ch4,Krader & Franck (1987),synthetic_visual,,,5.81,"mol% CH4 (fixed composition of this isopleth; H2O=93.69 mol%, NaCl=0.500 mol%)"
CH4_kraderfranck1987_ch4_047,CH4,665.0,54.8,total,NaCl,0.296234,,0.296234,0.296234,0.000000,0.000000,0.000000,0.000000,kraderfranck1987_ch4,Krader & Franck (1987),synthetic_visual,,,5.81,"mol% CH4 (fixed composition of this isopleth; H2O=93.69 mol%, NaCl=0.500 mol%)"
CH4_kraderfranck1987_ch4_048,CH4,663.0,75.0,total,NaCl,0.296234,,0.296234,0.296234,0.000000,0.000000,0.000000,0.000000,kraderfranck1987_ch4,Krader & Franck (1987),synthetic_visual,,,5.81,"mol% CH4 (fixed composition of this isopleth; H2O=93.69 mol%, NaCl=0.500 mol%)"
CH4_kraderfranck1987_ch4_049,CH4,664.0,123.7,total,NaCl,0.296234,,0.296234,0.296234,0.000000,0.000000,0.000000,0.000000,kraderfranck1987_ch4,Krader & Franck (1987),synthetic_visual,,,5.81,"mol% CH4 (fixed composition of this isopleth; H2O=93.69 mol%, NaCl=0.500 mol%)"
CH4_kraderfranck1987_ch4_050,CH4,668.0,215.0,total,NaCl,0.296234,,0.296234,0.296234,0.000000,0.000000,0.000000,0.000000,kraderfranck1987_ch4,Krader & Franck (1987),synthetic_visual,,,5.81,"mol% CH4 (fixed composition of this isopleth; H2O=93.69 mol%, NaCl=0.500 mol%)"
CH4_kraderfranck1987_ch4_051,CH4,698.0,47.0,total,NaCl,0.293342,,0.293342,0.293342,0.000000,0.000000,0.000000,0.000000,kraderfranck1987_ch4,Krader & Franck (1987),synthetic_visual,,,16.30,"mol% CH4 (fixed composition of this isopleth; H2O=83.26 mol%, NaCl=0.440 mol%)"
CH4_kraderfranck1987_ch4_052,CH4,693.0,46.5,total,NaCl,0.293342,,0.293342,0.293342,0.000000,0.000000,0.000000,0.000000,kraderfranck1987_ch4,Krader & Franck (1987),synthetic_visual,,,16.30,"mol% CH4 (fixed composition of this isopleth; H2O=83.26 mol%, NaCl=0.440 mol%)"
CH4_kraderfranck1987_ch4_053,CH4,686.0,48.5,total,NaCl,0.293342,,0.293342,0.293342,0.000000,0.000000,0.000000,0.000000,kraderfranck1987_ch4,Krader & Franck (1987),synthetic_visual,,,16.30,"mol% CH4 (fixed composition of this isopleth; H2O=83.26 mol%, NaCl=0.440 mol%)"
CH4_kraderfranck1987_ch4_054,CH4,683.0,50.5,total,NaCl,0.293342,,0.293342,0.293342,0.000000,0.000000,0.000000,0.000000,kraderfranck1987_ch4,Krader & Franck (1987),synthetic_visual,,,16.30,"mol% CH4 (fixed composition of this isopleth; H2O=83.26 mol%, NaCl=0.440 mol%)"
CH4_kraderfranck1987_ch4_055,CH4,681.0,55.3,total,NaCl,0.293342,,0.293342,0.293342,0.000000,0.000000,0.000000,0.000000,kraderfranck1987_ch4,Krader & Franck (1987),synthetic_visual,,,16.30,"mol% CH4 (fixed composition of this isopleth; H2O=83.26 mol%, NaCl=0.440 mol%)"
CH4_kraderfranck1987_ch4_056,CH4,679.0,70.5,total,NaCl,0.293342,,0.293342,0.293342,0.000000,0.000000,0.000000,0.000000,kraderfranck1987_ch4,Krader & Franck (1987),synthetic_visual,,,16.30,"mol% CH4 (fixed composition of this isopleth; H2O=83.26 mol%, NaCl=0.440 mol%)"
CH4_kraderfranck1987_ch4_057,CH4,682.0,107.5,total,NaCl,0.293342,,0.293342,0.293342,0.000000,0.000000,0.000000,0.000000,kraderfranck1987_ch4,Krader & Franck (1987),synthetic_visual,,,16.30,"mol% CH4 (fixed composition of this isopleth; H2O=83.26 mol%, NaCl=0.440 mol%)"
CH4_kraderfranck1987_ch4_058,CH4,689.0,206.0,total,NaCl,0.293342,,0.293342,0.293342,0.000000,0.000000,0.000000,0.000000,kraderfranck1987_ch4,Krader & Franck (1987),synthetic_visual,,,16.30,"mol% CH4 (fixed composition of this isopleth; H2O=83.26 mol%, NaCl=0.440 mol%)"
CH4_kraderfranck1987_ch4_059,CH4,702.0,58.7,total,NaCl,0.293307,,0.293307,0.293307,0.000000,0.000000,0.000000,0.000000,kraderfranck1987_ch4,Krader & Franck (1987),synthetic_visual,printed_defect;suspect_value,,23.90,"mol% CH4 (fixed composition of this isopleth; H2O=75.70 mol%, NaCl=0.400 mol%)"
CH4_kraderfranck1987_ch4_060,CH4,693.0,68.7,total,NaCl,0.293307,,0.293307,0.293307,0.000000,0.000000,0.000000,0.000000,kraderfranck1987_ch4,Krader & Franck (1987),synthetic_visual,,,23.90,"mol% CH4 (fixed composition of this isopleth; H2O=75.70 mol%, NaCl=0.400 mol%)"
CH4_kraderfranck1987_ch4_061,CH4,694.0,89.5,total,NaCl,0.293307,,0.293307,0.293307,0.000000,0.000000,0.000000,0.000000,kraderfranck1987_ch4,Krader & Franck (1987),synthetic_visual,,,23.90,"mol% CH4 (fixed composition of this isopleth; H2O=75.70 mol%, NaCl=0.400 mol%)"
CH4_kraderfranck1987_ch4_062,CH4,699.0,129.4,total,NaCl,0.293307,,0.293307,0.293307,0.000000,0.000000,0.000000,0.000000,kraderfranck1987_ch4,Krader & Franck (1987),synthetic_visual,,,23.90,"mol% CH4 (fixed composition of this isopleth; H2O=75.70 mol%, NaCl=0.400 mol%)"
CH4_kraderfranck1987_ch4_063,CH4,702.0,176.7,total,NaCl,0.293307,,0.293307,0.293307,0.000000,0.000000,0.000000,0.000000,kraderfranck1987_ch4,Krader & Franck (1987),synthetic_visual,printed_defect;suspect_value,,23.90,"mol% CH4 (fixed composition of this isopleth; H2O=75.70 mol%, NaCl=0.400 mol%)"
CH4_kraderfranck1987_ch4_064,CH4,703.0,217.3,total,NaCl,0.293307,,0.293307,0.293307,0.000000,0.000000,0.000000,0.000000,kraderfranck1987_ch4,Krader & Franck (1987),synthetic_visual,printed_defect;suspect_value,,23.90,"mol% CH4 (fixed composition of this isopleth; H2O=75.70 mol%, NaCl=0.400 mol%)"
CH4_kraderfranck1987_ch4_065,CH4,723.0,66.0,total,NaCl,0.291122,,0.291122,0.291122,0.000000,0.000000,0.000000,0.000000,kraderfranck1987_ch4,Krader & Franck (1987),synthetic_visual,printed_defect;suspect_value,,37.13,"mol% CH4 (fixed composition of this isopleth; H2O=62.54 mol%, NaCl=0.328 mol%)"
CH4_kraderfranck1987_ch4_066,CH4,713.0,81.5,total,NaCl,0.291122,,0.291122,0.291122,0.000000,0.000000,0.000000,0.000000,kraderfranck1987_ch4,Krader & Franck (1987),synthetic_visual,printed_defect;suspect_value,,37.13,"mol% CH4 (fixed composition of this isopleth; H2O=62.54 mol%, NaCl=0.328 mol%)"
CH4_kraderfranck1987_ch4_067,CH4,712.0,89.0,total,NaCl,0.291122,,0.291122,0.291122,0.000000,0.000000,0.000000,0.000000,kraderfranck1987_ch4,Krader & Franck (1987),synthetic_visual,printed_defect;suspect_value,,37.13,"mol% CH4 (fixed composition of this isopleth; H2O=62.54 mol%, NaCl=0.328 mol%)"
CH4_kraderfranck1987_ch4_068,CH4,713.0,111.2,total,NaCl,0.291122,,0.291122,0.291122,0.000000,0.000000,0.000000,0.000000,kraderfranck1987_ch4,Krader & Franck (1987),synthetic_visual,printed_defect;suspect_value,,37.13,"mol% CH4 (fixed composition of this isopleth; H2O=62.54 mol%, NaCl=0.328 mol%)"
CH4_kraderfranck1987_ch4_069,CH4,715.0,135.0,total,NaCl,0.291122,,0.291122,0.291122,0.000000,0.000000,0.000000,0.000000,kraderfranck1987_ch4,Krader & Franck (1987),synthetic_visual,printed_defect;suspect_value,,37.13,"mol% CH4 (fixed composition of this isopleth; H2O=62.54 mol%, NaCl=0.328 mol%)"
CH4_kraderfranck1987_ch4_070,CH4,718.0,171.0,total,NaCl,0.291122,,0.291122,0.291122,0.000000,0.000000,0.000000,0.000000,kraderfranck1987_ch4,Krader & Franck (1987),synthetic_visual,printed_defect;suspect_value,,37.13,"mol% CH4 (fixed composition of this isopleth; H2O=62.54 mol%, NaCl=0.328 mol%)"
CH4_kraderfranck1987_ch4_071,CH4,721.0,225.0,total,NaCl,0.291122,,0.291122,0.291122,0.000000,0.000000,0.000000,0.000000,kraderfranck1987_ch4,Krader & Franck (1987),synthetic_visual,printed_defect;suspect_value,,37.13,"mol% CH4 (fixed composition of this isopleth; H2O=62.54 mol%, NaCl=0.328 mol%)"
CH4_kraderfranck1987_ch4_072,CH4,739.0,63.0,total,NaCl,0.296105,,0.296105,0.296105,0.000000,0.000000,0.000000,0.000000,kraderfranck1987_ch4,Krader & Franck (1987),synthetic_visual,printed_defect;suspect_value,,51.00,"mol% CH4 (fixed composition of this isopleth; H2O=48.74 mol%, NaCl=0.260 mol%)"
CH4_kraderfranck1987_ch4_073,CH4,725.0,73.5,total,NaCl,0.296105,,0.296105,0.296105,0.000000,0.000000,0.000000,0.000000,kraderfranck1987_ch4,Krader & Franck (1987),synthetic_visual,printed_defect;suspect_value,,51.00,"mol% CH4 (fixed composition of this isopleth; H2O=48.74 mol%, NaCl=0.260 mol%)"
CH4_kraderfranck1987_ch4_074,CH4,718.0,90.0,total,NaCl,0.296105,,0.296105,0.296105,0.000000,0.000000,0.000000,0.000000,kraderfranck1987_ch4,Krader & Franck (1987),synthetic_visual,printed_defect;suspect_value,,51.00,"mol% CH4 (fixed composition of this isopleth; H2O=48.74 mol%, NaCl=0.260 mol%)"
CH4_kraderfranck1987_ch4_075,CH4,718.0,128.0,total,NaCl,0.296105,,0.296105,0.296105,0.000000,0.000000,0.000000,0.000000,kraderfranck1987_ch4,Krader & Franck (1987),synthetic_visual,printed_defect;suspect_value,,51.00,"mol% CH4 (fixed composition of this isopleth; H2O=48.74 mol%, NaCl=0.260 mol%)"
CH4_kraderfranck1987_ch4_076,CH4,718.0,136.5,total,NaCl,0.296105,,0.296105,0.296105,0.000000,0.000000,0.000000,0.000000,kraderfranck1987_ch4,Krader & Franck (1987),synthetic_visual,printed_defect;suspect_value,,51.00,"mol% CH4 (fixed composition of this isopleth; H2O=48.74 mol%, NaCl=0.260 mol%)"
CH4_kraderfranck1987_ch4_077,CH4,722.0,165.0,total,NaCl,0.296105,,0.296105,0.296105,0.000000,0.000000,0.000000,0.000000,kraderfranck1987_ch4,Krader & Franck (1987),synthetic_visual,printed_defect;suspect_value,,51.00,"mol% CH4 (fixed composition of this isopleth; H2O=48.74 mol%, NaCl=0.260 mol%)"
CH4_kraderfranck1987_ch4_078,CH4,726.0,215.0,total,NaCl,0.296105,,0.296105,0.296105,0.000000,0.000000,0.000000,0.000000,kraderfranck1987_ch4,Krader & Franck (1987),synthetic_visual,printed_defect;suspect_value,,51.00,"mol% CH4 (fixed composition of this isopleth; H2O=48.74 mol%, NaCl=0.260 mol%)"
CH4_kraderfranck1987_ch4_079,CH4,743.0,64.0,total,NaCl,0.282885,,0.282885,0.282885,0.000000,0.000000,0.000000,0.000000,kraderfranck1987_ch4,Krader & Franck (1987),synthetic_visual,printed_defect;suspect_value,,64.50,"mol% CH4 (fixed composition of this isopleth; H2O=35.32 mol%, NaCl=0.180 mol%)"
CH4_kraderfranck1987_ch4_080,CH4,725.0,74.6,total,NaCl,0.282885,,0.282885,0.282885,0.000000,0.000000,0.000000,0.000000,kraderfranck1987_ch4,Krader & Franck (1987),synthetic_visual,printed_defect;suspect_value,,64.50,"mol% CH4 (fixed composition of this isopleth; H2O=35.32 mol%, NaCl=0.180 mol%)"
CH4_kraderfranck1987_ch4_081,CH4,712.0,91.0,total,NaCl,0.282885,,0.282885,0.282885,0.000000,0.000000,0.000000,0.000000,kraderfranck1987_ch4,Krader & Franck (1987),synthetic_visual,printed_defect;suspect_value,,64.50,"mol% CH4 (fixed composition of this isopleth; H2O=35.32 mol%, NaCl=0.180 mol%)"
CH4_kraderfranck1987_ch4_082,CH4,704.0,115.4,total,NaCl,0.282885,,0.282885,0.282885,0.000000,0.000000,0.000000,0.000000,kraderfranck1987_ch4,Krader & Franck (1987),synthetic_visual,printed_defect;suspect_value,,64.50,"mol% CH4 (fixed composition of this isopleth; H2O=35.32 mol%, NaCl=0.180 mol%)"
CH4_kraderfranck1987_ch4_083,CH4,702.0,134.5,total,NaCl,0.282885,,0.282885,0.282885,0.000000,0.000000,0.000000,0.000000,kraderfranck1987_ch4,Krader & Franck (1987),synthetic_visual,printed_defect;suspect_value,,64.50,"mol% CH4 (fixed composition of this isopleth; H2O=35.32 mol%, NaCl=0.180 mol%)"
CH4_kraderfranck1987_ch4_084,CH4,703.0,185.8,total,NaCl,0.282885,,0.282885,0.282885,0.000000,0.000000,0.000000,0.000000,kraderfranck1987_ch4,Krader & Franck (1987),synthetic_visual,printed_defect;suspect_value,,64.50,"mol% CH4 (fixed composition of this isopleth; H2O=35.32 mol%, NaCl=0.180 mol%)"
CH4_kraderfranck1987_ch4_085,CH4,708.0,232.1,total,NaCl,0.282885,,0.282885,0.282885,0.000000,0.000000,0.000000,0.000000,kraderfranck1987_ch4,Krader & Franck (1987),synthetic_visual,printed_defect;suspect_value,,64.50,"mol% CH4 (fixed composition of this isopleth; H2O=35.32 mol%, NaCl=0.180 mol%)"
CH4_kraderfranck1987_ch4_086,CH4,703.0,64.0,total,NaCl,0.288605,,0.288605,0.288605,0.000000,0.000000,0.000000,0.000000,kraderfranck1987_ch4,Krader & Franck (1987),synthetic_visual,printed_defect;suspect_value,,71.00,"mol% CH4 (fixed composition of this isopleth; H2O=28.85 mol%, NaCl=0.150 mol%)"
CH4_kraderfranck1987_ch4_087,CH4,685.0,70.0,total,NaCl,0.288605,,0.288605,0.288605,0.000000,0.000000,0.000000,0.000000,kraderfranck1987_ch4,Krader & Franck (1987),synthetic_visual,,,71.00,"mol% CH4 (fixed composition of this isopleth; H2O=28.85 mol%, NaCl=0.150 mol%)"
CH4_kraderfranck1987_ch4_088,CH4,678.0,90.0,total,NaCl,0.288605,,0.288605,0.288605,0.000000,0.000000,0.000000,0.000000,kraderfranck1987_ch4,Krader & Franck (1987),synthetic_visual,,,71.00,"mol% CH4 (fixed composition of this isopleth; H2O=28.85 mol%, NaCl=0.150 mol%)"
CH4_kraderfranck1987_ch4_089,CH4,679.0,100.0,total,NaCl,0.288605,,0.288605,0.288605,0.000000,0.000000,0.000000,0.000000,kraderfranck1987_ch4,Krader & Franck (1987),synthetic_visual,,,71.00,"mol% CH4 (fixed composition of this isopleth; H2O=28.85 mol%, NaCl=0.150 mol%)"
CH4_kraderfranck1987_ch4_090,CH4,681.0,124.5,total,NaCl,0.288605,,0.288605,0.288605,0.000000,0.000000,0.000000,0.000000,kraderfranck1987_ch4,Krader & Franck (1987),synthetic_visual,,,71.00,"mol% CH4 (fixed composition of this isopleth; H2O=28.85 mol%, NaCl=0.150 mol%)"
CH4_kraderfranck1987_ch4_091,CH4,682.0,150.0,total,NaCl,0.288605,,0.288605,0.288605,0.000000,0.000000,0.000000,0.000000,kraderfranck1987_ch4,Krader & Franck (1987),synthetic_visual,,,71.00,"mol% CH4 (fixed composition of this isopleth; H2O=28.85 mol%, NaCl=0.150 mol%)"
CH4_kraderfranck1987_ch4_092,CH4,686.0,180.5,total,NaCl,0.288605,,0.288605,0.288605,0.000000,0.000000,0.000000,0.000000,kraderfranck1987_ch4,Krader & Franck (1987),synthetic_visual,,,71.00,"mol% CH4 (fixed composition of this isopleth; H2O=28.85 mol%, NaCl=0.150 mol%)"
CH4_kraderfranck1987_ch4_093,CH4,686.0,190.0,total,NaCl,0.288605,,0.288605,0.288605,0.000000,0.000000,0.000000,0.000000,kraderfranck1987_ch4,Krader & Franck (1987),synthetic_visual,,,71.00,"mol% CH4 (fixed composition of this isopleth; H2O=28.85 mol%, NaCl=0.150 mol%)"
CH4_kraderfranck1987_ch4_094,CH4,698.0,50.0,total,NaCl,1.482642,,1.482642,1.482642,0.000000,0.000000,0.000000,0.000000,kraderfranck1987_ch4,Krader & Franck (1987),synthetic_visual,,,8.90,"mol% CH4 (fixed composition of this isopleth; H2O=88.73 mol%, NaCl=2.370 mol%)"
CH4_kraderfranck1987_ch4_095,CH4,686.0,61.4,total,NaCl,1.482642,,1.482642,1.482642,0.000000,0.000000,0.000000,0.000000,kraderfranck1987_ch4,Krader & Franck (1987),synthetic_visual,,,8.90,"mol% CH4 (fixed composition of this isopleth; H2O=88.73 mol%, NaCl=2.370 mol%)"
CH4_kraderfranck1987_ch4_096,CH4,685.0,82.0,total,NaCl,1.482642,,1.482642,1.482642,0.000000,0.000000,0.000000,0.000000,kraderfranck1987_ch4,Krader & Franck (1987),synthetic_visual,,,8.90,"mol% CH4 (fixed composition of this isopleth; H2O=88.73 mol%, NaCl=2.370 mol%)"
CH4_kraderfranck1987_ch4_097,CH4,687.0,124.5,total,NaCl,1.482642,,1.482642,1.482642,0.000000,0.000000,0.000000,0.000000,kraderfranck1987_ch4,Krader & Franck (1987),synthetic_visual,,,8.90,"mol% CH4 (fixed composition of this isopleth; H2O=88.73 mol%, NaCl=2.370 mol%)"
CH4_kraderfranck1987_ch4_098,CH4,688.0,154.0,total,NaCl,1.482642,,1.482642,1.482642,0.000000,0.000000,0.000000,0.000000,kraderfranck1987_ch4,Krader & Franck (1987),synthetic_visual,,,8.90,"mol% CH4 (fixed composition of this isopleth; H2O=88.73 mol%, NaCl=2.370 mol%)"
CH4_kraderfranck1987_ch4_099,CH4,691.0,225.0,total,NaCl,1.482642,,1.482642,1.482642,0.000000,0.000000,0.000000,0.000000,kraderfranck1987_ch4,Krader & Franck (1987),synthetic_visual,,,8.90,"mol% CH4 (fixed composition of this isopleth; H2O=88.73 mol%, NaCl=2.370 mol%)"
CH4_kraderfranck1987_ch4_100,CH4,703.0,61.0,total,NaCl,1.4844,,1.484400,1.484400,0.000000,0.000000,0.000000,0.000000,kraderfranck1987_ch4,Krader & Franck (1987),synthetic_visual,printed_defect;suspect_value,,16.30,"mol% CH4 (fixed composition of this isopleth; H2O=81.52 mol%, NaCl=2.180 mol%)"
CH4_kraderfranck1987_ch4_101,CH4,699.0,63.3,total,NaCl,1.4844,,1.484400,1.484400,0.000000,0.000000,0.000000,0.000000,kraderfranck1987_ch4,Krader & Franck (1987),synthetic_visual,,,16.30,"mol% CH4 (fixed composition of this isopleth; H2O=81.52 mol%, NaCl=2.180 mol%)"
CH4_kraderfranck1987_ch4_102,CH4,697.0,72.7,total,NaCl,1.4844,,1.484400,1.484400,0.000000,0.000000,0.000000,0.000000,kraderfranck1987_ch4,Krader & Franck (1987),synthetic_visual,,,16.30,"mol% CH4 (fixed composition of this isopleth; H2O=81.52 mol%, NaCl=2.180 mol%)"
CH4_kraderfranck1987_ch4_103,CH4,699.0,93.0,total,NaCl,1.4844,,1.484400,1.484400,0.000000,0.000000,0.000000,0.000000,kraderfranck1987_ch4,Krader & Franck (1987),synthetic_visual,,,16.30,"mol% CH4 (fixed composition of this isopleth; H2O=81.52 mol%, NaCl=2.180 mol%)"
CH4_kraderfranck1987_ch4_104,CH4,701.0,120.0,total,NaCl,1.4844,,1.484400,1.484400,0.000000,0.000000,0.000000,0.000000,kraderfranck1987_ch4,Krader & Franck (1987),synthetic_visual,printed_defect;suspect_value,,16.30,"mol% CH4 (fixed composition of this isopleth; H2O=81.52 mol%, NaCl=2.180 mol%)"
CH4_kraderfranck1987_ch4_105,CH4,704.0,167.0,total,NaCl,1.4844,,1.484400,1.484400,0.000000,0.000000,0.000000,0.000000,kraderfranck1987_ch4,Krader & Franck (1987),synthetic_visual,printed_defect;suspect_value,,16.30,"mol% CH4 (fixed composition of this isopleth; H2O=81.52 mol%, NaCl=2.180 mol%)"
CH4_kraderfranck1987_ch4_106,CH4,706.0,229.0,total,NaCl,1.4844,,1.484400,1.484400,0.000000,0.000000,0.000000,0.000000,kraderfranck1987_ch4,Krader & Franck (1987),synthetic_visual,printed_defect;suspect_value,,16.30,"mol% CH4 (fixed composition of this isopleth; H2O=81.52 mol%, NaCl=2.180 mol%)"
CH4_kraderfranck1987_ch4_107,CH4,757.0,77.8,total,NaCl,1.554856,,1.554856,1.554856,0.000000,0.000000,0.000000,0.000000,kraderfranck1987_ch4,Krader & Franck (1987),synthetic_visual,printed_defect;suspect_value,,26.60,"mol% CH4 (fixed composition of this isopleth; H2O=71.40 mol%, NaCl=2.000 mol%)"
CH4_kraderfranck1987_ch4_108,CH4,748.0,81.9,total,NaCl,1.554856,,1.554856,1.554856,0.000000,0.000000,0.000000,0.000000,kraderfranck1987_ch4,Krader & Franck (1987),synthetic_visual,printed_defect;suspect_value,,26.60,"mol% CH4 (fixed composition of this isopleth; H2O=71.40 mol%, NaCl=2.000 mol%)"
CH4_kraderfranck1987_ch4_109,CH4,743.0,88.4,total,NaCl,1.554856,,1.554856,1.554856,0.000000,0.000000,0.000000,0.000000,kraderfranck1987_ch4,Krader & Franck (1987),synthetic_visual,printed_defect;suspect_value,,26.60,"mol% CH4 (fixed composition of this isopleth; H2O=71.40 mol%, NaCl=2.000 mol%)"
CH4_kraderfranck1987_ch4_110,CH4,745.0,110.9,total,NaCl,1.554856,,1.554856,1.554856,0.000000,0.000000,0.000000,0.000000,kraderfranck1987_ch4,Krader & Franck (1987),synthetic_visual,printed_defect;suspect_value,,26.60,"mol% CH4 (fixed composition of this isopleth; H2O=71.40 mol%, NaCl=2.000 mol%)"
CH4_kraderfranck1987_ch4_111,CH4,749.0,150.0,total,NaCl,1.554856,,1.554856,1.554856,0.000000,0.000000,0.000000,0.000000,kraderfranck1987_ch4,Krader & Franck (1987),synthetic_visual,printed_defect;suspect_value,,26.60,"mol% CH4 (fixed composition of this isopleth; H2O=71.40 mol%, NaCl=2.000 mol%)"
CH4_kraderfranck1987_ch4_112,CH4,752.0,235.5,total,NaCl,1.554856,,1.554856,1.554856,0.000000,0.000000,0.000000,0.000000,kraderfranck1987_ch4,Krader & Franck (1987),synthetic_visual,printed_defect;suspect_value,,26.60,"mol% CH4 (fixed composition of this isopleth; H2O=71.40 mol%, NaCl=2.000 mol%)"
CH4_kraderfranck1987_ch4_113,CH4,799.0,80.0,total,NaCl,1.488798,,1.488798,1.488798,0.000000,0.000000,0.000000,0.000000,kraderfranck1987_ch4,Krader & Franck (1987),synthetic_visual,printed_defect;suspect_value,,35.30,"mol% CH4 (fixed composition of this isopleth; H2O=63.01 mol%, NaCl=1.690 mol%)"
CH4_kraderfranck1987_ch4_114,CH4,771.0,93.2,total,NaCl,1.488798,,1.488798,1.488798,0.000000,0.000000,0.000000,0.000000,kraderfranck1987_ch4,Krader & Franck (1987),synthetic_visual,printed_defect;suspect_value,,35.30,"mol% CH4 (fixed composition of this isopleth; H2O=63.01 mol%, NaCl=1.690 mol%)"
CH4_kraderfranck1987_ch4_115,CH4,762.0,100.0,total,NaCl,1.488798,,1.488798,1.488798,0.000000,0.000000,0.000000,0.000000,kraderfranck1987_ch4,Krader & Franck (1987),synthetic_visual,printed_defect;suspect_value,,35.30,"mol% CH4 (fixed composition of this isopleth; H2O=63.01 mol%, NaCl=1.690 mol%)"
CH4_kraderfranck1987_ch4_116,CH4,757.0,112.0,total,NaCl,1.488798,,1.488798,1.488798,0.000000,0.000000,0.000000,0.000000,kraderfranck1987_ch4,Krader & Franck (1987),synthetic_visual,printed_defect;suspect_value,,35.30,"mol% CH4 (fixed composition of this isopleth; H2O=63.01 mol%, NaCl=1.690 mol%)"
CH4_kraderfranck1987_ch4_117,CH4,757.0,142.0,total,NaCl,1.488798,,1.488798,1.488798,0.000000,0.000000,0.000000,0.000000,kraderfranck1987_ch4,Krader & Franck (1987),synthetic_visual,printed_defect;suspect_value,,35.30,"mol% CH4 (fixed composition of this isopleth; H2O=63.01 mol%, NaCl=1.690 mol%)"
CH4_kraderfranck1987_ch4_118,CH4,759.0,158.6,total,NaCl,1.488798,,1.488798,1.488798,0.000000,0.000000,0.000000,0.000000,kraderfranck1987_ch4,Krader & Franck (1987),synthetic_visual,printed_defect;suspect_value,,35.30,"mol% CH4 (fixed composition of this isopleth; H2O=63.01 mol%, NaCl=1.690 mol%)"
CH4_kraderfranck1987_ch4_119,CH4,766.0,200.3,total,NaCl,1.488798,,1.488798,1.488798,0.000000,0.000000,0.000000,0.000000,kraderfranck1987_ch4,Krader & Franck (1987),synthetic_visual,printed_defect;suspect_value,,35.30,"mol% CH4 (fixed composition of this isopleth; H2O=63.01 mol%, NaCl=1.690 mol%)"
CH4_kraderfranck1987_ch4_120,CH4,771.0,230.7,total,NaCl,1.488798,,1.488798,1.488798,0.000000,0.000000,0.000000,0.000000,kraderfranck1987_ch4,Krader & Franck (1987),synthetic_visual,printed_defect;suspect_value,,35.30,"mol% CH4 (fixed composition of this isopleth; H2O=63.01 mol%, NaCl=1.690 mol%)"
CH4_kraderfranck1987_ch4_121,CH4,793.0,68.0,total,NaCl,1.483677,,1.483677,1.483677,0.000000,0.000000,0.000000,0.000000,kraderfranck1987_ch4,Krader & Franck (1987),synthetic_visual,printed_defect;suspect_value,,51.60,"mol% CH4 (fixed composition of this isopleth; H2O=47.14 mol%, NaCl=1.260 mol%)"
CH4_kraderfranck1987_ch4_122,CH4,773.0,75.6,total,NaCl,1.483677,,1.483677,1.483677,0.000000,0.000000,0.000000,0.000000,kraderfranck1987_ch4,Krader & Franck (1987),synthetic_visual,printed_defect;suspect_value,,51.60,"mol% CH4 (fixed composition of this isopleth; H2O=47.14 mol%, NaCl=1.260 mol%)"
CH4_kraderfranck1987_ch4_123,CH4,755.0,101.0,total,NaCl,1.483677,,1.483677,1.483677,0.000000,0.000000,0.000000,0.000000,kraderfranck1987_ch4,Krader & Franck (1987),synthetic_visual,printed_defect;suspect_value,,51.60,"mol% CH4 (fixed composition of this isopleth; H2O=47.14 mol%, NaCl=1.260 mol%)"
CH4_kraderfranck1987_ch4_124,CH4,753.0,120.0,total,NaCl,1.483677,,1.483677,1.483677,0.000000,0.000000,0.000000,0.000000,kraderfranck1987_ch4,Krader & Franck (1987),synthetic_visual,printed_defect;suspect_value,,51.60,"mol% CH4 (fixed composition of this isopleth; H2O=47.14 mol%, NaCl=1.260 mol%)"
CH4_kraderfranck1987_ch4_125,CH4,751.0,142.0,total,NaCl,1.483677,,1.483677,1.483677,0.000000,0.000000,0.000000,0.000000,kraderfranck1987_ch4,Krader & Franck (1987),synthetic_visual,printed_defect;suspect_value,,51.60,"mol% CH4 (fixed composition of this isopleth; H2O=47.14 mol%, NaCl=1.260 mol%)"
CH4_kraderfranck1987_ch4_126,CH4,754.0,169.0,total,NaCl,1.483677,,1.483677,1.483677,0.000000,0.000000,0.000000,0.000000,kraderfranck1987_ch4,Krader & Franck (1987),synthetic_visual,printed_defect;suspect_value,,51.60,"mol% CH4 (fixed composition of this isopleth; H2O=47.14 mol%, NaCl=1.260 mol%)"
CH4_kraderfranck1987_ch4_127,CH4,758.0,219.0,total,NaCl,1.483677,,1.483677,1.483677,0.000000,0.000000,0.000000,0.000000,kraderfranck1987_ch4,Krader & Franck (1987),synthetic_visual,printed_defect;suspect_value,,51.60,"mol% CH4 (fixed composition of this isopleth; H2O=47.14 mol%, NaCl=1.260 mol%)"
CH4_kraderfranck1987_ch4_128,CH4,740.0,82.6,total,NaCl,1.486187,,1.486187,1.486187,0.000000,0.000000,0.000000,0.000000,kraderfranck1987_ch4,Krader & Franck (1987),synthetic_visual,printed_defect;suspect_value,,60.50,"mol% CH4 (fixed composition of this isopleth; H2O=38.47 mol%, NaCl=1.030 mol%)"
CH4_kraderfranck1987_ch4_129,CH4,727.0,104.0,total,NaCl,1.486187,,1.486187,1.486187,0.000000,0.000000,0.000000,0.000000,kraderfranck1987_ch4,Krader & Franck (1987),synthetic_visual,printed_defect;suspect_value,,60.50,"mol% CH4 (fixed composition of this isopleth; H2O=38.47 mol%, NaCl=1.030 mol%)"
CH4_kraderfranck1987_ch4_130,CH4,725.0,137.6,total,NaCl,1.486187,,1.486187,1.486187,0.000000,0.000000,0.000000,0.000000,kraderfranck1987_ch4,Krader & Franck (1987),synthetic_visual,printed_defect;suspect_value,,60.50,"mol% CH4 (fixed composition of this isopleth; H2O=38.47 mol%, NaCl=1.030 mol%)"
CH4_kraderfranck1987_ch4_131,CH4,726.0,169.0,total,NaCl,1.486187,,1.486187,1.486187,0.000000,0.000000,0.000000,0.000000,kraderfranck1987_ch4,Krader & Franck (1987),synthetic_visual,printed_defect;suspect_value,,60.50,"mol% CH4 (fixed composition of this isopleth; H2O=38.47 mol%, NaCl=1.030 mol%)"
CH4_kraderfranck1987_ch4_132,CH4,730.0,215.0,total,NaCl,1.486187,,1.486187,1.486187,0.000000,0.000000,0.000000,0.000000,kraderfranck1987_ch4,Krader & Franck (1987),synthetic_visual,printed_defect;suspect_value,,60.50,"mol% CH4 (fixed composition of this isopleth; H2O=38.47 mol%, NaCl=1.030 mol%)"
CH4_kraderfranck1987_ch4_133,CH4,713.0,73.5,total,NaCl,1.490158,,1.490158,1.490158,0.000000,0.000000,0.000000,0.000000,kraderfranck1987_ch4,Krader & Franck (1987),synthetic_visual,printed_defect;suspect_value,,69.40,"mol% CH4 (fixed composition of this isopleth; H2O=29.80 mol%, NaCl=0.800 mol%)"
CH4_kraderfranck1987_ch4_134,CH4,706.0,85.5,total,NaCl,1.490158,,1.490158,1.490158,0.000000,0.000000,0.000000,0.000000,kraderfranck1987_ch4,Krader & Franck (1987),synthetic_visual,printed_defect;suspect_value,,69.40,"mol% CH4 (fixed composition of this isopleth; H2O=29.80 mol%, NaCl=0.800 mol%)"
CH4_kraderfranck1987_ch4_135,CH4,701.0,110.5,total,NaCl,1.490158,,1.490158,1.490158,0.000000,0.000000,0.000000,0.000000,kraderfranck1987_ch4,Krader & Franck (1987),synthetic_visual,printed_defect;suspect_value,,69.40,"mol% CH4 (fixed composition of this isopleth; H2O=29.80 mol%, NaCl=0.800 mol%)"
CH4_kraderfranck1987_ch4_136,CH4,700.0,151.8,total,NaCl,1.490158,,1.490158,1.490158,0.000000,0.000000,0.000000,0.000000,kraderfranck1987_ch4,Krader & Franck (1987),synthetic_visual,,,69.40,"mol% CH4 (fixed composition of this isopleth; H2O=29.80 mol%, NaCl=0.800 mol%)"
CH4_kraderfranck1987_ch4_137,CH4,701.0,220.0,total,NaCl,1.490158,,1.490158,1.490158,0.000000,0.000000,0.000000,0.000000,kraderfranck1987_ch4,Krader & Franck (1987),synthetic_visual,printed_defect;suspect_value,,69.40,"mol% CH4 (fixed composition of this isopleth; H2O=29.80 mol%, NaCl=0.800 mol%)"
CH4_kraderfranck1987_ch4_138,CH4,703.0,250.0,total,NaCl,1.490158,,1.490158,1.490158,0.000000,0.000000,0.000000,0.000000,kraderfranck1987_ch4,Krader & Franck (1987),synthetic_visual,printed_defect;suspect_value,,69.40,"mol% CH4 (fixed composition of this isopleth; H2O=29.80 mol%, NaCl=0.800 mol%)"
CH4_kraderfranck1987_ch4_139,CH4,673.0,67.0,total,CaCl2,0.047201,,0.000000,0.094402,0.000000,0.047201,0.000000,0.000000,kraderfranck1987_ch4,Krader & Franck (1987),synthetic_visual,,,23.50,"mol% CH4 (fixed composition of this isopleth; H2O=76.44 mol%, CaCl2=0.065 mol%)"
CH4_kraderfranck1987_ch4_140,CH4,656.0,75.3,total,CaCl2,0.047201,,0.000000,0.094402,0.000000,0.047201,0.000000,0.000000,kraderfranck1987_ch4,Krader & Franck (1987),synthetic_visual,,,23.50,"mol% CH4 (fixed composition of this isopleth; H2O=76.44 mol%, CaCl2=0.065 mol%)"
CH4_kraderfranck1987_ch4_141,CH4,652.0,86.0,total,CaCl2,0.047201,,0.000000,0.094402,0.000000,0.047201,0.000000,0.000000,kraderfranck1987_ch4,Krader & Franck (1987),synthetic_visual,,,23.50,"mol% CH4 (fixed composition of this isopleth; H2O=76.44 mol%, CaCl2=0.065 mol%)"
CH4_kraderfranck1987_ch4_142,CH4,654.0,112.1,total,CaCl2,0.047201,,0.000000,0.094402,0.000000,0.047201,0.000000,0.000000,kraderfranck1987_ch4,Krader & Franck (1987),synthetic_visual,,,23.50,"mol% CH4 (fixed composition of this isopleth; H2O=76.44 mol%, CaCl2=0.065 mol%)"
CH4_kraderfranck1987_ch4_143,CH4,657.0,139.2,total,CaCl2,0.047201,,0.000000,0.094402,0.000000,0.047201,0.000000,0.000000,kraderfranck1987_ch4,Krader & Franck (1987),synthetic_visual,,,23.50,"mol% CH4 (fixed composition of this isopleth; H2O=76.44 mol%, CaCl2=0.065 mol%)"
CH4_kraderfranck1987_ch4_144,CH4,663.0,244.0,total,CaCl2,0.047201,,0.000000,0.094402,0.000000,0.047201,0.000000,0.000000,kraderfranck1987_ch4,Krader & Franck (1987),synthetic_visual,,,23.50,"mol% CH4 (fixed composition of this isopleth; H2O=76.44 mol%, CaCl2=0.065 mol%)"
CH4_kraderfranck1987_ch4_145,CH4,685.0,75.0,total,CaCl2,0.143318,,0.000000,0.286636,0.000000,0.143318,0.000000,0.000000,kraderfranck1987_ch4,Krader & Franck (1987),synthetic_visual,,,23.50,"mol% CH4 (fixed composition of this isopleth; H2O=76.30 mol%, CaCl2=0.197 mol%)"
CH4_kraderfranck1987_ch4_146,CH4,674.0,91.5,total,CaCl2,0.143318,,0.000000,0.286636,0.000000,0.143318,0.000000,0.000000,kraderfranck1987_ch4,Krader & Franck (1987),synthetic_visual,,,23.50,"mol% CH4 (fixed composition of this isopleth; H2O=76.30 mol%, CaCl2=0.197 mol%)"
CH4_kraderfranck1987_ch4_147,CH4,672.0,110.0,total,CaCl2,0.143318,,0.000000,0.286636,0.000000,0.143318,0.000000,0.000000,kraderfranck1987_ch4,Krader & Franck (1987),synthetic_visual,,,23.50,"mol% CH4 (fixed composition of this isopleth; H2O=76.30 mol%, CaCl2=0.197 mol%)"
CH4_kraderfranck1987_ch4_148,CH4,673.0,145.0,total,CaCl2,0.143318,,0.000000,0.286636,0.000000,0.143318,0.000000,0.000000,kraderfranck1987_ch4,Krader & Franck (1987),synthetic_visual,,,23.50,"mol% CH4 (fixed composition of this isopleth; H2O=76.30 mol%, CaCl2=0.197 mol%)"
CH4_kraderfranck1987_ch4_149,CH4,675.0,200.0,total,CaCl2,0.143318,,0.000000,0.286636,0.000000,0.143318,0.000000,0.000000,kraderfranck1987_ch4,Krader & Franck (1987),synthetic_visual,,,23.50,"mol% CH4 (fixed composition of this isopleth; H2O=76.30 mol%, CaCl2=0.197 mol%)"
CH4_kraderfranck1987_ch4_150,CH4,676.0,265.0,total,CaCl2,0.143318,,0.000000,0.286636,0.000000,0.143318,0.000000,0.000000,kraderfranck1987_ch4,Krader & Franck (1987),synthetic_visual,,,23.50,"mol% CH4 (fixed composition of this isopleth; H2O=76.30 mol%, CaCl2=0.197 mol%)"
CH4_kraderfranck1987_ch4_151,CH4,723.0,72.5,total,CaCl2,0.575463,,0.000000,1.150926,0.000000,0.575463,0.000000,0.000000,kraderfranck1987_ch4,Krader & Franck (1987),synthetic_visual,printed_defect;suspect_value,,23.50,"mol% CH4 (fixed composition of this isopleth; H2O=75.72 mol%, CaCl2=0.785 mol%)"
CH4_kraderfranck1987_ch4_152,CH4,708.0,83.0,total,CaCl2,0.575463,,0.000000,1.150926,0.000000,0.575463,0.000000,0.000000,kraderfranck1987_ch4,Krader & Franck (1987),synthetic_visual,printed_defect;suspect_value,,23.50,"mol% CH4 (fixed composition of this isopleth; H2O=75.72 mol%, CaCl2=0.785 mol%)"
CH4_kraderfranck1987_ch4_153,CH4,705.0,99.5,total,CaCl2,0.575463,,0.000000,1.150926,0.000000,0.575463,0.000000,0.000000,kraderfranck1987_ch4,Krader & Franck (1987),synthetic_visual,printed_defect;suspect_value,,23.50,"mol% CH4 (fixed composition of this isopleth; H2O=75.72 mol%, CaCl2=0.785 mol%)"
CH4_kraderfranck1987_ch4_154,CH4,707.0,123.0,total,CaCl2,0.575463,,0.000000,1.150926,0.000000,0.575463,0.000000,0.000000,kraderfranck1987_ch4,Krader & Franck (1987),synthetic_visual,printed_defect;suspect_value,,23.50,"mol% CH4 (fixed composition of this isopleth; H2O=75.72 mol%, CaCl2=0.785 mol%)"
CH4_kraderfranck1987_ch4_155,CH4,710.0,150.5,total,CaCl2,0.575463,,0.000000,1.150926,0.000000,0.575463,0.000000,0.000000,kraderfranck1987_ch4,Krader & Franck (1987),synthetic_visual,printed_defect;suspect_value,,23.50,"mol% CH4 (fixed composition of this isopleth; H2O=75.72 mol%, CaCl2=0.785 mol%)"
CH4_kraderfranck1987_ch4_156,CH4,717.0,244.0,total,CaCl2,0.575463,,0.000000,1.150926,0.000000,0.575463,0.000000,0.000000,kraderfranck1987_ch4,Krader & Franck (1987),synthetic_visual,printed_defect;suspect_value,,23.50,"mol% CH4 (fixed composition of this isopleth; H2O=75.72 mol%, CaCl2=0.785 mol%)"
CH4_maekawa2001_c2c4_001,CH4,274.2,2.9,total,none,0,,0.000000,0.000000,0.000000,0.000000,0.000000,0.000000,maekawa2001_c2c4,Maekawa 2001,synthetic_visual,,hydrate,,"hydrate dissociation P-T boundary (boundary_type=hydrate; gas composition as printed: 100% CH4) -- NO composition printed, NOT a solubility"
CH4_maekawa2001_c2c4_002,CH4,274.3,3.0,total,none,0,,0.000000,0.000000,0.000000,0.000000,0.000000,0.000000,maekawa2001_c2c4,Maekawa 2001,synthetic_visual,,hydrate,,"hydrate dissociation P-T boundary (boundary_type=hydrate; gas composition as printed: 100% CH4) -- NO composition printed, NOT a solubility"
CH4_maekawa2001_c2c4_003,CH4,274.7,3.1,total,none,0,,0.000000,0.000000,0.000000,0.000000,0.000000,0.000000,maekawa2001_c2c4,Maekawa 2001,synthetic_visual,,hydrate,,"hydrate dissociation P-T boundary (boundary_type=hydrate; gas composition as printed: 100% CH4) -- NO composition printed, NOT a solubility"
CH4_maekawa2001_c2c4_004,CH4,275.1,3.2,total,none,0,,0.000000,0.000000,0.000000,0.000000,0.000000,0.000000,maekawa2001_c2c4,Maekawa 2001,synthetic_visual,,hydrate,,"hydrate dissociation P-T boundary (boundary_type=hydrate; gas composition as printed: 100% CH4) -- NO composition printed, NOT a solubility"
CH4_maekawa2001_c2c4_005,CH4,275.9,3.4,total,none,0,,0.000000,0.000000,0.000000,0.000000,0.000000,0.000000,maekawa2001_c2c4,Maekawa 2001,synthetic_visual,,hydrate,,"hydrate dissociation P-T boundary (boundary_type=hydrate; gas composition as printed: 100% CH4) -- NO composition printed, NOT a solubility"
CH4_maekawa2001_c2c4_006,CH4,276.2,3.6,total,none,0,,0.000000,0.000000,0.000000,0.000000,0.000000,0.000000,maekawa2001_c2c4,Maekawa 2001,synthetic_visual,,hydrate,,"hydrate dissociation P-T boundary (boundary_type=hydrate; gas composition as printed: 100% CH4) -- NO composition printed, NOT a solubility"
CH4_maekawa2001_c2c4_007,CH4,276.7,3.8,total,none,0,,0.000000,0.000000,0.000000,0.000000,0.000000,0.000000,maekawa2001_c2c4,Maekawa 2001,synthetic_visual,,hydrate,,"hydrate dissociation P-T boundary (boundary_type=hydrate; gas composition as printed: 100% CH4) -- NO composition printed, NOT a solubility"
CH4_maekawa2001_c2c4_008,CH4,276.9,3.8,total,none,0,,0.000000,0.000000,0.000000,0.000000,0.000000,0.000000,maekawa2001_c2c4,Maekawa 2001,synthetic_visual,,hydrate,,"hydrate dissociation P-T boundary (boundary_type=hydrate; gas composition as printed: 100% CH4) -- NO composition printed, NOT a solubility"
CH4_maekawa2001_c2c4_009,CH4,277.4,4.0,total,none,0,,0.000000,0.000000,0.000000,0.000000,0.000000,0.000000,maekawa2001_c2c4,Maekawa 2001,synthetic_visual,,hydrate,,"hydrate dissociation P-T boundary (boundary_type=hydrate; gas composition as printed: 100% CH4) -- NO composition printed, NOT a solubility"
CH4_maekawa2001_c2c4_010,CH4,277.9,4.2,total,none,0,,0.000000,0.000000,0.000000,0.000000,0.000000,0.000000,maekawa2001_c2c4,Maekawa 2001,synthetic_visual,,hydrate,,"hydrate dissociation P-T boundary (boundary_type=hydrate; gas composition as printed: 100% CH4) -- NO composition printed, NOT a solubility"
CH4_maekawa2001_c2c4_011,CH4,278.4,4.4,total,none,0,,0.000000,0.000000,0.000000,0.000000,0.000000,0.000000,maekawa2001_c2c4,Maekawa 2001,synthetic_visual,,hydrate,,"hydrate dissociation P-T boundary (boundary_type=hydrate; gas composition as printed: 100% CH4) -- NO composition printed, NOT a solubility"
CH4_maekawa2001_c2c4_012,CH4,278.7,4.5,total,none,0,,0.000000,0.000000,0.000000,0.000000,0.000000,0.000000,maekawa2001_c2c4,Maekawa 2001,synthetic_visual,,hydrate,,"hydrate dissociation P-T boundary (boundary_type=hydrate; gas composition as printed: 100% CH4) -- NO composition printed, NOT a solubility"
CH4_maekawa2001_c2c4_013,CH4,279.0,4.7,total,none,0,,0.000000,0.000000,0.000000,0.000000,0.000000,0.000000,maekawa2001_c2c4,Maekawa 2001,synthetic_visual,,hydrate,,"hydrate dissociation P-T boundary (boundary_type=hydrate; gas composition as printed: 100% CH4) -- NO composition printed, NOT a solubility"
CH4_maekawa2001_c2c4_014,CH4,279.4,4.8,total,none,0,,0.000000,0.000000,0.000000,0.000000,0.000000,0.000000,maekawa2001_c2c4,Maekawa 2001,synthetic_visual,,hydrate,,"hydrate dissociation P-T boundary (boundary_type=hydrate; gas composition as printed: 100% CH4) -- NO composition printed, NOT a solubility"
CH4_maekawa2001_c2c4_015,CH4,279.5,4.9,total,none,0,,0.000000,0.000000,0.000000,0.000000,0.000000,0.000000,maekawa2001_c2c4,Maekawa 2001,synthetic_visual,,hydrate,,"hydrate dissociation P-T boundary (boundary_type=hydrate; gas composition as printed: 100% CH4) -- NO composition printed, NOT a solubility"
CH4_maekawa2001_c2c4_016,CH4,279.7,5.1,total,none,0,,0.000000,0.000000,0.000000,0.000000,0.000000,0.000000,maekawa2001_c2c4,Maekawa 2001,synthetic_visual,,hydrate,,"hydrate dissociation P-T boundary (boundary_type=hydrate; gas composition as printed: 100% CH4) -- NO composition printed, NOT a solubility"
CH4_maekawa2001_c2c4_017,CH4,280.4,5.3,total,none,0,,0.000000,0.000000,0.000000,0.000000,0.000000,0.000000,maekawa2001_c2c4,Maekawa 2001,synthetic_visual,,hydrate,,"hydrate dissociation P-T boundary (boundary_type=hydrate; gas composition as printed: 100% CH4) -- NO composition printed, NOT a solubility"
CH4_maekawa2001_c2c4_018,CH4,280.7,5.7,total,none,0,,0.000000,0.000000,0.000000,0.000000,0.000000,0.000000,maekawa2001_c2c4,Maekawa 2001,synthetic_visual,,hydrate,,"hydrate dissociation P-T boundary (boundary_type=hydrate; gas composition as printed: 100% CH4) -- NO composition printed, NOT a solubility"
CH4_maekawa2001_c2c4_019,CH4,280.9,5.8,total,none,0,,0.000000,0.000000,0.000000,0.000000,0.000000,0.000000,maekawa2001_c2c4,Maekawa 2001,synthetic_visual,,hydrate,,"hydrate dissociation P-T boundary (boundary_type=hydrate; gas composition as printed: 100% CH4) -- NO composition printed, NOT a solubility"
CH4_maekawa2001_c2c4_020,CH4,281.9,6.4,total,none,0,,0.000000,0.000000,0.000000,0.000000,0.000000,0.000000,maekawa2001_c2c4,Maekawa 2001,synthetic_visual,,hydrate,,"hydrate dissociation P-T boundary (boundary_type=hydrate; gas composition as printed: 100% CH4) -- NO composition printed, NOT a solubility"
CH4_maekawa2001_c2c4_021,CH4,282.7,6.8,total,none,0,,0.000000,0.000000,0.000000,0.000000,0.000000,0.000000,maekawa2001_c2c4,Maekawa 2001,synthetic_visual,,hydrate,,"hydrate dissociation P-T boundary (boundary_type=hydrate; gas composition as printed: 100% CH4) -- NO composition printed, NOT a solubility"
CH4_maekawa2001_c2c4_022,CH4,283.1,7.1,total,none,0,,0.000000,0.000000,0.000000,0.000000,0.000000,0.000000,maekawa2001_c2c4,Maekawa 2001,synthetic_visual,,hydrate,,"hydrate dissociation P-T boundary (boundary_type=hydrate; gas composition as printed: 100% CH4) -- NO composition printed, NOT a solubility"
CH4_maekawa2001_c2c4_023,CH4,283.9,7.7,total,none,0,,0.000000,0.000000,0.000000,0.000000,0.000000,0.000000,maekawa2001_c2c4,Maekawa 2001,synthetic_visual,,hydrate,,"hydrate dissociation P-T boundary (boundary_type=hydrate; gas composition as printed: 100% CH4) -- NO composition printed, NOT a solubility"
CH4_maekawa2001_c2c4_024,CH4,284.6,8.3,total,none,0,,0.000000,0.000000,0.000000,0.000000,0.000000,0.000000,maekawa2001_c2c4,Maekawa 2001,synthetic_visual,,hydrate,,"hydrate dissociation P-T boundary (boundary_type=hydrate; gas composition as printed: 100% CH4) -- NO composition printed, NOT a solubility"
CH4_maekawa2001_c2c4_025,CH4,285.2,8.9,total,none,0,,0.000000,0.000000,0.000000,0.000000,0.000000,0.000000,maekawa2001_c2c4,Maekawa 2001,synthetic_visual,,hydrate,,"hydrate dissociation P-T boundary (boundary_type=hydrate; gas composition as printed: 100% CH4) -- NO composition printed, NOT a solubility"
CH4_maekawa2001_c2c4_026,CH4,285.9,9.6,total,none,0,,0.000000,0.000000,0.000000,0.000000,0.000000,0.000000,maekawa2001_c2c4,Maekawa 2001,synthetic_visual,,hydrate,,"hydrate dissociation P-T boundary (boundary_type=hydrate; gas composition as printed: 100% CH4) -- NO composition printed, NOT a solubility"
CH4_maekawa2001_c2c4_027,CH4,286.5,10.2,total,none,0,,0.000000,0.000000,0.000000,0.000000,0.000000,0.000000,maekawa2001_c2c4,Maekawa 2001,synthetic_visual,,hydrate,,"hydrate dissociation P-T boundary (boundary_type=hydrate; gas composition as printed: 100% CH4) -- NO composition printed, NOT a solubility"
CH4_maekawa2001_c2c4_028,CH4,287.2,11.2,total,none,0,,0.000000,0.000000,0.000000,0.000000,0.000000,0.000000,maekawa2001_c2c4,Maekawa 2001,synthetic_visual,,hydrate,,"hydrate dissociation P-T boundary (boundary_type=hydrate; gas composition as printed: 100% CH4) -- NO composition printed, NOT a solubility"
CH4_maekawa2001_c2c4_029,CH4,287.7,11.8,total,none,0,,0.000000,0.000000,0.000000,0.000000,0.000000,0.000000,maekawa2001_c2c4,Maekawa 2001,synthetic_visual,,hydrate,,"hydrate dissociation P-T boundary (boundary_type=hydrate; gas composition as printed: 100% CH4) -- NO composition printed, NOT a solubility"
CH4_maekawa2001_c2c4_030,CH4,288.2,12.6,total,none,0,,0.000000,0.000000,0.000000,0.000000,0.000000,0.000000,maekawa2001_c2c4,Maekawa 2001,synthetic_visual,,hydrate,,"hydrate dissociation P-T boundary (boundary_type=hydrate; gas composition as printed: 100% CH4) -- NO composition printed, NOT a solubility"
CH4_maekawa2001_c2c4_031,CH4,276.4,4.0,total,NaCl,0.529197,,0.529197,0.529197,0.000000,0.000000,0.000000,0.000000,maekawa2001_c2c4,Maekawa 2001,synthetic_visual,,hydrate,,"hydrate dissociation P-T boundary (boundary_type=hydrate; gas composition as printed: 100% CH4) -- NO composition printed, NOT a solubility"
CH4_maekawa2001_c2c4_032,CH4,277.6,4.5,total,NaCl,0.529197,,0.529197,0.529197,0.000000,0.000000,0.000000,0.000000,maekawa2001_c2c4,Maekawa 2001,synthetic_visual,,hydrate,,"hydrate dissociation P-T boundary (boundary_type=hydrate; gas composition as printed: 100% CH4) -- NO composition printed, NOT a solubility"
CH4_maekawa2001_c2c4_033,CH4,279.1,5.3,total,NaCl,0.529197,,0.529197,0.529197,0.000000,0.000000,0.000000,0.000000,maekawa2001_c2c4,Maekawa 2001,synthetic_visual,,hydrate,,"hydrate dissociation P-T boundary (boundary_type=hydrate; gas composition as printed: 100% CH4) -- NO composition printed, NOT a solubility"
CH4_maekawa2001_c2c4_034,CH4,279.8,5.7,total,NaCl,0.529197,,0.529197,0.529197,0.000000,0.000000,0.000000,0.000000,maekawa2001_c2c4,Maekawa 2001,synthetic_visual,,hydrate,,"hydrate dissociation P-T boundary (boundary_type=hydrate; gas composition as printed: 100% CH4) -- NO composition printed, NOT a solubility"
CH4_maekawa2001_c2c4_035,CH4,280.4,6.1,total,NaCl,0.529197,,0.529197,0.529197,0.000000,0.000000,0.000000,0.000000,maekawa2001_c2c4,Maekawa 2001,synthetic_visual,,hydrate,,"hydrate dissociation P-T boundary (boundary_type=hydrate; gas composition as printed: 100% CH4) -- NO composition printed, NOT a solubility"
CH4_maekawa2001_c2c4_036,CH4,281.7,6.9,total,NaCl,0.529197,,0.529197,0.529197,0.000000,0.000000,0.000000,0.000000,maekawa2001_c2c4,Maekawa 2001,synthetic_visual,,hydrate,,"hydrate dissociation P-T boundary (boundary_type=hydrate; gas composition as printed: 100% CH4) -- NO composition printed, NOT a solubility"
CH4_maekawa2001_c2c4_037,CH4,283.1,7.9,total,NaCl,0.529197,,0.529197,0.529197,0.000000,0.000000,0.000000,0.000000,maekawa2001_c2c4,Maekawa 2001,synthetic_visual,,hydrate,,"hydrate dissociation P-T boundary (boundary_type=hydrate; gas composition as printed: 100% CH4) -- NO composition printed, NOT a solubility"
CH4_ou2019_ch4_001,CH4,273.15,2.63,total,none,0,,0.000000,0.000000,0.000000,0.000000,0.000000,0.000000,ou2019_ch4,"Ou, Lu, Ning & Wu (2019)",other,,hydrate,0.0601,"mCH4exp, methane molality at H-Lw(-V) hydrate equilibrium, mol.kg-1 (Table 2 heading)"
CH4_ou2019_ch4_002,CH4,273.15,10.0,total,none,0,,0.000000,0.000000,0.000000,0.000000,0.000000,0.000000,ou2019_ch4,"Ou, Lu, Ning & Wu (2019)",other,,hydrate,0.0570,"mCH4exp, methane molality at H-Lw(-V) hydrate equilibrium, mol.kg-1 (Table 2 heading)"
CH4_ou2019_ch4_003,CH4,273.15,20.0,total,none,0,,0.000000,0.000000,0.000000,0.000000,0.000000,0.000000,ou2019_ch4,"Ou, Lu, Ning & Wu (2019)",other,,hydrate,0.0553,"mCH4exp, methane molality at H-Lw(-V) hydrate equilibrium, mol.kg-1 (Table 2 heading)"
CH4_ou2019_ch4_004,CH4,273.15,30.0,total,none,0,,0.000000,0.000000,0.000000,0.000000,0.000000,0.000000,ou2019_ch4,"Ou, Lu, Ning & Wu (2019)",other,,hydrate,0.0522,"mCH4exp, methane molality at H-Lw(-V) hydrate equilibrium, mol.kg-1 (Table 2 heading)"
CH4_ou2019_ch4_005,CH4,273.15,40.0,total,none,0,,0.000000,0.000000,0.000000,0.000000,0.000000,0.000000,ou2019_ch4,"Ou, Lu, Ning & Wu (2019)",other,,hydrate,0.0496,"mCH4exp, methane molality at H-Lw(-V) hydrate equilibrium, mol.kg-1 (Table 2 heading)"
CH4_ou2019_ch4_006,CH4,273.15,50.0,total,none,0,,0.000000,0.000000,0.000000,0.000000,0.000000,0.000000,ou2019_ch4,"Ou, Lu, Ning & Wu (2019)",other,,hydrate,0.0466,"mCH4exp, methane molality at H-Lw(-V) hydrate equilibrium, mol.kg-1 (Table 2 heading)"
CH4_ou2019_ch4_007,CH4,273.15,60.0,total,none,0,,0.000000,0.000000,0.000000,0.000000,0.000000,0.000000,ou2019_ch4,"Ou, Lu, Ning & Wu (2019)",other,,hydrate,0.0443,"mCH4exp, methane molality at H-Lw(-V) hydrate equilibrium, mol.kg-1 (Table 2 heading)"
CH4_ou2019_ch4_008,CH4,273.15,70.0,total,none,0,,0.000000,0.000000,0.000000,0.000000,0.000000,0.000000,ou2019_ch4,"Ou, Lu, Ning & Wu (2019)",other,,hydrate,0.0426,"mCH4exp, methane molality at H-Lw(-V) hydrate equilibrium, mol.kg-1 (Table 2 heading)"
CH4_ou2019_ch4_009,CH4,273.15,80.0,total,none,0,,0.000000,0.000000,0.000000,0.000000,0.000000,0.000000,ou2019_ch4,"Ou, Lu, Ning & Wu (2019)",other,,hydrate,0.0402,"mCH4exp, methane molality at H-Lw(-V) hydrate equilibrium, mol.kg-1 (Table 2 heading)"
CH4_ou2019_ch4_010,CH4,273.15,90.0,total,none,0,,0.000000,0.000000,0.000000,0.000000,0.000000,0.000000,ou2019_ch4,"Ou, Lu, Ning & Wu (2019)",other,,hydrate,0.0377,"mCH4exp, methane molality at H-Lw(-V) hydrate equilibrium, mol.kg-1 (Table 2 heading)"
CH4_ou2019_ch4_011,CH4,273.15,100.0,total,none,0,,0.000000,0.000000,0.000000,0.000000,0.000000,0.000000,ou2019_ch4,"Ou, Lu, Ning & Wu (2019)",other,,hydrate,0.0357,"mCH4exp, methane molality at H-Lw(-V) hydrate equilibrium, mol.kg-1 (Table 2 heading)"
CH4_ou2019_ch4_012,CH4,273.15,110.0,total,none,0,,0.000000,0.000000,0.000000,0.000000,0.000000,0.000000,ou2019_ch4,"Ou, Lu, Ning & Wu (2019)",other,,hydrate,0.0342,"mCH4exp, methane molality at H-Lw(-V) hydrate equilibrium, mol.kg-1 (Table 2 heading)"
CH4_ou2019_ch4_013,CH4,273.15,120.0,total,none,0,,0.000000,0.000000,0.000000,0.000000,0.000000,0.000000,ou2019_ch4,"Ou, Lu, Ning & Wu (2019)",other,,hydrate,0.0322,"mCH4exp, methane molality at H-Lw(-V) hydrate equilibrium, mol.kg-1 (Table 2 heading)"
CH4_ou2019_ch4_014,CH4,278.15,4.32,total,none,0,,0.000000,0.000000,0.000000,0.000000,0.000000,0.000000,ou2019_ch4,"Ou, Lu, Ning & Wu (2019)",other,,hydrate,0.0806,"mCH4exp, methane molality at H-Lw(-V) hydrate equilibrium, mol.kg-1 (Table 2 heading)"
CH4_ou2019_ch4_015,CH4,278.15,10.0,total,none,0,,0.000000,0.000000,0.000000,0.000000,0.000000,0.000000,ou2019_ch4,"Ou, Lu, Ning & Wu (2019)",other,,hydrate,0.0792,"mCH4exp, methane molality at H-Lw(-V) hydrate equilibrium, mol.kg-1 (Table 2 heading)"
CH4_ou2019_ch4_016,CH4,278.15,20.0,total,none,0,,0.000000,0.000000,0.000000,0.000000,0.000000,0.000000,ou2019_ch4,"Ou, Lu, Ning & Wu (2019)",other,,hydrate,0.0754,"mCH4exp, methane molality at H-Lw(-V) hydrate equilibrium, mol.kg-1 (Table 2 heading)"
CH4_ou2019_ch4_017,CH4,278.15,30.0,total,none,0,,0.000000,0.000000,0.000000,0.000000,0.000000,0.000000,ou2019_ch4,"Ou, Lu, Ning & Wu (2019)",other,,hydrate,0.0713,"mCH4exp, methane molality at H-Lw(-V) hydrate equilibrium, mol.kg-1 (Table 2 heading)"
CH4_ou2019_ch4_018,CH4,278.15,40.0,total,none,0,,0.000000,0.000000,0.000000,0.000000,0.000000,0.000000,ou2019_ch4,"Ou, Lu, Ning & Wu (2019)",other,,hydrate,0.0679,"mCH4exp, methane molality at H-Lw(-V) hydrate equilibrium, mol.kg-1 (Table 2 heading)"
CH4_ou2019_ch4_019,CH4,278.15,50.0,total,none,0,,0.000000,0.000000,0.000000,0.000000,0.000000,0.000000,ou2019_ch4,"Ou, Lu, Ning & Wu (2019)",other,,hydrate,0.0643,"mCH4exp, methane molality at H-Lw(-V) hydrate equilibrium, mol.kg-1 (Table 2 heading)"
CH4_ou2019_ch4_020,CH4,278.15,60.0,total,none,0,,0.000000,0.000000,0.000000,0.000000,0.000000,0.000000,ou2019_ch4,"Ou, Lu, Ning & Wu (2019)",other,,hydrate,0.0618,"mCH4exp, methane molality at H-Lw(-V) hydrate equilibrium, mol.kg-1 (Table 2 heading)"
CH4_ou2019_ch4_021,CH4,278.15,70.0,total,none,0,,0.000000,0.000000,0.000000,0.000000,0.000000,0.000000,ou2019_ch4,"Ou, Lu, Ning & Wu (2019)",other,,hydrate,0.0590,"mCH4exp, methane molality at H-Lw(-V) hydrate equilibrium, mol.kg-1 (Table 2 heading)"
CH4_ou2019_ch4_022,CH4,278.15,80.0,total,none,0,,0.000000,0.000000,0.000000,0.000000,0.000000,0.000000,ou2019_ch4,"Ou, Lu, Ning & Wu (2019)",other,,hydrate,0.0565,"mCH4exp, methane molality at H-Lw(-V) hydrate equilibrium, mol.kg-1 (Table 2 heading)"
CH4_ou2019_ch4_023,CH4,278.15,90.0,total,none,0,,0.000000,0.000000,0.000000,0.000000,0.000000,0.000000,ou2019_ch4,"Ou, Lu, Ning & Wu (2019)",other,,hydrate,0.0544,"mCH4exp, methane molality at H-Lw(-V) hydrate equilibrium, mol.kg-1 (Table 2 heading)"
CH4_ou2019_ch4_024,CH4,278.15,100.0,total,none,0,,0.000000,0.000000,0.000000,0.000000,0.000000,0.000000,ou2019_ch4,"Ou, Lu, Ning & Wu (2019)",other,,hydrate,0.0509,"mCH4exp, methane molality at H-Lw(-V) hydrate equilibrium, mol.kg-1 (Table 2 heading)"
CH4_ou2019_ch4_025,CH4,278.15,110.0,total,none,0,,0.000000,0.000000,0.000000,0.000000,0.000000,0.000000,ou2019_ch4,"Ou, Lu, Ning & Wu (2019)",other,,hydrate,0.0490,"mCH4exp, methane molality at H-Lw(-V) hydrate equilibrium, mol.kg-1 (Table 2 heading)"
CH4_ou2019_ch4_026,CH4,278.15,120.0,total,none,0,,0.000000,0.000000,0.000000,0.000000,0.000000,0.000000,ou2019_ch4,"Ou, Lu, Ning & Wu (2019)",other,,hydrate,0.0466,"mCH4exp, methane molality at H-Lw(-V) hydrate equilibrium, mol.kg-1 (Table 2 heading)"
CH4_ou2019_ch4_027,CH4,283.15,6.95,total,none,0,,0.000000,0.000000,0.000000,0.000000,0.000000,0.000000,ou2019_ch4,"Ou, Lu, Ning & Wu (2019)",other,,hydrate,0.1113,"mCH4exp, methane molality at H-Lw(-V) hydrate equilibrium, mol.kg-1 (Table 2 heading)"
CH4_ou2019_ch4_028,CH4,283.15,20.0,total,none,0,,0.000000,0.000000,0.000000,0.000000,0.000000,0.000000,ou2019_ch4,"Ou, Lu, Ning & Wu (2019)",other,,hydrate,0.1044,"mCH4exp, methane molality at H-Lw(-V) hydrate equilibrium, mol.kg-1 (Table 2 heading)"
CH4_ou2019_ch4_029,CH4,283.15,30.0,total,none,0,,0.000000,0.000000,0.000000,0.000000,0.000000,0.000000,ou2019_ch4,"Ou, Lu, Ning & Wu (2019)",other,,hydrate,0.1013,"mCH4exp, methane molality at H-Lw(-V) hydrate equilibrium, mol.kg-1 (Table 2 heading)"
CH4_ou2019_ch4_030,CH4,283.15,40.0,total,none,0,,0.000000,0.000000,0.000000,0.000000,0.000000,0.000000,ou2019_ch4,"Ou, Lu, Ning & Wu (2019)",other,,hydrate,0.0952,"mCH4exp, methane molality at H-Lw(-V) hydrate equilibrium, mol.kg-1 (Table 2 heading)"
CH4_ou2019_ch4_031,CH4,283.15,50.0,total,none,0,,0.000000,0.000000,0.000000,0.000000,0.000000,0.000000,ou2019_ch4,"Ou, Lu, Ning & Wu (2019)",other,,hydrate,0.0907,"mCH4exp, methane molality at H-Lw(-V) hydrate equilibrium, mol.kg-1 (Table 2 heading)"
CH4_ou2019_ch4_032,CH4,283.15,60.0,total,none,0,,0.000000,0.000000,0.000000,0.000000,0.000000,0.000000,ou2019_ch4,"Ou, Lu, Ning & Wu (2019)",other,,hydrate,0.0886,"mCH4exp, methane molality at H-Lw(-V) hydrate equilibrium, mol.kg-1 (Table 2 heading)"
CH4_ou2019_ch4_033,CH4,283.15,70.0,total,none,0,,0.000000,0.000000,0.000000,0.000000,0.000000,0.000000,ou2019_ch4,"Ou, Lu, Ning & Wu (2019)",other,,hydrate,0.0842,"mCH4exp, methane molality at H-Lw(-V) hydrate equilibrium, mol.kg-1 (Table 2 heading)"
CH4_ou2019_ch4_034,CH4,283.15,80.0,total,none,0,,0.000000,0.000000,0.000000,0.000000,0.000000,0.000000,ou2019_ch4,"Ou, Lu, Ning & Wu (2019)",other,,hydrate,0.0809,"mCH4exp, methane molality at H-Lw(-V) hydrate equilibrium, mol.kg-1 (Table 2 heading)"
CH4_ou2019_ch4_035,CH4,283.15,90.0,total,none,0,,0.000000,0.000000,0.000000,0.000000,0.000000,0.000000,ou2019_ch4,"Ou, Lu, Ning & Wu (2019)",other,,hydrate,0.0782,"mCH4exp, methane molality at H-Lw(-V) hydrate equilibrium, mol.kg-1 (Table 2 heading)"
CH4_ou2019_ch4_036,CH4,283.15,100.0,total,none,0,,0.000000,0.000000,0.000000,0.000000,0.000000,0.000000,ou2019_ch4,"Ou, Lu, Ning & Wu (2019)",other,,hydrate,0.0732,"mCH4exp, methane molality at H-Lw(-V) hydrate equilibrium, mol.kg-1 (Table 2 heading)"
CH4_ou2019_ch4_037,CH4,283.15,110.0,total,none,0,,0.000000,0.000000,0.000000,0.000000,0.000000,0.000000,ou2019_ch4,"Ou, Lu, Ning & Wu (2019)",other,,hydrate,0.0707,"mCH4exp, methane molality at H-Lw(-V) hydrate equilibrium, mol.kg-1 (Table 2 heading)"
CH4_ou2019_ch4_038,CH4,283.15,120.0,total,none,0,,0.000000,0.000000,0.000000,0.000000,0.000000,0.000000,ou2019_ch4,"Ou, Lu, Ning & Wu (2019)",other,,hydrate,0.0667,"mCH4exp, methane molality at H-Lw(-V) hydrate equilibrium, mol.kg-1 (Table 2 heading)"
CH4_ou2019_ch4_039,CH4,288.15,12.41,total,none,0,,0.000000,0.000000,0.000000,0.000000,0.000000,0.000000,ou2019_ch4,"Ou, Lu, Ning & Wu (2019)",other,,hydrate,0.1469,"mCH4exp, methane molality at H-Lw(-V) hydrate equilibrium, mol.kg-1 (Table 2 heading)"
CH4_ou2019_ch4_040,CH4,288.15,20.0,total,none,0,,0.000000,0.000000,0.000000,0.000000,0.000000,0.000000,ou2019_ch4,"Ou, Lu, Ning & Wu (2019)",other,,hydrate,0.1442,"mCH4exp, methane molality at H-Lw(-V) hydrate equilibrium, mol.kg-1 (Table 2 heading)"
CH4_ou2019_ch4_041,CH4,288.15,30.0,total,none,0,,0.000000,0.000000,0.000000,0.000000,0.000000,0.000000,ou2019_ch4,"Ou, Lu, Ning & Wu (2019)",other,,hydrate,0.1385,"mCH4exp, methane molality at H-Lw(-V) hydrate equilibrium, mol.kg-1 (Table 2 heading)"
CH4_ou2019_ch4_042,CH4,288.15,40.0,total,none,0,,0.000000,0.000000,0.000000,0.000000,0.000000,0.000000,ou2019_ch4,"Ou, Lu, Ning & Wu (2019)",other,,hydrate,0.1306,"mCH4exp, methane molality at H-Lw(-V) hydrate equilibrium, mol.kg-1 (Table 2 heading)"
CH4_ou2019_ch4_043,CH4,288.15,50.0,total,none,0,,0.000000,0.000000,0.000000,0.000000,0.000000,0.000000,ou2019_ch4,"Ou, Lu, Ning & Wu (2019)",other,,hydrate,0.1276,"mCH4exp, methane molality at H-Lw(-V) hydrate equilibrium, mol.kg-1 (Table 2 heading)"
CH4_ou2019_ch4_044,CH4,288.15,60.0,total,none,0,,0.000000,0.000000,0.000000,0.000000,0.000000,0.000000,ou2019_ch4,"Ou, Lu, Ning & Wu (2019)",other,,hydrate,0.1224,"mCH4exp, methane molality at H-Lw(-V) hydrate equilibrium, mol.kg-1 (Table 2 heading)"
CH4_ou2019_ch4_045,CH4,288.15,70.0,total,none,0,,0.000000,0.000000,0.000000,0.000000,0.000000,0.000000,ou2019_ch4,"Ou, Lu, Ning & Wu (2019)",other,,hydrate,0.1189,"mCH4exp, methane molality at H-Lw(-V) hydrate equilibrium, mol.kg-1 (Table 2 heading)"
CH4_ou2019_ch4_046,CH4,288.15,80.0,total,none,0,,0.000000,0.000000,0.000000,0.000000,0.000000,0.000000,ou2019_ch4,"Ou, Lu, Ning & Wu (2019)",other,,hydrate,0.1132,"mCH4exp, methane molality at H-Lw(-V) hydrate equilibrium, mol.kg-1 (Table 2 heading)"
CH4_ou2019_ch4_047,CH4,288.15,90.0,total,none,0,,0.000000,0.000000,0.000000,0.000000,0.000000,0.000000,ou2019_ch4,"Ou, Lu, Ning & Wu (2019)",other,,hydrate,0.1112,"mCH4exp, methane molality at H-Lw(-V) hydrate equilibrium, mol.kg-1 (Table 2 heading)"
CH4_ou2019_ch4_048,CH4,288.15,100.0,total,none,0,,0.000000,0.000000,0.000000,0.000000,0.000000,0.000000,ou2019_ch4,"Ou, Lu, Ning & Wu (2019)",other,,hydrate,0.1047,"mCH4exp, methane molality at H-Lw(-V) hydrate equilibrium, mol.kg-1 (Table 2 heading)"
CH4_ou2019_ch4_049,CH4,288.15,110.0,total,none,0,,0.000000,0.000000,0.000000,0.000000,0.000000,0.000000,ou2019_ch4,"Ou, Lu, Ning & Wu (2019)",other,,hydrate,0.0999,"mCH4exp, methane molality at H-Lw(-V) hydrate equilibrium, mol.kg-1 (Table 2 heading)"
CH4_ou2019_ch4_050,CH4,288.15,120.0,total,none,0,,0.000000,0.000000,0.000000,0.000000,0.000000,0.000000,ou2019_ch4,"Ou, Lu, Ning & Wu (2019)",other,,hydrate,0.0972,"mCH4exp, methane molality at H-Lw(-V) hydrate equilibrium, mol.kg-1 (Table 2 heading)"
CH4_ou2019_ch4_051,CH4,293.15,23.08,total,none,0,,0.000000,0.000000,0.000000,0.000000,0.000000,0.000000,ou2019_ch4,"Ou, Lu, Ning & Wu (2019)",other,,hydrate,0.1985,"mCH4exp, methane molality at H-Lw(-V) hydrate equilibrium, mol.kg-1 (Table 2 heading)"
CH4_ou2019_ch4_052,CH4,293.15,30.0,total,none,0,,0.000000,0.000000,0.000000,0.000000,0.000000,0.000000,ou2019_ch4,"Ou, Lu, Ning & Wu (2019)",other,,hydrate,0.1945,"mCH4exp, methane molality at H-Lw(-V) hydrate equilibrium, mol.kg-1 (Table 2 heading)"
CH4_ou2019_ch4_053,CH4,293.15,40.0,total,none,0,,0.000000,0.000000,0.000000,0.000000,0.000000,0.000000,ou2019_ch4,"Ou, Lu, Ning & Wu (2019)",other,,hydrate,0.1873,"mCH4exp, methane molality at H-Lw(-V) hydrate equilibrium, mol.kg-1 (Table 2 heading)"
CH4_ou2019_ch4_054,CH4,293.15,50.0,total,none,0,,0.000000,0.000000,0.000000,0.000000,0.000000,0.000000,ou2019_ch4,"Ou, Lu, Ning & Wu (2019)",other,,hydrate,0.1797,"mCH4exp, methane molality at H-Lw(-V) hydrate equilibrium, mol.kg-1 (Table 2 heading)"
CH4_ou2019_ch4_055,CH4,293.15,60.0,total,none,0,,0.000000,0.000000,0.000000,0.000000,0.000000,0.000000,ou2019_ch4,"Ou, Lu, Ning & Wu (2019)",other,,hydrate,0.1703,"mCH4exp, methane molality at H-Lw(-V) hydrate equilibrium, mol.kg-1 (Table 2 heading)"
CH4_ou2019_ch4_056,CH4,293.15,70.0,total,none,0,,0.000000,0.000000,0.000000,0.000000,0.000000,0.000000,ou2019_ch4,"Ou, Lu, Ning & Wu (2019)",other,,hydrate,0.1643,"mCH4exp, methane molality at H-Lw(-V) hydrate equilibrium, mol.kg-1 (Table 2 heading)"
CH4_ou2019_ch4_057,CH4,293.15,80.0,total,none,0,,0.000000,0.000000,0.000000,0.000000,0.000000,0.000000,ou2019_ch4,"Ou, Lu, Ning & Wu (2019)",other,,hydrate,0.1602,"mCH4exp, methane molality at H-Lw(-V) hydrate equilibrium, mol.kg-1 (Table 2 heading)"
CH4_ou2019_ch4_058,CH4,293.15,90.0,total,none,0,,0.000000,0.000000,0.000000,0.000000,0.000000,0.000000,ou2019_ch4,"Ou, Lu, Ning & Wu (2019)",other,,hydrate,0.1529,"mCH4exp, methane molality at H-Lw(-V) hydrate equilibrium, mol.kg-1 (Table 2 heading)"
CH4_ou2019_ch4_059,CH4,293.15,100.0,total,none,0,,0.000000,0.000000,0.000000,0.000000,0.000000,0.000000,ou2019_ch4,"Ou, Lu, Ning & Wu (2019)",other,,hydrate,0.1455,"mCH4exp, methane molality at H-Lw(-V) hydrate equilibrium, mol.kg-1 (Table 2 heading)"
CH4_ou2019_ch4_060,CH4,293.15,110.0,total,none,0,,0.000000,0.000000,0.000000,0.000000,0.000000,0.000000,ou2019_ch4,"Ou, Lu, Ning & Wu (2019)",other,,hydrate,0.1398,"mCH4exp, methane molality at H-Lw(-V) hydrate equilibrium, mol.kg-1 (Table 2 heading)"
CH4_ou2019_ch4_061,CH4,293.15,120.0,total,none,0,,0.000000,0.000000,0.000000,0.000000,0.000000,0.000000,ou2019_ch4,"Ou, Lu, Ning & Wu (2019)",other,,hydrate,0.1357,"mCH4exp, methane molality at H-Lw(-V) hydrate equilibrium, mol.kg-1 (Table 2 heading)"
CH4_servioenglezos2002_ch4_001,CH4,274.35,3.5,total,none,0,,0.000000,0.000000,0.000000,0.000000,0.000000,0.000000,servioenglezos2002_ch4,Servio & Englezos (2002),analytical_sampling,,hydrate,0.001 170,"xeq (mole fraction CH4 in liquid water, Table 1 heading xeq)"
CH4_servioenglezos2002_ch4_002,CH4,275.45,3.5,total,none,0,,0.000000,0.000000,0.000000,0.000000,0.000000,0.000000,servioenglezos2002_ch4,Servio & Englezos (2002),analytical_sampling,,hydrate,0.001 203,"xeq (mole fraction CH4 in liquid water, Table 1 heading xeq)"
CH4_servioenglezos2002_ch4_003,CH4,276.25,3.5,total,none,0,,0.000000,0.000000,0.000000,0.000000,0.000000,0.000000,servioenglezos2002_ch4,Servio & Englezos (2002),analytical_sampling,,hydrate,0.001 240,"xeq (mole fraction CH4 in liquid water, Table 1 heading xeq)"
CH4_servioenglezos2002_ch4_004,CH4,278.65,3.5,total,none,0,,0.000000,0.000000,0.000000,0.000000,0.000000,0.000000,servioenglezos2002_ch4,Servio & Englezos (2002),analytical_sampling,,hydrate,0.001 190,"xeq (mole fraction CH4 in liquid water, Table 1 heading xeq)"
CH4_servioenglezos2002_ch4_005,CH4,280.45,3.5,total,none,0,,0.000000,0.000000,0.000000,0.000000,0.000000,0.000000,servioenglezos2002_ch4,Servio & Englezos (2002),analytical_sampling,,hydrate,0.001 102,"xeq (mole fraction CH4 in liquid water, Table 1 heading xeq)"
CH4_servioenglezos2002_ch4_006,CH4,274.15,5.0,total,none,0,,0.000000,0.000000,0.000000,0.000000,0.000000,0.000000,servioenglezos2002_ch4,Servio & Englezos (2002),analytical_sampling,,hydrate,0.001 190,"xeq (mole fraction CH4 in liquid water, Table 1 heading xeq)"
CH4_servioenglezos2002_ch4_007,CH4,277.35,5.0,total,none,0,,0.000000,0.000000,0.000000,0.000000,0.000000,0.000000,servioenglezos2002_ch4,Servio & Englezos (2002),analytical_sampling,,hydrate,0.001 360,"xeq (mole fraction CH4 in liquid water, Table 1 heading xeq)"
CH4_servioenglezos2002_ch4_008,CH4,279.65,5.0,total,none,0,,0.000000,0.000000,0.000000,0.000000,0.000000,0.000000,servioenglezos2002_ch4,Servio & Englezos (2002),analytical_sampling,,hydrate,0.001 600,"xeq (mole fraction CH4 in liquid water, Table 1 heading xeq)"
CH4_servioenglezos2002_ch4_009,CH4,281.55,5.0,total,none,0,,0.000000,0.000000,0.000000,0.000000,0.000000,0.000000,servioenglezos2002_ch4,Servio & Englezos (2002),analytical_sampling,,hydrate,0.001 524,"xeq (mole fraction CH4 in liquid water, Table 1 heading xeq)"
CH4_servioenglezos2002_ch4_010,CH4,282.65,5.0,total,none,0,,0.000000,0.000000,0.000000,0.000000,0.000000,0.000000,servioenglezos2002_ch4,Servio & Englezos (2002),analytical_sampling,,hydrate,0.001 357,"xeq (mole fraction CH4 in liquid water, Table 1 heading xeq)"
CH4_servioenglezos2002_ch4_011,CH4,275.25,6.5,total,none,0,,0.000000,0.000000,0.000000,0.000000,0.000000,0.000000,servioenglezos2002_ch4,Servio & Englezos (2002),analytical_sampling,,hydrate,0.001 201,"xeq (mole fraction CH4 in liquid water, Table 1 heading xeq)"
CH4_servioenglezos2002_ch4_012,CH4,280.15,6.5,total,none,0,,0.000000,0.000000,0.000000,0.000000,0.000000,0.000000,servioenglezos2002_ch4,Servio & Englezos (2002),analytical_sampling,,hydrate,0.001 567,"xeq (mole fraction CH4 in liquid water, Table 1 heading xeq)"
CH4_servioenglezos2002_ch4_013,CH4,282.05,6.5,total,none,0,,0.000000,0.000000,0.000000,0.000000,0.000000,0.000000,servioenglezos2002_ch4,Servio & Englezos (2002),analytical_sampling,,hydrate,0.001 850,"xeq (mole fraction CH4 in liquid water, Table 1 heading xeq)"
CH4_servioenglezos2002_ch4_014,CH4,283.25,6.5,total,none,0,,0.000000,0.000000,0.000000,0.000000,0.000000,0.000000,servioenglezos2002_ch4,Servio & Englezos (2002),analytical_sampling,,hydrate,0.001 720,"xeq (mole fraction CH4 in liquid water, Table 1 heading xeq)"
CH4_servioenglezos2002_ch4_015,CH4,284.35,6.5,total,none,0,,0.000000,0.000000,0.000000,0.000000,0.000000,0.000000,servioenglezos2002_ch4,Servio & Englezos (2002),analytical_sampling,,hydrate,0.001 681,"xeq (mole fraction CH4 in liquid water, Table 1 heading xeq)"
CH4_shmonov1993_ch4_001,CH4,647.3,22.13,total,none,0,,0.000000,0.000000,0.000000,0.000000,0.000000,0.000000,shmonov1993_ch4,"Shmonov, Sadus & Franck (1993)",synthetic_visual,,,57.4,V_critical cm3 mol-1
CH4_shmonov1993_ch4_002,CH4,644.7,25.0,total,none,0,,0.000000,0.000000,0.000000,0.000000,0.000000,0.000000,shmonov1993_ch4,"Shmonov, Sadus & Franck (1993)",synthetic_visual,,,57.0,V_critical cm3 mol-1
CH4_shmonov1993_ch4_003,CH4,641.2,30.0,total,none,0,,0.000000,0.000000,0.000000,0.000000,0.000000,0.000000,shmonov1993_ch4,"Shmonov, Sadus & Franck (1993)",synthetic_visual,,,55.5,V_critical cm3 mol-1
CH4_shmonov1993_ch4_004,CH4,637.7,40.0,total,none,0,,0.000000,0.000000,0.000000,0.000000,0.000000,0.000000,shmonov1993_ch4,"Shmonov, Sadus & Franck (1993)",synthetic_visual,,,53.0,V_critical cm3 mol-1
CH4_shmonov1993_ch4_005,CH4,634.7,50.0,total,none,0,,0.000000,0.000000,0.000000,0.000000,0.000000,0.000000,shmonov1993_ch4,"Shmonov, Sadus & Franck (1993)",synthetic_visual,,,50.5,V_critical cm3 mol-1
CH4_shmonov1993_ch4_006,CH4,629.2,75.0,total,none,0,,0.000000,0.000000,0.000000,0.000000,0.000000,0.000000,shmonov1993_ch4,"Shmonov, Sadus & Franck (1993)",synthetic_visual,,,45.0,V_critical cm3 mol-1
CH4_shmonov1993_ch4_007,CH4,626.2,100.0,total,none,0,,0.000000,0.000000,0.000000,0.000000,0.000000,0.000000,shmonov1993_ch4,"Shmonov, Sadus & Franck (1993)",synthetic_visual,,,41.0,V_critical cm3 mol-1
CH4_shmonov1993_ch4_008,CH4,627.7,150.0,total,none,0,,0.000000,0.000000,0.000000,0.000000,0.000000,0.000000,shmonov1993_ch4,"Shmonov, Sadus & Franck (1993)",synthetic_visual,,,32.5,V_critical cm3 mol-1
CH4_shmonov1993_ch4_009,CH4,635.2,200.0,total,none,0,,0.000000,0.000000,0.000000,0.000000,0.000000,0.000000,shmonov1993_ch4,"Shmonov, Sadus & Franck (1993)",synthetic_visual,,,29.0,V_critical cm3 mol-1
CH4_shmonov1993_ch4_010,CH4,649.2,250.0,total,none,0,,0.000000,0.000000,0.000000,0.000000,0.000000,0.000000,shmonov1993_ch4,"Shmonov, Sadus & Franck (1993)",synthetic_visual,,,20.0,V_critical cm3 mol-1
CH4_shmonov1993_ch4_011,CH4,627.0,206.0,total,none,0,,0.000000,0.000000,0.000000,0.000000,0.000000,0.000000,shmonov1993_ch4,"Shmonov, Sadus & Franck (1993)",synthetic_visual,,,,N/A (phase-boundary pressure; see P_as_printed)
CH4_shmonov1993_ch4_012,CH4,631.0,240.0,total,none,0,,0.000000,0.000000,0.000000,0.000000,0.000000,0.000000,shmonov1993_ch4,"Shmonov, Sadus & Franck (1993)",synthetic_visual,,,,N/A (phase-boundary pressure; see P_as_printed)
CH4_shmonov1993_ch4_013,CH4,633.0,272.0,total,none,0,,0.000000,0.000000,0.000000,0.000000,0.000000,0.000000,shmonov1993_ch4,"Shmonov, Sadus & Franck (1993)",synthetic_visual,,,,N/A (phase-boundary pressure; see P_as_printed)
CH4_shmonov1993_ch4_014,CH4,635.0,260.0,total,none,0,,0.000000,0.000000,0.000000,0.000000,0.000000,0.000000,shmonov1993_ch4,"Shmonov, Sadus & Franck (1993)",synthetic_visual,,,,N/A (phase-boundary pressure; see P_as_printed)
CH4_shmonov1993_ch4_015,CH4,627.0,132.0,total,none,0,,0.000000,0.000000,0.000000,0.000000,0.000000,0.000000,shmonov1993_ch4,"Shmonov, Sadus & Franck (1993)",synthetic_visual,,,,N/A (phase-boundary pressure; see P_as_printed)
CH4_shmonov1993_ch4_016,CH4,631.0,209.0,total,none,0,,0.000000,0.000000,0.000000,0.000000,0.000000,0.000000,shmonov1993_ch4,"Shmonov, Sadus & Franck (1993)",synthetic_visual,,,,N/A (phase-boundary pressure; see P_as_printed)
CH4_shmonov1993_ch4_017,CH4,633.0,224.0,total,none,0,,0.000000,0.000000,0.000000,0.000000,0.000000,0.000000,shmonov1993_ch4,"Shmonov, Sadus & Franck (1993)",synthetic_visual,,,,N/A (phase-boundary pressure; see P_as_printed)
CH4_shmonov1993_ch4_018,CH4,635.0,236.0,total,none,0,,0.000000,0.000000,0.000000,0.000000,0.000000,0.000000,shmonov1993_ch4,"Shmonov, Sadus & Franck (1993)",synthetic_visual,,,,N/A (phase-boundary pressure; see P_as_printed)
CH4_shmonov1993_ch4_019,CH4,631.0,186.0,total,none,0,,0.000000,0.000000,0.000000,0.000000,0.000000,0.000000,shmonov1993_ch4,"Shmonov, Sadus & Franck (1993)",synthetic_visual,,,,N/A (phase-boundary pressure; see P_as_printed)
CH4_shmonov1993_ch4_020,CH4,633.0,208.0,total,none,0,,0.000000,0.000000,0.000000,0.000000,0.000000,0.000000,shmonov1993_ch4,"Shmonov, Sadus & Franck (1993)",synthetic_visual,,,,N/A (phase-boundary pressure; see P_as_printed)
CH4_shmonov1993_ch4_021,CH4,635.0,210.0,total,none,0,,0.000000,0.000000,0.000000,0.000000,0.000000,0.000000,shmonov1993_ch4,"Shmonov, Sadus & Franck (1993)",synthetic_visual,,,,N/A (phase-boundary pressure; see P_as_printed)
CH4_shmonov1993_ch4_022,CH4,627.0,166.0,total,none,0,,0.000000,0.000000,0.000000,0.000000,0.000000,0.000000,shmonov1993_ch4,"Shmonov, Sadus & Franck (1993)",synthetic_visual,,,,N/A (phase-boundary pressure; see P_as_printed)
CH4_shmonov1993_ch4_023,CH4,631.0,227.0,total,none,0,,0.000000,0.000000,0.000000,0.000000,0.000000,0.000000,shmonov1993_ch4,"Shmonov, Sadus & Franck (1993)",synthetic_visual,,,,N/A (phase-boundary pressure; see P_as_printed)
CH4_shmonov1993_ch4_024,CH4,633.0,238.0,total,none,0,,0.000000,0.000000,0.000000,0.000000,0.000000,0.000000,shmonov1993_ch4,"Shmonov, Sadus & Franck (1993)",synthetic_visual,,,,N/A (phase-boundary pressure; see P_as_printed)
CH4_shmonov1993_ch4_025,CH4,635.0,249.0,total,none,0,,0.000000,0.000000,0.000000,0.000000,0.000000,0.000000,shmonov1993_ch4,"Shmonov, Sadus & Franck (1993)",synthetic_visual,,,,N/A (phase-boundary pressure; see P_as_printed)
CH4_shmonov1993_ch4_026,CH4,627.0,170.0,total,none,0,,0.000000,0.000000,0.000000,0.000000,0.000000,0.000000,shmonov1993_ch4,"Shmonov, Sadus & Franck (1993)",synthetic_visual,,,,N/A (phase-boundary pressure; see P_as_printed)
CH4_shmonov1993_ch4_027,CH4,631.0,218.0,total,none,0,,0.000000,0.000000,0.000000,0.000000,0.000000,0.000000,shmonov1993_ch4,"Shmonov, Sadus & Franck (1993)",synthetic_visual,,,,N/A (phase-boundary pressure; see P_as_printed)
CH4_shmonov1993_ch4_028,CH4,633.0,242.0,total,none,0,,0.000000,0.000000,0.000000,0.000000,0.000000,0.000000,shmonov1993_ch4,"Shmonov, Sadus & Franck (1993)",synthetic_visual,,,,N/A (phase-boundary pressure; see P_as_printed)
CH4_shmonov1993_ch4_029,CH4,635.0,244.0,total,none,0,,0.000000,0.000000,0.000000,0.000000,0.000000,0.000000,shmonov1993_ch4,"Shmonov, Sadus & Franck (1993)",synthetic_visual,,,,N/A (phase-boundary pressure; see P_as_printed)
CH4_shmonov1993_ch4_030,CH4,627.0,264.0,total,none,0,,0.000000,0.000000,0.000000,0.000000,0.000000,0.000000,shmonov1993_ch4,"Shmonov, Sadus & Franck (1993)",synthetic_visual,,,,N/A (phase-boundary pressure; see P_as_printed)
CH4_shmonov1993_ch4_031,CH4,631.0,282.0,total,none,0,,0.000000,0.000000,0.000000,0.000000,0.000000,0.000000,shmonov1993_ch4,"Shmonov, Sadus & Franck (1993)",synthetic_visual,,,,N/A (phase-boundary pressure; see P_as_printed)
CH4_shmonov1993_ch4_032,CH4,633.0,298.0,total,none,0,,0.000000,0.000000,0.000000,0.000000,0.000000,0.000000,shmonov1993_ch4,"Shmonov, Sadus & Franck (1993)",synthetic_visual,,,,N/A (phase-boundary pressure; see P_as_printed)
CH4_shmonov1993_ch4_033,CH4,635.0,296.0,total,none,0,,0.000000,0.000000,0.000000,0.000000,0.000000,0.000000,shmonov1993_ch4,"Shmonov, Sadus & Franck (1993)",synthetic_visual,,,,N/A (phase-boundary pressure; see P_as_printed)
CH4_shmonov1993_ch4_034,CH4,653.0,10.0,total,none,0,,0.000000,0.000000,0.000000,0.000000,0.000000,0.000000,shmonov1993_ch4,"Shmonov, Sadus & Franck (1993)",synthetic_visual,,,557,V_mix cm3 mol-1
CH4_shmonov1993_ch4_035,CH4,653.0,10.0,total,none,0,,0.000000,0.000000,0.000000,0.000000,0.000000,0.000000,shmonov1993_ch4,"Shmonov, Sadus & Franck (1993)",synthetic_visual,,,545,V_mix cm3 mol-1
CH4_shmonov1993_ch4_036,CH4,653.0,10.0,total,none,0,,0.000000,0.000000,0.000000,0.000000,0.000000,0.000000,shmonov1993_ch4,"Shmonov, Sadus & Franck (1993)",synthetic_visual,,,530,V_mix cm3 mol-1
CH4_shmonov1993_ch4_037,CH4,653.0,10.0,total,none,0,,0.000000,0.000000,0.000000,0.000000,0.000000,0.000000,shmonov1993_ch4,"Shmonov, Sadus & Franck (1993)",synthetic_visual,,,509,V_mix cm3 mol-1
CH4_shmonov1993_ch4_038,CH4,653.0,10.0,total,none,0,,0.000000,0.000000,0.000000,0.000000,0.000000,0.000000,shmonov1993_ch4,"Shmonov, Sadus & Franck (1993)",synthetic_visual,,,483,V_mix cm3 mol-1
CH4_shmonov1993_ch4_039,CH4,653.0,10.0,total,none,0,,0.000000,0.000000,0.000000,0.000000,0.000000,0.000000,shmonov1993_ch4,"Shmonov, Sadus & Franck (1993)",synthetic_visual,,,449,V_mix cm3 mol-1
CH4_shmonov1993_ch4_040,CH4,653.0,20.0,total,none,0,,0.000000,0.000000,0.000000,0.000000,0.000000,0.000000,shmonov1993_ch4,"Shmonov, Sadus & Franck (1993)",synthetic_visual,,,287,V_mix cm3 mol-1
CH4_shmonov1993_ch4_041,CH4,653.0,20.0,total,none,0,,0.000000,0.000000,0.000000,0.000000,0.000000,0.000000,shmonov1993_ch4,"Shmonov, Sadus & Franck (1993)",synthetic_visual,,,285,V_mix cm3 mol-1
CH4_shmonov1993_ch4_042,CH4,653.0,20.0,total,none,0,,0.000000,0.000000,0.000000,0.000000,0.000000,0.000000,shmonov1993_ch4,"Shmonov, Sadus & Franck (1993)",synthetic_visual,,,274,V_mix cm3 mol-1
CH4_shmonov1993_ch4_043,CH4,653.0,20.0,total,none,0,,0.000000,0.000000,0.000000,0.000000,0.000000,0.000000,shmonov1993_ch4,"Shmonov, Sadus & Franck (1993)",synthetic_visual,,,253,V_mix cm3 mol-1
CH4_shmonov1993_ch4_044,CH4,653.0,20.0,total,none,0,,0.000000,0.000000,0.000000,0.000000,0.000000,0.000000,shmonov1993_ch4,"Shmonov, Sadus & Franck (1993)",synthetic_visual,,,209,V_mix cm3 mol-1
CH4_shmonov1993_ch4_045,CH4,653.0,20.0,total,none,0,,0.000000,0.000000,0.000000,0.000000,0.000000,0.000000,shmonov1993_ch4,"Shmonov, Sadus & Franck (1993)",synthetic_visual,,,149,V_mix cm3 mol-1
CH4_shmonov1993_ch4_046,CH4,653.0,50.0,total,none,0,,0.000000,0.000000,0.000000,0.000000,0.000000,0.000000,shmonov1993_ch4,"Shmonov, Sadus & Franck (1993)",synthetic_visual,,,128,V_mix cm3 mol-1
CH4_shmonov1993_ch4_047,CH4,653.0,50.0,total,none,0,,0.000000,0.000000,0.000000,0.000000,0.000000,0.000000,shmonov1993_ch4,"Shmonov, Sadus & Franck (1993)",synthetic_visual,,,123,V_mix cm3 mol-1
CH4_shmonov1993_ch4_048,CH4,653.0,50.0,total,none,0,,0.000000,0.000000,0.000000,0.000000,0.000000,0.000000,shmonov1993_ch4,"Shmonov, Sadus & Franck (1993)",synthetic_visual,,,110,V_mix cm3 mol-1
CH4_shmonov1993_ch4_049,CH4,653.0,50.0,total,none,0,,0.000000,0.000000,0.000000,0.000000,0.000000,0.000000,shmonov1993_ch4,"Shmonov, Sadus & Franck (1993)",synthetic_visual,,,89,V_mix cm3 mol-1
CH4_shmonov1993_ch4_050,CH4,653.0,50.0,total,none,0,,0.000000,0.000000,0.000000,0.000000,0.000000,0.000000,shmonov1993_ch4,"Shmonov, Sadus & Franck (1993)",synthetic_visual,,,62,V_mix cm3 mol-1
CH4_shmonov1993_ch4_051,CH4,653.0,50.0,total,none,0,,0.000000,0.000000,0.000000,0.000000,0.000000,0.000000,shmonov1993_ch4,"Shmonov, Sadus & Franck (1993)",synthetic_visual,,,29,V_mix cm3 mol-1
CH4_shmonov1993_ch4_052,CH4,653.0,80.0,total,none,0,,0.000000,0.000000,0.000000,0.000000,0.000000,0.000000,shmonov1993_ch4,"Shmonov, Sadus & Franck (1993)",synthetic_visual,,,90,V_mix cm3 mol-1
CH4_shmonov1993_ch4_053,CH4,653.0,80.0,total,none,0,,0.000000,0.000000,0.000000,0.000000,0.000000,0.000000,shmonov1993_ch4,"Shmonov, Sadus & Franck (1993)",synthetic_visual,,,85,V_mix cm3 mol-1
CH4_shmonov1993_ch4_054,CH4,653.0,80.0,total,none,0,,0.000000,0.000000,0.000000,0.000000,0.000000,0.000000,shmonov1993_ch4,"Shmonov, Sadus & Franck (1993)",synthetic_visual,,,75,V_mix cm3 mol-1
CH4_shmonov1993_ch4_055,CH4,653.0,80.0,total,none,0,,0.000000,0.000000,0.000000,0.000000,0.000000,0.000000,shmonov1993_ch4,"Shmonov, Sadus & Franck (1993)",synthetic_visual,,,59,V_mix cm3 mol-1
CH4_shmonov1993_ch4_056,CH4,653.0,80.0,total,none,0,,0.000000,0.000000,0.000000,0.000000,0.000000,0.000000,shmonov1993_ch4,"Shmonov, Sadus & Franck (1993)",synthetic_visual,,,43,V_mix cm3 mol-1
CH4_shmonov1993_ch4_057,CH4,653.0,80.0,total,none,0,,0.000000,0.000000,0.000000,0.000000,0.000000,0.000000,shmonov1993_ch4,"Shmonov, Sadus & Franck (1993)",synthetic_visual,,,26,V_mix cm3 mol-1
CH4_shmonov1993_ch4_058,CH4,653.0,100.0,total,none,0,,0.000000,0.000000,0.000000,0.000000,0.000000,0.000000,shmonov1993_ch4,"Shmonov, Sadus & Franck (1993)",synthetic_visual,,,79,V_mix cm3 mol-1
CH4_shmonov1993_ch4_059,CH4,653.0,100.0,total,none,0,,0.000000,0.000000,0.000000,0.000000,0.000000,0.000000,shmonov1993_ch4,"Shmonov, Sadus & Franck (1993)",synthetic_visual,,,74,V_mix cm3 mol-1
CH4_shmonov1993_ch4_060,CH4,653.0,100.0,total,none,0,,0.000000,0.000000,0.000000,0.000000,0.000000,0.000000,shmonov1993_ch4,"Shmonov, Sadus & Franck (1993)",synthetic_visual,,,65,V_mix cm3 mol-1
CH4_shmonov1993_ch4_061,CH4,653.0,100.0,total,none,0,,0.000000,0.000000,0.000000,0.000000,0.000000,0.000000,shmonov1993_ch4,"Shmonov, Sadus & Franck (1993)",synthetic_visual,,,52,V_mix cm3 mol-1
CH4_shmonov1993_ch4_062,CH4,653.0,100.0,total,none,0,,0.000000,0.000000,0.000000,0.000000,0.000000,0.000000,shmonov1993_ch4,"Shmonov, Sadus & Franck (1993)",synthetic_visual,,,38,V_mix cm3 mol-1
CH4_shmonov1993_ch4_063,CH4,653.0,100.0,total,none,0,,0.000000,0.000000,0.000000,0.000000,0.000000,0.000000,shmonov1993_ch4,"Shmonov, Sadus & Franck (1993)",synthetic_visual,,,25,V_mix cm3 mol-1
CH4_shmonov1993_ch4_064,CH4,653.0,140.0,total,none,0,,0.000000,0.000000,0.000000,0.000000,0.000000,0.000000,shmonov1993_ch4,"Shmonov, Sadus & Franck (1993)",synthetic_visual,,,62,V_mix cm3 mol-1
CH4_shmonov1993_ch4_065,CH4,653.0,140.0,total,none,0,,0.000000,0.000000,0.000000,0.000000,0.000000,0.000000,shmonov1993_ch4,"Shmonov, Sadus & Franck (1993)",synthetic_visual,,,58,V_mix cm3 mol-1
CH4_shmonov1993_ch4_066,CH4,653.0,140.0,total,none,0,,0.000000,0.000000,0.000000,0.000000,0.000000,0.000000,shmonov1993_ch4,"Shmonov, Sadus & Franck (1993)",synthetic_visual,,,51,V_mix cm3 mol-1
CH4_shmonov1993_ch4_067,CH4,653.0,140.0,total,none,0,,0.000000,0.000000,0.000000,0.000000,0.000000,0.000000,shmonov1993_ch4,"Shmonov, Sadus & Franck (1993)",synthetic_visual,,,42,V_mix cm3 mol-1
CH4_shmonov1993_ch4_068,CH4,653.0,140.0,total,none,0,,0.000000,0.000000,0.000000,0.000000,0.000000,0.000000,shmonov1993_ch4,"Shmonov, Sadus & Franck (1993)",synthetic_visual,,,33,V_mix cm3 mol-1
CH4_shmonov1993_ch4_069,CH4,653.0,140.0,total,none,0,,0.000000,0.000000,0.000000,0.000000,0.000000,0.000000,shmonov1993_ch4,"Shmonov, Sadus & Franck (1993)",synthetic_visual,,,24,V_mix cm3 mol-1
CH4_shmonov1993_ch4_070,CH4,653.0,200.0,total,none,0,,0.000000,0.000000,0.000000,0.000000,0.000000,0.000000,shmonov1993_ch4,"Shmonov, Sadus & Franck (1993)",synthetic_visual,,,55,V_mix cm3 mol-1
CH4_shmonov1993_ch4_071,CH4,653.0,200.0,total,none,0,,0.000000,0.000000,0.000000,0.000000,0.000000,0.000000,shmonov1993_ch4,"Shmonov, Sadus & Franck (1993)",synthetic_visual,,,51,V_mix cm3 mol-1
CH4_shmonov1993_ch4_072,CH4,653.0,200.0,total,none,0,,0.000000,0.000000,0.000000,0.000000,0.000000,0.000000,shmonov1993_ch4,"Shmonov, Sadus & Franck (1993)",synthetic_visual,,,45,V_mix cm3 mol-1
CH4_shmonov1993_ch4_073,CH4,653.0,200.0,total,none,0,,0.000000,0.000000,0.000000,0.000000,0.000000,0.000000,shmonov1993_ch4,"Shmonov, Sadus & Franck (1993)",synthetic_visual,,,37,V_mix cm3 mol-1
CH4_shmonov1993_ch4_074,CH4,653.0,200.0,total,none,0,,0.000000,0.000000,0.000000,0.000000,0.000000,0.000000,shmonov1993_ch4,"Shmonov, Sadus & Franck (1993)",synthetic_visual,,,29,V_mix cm3 mol-1
CH4_shmonov1993_ch4_075,CH4,653.0,200.0,total,none,0,,0.000000,0.000000,0.000000,0.000000,0.000000,0.000000,shmonov1993_ch4,"Shmonov, Sadus & Franck (1993)",synthetic_visual,,,22,V_mix cm3 mol-1
CH4_shmonov1993_ch4_076,CH4,673.0,10.0,total,none,0,,0.000000,0.000000,0.000000,0.000000,0.000000,0.000000,shmonov1993_ch4,"Shmonov, Sadus & Franck (1993)",synthetic_visual,,,575,V_mix cm3 mol-1
CH4_shmonov1993_ch4_077,CH4,673.0,10.0,total,none,0,,0.000000,0.000000,0.000000,0.000000,0.000000,0.000000,shmonov1993_ch4,"Shmonov, Sadus & Franck (1993)",synthetic_visual,,,605,V_mix cm3 mol-1
CH4_shmonov1993_ch4_078,CH4,673.0,10.0,total,none,0,,0.000000,0.000000,0.000000,0.000000,0.000000,0.000000,shmonov1993_ch4,"Shmonov, Sadus & Franck (1993)",synthetic_visual,,,631,V_mix cm3 mol-1
CH4_shmonov1993_ch4_079,CH4,673.0,10.0,total,none,0,,0.000000,0.000000,0.000000,0.000000,0.000000,0.000000,shmonov1993_ch4,"Shmonov, Sadus & Franck (1993)",synthetic_visual,,,654,V_mix cm3 mol-1
CH4_shmonov1993_ch4_080,CH4,673.0,10.0,total,none,0,,0.000000,0.000000,0.000000,0.000000,0.000000,0.000000,shmonov1993_ch4,"Shmonov, Sadus & Franck (1993)",synthetic_visual,,,671,V_mix cm3 mol-1
CH4_shmonov1993_ch4_081,CH4,673.0,10.0,total,none,0,,0.000000,0.000000,0.000000,0.000000,0.000000,0.000000,shmonov1993_ch4,"Shmonov, Sadus & Franck (1993)",synthetic_visual,,,682,V_mix cm3 mol-1
CH4_shmonov1993_ch4_082,CH4,673.0,20.0,total,none,0,,0.000000,0.000000,0.000000,0.000000,0.000000,0.000000,shmonov1993_ch4,"Shmonov, Sadus & Franck (1993)",synthetic_visual,,,297,V_mix cm3 mol-1
CH4_shmonov1993_ch4_083,CH4,673.0,20.0,total,none,0,,0.000000,0.000000,0.000000,0.000000,0.000000,0.000000,shmonov1993_ch4,"Shmonov, Sadus & Franck (1993)",synthetic_visual,,,287,V_mix cm3 mol-1
CH4_shmonov1993_ch4_084,CH4,673.0,20.0,total,none,0,,0.000000,0.000000,0.000000,0.000000,0.000000,0.000000,shmonov1993_ch4,"Shmonov, Sadus & Franck (1993)",synthetic_visual,,,272,V_mix cm3 mol-1
CH4_shmonov1993_ch4_085,CH4,673.0,20.0,total,none,0,,0.000000,0.000000,0.000000,0.000000,0.000000,0.000000,shmonov1993_ch4,"Shmonov, Sadus & Franck (1993)",synthetic_visual,,,252,V_mix cm3 mol-1
CH4_shmonov1993_ch4_086,CH4,673.0,20.0,total,none,0,,0.000000,0.000000,0.000000,0.000000,0.000000,0.000000,shmonov1993_ch4,"Shmonov, Sadus & Franck (1993)",synthetic_visual,,,227,V_mix cm3 mol-1
CH4_shmonov1993_ch4_087,CH4,673.0,20.0,total,none,0,,0.000000,0.000000,0.000000,0.000000,0.000000,0.000000,shmonov1993_ch4,"Shmonov, Sadus & Franck (1993)",synthetic_visual,,,179,V_mix cm3 mol-1
CH4_shmonov1993_ch4_088,CH4,673.0,50.0,total,none,0,,0.000000,0.000000,0.000000,0.000000,0.000000,0.000000,shmonov1993_ch4,"Shmonov, Sadus & Franck (1993)",synthetic_visual,,,133,V_mix cm3 mol-1
CH4_shmonov1993_ch4_089,CH4,673.0,50.0,total,none,0,,0.000000,0.000000,0.000000,0.000000,0.000000,0.000000,shmonov1993_ch4,"Shmonov, Sadus & Franck (1993)",synthetic_visual,,,127,V_mix cm3 mol-1
CH4_shmonov1993_ch4_090,CH4,673.0,50.0,total,none,0,,0.000000,0.000000,0.000000,0.000000,0.000000,0.000000,shmonov1993_ch4,"Shmonov, Sadus & Franck (1993)",synthetic_visual,,,114,V_mix cm3 mol-1
CH4_shmonov1993_ch4_091,CH4,673.0,50.0,total,none,0,,0.000000,0.000000,0.000000,0.000000,0.000000,0.000000,shmonov1993_ch4,"Shmonov, Sadus & Franck (1993)",synthetic_visual,,,96,V_mix cm3 mol-1
CH4_shmonov1993_ch4_092,CH4,673.0,50.0,total,none,0,,0.000000,0.000000,0.000000,0.000000,0.000000,0.000000,shmonov1993_ch4,"Shmonov, Sadus & Franck (1993)",synthetic_visual,,,70,V_mix cm3 mol-1
CH4_shmonov1993_ch4_093,CH4,673.0,50.0,total,none,0,,0.000000,0.000000,0.000000,0.000000,0.000000,0.000000,shmonov1993_ch4,"Shmonov, Sadus & Franck (1993)",synthetic_visual,,,31,V_mix cm3 mol-1
CH4_shmonov1993_ch4_094,CH4,673.0,80.0,total,none,0,,0.000000,0.000000,0.000000,0.000000,0.000000,0.000000,shmonov1993_ch4,"Shmonov, Sadus & Franck (1993)",synthetic_visual,,,93,V_mix cm3 mol-1
CH4_shmonov1993_ch4_095,CH4,673.0,80.0,total,none,0,,0.000000,0.000000,0.000000,0.000000,0.000000,0.000000,shmonov1993_ch4,"Shmonov, Sadus & Franck (1993)",synthetic_visual,,,89,V_mix cm3 mol-1
CH4_shmonov1993_ch4_096,CH4,673.0,80.0,total,none,0,,0.000000,0.000000,0.000000,0.000000,0.000000,0.000000,shmonov1993_ch4,"Shmonov, Sadus & Franck (1993)",synthetic_visual,,,79,V_mix cm3 mol-1
CH4_shmonov1993_ch4_097,CH4,673.0,80.0,total,none,0,,0.000000,0.000000,0.000000,0.000000,0.000000,0.000000,shmonov1993_ch4,"Shmonov, Sadus & Franck (1993)",synthetic_visual,,,63,V_mix cm3 mol-1
CH4_shmonov1993_ch4_098,CH4,673.0,80.0,total,none,0,,0.000000,0.000000,0.000000,0.000000,0.000000,0.000000,shmonov1993_ch4,"Shmonov, Sadus & Franck (1993)",synthetic_visual,,,46,V_mix cm3 mol-1
CH4_shmonov1993_ch4_099,CH4,673.0,80.0,total,none,0,,0.000000,0.000000,0.000000,0.000000,0.000000,0.000000,shmonov1993_ch4,"Shmonov, Sadus & Franck (1993)",synthetic_visual,,,27,V_mix cm3 mol-1
CH4_shmonov1993_ch4_100,CH4,673.0,100.0,total,none,0,,0.000000,0.000000,0.000000,0.000000,0.000000,0.000000,shmonov1993_ch4,"Shmonov, Sadus & Franck (1993)",synthetic_visual,,,81,V_mix cm3 mol-1
CH4_shmonov1993_ch4_101,CH4,673.0,100.0,total,none,0,,0.000000,0.000000,0.000000,0.000000,0.000000,0.000000,shmonov1993_ch4,"Shmonov, Sadus & Franck (1993)",synthetic_visual,,,77,V_mix cm3 mol-1
CH4_shmonov1993_ch4_102,CH4,673.0,100.0,total,none,0,,0.000000,0.000000,0.000000,0.000000,0.000000,0.000000,shmonov1993_ch4,"Shmonov, Sadus & Franck (1993)",synthetic_visual,,,67,V_mix cm3 mol-1
CH4_shmonov1993_ch4_103,CH4,673.0,100.0,total,none,0,,0.000000,0.000000,0.000000,0.000000,0.000000,0.000000,shmonov1993_ch4,"Shmonov, Sadus & Franck (1993)",synthetic_visual,,,54,V_mix cm3 mol-1
CH4_shmonov1993_ch4_104,CH4,673.0,100.0,total,none,0,,0.000000,0.000000,0.000000,0.000000,0.000000,0.000000,shmonov1993_ch4,"Shmonov, Sadus & Franck (1993)",synthetic_visual,,,40,V_mix cm3 mol-1
CH4_shmonov1993_ch4_105,CH4,673.0,100.0,total,none,0,,0.000000,0.000000,0.000000,0.000000,0.000000,0.000000,shmonov1993_ch4,"Shmonov, Sadus & Franck (1993)",synthetic_visual,,,26,V_mix cm3 mol-1
CH4_shmonov1993_ch4_106,CH4,673.0,140.0,total,none,0,,0.000000,0.000000,0.000000,0.000000,0.000000,0.000000,shmonov1993_ch4,"Shmonov, Sadus & Franck (1993)",synthetic_visual,,,62,V_mix cm3 mol-1
CH4_shmonov1993_ch4_107,CH4,673.0,140.0,total,none,0,,0.000000,0.000000,0.000000,0.000000,0.000000,0.000000,shmonov1993_ch4,"Shmonov, Sadus & Franck (1993)",synthetic_visual,,,58,V_mix cm3 mol-1
CH4_shmonov1993_ch4_108,CH4,673.0,140.0,total,none,0,,0.000000,0.000000,0.000000,0.000000,0.000000,0.000000,shmonov1993_ch4,"Shmonov, Sadus & Franck (1993)",synthetic_visual,,,51,V_mix cm3 mol-1
CH4_shmonov1993_ch4_109,CH4,673.0,140.0,total,none,0,,0.000000,0.000000,0.000000,0.000000,0.000000,0.000000,shmonov1993_ch4,"Shmonov, Sadus & Franck (1993)",synthetic_visual,,,42,V_mix cm3 mol-1
CH4_shmonov1993_ch4_110,CH4,673.0,140.0,total,none,0,,0.000000,0.000000,0.000000,0.000000,0.000000,0.000000,shmonov1993_ch4,"Shmonov, Sadus & Franck (1993)",synthetic_visual,,,33,V_mix cm3 mol-1
CH4_shmonov1993_ch4_111,CH4,673.0,140.0,total,none,0,,0.000000,0.000000,0.000000,0.000000,0.000000,0.000000,shmonov1993_ch4,"Shmonov, Sadus & Franck (1993)",synthetic_visual,,,24,V_mix cm3 mol-1
CH4_shmonov1993_ch4_112,CH4,673.0,200.0,total,none,0,,0.000000,0.000000,0.000000,0.000000,0.000000,0.000000,shmonov1993_ch4,"Shmonov, Sadus & Franck (1993)",synthetic_visual,,,56,V_mix cm3 mol-1
CH4_shmonov1993_ch4_113,CH4,673.0,200.0,total,none,0,,0.000000,0.000000,0.000000,0.000000,0.000000,0.000000,shmonov1993_ch4,"Shmonov, Sadus & Franck (1993)",synthetic_visual,,,52,V_mix cm3 mol-1
CH4_shmonov1993_ch4_114,CH4,673.0,200.0,total,none,0,,0.000000,0.000000,0.000000,0.000000,0.000000,0.000000,shmonov1993_ch4,"Shmonov, Sadus & Franck (1993)",synthetic_visual,,,46,V_mix cm3 mol-1
CH4_shmonov1993_ch4_115,CH4,673.0,200.0,total,none,0,,0.000000,0.000000,0.000000,0.000000,0.000000,0.000000,shmonov1993_ch4,"Shmonov, Sadus & Franck (1993)",synthetic_visual,,,38,V_mix cm3 mol-1
CH4_shmonov1993_ch4_116,CH4,673.0,200.0,total,none,0,,0.000000,0.000000,0.000000,0.000000,0.000000,0.000000,shmonov1993_ch4,"Shmonov, Sadus & Franck (1993)",synthetic_visual,,,31,V_mix cm3 mol-1
CH4_shmonov1993_ch4_117,CH4,673.0,200.0,total,none,0,,0.000000,0.000000,0.000000,0.000000,0.000000,0.000000,shmonov1993_ch4,"Shmonov, Sadus & Franck (1993)",synthetic_visual,,,23,V_mix cm3 mol-1
CH4_shmonov1993_ch4_118,CH4,723.0,10.0,total,none,0,,0.000000,0.000000,0.000000,0.000000,0.000000,0.000000,shmonov1993_ch4,"Shmonov, Sadus & Franck (1993)",synthetic_visual,printed_defect;suspect_value,,619,V_mix cm3 mol-1
CH4_shmonov1993_ch4_119,CH4,723.0,10.0,total,none,0,,0.000000,0.000000,0.000000,0.000000,0.000000,0.000000,shmonov1993_ch4,"Shmonov, Sadus & Franck (1993)",synthetic_visual,printed_defect;suspect_value,,607,V_mix cm3 mol-1
CH4_shmonov1993_ch4_120,CH4,723.0,10.0,total,none,0,,0.000000,0.000000,0.000000,0.000000,0.000000,0.000000,shmonov1993_ch4,"Shmonov, Sadus & Franck (1993)",synthetic_visual,printed_defect;suspect_value,,595,V_mix cm3 mol-1
CH4_shmonov1993_ch4_121,CH4,723.0,10.0,total,none,0,,0.000000,0.000000,0.000000,0.000000,0.000000,0.000000,shmonov1993_ch4,"Shmonov, Sadus & Franck (1993)",synthetic_visual,printed_defect;suspect_value,,579,V_mix cm3 mol-1
CH4_shmonov1993_ch4_122,CH4,723.0,10.0,total,none,0,,0.000000,0.000000,0.000000,0.000000,0.000000,0.000000,shmonov1993_ch4,"Shmonov, Sadus & Franck (1993)",synthetic_visual,printed_defect;suspect_value,,559,V_mix cm3 mol-1
CH4_shmonov1993_ch4_123,CH4,723.0,10.0,total,none,0,,0.000000,0.000000,0.000000,0.000000,0.000000,0.000000,shmonov1993_ch4,"Shmonov, Sadus & Franck (1993)",synthetic_visual,printed_defect;suspect_value,,536,V_mix cm3 mol-1
CH4_shmonov1993_ch4_124,CH4,723.0,20.0,total,none,0,,0.000000,0.000000,0.000000,0.000000,0.000000,0.000000,shmonov1993_ch4,"Shmonov, Sadus & Franck (1993)",synthetic_visual,printed_defect;suspect_value,,320,V_mix cm3 mol-1
CH4_shmonov1993_ch4_125,CH4,723.0,20.0,total,none,0,,0.000000,0.000000,0.000000,0.000000,0.000000,0.000000,shmonov1993_ch4,"Shmonov, Sadus & Franck (1993)",synthetic_visual,printed_defect;suspect_value,,308,V_mix cm3 mol-1
CH4_shmonov1993_ch4_126,CH4,723.0,20.0,total,none,0,,0.000000,0.000000,0.000000,0.000000,0.000000,0.000000,shmonov1993_ch4,"Shmonov, Sadus & Franck (1993)",synthetic_visual,printed_defect;suspect_value,,295,V_mix cm3 mol-1
CH4_shmonov1993_ch4_127,CH4,723.0,20.0,total,none,0,,0.000000,0.000000,0.000000,0.000000,0.000000,0.000000,shmonov1993_ch4,"Shmonov, Sadus & Franck (1993)",synthetic_visual,printed_defect;suspect_value,,279,V_mix cm3 mol-1
CH4_shmonov1993_ch4_128,CH4,723.0,20.0,total,none,0,,0.000000,0.000000,0.000000,0.000000,0.000000,0.000000,shmonov1993_ch4,"Shmonov, Sadus & Franck (1993)",synthetic_visual,printed_defect;suspect_value,,257,V_mix cm3 mol-1
CH4_shmonov1993_ch4_129,CH4,723.0,20.0,total,none,0,,0.000000,0.000000,0.000000,0.000000,0.000000,0.000000,shmonov1993_ch4,"Shmonov, Sadus & Franck (1993)",synthetic_visual,printed_defect;suspect_value,,229,V_mix cm3 mol-1
CH4_shmonov1993_ch4_130,CH4,723.0,50.0,total,none,0,,0.000000,0.000000,0.000000,0.000000,0.000000,0.000000,shmonov1993_ch4,"Shmonov, Sadus & Franck (1993)",synthetic_visual,printed_defect;suspect_value,,144,V_mix cm3 mol-1
CH4_shmonov1993_ch4_131,CH4,723.0,50.0,total,none,0,,0.000000,0.000000,0.000000,0.000000,0.000000,0.000000,shmonov1993_ch4,"Shmonov, Sadus & Franck (1993)",synthetic_visual,printed_defect;suspect_value,,140,V_mix cm3 mol-1
CH4_shmonov1993_ch4_132,CH4,723.0,50.0,total,none,0,,0.000000,0.000000,0.000000,0.000000,0.000000,0.000000,shmonov1993_ch4,"Shmonov, Sadus & Franck (1993)",synthetic_visual,printed_defect;suspect_value,,127,V_mix cm3 mol-1
CH4_shmonov1993_ch4_133,CH4,723.0,50.0,total,none,0,,0.000000,0.000000,0.000000,0.000000,0.000000,0.000000,shmonov1993_ch4,"Shmonov, Sadus & Franck (1993)",synthetic_visual,printed_defect;suspect_value,,111,V_mix cm3 mol-1
CH4_shmonov1993_ch4_134,CH4,723.0,50.0,total,none,0,,0.000000,0.000000,0.000000,0.000000,0.000000,0.000000,shmonov1993_ch4,"Shmonov, Sadus & Franck (1993)",synthetic_visual,printed_defect;suspect_value,,88,V_mix cm3 mol-1
CH4_shmonov1993_ch4_135,CH4,723.0,50.0,total,none,0,,0.000000,0.000000,0.000000,0.000000,0.000000,0.000000,shmonov1993_ch4,"Shmonov, Sadus & Franck (1993)",synthetic_visual,printed_defect;suspect_value,,45,V_mix cm3 mol-1
CH4_shmonov1993_ch4_136,CH4,723.0,80.0,total,none,0,,0.000000,0.000000,0.000000,0.000000,0.000000,0.000000,shmonov1993_ch4,"Shmonov, Sadus & Franck (1993)",synthetic_visual,printed_defect;suspect_value,,98,V_mix cm3 mol-1
CH4_shmonov1993_ch4_137,CH4,723.0,80.0,total,none,0,,0.000000,0.000000,0.000000,0.000000,0.000000,0.000000,shmonov1993_ch4,"Shmonov, Sadus & Franck (1993)",synthetic_visual,printed_defect;suspect_value,,95,V_mix cm3 mol-1
CH4_shmonov1993_ch4_138,CH4,723.0,80.0,total,none,0,,0.000000,0.000000,0.000000,0.000000,0.000000,0.000000,shmonov1993_ch4,"Shmonov, Sadus & Franck (1993)",synthetic_visual,printed_defect;suspect_value,,86,V_mix cm3 mol-1
CH4_shmonov1993_ch4_139,CH4,723.0,80.0,total,none,0,,0.000000,0.000000,0.000000,0.000000,0.000000,0.000000,shmonov1993_ch4,"Shmonov, Sadus & Franck (1993)",synthetic_visual,printed_defect;suspect_value,,71,V_mix cm3 mol-1
CH4_shmonov1993_ch4_140,CH4,723.0,80.0,total,none,0,,0.000000,0.000000,0.000000,0.000000,0.000000,0.000000,shmonov1993_ch4,"Shmonov, Sadus & Franck (1993)",synthetic_visual,printed_defect;suspect_value,,53,V_mix cm3 mol-1
CH4_shmonov1993_ch4_141,CH4,723.0,80.0,total,none,0,,0.000000,0.000000,0.000000,0.000000,0.000000,0.000000,shmonov1993_ch4,"Shmonov, Sadus & Franck (1993)",synthetic_visual,printed_defect;suspect_value,,32,V_mix cm3 mol-1
CH4_shmonov1993_ch4_142,CH4,723.0,100.0,total,none,0,,0.000000,0.000000,0.000000,0.000000,0.000000,0.000000,shmonov1993_ch4,"Shmonov, Sadus & Franck (1993)",synthetic_visual,printed_defect;suspect_value,,86,V_mix cm3 mol-1
CH4_shmonov1993_ch4_143,CH4,723.0,100.0,total,none,0,,0.000000,0.000000,0.000000,0.000000,0.000000,0.000000,shmonov1993_ch4,"Shmonov, Sadus & Franck (1993)",synthetic_visual,printed_defect;suspect_value,,81,V_mix cm3 mol-1
CH4_shmonov1993_ch4_144,CH4,723.0,100.0,total,none,0,,0.000000,0.000000,0.000000,0.000000,0.000000,0.000000,shmonov1993_ch4,"Shmonov, Sadus & Franck (1993)",synthetic_visual,printed_defect;suspect_value,,72,V_mix cm3 mol-1
CH4_shmonov1993_ch4_145,CH4,723.0,100.0,total,none,0,,0.000000,0.000000,0.000000,0.000000,0.000000,0.000000,shmonov1993_ch4,"Shmonov, Sadus & Franck (1993)",synthetic_visual,printed_defect;suspect_value,,61,V_mix cm3 mol-1
CH4_shmonov1993_ch4_146,CH4,723.0,100.0,total,none,0,,0.000000,0.000000,0.000000,0.000000,0.000000,0.000000,shmonov1993_ch4,"Shmonov, Sadus & Franck (1993)",synthetic_visual,printed_defect;suspect_value,,46,V_mix cm3 mol-1
CH4_shmonov1993_ch4_147,CH4,723.0,100.0,total,none,0,,0.000000,0.000000,0.000000,0.000000,0.000000,0.000000,shmonov1993_ch4,"Shmonov, Sadus & Franck (1993)",synthetic_visual,printed_defect;suspect_value,,29,V_mix cm3 mol-1
CH4_shmonov1993_ch4_148,CH4,723.0,140.0,total,none,0,,0.000000,0.000000,0.000000,0.000000,0.000000,0.000000,shmonov1993_ch4,"Shmonov, Sadus & Franck (1993)",synthetic_visual,printed_defect;suspect_value,,65,V_mix cm3 mol-1
CH4_shmonov1993_ch4_149,CH4,723.0,140.0,total,none,0,,0.000000,0.000000,0.000000,0.000000,0.000000,0.000000,shmonov1993_ch4,"Shmonov, Sadus & Franck (1993)",synthetic_visual,printed_defect;suspect_value,,61,V_mix cm3 mol-1
CH4_shmonov1993_ch4_150,CH4,723.0,140.0,total,none,0,,0.000000,0.000000,0.000000,0.000000,0.000000,0.000000,shmonov1993_ch4,"Shmonov, Sadus & Franck (1993)",synthetic_visual,printed_defect;suspect_value,,55,V_mix cm3 mol-1
CH4_shmonov1993_ch4_151,CH4,723.0,140.0,total,none,0,,0.000000,0.000000,0.000000,0.000000,0.000000,0.000000,shmonov1993_ch4,"Shmonov, Sadus & Franck (1993)",synthetic_visual,printed_defect;suspect_value,,47,V_mix cm3 mol-1
CH4_shmonov1993_ch4_152,CH4,723.0,140.0,total,none,0,,0.000000,0.000000,0.000000,0.000000,0.000000,0.000000,shmonov1993_ch4,"Shmonov, Sadus & Franck (1993)",synthetic_visual,printed_defect;suspect_value,,38,V_mix cm3 mol-1
CH4_shmonov1993_ch4_153,CH4,723.0,140.0,total,none,0,,0.000000,0.000000,0.000000,0.000000,0.000000,0.000000,shmonov1993_ch4,"Shmonov, Sadus & Franck (1993)",synthetic_visual,printed_defect;suspect_value,,27,V_mix cm3 mol-1
CH4_shmonov1993_ch4_154,CH4,723.0,200.0,total,none,0,,0.000000,0.000000,0.000000,0.000000,0.000000,0.000000,shmonov1993_ch4,"Shmonov, Sadus & Franck (1993)",synthetic_visual,printed_defect;suspect_value,,58,V_mix cm3 mol-1
CH4_shmonov1993_ch4_155,CH4,723.0,200.0,total,none,0,,0.000000,0.000000,0.000000,0.000000,0.000000,0.000000,shmonov1993_ch4,"Shmonov, Sadus & Franck (1993)",synthetic_visual,printed_defect;suspect_value,,54,V_mix cm3 mol-1
CH4_shmonov1993_ch4_156,CH4,723.0,200.0,total,none,0,,0.000000,0.000000,0.000000,0.000000,0.000000,0.000000,shmonov1993_ch4,"Shmonov, Sadus & Franck (1993)",synthetic_visual,printed_defect;suspect_value,,48,V_mix cm3 mol-1
CH4_shmonov1993_ch4_157,CH4,723.0,200.0,total,none,0,,0.000000,0.000000,0.000000,0.000000,0.000000,0.000000,shmonov1993_ch4,"Shmonov, Sadus & Franck (1993)",synthetic_visual,printed_defect;suspect_value,,40,V_mix cm3 mol-1
CH4_shmonov1993_ch4_158,CH4,723.0,200.0,total,none,0,,0.000000,0.000000,0.000000,0.000000,0.000000,0.000000,shmonov1993_ch4,"Shmonov, Sadus & Franck (1993)",synthetic_visual,printed_defect;suspect_value,,32,V_mix cm3 mol-1
CH4_shmonov1993_ch4_159,CH4,723.0,200.0,total,none,0,,0.000000,0.000000,0.000000,0.000000,0.000000,0.000000,shmonov1993_ch4,"Shmonov, Sadus & Franck (1993)",synthetic_visual,printed_defect;suspect_value,,24,V_mix cm3 mol-1
CO2_gehriglentzfranck1986_co2_001,CO2,743,52.3,total,NaCl,1.0944,,1.094400,1.094400,0.000000,0.000000,0.000000,0.000000,gehriglentzfranck1986_co2,"Gehrig, Lentz & Franck (1986)",synthetic_visual,,,0.18,"mol% CO2 (fixed nominal composition of the isopleth; salt-bearing basis, H2O+NaCl+CO2=100%)"
CO2_gehriglentzfranck1986_co2_002,CO2,650,22,total,NaCl,1.0944,,1.094400,1.094400,0.000000,0.000000,0.000000,0.000000,gehriglentzfranck1986_co2,"Gehrig, Lentz & Franck (1986)",synthetic_visual,,,0.18,"mol% CO2 (fixed nominal composition of the isopleth; salt-bearing basis, H2O+NaCl+CO2=100%)"
CO2_gehriglentzfranck1986_co2_003,CO2,596,14.9,total,NaCl,1.0944,,1.094400,1.094400,0.000000,0.000000,0.000000,0.000000,gehriglentzfranck1986_co2,"Gehrig, Lentz & Franck (1986)",synthetic_visual,,,0.18,"mol% CO2 (fixed nominal composition of the isopleth; salt-bearing basis, H2O+NaCl+CO2=100%)"
CO2_gehriglentzfranck1986_co2_004,CO2,529,5.9,total,NaCl,1.0944,,1.094400,1.094400,0.000000,0.000000,0.000000,0.000000,gehriglentzfranck1986_co2,"Gehrig, Lentz & Franck (1986)",synthetic_visual,,,0.18,"mol% CO2 (fixed nominal composition of the isopleth; salt-bearing basis, H2O+NaCl+CO2=100%)"
CO2_gehriglentzfranck1986_co2_005,CO2,480,3.5,total,NaCl,1.0944,,1.094400,1.094400,0.000000,0.000000,0.000000,0.000000,gehriglentzfranck1986_co2,"Gehrig, Lentz & Franck (1986)",synthetic_visual,,,0.18,"mol% CO2 (fixed nominal composition of the isopleth; salt-bearing basis, H2O+NaCl+CO2=100%)"
CO2_gehriglentzfranck1986_co2_006,CO2,415,3,total,NaCl,1.0944,,1.094400,1.094400,0.000000,0.000000,0.000000,0.000000,gehriglentzfranck1986_co2,"Gehrig, Lentz & Franck (1986)",synthetic_visual,,,0.18,"mol% CO2 (fixed nominal composition of the isopleth; salt-bearing basis, H2O+NaCl+CO2=100%)"
CO2_gehriglentzfranck1986_co2_007,CO2,698,41.3,total,NaCl,1.09435,,1.094350,1.094350,0.000000,0.000000,0.000000,0.000000,gehriglentzfranck1986_co2,"Gehrig, Lentz & Franck (1986)",synthetic_visual,,,1.21,"mol% CO2 (fixed nominal composition of the isopleth; salt-bearing basis, H2O+NaCl+CO2=100%)"
CO2_gehriglentzfranck1986_co2_008,CO2,783,66.5,total,NaCl,1.09382,,1.093820,1.093820,0.000000,0.000000,0.000000,0.000000,gehriglentzfranck1986_co2,"Gehrig, Lentz & Franck (1986)",synthetic_visual,,,3.75,"mol% CO2 (fixed nominal composition of the isopleth; salt-bearing basis, H2O+NaCl+CO2=100%)"
CO2_gehriglentzfranck1986_co2_009,CO2,704,48.3,total,NaCl,1.09382,,1.093820,1.093820,0.000000,0.000000,0.000000,0.000000,gehriglentzfranck1986_co2,"Gehrig, Lentz & Franck (1986)",synthetic_visual,,,3.75,"mol% CO2 (fixed nominal composition of the isopleth; salt-bearing basis, H2O+NaCl+CO2=100%)"
CO2_gehriglentzfranck1986_co2_010,CO2,663,38.9,total,NaCl,1.09382,,1.093820,1.093820,0.000000,0.000000,0.000000,0.000000,gehriglentzfranck1986_co2,"Gehrig, Lentz & Franck (1986)",synthetic_visual,,,3.75,"mol% CO2 (fixed nominal composition of the isopleth; salt-bearing basis, H2O+NaCl+CO2=100%)"
CO2_gehriglentzfranck1986_co2_011,CO2,647,35.5,total,NaCl,1.09382,,1.093820,1.093820,0.000000,0.000000,0.000000,0.000000,gehriglentzfranck1986_co2,"Gehrig, Lentz & Franck (1986)",synthetic_visual,,,3.75,"mol% CO2 (fixed nominal composition of the isopleth; salt-bearing basis, H2O+NaCl+CO2=100%)"
CO2_gehriglentzfranck1986_co2_012,CO2,778,63.1,total,NaCl,1.09071,,1.090710,1.090710,0.000000,0.000000,0.000000,0.000000,gehriglentzfranck1986_co2,"Gehrig, Lentz & Franck (1986)",synthetic_visual,,,4.00,"mol% CO2 (fixed nominal composition of the isopleth; salt-bearing basis, H2O+NaCl+CO2=100%)"
CO2_gehriglentzfranck1986_co2_013,CO2,696,45.8,total,NaCl,1.09071,,1.090710,1.090710,0.000000,0.000000,0.000000,0.000000,gehriglentzfranck1986_co2,"Gehrig, Lentz & Franck (1986)",synthetic_visual,,,4.00,"mol% CO2 (fixed nominal composition of the isopleth; salt-bearing basis, H2O+NaCl+CO2=100%)"
CO2_gehriglentzfranck1986_co2_014,CO2,663,39.1,total,NaCl,1.09071,,1.090710,1.090710,0.000000,0.000000,0.000000,0.000000,gehriglentzfranck1986_co2,"Gehrig, Lentz & Franck (1986)",synthetic_visual,,,4.00,"mol% CO2 (fixed nominal composition of the isopleth; salt-bearing basis, H2O+NaCl+CO2=100%)"
CO2_gehriglentzfranck1986_co2_015,CO2,619,32.8,total,NaCl,1.09071,,1.090710,1.090710,0.000000,0.000000,0.000000,0.000000,gehriglentzfranck1986_co2,"Gehrig, Lentz & Franck (1986)",synthetic_visual,,,4.00,"mol% CO2 (fixed nominal composition of the isopleth; salt-bearing basis, H2O+NaCl+CO2=100%)"
CO2_gehriglentzfranck1986_co2_016,CO2,594,31.7,total,NaCl,1.09071,,1.090710,1.090710,0.000000,0.000000,0.000000,0.000000,gehriglentzfranck1986_co2,"Gehrig, Lentz & Franck (1986)",synthetic_visual,,,4.00,"mol% CO2 (fixed nominal composition of the isopleth; salt-bearing basis, H2O+NaCl+CO2=100%)"
CO2_gehriglentzfranck1986_co2_017,CO2,539,37,total,NaCl,1.09071,,1.090710,1.090710,0.000000,0.000000,0.000000,0.000000,gehriglentzfranck1986_co2,"Gehrig, Lentz & Franck (1986)",synthetic_visual,,,4.00,"mol% CO2 (fixed nominal composition of the isopleth; salt-bearing basis, H2O+NaCl+CO2=100%)"
CO2_gehriglentzfranck1986_co2_018,CO2,485,60.3,total,NaCl,1.09071,,1.090710,1.090710,0.000000,0.000000,0.000000,0.000000,gehriglentzfranck1986_co2,"Gehrig, Lentz & Franck (1986)",synthetic_visual,,,4.00,"mol% CO2 (fixed nominal composition of the isopleth; salt-bearing basis, H2O+NaCl+CO2=100%)"
CO2_gehriglentzfranck1986_co2_019,CO2,423,145.8,total,NaCl,1.09071,,1.090710,1.090710,0.000000,0.000000,0.000000,0.000000,gehriglentzfranck1986_co2,"Gehrig, Lentz & Franck (1986)",synthetic_visual,,,4.00,"mol% CO2 (fixed nominal composition of the isopleth; salt-bearing basis, H2O+NaCl+CO2=100%)"
CO2_gehriglentzfranck1986_co2_020,CO2,456,93,total,NaCl,1.09071,,1.090710,1.090710,0.000000,0.000000,0.000000,0.000000,gehriglentzfranck1986_co2,"Gehrig, Lentz & Franck (1986)",synthetic_visual,,,4.00,"mol% CO2 (fixed nominal composition of the isopleth; salt-bearing basis, H2O+NaCl+CO2=100%)"
CO2_gehriglentzfranck1986_co2_021,CO2,413,196.5,total,NaCl,1.09071,,1.090710,1.090710,0.000000,0.000000,0.000000,0.000000,gehriglentzfranck1986_co2,"Gehrig, Lentz & Franck (1986)",synthetic_visual,,,4.00,"mol% CO2 (fixed nominal composition of the isopleth; salt-bearing basis, H2O+NaCl+CO2=100%)"
CO2_gehriglentzfranck1986_co2_022,CO2,408,218,total,NaCl,1.09071,,1.090710,1.090710,0.000000,0.000000,0.000000,0.000000,gehriglentzfranck1986_co2,"Gehrig, Lentz & Franck (1986)",synthetic_visual,,,4.00,"mol% CO2 (fixed nominal composition of the isopleth; salt-bearing basis, H2O+NaCl+CO2=100%)"
CO2_gehriglentzfranck1986_co2_023,CO2,783,66.5,total,NaCl,1.09191,,1.091910,1.091910,0.000000,0.000000,0.000000,0.000000,gehriglentzfranck1986_co2,"Gehrig, Lentz & Franck (1986)",synthetic_visual,,,5.14,"mol% CO2 (fixed nominal composition of the isopleth; salt-bearing basis, H2O+NaCl+CO2=100%)"
CO2_gehriglentzfranck1986_co2_024,CO2,733,56,total,NaCl,1.09191,,1.091910,1.091910,0.000000,0.000000,0.000000,0.000000,gehriglentzfranck1986_co2,"Gehrig, Lentz & Franck (1986)",synthetic_visual,,,5.14,"mol% CO2 (fixed nominal composition of the isopleth; salt-bearing basis, H2O+NaCl+CO2=100%)"
CO2_gehriglentzfranck1986_co2_025,CO2,699,48.6,total,NaCl,1.09191,,1.091910,1.091910,0.000000,0.000000,0.000000,0.000000,gehriglentzfranck1986_co2,"Gehrig, Lentz & Franck (1986)",synthetic_visual,,,5.14,"mol% CO2 (fixed nominal composition of the isopleth; salt-bearing basis, H2O+NaCl+CO2=100%)"
CO2_gehriglentzfranck1986_co2_026,CO2,647,42.2,total,NaCl,1.09191,,1.091910,1.091910,0.000000,0.000000,0.000000,0.000000,gehriglentzfranck1986_co2,"Gehrig, Lentz & Franck (1986)",synthetic_visual,,,5.14,"mol% CO2 (fixed nominal composition of the isopleth; salt-bearing basis, H2O+NaCl+CO2=100%)"
CO2_gehriglentzfranck1986_co2_027,CO2,763,68.6,total,NaCl,1.09245,,1.092450,1.092450,0.000000,0.000000,0.000000,0.000000,gehriglentzfranck1986_co2,"Gehrig, Lentz & Franck (1986)",synthetic_visual,,,6.74,"mol% CO2 (fixed nominal composition of the isopleth; salt-bearing basis, H2O+NaCl+CO2=100%)"
CO2_gehriglentzfranck1986_co2_028,CO2,657,47.3,total,NaCl,1.09245,,1.092450,1.092450,0.000000,0.000000,0.000000,0.000000,gehriglentzfranck1986_co2,"Gehrig, Lentz & Franck (1986)",synthetic_visual,,,6.74,"mol% CO2 (fixed nominal composition of the isopleth; salt-bearing basis, H2O+NaCl+CO2=100%)"
CO2_gehriglentzfranck1986_co2_029,CO2,575,55,total,NaCl,1.09245,,1.092450,1.092450,0.000000,0.000000,0.000000,0.000000,gehriglentzfranck1986_co2,"Gehrig, Lentz & Franck (1986)",synthetic_visual,,,6.74,"mol% CO2 (fixed nominal composition of the isopleth; salt-bearing basis, H2O+NaCl+CO2=100%)"
CO2_gehriglentzfranck1986_co2_030,CO2,540,77.5,total,NaCl,1.09245,,1.092450,1.092450,0.000000,0.000000,0.000000,0.000000,gehriglentzfranck1986_co2,"Gehrig, Lentz & Franck (1986)",synthetic_visual,,,6.74,"mol% CO2 (fixed nominal composition of the isopleth; salt-bearing basis, H2O+NaCl+CO2=100%)"
CO2_gehriglentzfranck1986_co2_031,CO2,507,140,total,NaCl,1.09245,,1.092450,1.092450,0.000000,0.000000,0.000000,0.000000,gehriglentzfranck1986_co2,"Gehrig, Lentz & Franck (1986)",synthetic_visual,,,6.74,"mol% CO2 (fixed nominal composition of the isopleth; salt-bearing basis, H2O+NaCl+CO2=100%)"
CO2_gehriglentzfranck1986_co2_032,CO2,489,201.5,total,NaCl,1.09245,,1.092450,1.092450,0.000000,0.000000,0.000000,0.000000,gehriglentzfranck1986_co2,"Gehrig, Lentz & Franck (1986)",synthetic_visual,,,6.74,"mol% CO2 (fixed nominal composition of the isopleth; salt-bearing basis, H2O+NaCl+CO2=100%)"
CO2_gehriglentzfranck1986_co2_033,CO2,483,240.4,total,NaCl,1.09245,,1.092450,1.092450,0.000000,0.000000,0.000000,0.000000,gehriglentzfranck1986_co2,"Gehrig, Lentz & Franck (1986)",synthetic_visual,,,6.74,"mol% CO2 (fixed nominal composition of the isopleth; salt-bearing basis, H2O+NaCl+CO2=100%)"
CO2_gehriglentzfranck1986_co2_034,CO2,476,271.7,total,NaCl,1.09245,,1.092450,1.092450,0.000000,0.000000,0.000000,0.000000,gehriglentzfranck1986_co2,"Gehrig, Lentz & Franck (1986)",synthetic_visual,,,6.74,"mol% CO2 (fixed nominal composition of the isopleth; salt-bearing basis, H2O+NaCl+CO2=100%)"
CO2_gehriglentzfranck1986_co2_035,CO2,763,71.7,total,NaCl,1.09413,,1.094130,1.094130,0.000000,0.000000,0.000000,0.000000,gehriglentzfranck1986_co2,"Gehrig, Lentz & Franck (1986)",synthetic_visual,,,8.95,"mol% CO2 (fixed nominal composition of the isopleth; salt-bearing basis, H2O+NaCl+CO2=100%)"
CO2_gehriglentzfranck1986_co2_036,CO2,718,63.1,total,NaCl,1.09413,,1.094130,1.094130,0.000000,0.000000,0.000000,0.000000,gehriglentzfranck1986_co2,"Gehrig, Lentz & Franck (1986)",synthetic_visual,,,8.95,"mol% CO2 (fixed nominal composition of the isopleth; salt-bearing basis, H2O+NaCl+CO2=100%)"
CO2_gehriglentzfranck1986_co2_037,CO2,698,58,total,NaCl,1.09413,,1.094130,1.094130,0.000000,0.000000,0.000000,0.000000,gehriglentzfranck1986_co2,"Gehrig, Lentz & Franck (1986)",synthetic_visual,,,8.95,"mol% CO2 (fixed nominal composition of the isopleth; salt-bearing basis, H2O+NaCl+CO2=100%)"
CO2_gehriglentzfranck1986_co2_038,CO2,666,52.2,total,NaCl,1.09413,,1.094130,1.094130,0.000000,0.000000,0.000000,0.000000,gehriglentzfranck1986_co2,"Gehrig, Lentz & Franck (1986)",synthetic_visual,,,8.95,"mol% CO2 (fixed nominal composition of the isopleth; salt-bearing basis, H2O+NaCl+CO2=100%)"
CO2_gehriglentzfranck1986_co2_039,CO2,748,71,total,NaCl,1.09049,,1.090490,1.090490,0.000000,0.000000,0.000000,0.000000,gehriglentzfranck1986_co2,"Gehrig, Lentz & Franck (1986)",synthetic_visual,,,9.69,"mol% CO2 (fixed nominal composition of the isopleth; salt-bearing basis, H2O+NaCl+CO2=100%)"
CO2_gehriglentzfranck1986_co2_040,CO2,690,58.3,total,NaCl,1.09049,,1.090490,1.090490,0.000000,0.000000,0.000000,0.000000,gehriglentzfranck1986_co2,"Gehrig, Lentz & Franck (1986)",synthetic_visual,,,9.69,"mol% CO2 (fixed nominal composition of the isopleth; salt-bearing basis, H2O+NaCl+CO2=100%)"
CO2_gehriglentzfranck1986_co2_041,CO2,668,58.5,total,NaCl,1.09049,,1.090490,1.090490,0.000000,0.000000,0.000000,0.000000,gehriglentzfranck1986_co2,"Gehrig, Lentz & Franck (1986)",synthetic_visual,,,9.69,"mol% CO2 (fixed nominal composition of the isopleth; salt-bearing basis, H2O+NaCl+CO2=100%)"
CO2_gehriglentzfranck1986_co2_042,CO2,573,88.7,total,NaCl,1.09049,,1.090490,1.090490,0.000000,0.000000,0.000000,0.000000,gehriglentzfranck1986_co2,"Gehrig, Lentz & Franck (1986)",synthetic_visual,,,9.69,"mol% CO2 (fixed nominal composition of the isopleth; salt-bearing basis, H2O+NaCl+CO2=100%)"
CO2_gehriglentzfranck1986_co2_043,CO2,528,167,total,NaCl,1.09049,,1.090490,1.090490,0.000000,0.000000,0.000000,0.000000,gehriglentzfranck1986_co2,"Gehrig, Lentz & Franck (1986)",synthetic_visual,,,9.69,"mol% CO2 (fixed nominal composition of the isopleth; salt-bearing basis, H2O+NaCl+CO2=100%)"
CO2_gehriglentzfranck1986_co2_044,CO2,520,230.7,total,NaCl,1.09049,,1.090490,1.090490,0.000000,0.000000,0.000000,0.000000,gehriglentzfranck1986_co2,"Gehrig, Lentz & Franck (1986)",synthetic_visual,,,9.69,"mol% CO2 (fixed nominal composition of the isopleth; salt-bearing basis, H2O+NaCl+CO2=100%)"
CO2_gehriglentzfranck1986_co2_045,CO2,520,263.5,total,NaCl,1.09049,,1.090490,1.090490,0.000000,0.000000,0.000000,0.000000,gehriglentzfranck1986_co2,"Gehrig, Lentz & Franck (1986)",synthetic_visual,,,9.69,"mol% CO2 (fixed nominal composition of the isopleth; salt-bearing basis, H2O+NaCl+CO2=100%)"
CO2_gehriglentzfranck1986_co2_046,CO2,707,79.3,total,NaCl,1.08945,,1.089450,1.089450,0.000000,0.000000,0.000000,0.000000,gehriglentzfranck1986_co2,"Gehrig, Lentz & Franck (1986)",synthetic_visual,,,15.32,"mol% CO2 (fixed nominal composition of the isopleth; salt-bearing basis, H2O+NaCl+CO2=100%)"
CO2_gehriglentzfranck1986_co2_047,CO2,783,79.2,total,NaCl,1.0891,,1.089100,1.089100,0.000000,0.000000,0.000000,0.000000,gehriglentzfranck1986_co2,"Gehrig, Lentz & Franck (1986)",synthetic_visual,,,21.01,"mol% CO2 (fixed nominal composition of the isopleth; salt-bearing basis, H2O+NaCl+CO2=100%)"
CO2_gehriglentzfranck1986_co2_048,CO2,733,81.2,total,NaCl,1.0891,,1.089100,1.089100,0.000000,0.000000,0.000000,0.000000,gehriglentzfranck1986_co2,"Gehrig, Lentz & Franck (1986)",synthetic_visual,,,21.01,"mol% CO2 (fixed nominal composition of the isopleth; salt-bearing basis, H2O+NaCl+CO2=100%)"
CO2_gehriglentzfranck1986_co2_049,CO2,699,85,total,NaCl,1.0891,,1.089100,1.089100,0.000000,0.000000,0.000000,0.000000,gehriglentzfranck1986_co2,"Gehrig, Lentz & Franck (1986)",synthetic_visual,,,21.01,"mol% CO2 (fixed nominal composition of the isopleth; salt-bearing basis, H2O+NaCl+CO2=100%)"
CO2_gehriglentzfranck1986_co2_050,CO2,677,94,total,NaCl,1.0891,,1.089100,1.089100,0.000000,0.000000,0.000000,0.000000,gehriglentzfranck1986_co2,"Gehrig, Lentz & Franck (1986)",synthetic_visual,,,21.01,"mol% CO2 (fixed nominal composition of the isopleth; salt-bearing basis, H2O+NaCl+CO2=100%)"
CO2_gehriglentzfranck1986_co2_051,CO2,663,105.2,total,NaCl,1.0891,,1.089100,1.089100,0.000000,0.000000,0.000000,0.000000,gehriglentzfranck1986_co2,"Gehrig, Lentz & Franck (1986)",synthetic_visual,,,21.01,"mol% CO2 (fixed nominal composition of the isopleth; salt-bearing basis, H2O+NaCl+CO2=100%)"
CO2_gehriglentzfranck1986_co2_052,CO2,638,137,total,NaCl,1.0891,,1.089100,1.089100,0.000000,0.000000,0.000000,0.000000,gehriglentzfranck1986_co2,"Gehrig, Lentz & Franck (1986)",synthetic_visual,,,21.01,"mol% CO2 (fixed nominal composition of the isopleth; salt-bearing basis, H2O+NaCl+CO2=100%)"
CO2_gehriglentzfranck1986_co2_053,CO2,613,200.7,total,NaCl,1.0891,,1.089100,1.089100,0.000000,0.000000,0.000000,0.000000,gehriglentzfranck1986_co2,"Gehrig, Lentz & Franck (1986)",synthetic_visual,,,21.01,"mol% CO2 (fixed nominal composition of the isopleth; salt-bearing basis, H2O+NaCl+CO2=100%)"
CO2_gehriglentzfranck1986_co2_054,CO2,733,62.5,total,NaCl,1.09197,,1.091970,1.091970,0.000000,0.000000,0.000000,0.000000,gehriglentzfranck1986_co2,"Gehrig, Lentz & Franck (1986)",synthetic_visual,,,28.47,"mol% CO2 (fixed nominal composition of the isopleth; salt-bearing basis, H2O+NaCl+CO2=100%)"
CO2_gehriglentzfranck1986_co2_055,CO2,729,72.5,total,NaCl,1.09197,,1.091970,1.091970,0.000000,0.000000,0.000000,0.000000,gehriglentzfranck1986_co2,"Gehrig, Lentz & Franck (1986)",synthetic_visual,,,28.47,"mol% CO2 (fixed nominal composition of the isopleth; salt-bearing basis, H2O+NaCl+CO2=100%)"
CO2_gehriglentzfranck1986_co2_056,CO2,723,78.7,total,NaCl,1.09197,,1.091970,1.091970,0.000000,0.000000,0.000000,0.000000,gehriglentzfranck1986_co2,"Gehrig, Lentz & Franck (1986)",synthetic_visual,,,28.47,"mol% CO2 (fixed nominal composition of the isopleth; salt-bearing basis, H2O+NaCl+CO2=100%)"
CO2_gehriglentzfranck1986_co2_057,CO2,715,85.5,total,NaCl,1.09197,,1.091970,1.091970,0.000000,0.000000,0.000000,0.000000,gehriglentzfranck1986_co2,"Gehrig, Lentz & Franck (1986)",synthetic_visual,,,28.47,"mol% CO2 (fixed nominal composition of the isopleth; salt-bearing basis, H2O+NaCl+CO2=100%)"
CO2_gehriglentzfranck1986_co2_058,CO2,706,98.5,total,NaCl,1.09197,,1.091970,1.091970,0.000000,0.000000,0.000000,0.000000,gehriglentzfranck1986_co2,"Gehrig, Lentz & Franck (1986)",synthetic_visual,,,28.47,"mol% CO2 (fixed nominal composition of the isopleth; salt-bearing basis, H2O+NaCl+CO2=100%)"
CO2_gehriglentzfranck1986_co2_059,CO2,678,139.5,total,NaCl,1.09197,,1.091970,1.091970,0.000000,0.000000,0.000000,0.000000,gehriglentzfranck1986_co2,"Gehrig, Lentz & Franck (1986)",synthetic_visual,,,28.47,"mol% CO2 (fixed nominal composition of the isopleth; salt-bearing basis, H2O+NaCl+CO2=100%)"
CO2_gehriglentzfranck1986_co2_060,CO2,673,143,total,NaCl,1.09197,,1.091970,1.091970,0.000000,0.000000,0.000000,0.000000,gehriglentzfranck1986_co2,"Gehrig, Lentz & Franck (1986)",synthetic_visual,,,28.47,"mol% CO2 (fixed nominal composition of the isopleth; salt-bearing basis, H2O+NaCl+CO2=100%)"
CO2_gehriglentzfranck1986_co2_061,CO2,653,207.7,total,NaCl,1.09197,,1.091970,1.091970,0.000000,0.000000,0.000000,0.000000,gehriglentzfranck1986_co2,"Gehrig, Lentz & Franck (1986)",synthetic_visual,,,28.47,"mol% CO2 (fixed nominal composition of the isopleth; salt-bearing basis, H2O+NaCl+CO2=100%)"
CO2_gehriglentzfranck1986_co2_062,CO2,705,47.3,total,NaCl,1.09501,,1.095010,1.095010,0.000000,0.000000,0.000000,0.000000,gehriglentzfranck1986_co2,"Gehrig, Lentz & Franck (1986)",synthetic_visual,,,32.80,"mol% CO2 (fixed nominal composition of the isopleth; salt-bearing basis, H2O+NaCl+CO2=100%)"
CO2_gehriglentzfranck1986_co2_063,CO2,698,56,total,NaCl,1.09501,,1.095010,1.095010,0.000000,0.000000,0.000000,0.000000,gehriglentzfranck1986_co2,"Gehrig, Lentz & Franck (1986)",synthetic_visual,,,32.80,"mol% CO2 (fixed nominal composition of the isopleth; salt-bearing basis, H2O+NaCl+CO2=100%)"
CO2_gehriglentzfranck1986_co2_064,CO2,698,70.5,total,NaCl,1.09501,,1.095010,1.095010,0.000000,0.000000,0.000000,0.000000,gehriglentzfranck1986_co2,"Gehrig, Lentz & Franck (1986)",synthetic_visual,,,32.80,"mol% CO2 (fixed nominal composition of the isopleth; salt-bearing basis, H2O+NaCl+CO2=100%)"
CO2_gehriglentzfranck1986_co2_065,CO2,697,91,total,NaCl,1.09501,,1.095010,1.095010,0.000000,0.000000,0.000000,0.000000,gehriglentzfranck1986_co2,"Gehrig, Lentz & Franck (1986)",synthetic_visual,,,32.80,"mol% CO2 (fixed nominal composition of the isopleth; salt-bearing basis, H2O+NaCl+CO2=100%)"
CO2_gehriglentzfranck1986_co2_066,CO2,693,116.1,total,NaCl,1.09501,,1.095010,1.095010,0.000000,0.000000,0.000000,0.000000,gehriglentzfranck1986_co2,"Gehrig, Lentz & Franck (1986)",synthetic_visual,,,32.80,"mol% CO2 (fixed nominal composition of the isopleth; salt-bearing basis, H2O+NaCl+CO2=100%)"
CO2_gehriglentzfranck1986_co2_067,CO2,688,41.1,total,NaCl,1.0932,,1.093200,1.093200,0.000000,0.000000,0.000000,0.000000,gehriglentzfranck1986_co2,"Gehrig, Lentz & Franck (1986)",synthetic_visual,,,35.28,"mol% CO2 (fixed nominal composition of the isopleth; salt-bearing basis, H2O+NaCl+CO2=100%)"
CO2_gehriglentzfranck1986_co2_068,CO2,673,77,total,NaCl,1.0932,,1.093200,1.093200,0.000000,0.000000,0.000000,0.000000,gehriglentzfranck1986_co2,"Gehrig, Lentz & Franck (1986)",synthetic_visual,,,35.28,"mol% CO2 (fixed nominal composition of the isopleth; salt-bearing basis, H2O+NaCl+CO2=100%)"
CO2_gehriglentzfranck1986_co2_069,CO2,693,49.6,total,NaCl,1.09372,,1.093720,1.093720,0.000000,0.000000,0.000000,0.000000,gehriglentzfranck1986_co2,"Gehrig, Lentz & Franck (1986)",synthetic_visual,,,35.31,"mol% CO2 (fixed nominal composition of the isopleth; salt-bearing basis, H2O+NaCl+CO2=100%)"
CO2_gehriglentzfranck1986_co2_070,CO2,689,61.5,total,NaCl,1.09372,,1.093720,1.093720,0.000000,0.000000,0.000000,0.000000,gehriglentzfranck1986_co2,"Gehrig, Lentz & Franck (1986)",synthetic_visual,,,35.31,"mol% CO2 (fixed nominal composition of the isopleth; salt-bearing basis, H2O+NaCl+CO2=100%)"
CO2_gehriglentzfranck1986_co2_071,CO2,688,83.8,total,NaCl,1.09372,,1.093720,1.093720,0.000000,0.000000,0.000000,0.000000,gehriglentzfranck1986_co2,"Gehrig, Lentz & Franck (1986)",synthetic_visual,,,35.31,"mol% CO2 (fixed nominal composition of the isopleth; salt-bearing basis, H2O+NaCl+CO2=100%)"
CO2_gehriglentzfranck1986_co2_072,CO2,678,185,total,NaCl,1.09372,,1.093720,1.093720,0.000000,0.000000,0.000000,0.000000,gehriglentzfranck1986_co2,"Gehrig, Lentz & Franck (1986)",synthetic_visual,,,35.31,"mol% CO2 (fixed nominal composition of the isopleth; salt-bearing basis, H2O+NaCl+CO2=100%)"
CO2_gehriglentzfranck1986_co2_073,CO2,680,70,total,NaCl,1.09034,,1.090340,1.090340,0.000000,0.000000,0.000000,0.000000,gehriglentzfranck1986_co2,"Gehrig, Lentz & Franck (1986)",synthetic_visual,,,37.19,"mol% CO2 (fixed nominal composition of the isopleth; salt-bearing basis, H2O+NaCl+CO2=100%)"
CO2_gehriglentzfranck1986_co2_074,CO2,678,75.5,total,NaCl,1.09034,,1.090340,1.090340,0.000000,0.000000,0.000000,0.000000,gehriglentzfranck1986_co2,"Gehrig, Lentz & Franck (1986)",synthetic_visual,,,37.19,"mol% CO2 (fixed nominal composition of the isopleth; salt-bearing basis, H2O+NaCl+CO2=100%)"
CO2_gehriglentzfranck1986_co2_075,CO2,676,109.5,total,NaCl,1.09034,,1.090340,1.090340,0.000000,0.000000,0.000000,0.000000,gehriglentzfranck1986_co2,"Gehrig, Lentz & Franck (1986)",synthetic_visual,,,37.19,"mol% CO2 (fixed nominal composition of the isopleth; salt-bearing basis, H2O+NaCl+CO2=100%)"
CO2_gehriglentzfranck1986_co2_076,CO2,673,180.9,total,NaCl,1.09034,,1.090340,1.090340,0.000000,0.000000,0.000000,0.000000,gehriglentzfranck1986_co2,"Gehrig, Lentz & Franck (1986)",synthetic_visual,,,37.19,"mol% CO2 (fixed nominal composition of the isopleth; salt-bearing basis, H2O+NaCl+CO2=100%)"
CO2_gehriglentzfranck1986_co2_077,CO2,659,60,total,NaCl,1.0929,,1.092900,1.092900,0.000000,0.000000,0.000000,0.000000,gehriglentzfranck1986_co2,"Gehrig, Lentz & Franck (1986)",synthetic_visual,,,48.21,"mol% CO2 (fixed nominal composition of the isopleth; salt-bearing basis, H2O+NaCl+CO2=100%)"
CO2_gehriglentzfranck1986_co2_078,CO2,658,78.5,total,NaCl,1.0929,,1.092900,1.092900,0.000000,0.000000,0.000000,0.000000,gehriglentzfranck1986_co2,"Gehrig, Lentz & Franck (1986)",synthetic_visual,,,48.21,"mol% CO2 (fixed nominal composition of the isopleth; salt-bearing basis, H2O+NaCl+CO2=100%)"
CO2_gehriglentzfranck1986_co2_079,CO2,655,121.5,total,NaCl,1.0929,,1.092900,1.092900,0.000000,0.000000,0.000000,0.000000,gehriglentzfranck1986_co2,"Gehrig, Lentz & Franck (1986)",synthetic_visual,,,48.21,"mol% CO2 (fixed nominal composition of the isopleth; salt-bearing basis, H2O+NaCl+CO2=100%)"
CO2_gehriglentzfranck1986_co2_080,CO2,652,152.5,total,NaCl,1.0929,,1.092900,1.092900,0.000000,0.000000,0.000000,0.000000,gehriglentzfranck1986_co2,"Gehrig, Lentz & Franck (1986)",synthetic_visual,,,48.21,"mol% CO2 (fixed nominal composition of the isopleth; salt-bearing basis, H2O+NaCl+CO2=100%)"
CO2_gehriglentzfranck1986_co2_081,CO2,651,186,total,NaCl,1.0929,,1.092900,1.092900,0.000000,0.000000,0.000000,0.000000,gehriglentzfranck1986_co2,"Gehrig, Lentz & Franck (1986)",synthetic_visual,,,48.21,"mol% CO2 (fixed nominal composition of the isopleth; salt-bearing basis, H2O+NaCl+CO2=100%)"
CO2_gehriglentzfranck1986_co2_082,CO2,649,232,total,NaCl,1.0929,,1.092900,1.092900,0.000000,0.000000,0.000000,0.000000,gehriglentzfranck1986_co2,"Gehrig, Lentz & Franck (1986)",synthetic_visual,,,48.21,"mol% CO2 (fixed nominal composition of the isopleth; salt-bearing basis, H2O+NaCl+CO2=100%)"
CO2_gehriglentzfranck1986_co2_083,CO2,623,49.7,total,NaCl,1.1019,,1.101900,1.101900,0.000000,0.000000,0.000000,0.000000,gehriglentzfranck1986_co2,"Gehrig, Lentz & Franck (1986)",synthetic_visual,,,58.90,"mol% CO2 (fixed nominal composition of the isopleth; salt-bearing basis, H2O+NaCl+CO2=100%)"
CO2_gehriglentzfranck1986_co2_084,CO2,623,64.3,total,NaCl,1.1019,,1.101900,1.101900,0.000000,0.000000,0.000000,0.000000,gehriglentzfranck1986_co2,"Gehrig, Lentz & Franck (1986)",synthetic_visual,,,58.90,"mol% CO2 (fixed nominal composition of the isopleth; salt-bearing basis, H2O+NaCl+CO2=100%)"
CO2_gehriglentzfranck1986_co2_085,CO2,621,95,total,NaCl,1.1019,,1.101900,1.101900,0.000000,0.000000,0.000000,0.000000,gehriglentzfranck1986_co2,"Gehrig, Lentz & Franck (1986)",synthetic_visual,,,58.90,"mol% CO2 (fixed nominal composition of the isopleth; salt-bearing basis, H2O+NaCl+CO2=100%)"
CO2_gehriglentzfranck1986_co2_086,CO2,621,82.5,total,NaCl,1.1019,,1.101900,1.101900,0.000000,0.000000,0.000000,0.000000,gehriglentzfranck1986_co2,"Gehrig, Lentz & Franck (1986)",synthetic_visual,,,58.90,"mol% CO2 (fixed nominal composition of the isopleth; salt-bearing basis, H2O+NaCl+CO2=100%)"
CO2_gehriglentzfranck1986_co2_087,CO2,618,185,total,NaCl,1.1019,,1.101900,1.101900,0.000000,0.000000,0.000000,0.000000,gehriglentzfranck1986_co2,"Gehrig, Lentz & Franck (1986)",synthetic_visual,,,58.90,"mol% CO2 (fixed nominal composition of the isopleth; salt-bearing basis, H2O+NaCl+CO2=100%)"
CO2_gehriglentzfranck1986_co2_088,CO2,587,81.5,total,NaCl,1.09069,,1.090690,1.090690,0.000000,0.000000,0.000000,0.000000,gehriglentzfranck1986_co2,"Gehrig, Lentz & Franck (1986)",synthetic_visual,,,70.94,"mol% CO2 (fixed nominal composition of the isopleth; salt-bearing basis, H2O+NaCl+CO2=100%)"
CO2_gehriglentzfranck1986_co2_089,CO2,583,116,total,NaCl,1.09069,,1.090690,1.090690,0.000000,0.000000,0.000000,0.000000,gehriglentzfranck1986_co2,"Gehrig, Lentz & Franck (1986)",synthetic_visual,,,70.94,"mol% CO2 (fixed nominal composition of the isopleth; salt-bearing basis, H2O+NaCl+CO2=100%)"
CO2_gehriglentzfranck1986_co2_090,CO2,583,167.1,total,NaCl,1.09069,,1.090690,1.090690,0.000000,0.000000,0.000000,0.000000,gehriglentzfranck1986_co2,"Gehrig, Lentz & Franck (1986)",synthetic_visual,,,70.94,"mol% CO2 (fixed nominal composition of the isopleth; salt-bearing basis, H2O+NaCl+CO2=100%)"
CO2_gehriglentzfranck1986_co2_091,CO2,583,207.2,total,NaCl,1.09069,,1.090690,1.090690,0.000000,0.000000,0.000000,0.000000,gehriglentzfranck1986_co2,"Gehrig, Lentz & Franck (1986)",synthetic_visual,,,70.94,"mol% CO2 (fixed nominal composition of the isopleth; salt-bearing basis, H2O+NaCl+CO2=100%)"
CO2_gehriglentzfranck1986_co2_092,CO2,581,243.5,total,NaCl,1.09069,,1.090690,1.090690,0.000000,0.000000,0.000000,0.000000,gehriglentzfranck1986_co2,"Gehrig, Lentz & Franck (1986)",synthetic_visual,,,70.94,"mol% CO2 (fixed nominal composition of the isopleth; salt-bearing basis, H2O+NaCl+CO2=100%)"
CO2_gehriglentzfranck1986_co2_093,CO2,553,41.4,total,NaCl,1.08295,,1.082950,1.082950,0.000000,0.000000,0.000000,0.000000,gehriglentzfranck1986_co2,"Gehrig, Lentz & Franck (1986)",synthetic_visual,,,79.62,"mol% CO2 (fixed nominal composition of the isopleth; salt-bearing basis, H2O+NaCl+CO2=100%)"
CO2_gehriglentzfranck1986_co2_094,CO2,558,52.5,total,NaCl,1.08295,,1.082950,1.082950,0.000000,0.000000,0.000000,0.000000,gehriglentzfranck1986_co2,"Gehrig, Lentz & Franck (1986)",synthetic_visual,,,79.62,"mol% CO2 (fixed nominal composition of the isopleth; salt-bearing basis, H2O+NaCl+CO2=100%)"
CO2_gehriglentzfranck1986_co2_095,CO2,558,60.5,total,NaCl,1.08295,,1.082950,1.082950,0.000000,0.000000,0.000000,0.000000,gehriglentzfranck1986_co2,"Gehrig, Lentz & Franck (1986)",synthetic_visual,,,79.62,"mol% CO2 (fixed nominal composition of the isopleth; salt-bearing basis, H2O+NaCl+CO2=100%)"
CO2_gehriglentzfranck1986_co2_096,CO2,562,93.5,total,NaCl,1.08295,,1.082950,1.082950,0.000000,0.000000,0.000000,0.000000,gehriglentzfranck1986_co2,"Gehrig, Lentz & Franck (1986)",synthetic_visual,,,79.62,"mol% CO2 (fixed nominal composition of the isopleth; salt-bearing basis, H2O+NaCl+CO2=100%)"
CO2_gehriglentzfranck1986_co2_097,CO2,558,122,total,NaCl,1.08295,,1.082950,1.082950,0.000000,0.000000,0.000000,0.000000,gehriglentzfranck1986_co2,"Gehrig, Lentz & Franck (1986)",synthetic_visual,,,79.62,"mol% CO2 (fixed nominal composition of the isopleth; salt-bearing basis, H2O+NaCl+CO2=100%)"
CO2_gehriglentzfranck1986_co2_098,CO2,553,126.7,total,NaCl,1.08295,,1.082950,1.082950,0.000000,0.000000,0.000000,0.000000,gehriglentzfranck1986_co2,"Gehrig, Lentz & Franck (1986)",synthetic_visual,,,79.62,"mol% CO2 (fixed nominal composition of the isopleth; salt-bearing basis, H2O+NaCl+CO2=100%)"
CO2_gehriglentzfranck1986_co2_099,CO2,553,199.6,total,NaCl,1.08295,,1.082950,1.082950,0.000000,0.000000,0.000000,0.000000,gehriglentzfranck1986_co2,"Gehrig, Lentz & Franck (1986)",synthetic_visual,,,79.62,"mol% CO2 (fixed nominal composition of the isopleth; salt-bearing basis, H2O+NaCl+CO2=100%)"
CO2_gehriglentzfranck1986_co2_100,CO2,543,281.2,total,NaCl,1.08295,,1.082950,1.082950,0.000000,0.000000,0.000000,0.000000,gehriglentzfranck1986_co2,"Gehrig, Lentz & Franck (1986)",synthetic_visual,,,79.62,"mol% CO2 (fixed nominal composition of the isopleth; salt-bearing basis, H2O+NaCl+CO2=100%)"
CO2_gehriglentzfranck1986_co2_101,CO2,536,58.8,total,NaCl,1.08693,,1.086930,1.086930,0.000000,0.000000,0.000000,0.000000,gehriglentzfranck1986_co2,"Gehrig, Lentz & Franck (1986)",synthetic_visual,,,84.90,"mol% CO2 (fixed nominal composition of the isopleth; salt-bearing basis, H2O+NaCl+CO2=100%)"
CO2_gehriglentzfranck1986_co2_102,CO2,543,64.1,total,NaCl,1.08693,,1.086930,1.086930,0.000000,0.000000,0.000000,0.000000,gehriglentzfranck1986_co2,"Gehrig, Lentz & Franck (1986)",synthetic_visual,,,84.90,"mol% CO2 (fixed nominal composition of the isopleth; salt-bearing basis, H2O+NaCl+CO2=100%)"
CO2_gehriglentzfranck1986_co2_103,CO2,543,160,total,NaCl,1.08693,,1.086930,1.086930,0.000000,0.000000,0.000000,0.000000,gehriglentzfranck1986_co2,"Gehrig, Lentz & Franck (1986)",synthetic_visual,,,84.90,"mol% CO2 (fixed nominal composition of the isopleth; salt-bearing basis, H2O+NaCl+CO2=100%)"
CO2_gehriglentzfranck1986_co2_104,CO2,713,46.5,total,NaCl,1.90053,,1.900530,1.900530,0.000000,0.000000,0.000000,0.000000,gehriglentzfranck1986_co2,"Gehrig, Lentz & Franck (1986)",synthetic_visual,,,2.13,"mol% CO2 (fixed nominal composition of the isopleth; salt-bearing basis, H2O+NaCl+CO2=100%)"
CO2_gehriglentzfranck1986_co2_105,CO2,599,29,total,NaCl,1.90053,,1.900530,1.900530,0.000000,0.000000,0.000000,0.000000,gehriglentzfranck1986_co2,"Gehrig, Lentz & Franck (1986)",synthetic_visual,,,2.13,"mol% CO2 (fixed nominal composition of the isopleth; salt-bearing basis, H2O+NaCl+CO2=100%)"
CO2_gehriglentzfranck1986_co2_106,CO2,793,70.6,total,NaCl,1.90188,,1.901880,1.901880,0.000000,0.000000,0.000000,0.000000,gehriglentzfranck1986_co2,"Gehrig, Lentz & Franck (1986)",synthetic_visual,,,4.31,"mol% CO2 (fixed nominal composition of the isopleth; salt-bearing basis, H2O+NaCl+CO2=100%)"
CO2_gehriglentzfranck1986_co2_107,CO2,758,61.5,total,NaCl,1.90188,,1.901880,1.901880,0.000000,0.000000,0.000000,0.000000,gehriglentzfranck1986_co2,"Gehrig, Lentz & Franck (1986)",synthetic_visual,,,4.31,"mol% CO2 (fixed nominal composition of the isopleth; salt-bearing basis, H2O+NaCl+CO2=100%)"
CO2_gehriglentzfranck1986_co2_108,CO2,713,53.6,total,NaCl,1.90188,,1.901880,1.901880,0.000000,0.000000,0.000000,0.000000,gehriglentzfranck1986_co2,"Gehrig, Lentz & Franck (1986)",synthetic_visual,,,4.31,"mol% CO2 (fixed nominal composition of the isopleth; salt-bearing basis, H2O+NaCl+CO2=100%)"
CO2_gehriglentzfranck1986_co2_109,CO2,646,42,total,NaCl,1.90188,,1.901880,1.901880,0.000000,0.000000,0.000000,0.000000,gehriglentzfranck1986_co2,"Gehrig, Lentz & Franck (1986)",synthetic_visual,,,4.31,"mol% CO2 (fixed nominal composition of the isopleth; salt-bearing basis, H2O+NaCl+CO2=100%)"
CO2_gehriglentzfranck1986_co2_110,CO2,608,38,total,NaCl,1.90188,,1.901880,1.901880,0.000000,0.000000,0.000000,0.000000,gehriglentzfranck1986_co2,"Gehrig, Lentz & Franck (1986)",synthetic_visual,,,4.31,"mol% CO2 (fixed nominal composition of the isopleth; salt-bearing basis, H2O+NaCl+CO2=100%)"
CO2_gehriglentzfranck1986_co2_111,CO2,738,45.6,total,NaCl,4.28048,,4.280480,4.280480,0.000000,0.000000,0.000000,0.000000,gehriglentzfranck1986_co2,"Gehrig, Lentz & Franck (1986)",synthetic_visual,,,0.27,"mol% CO2 (fixed nominal composition of the isopleth; salt-bearing basis, H2O+NaCl+CO2=100%)"
CO2_gehriglentzfranck1986_co2_112,CO2,645,22.7,total,NaCl,4.28048,,4.280480,4.280480,0.000000,0.000000,0.000000,0.000000,gehriglentzfranck1986_co2,"Gehrig, Lentz & Franck (1986)",synthetic_visual,,,0.27,"mol% CO2 (fixed nominal composition of the isopleth; salt-bearing basis, H2O+NaCl+CO2=100%)"
CO2_gehriglentzfranck1986_co2_113,CO2,553,12.5,total,NaCl,4.28048,,4.280480,4.280480,0.000000,0.000000,0.000000,0.000000,gehriglentzfranck1986_co2,"Gehrig, Lentz & Franck (1986)",synthetic_visual,,,0.27,"mol% CO2 (fixed nominal composition of the isopleth; salt-bearing basis, H2O+NaCl+CO2=100%)"
CO2_gehriglentzfranck1986_co2_114,CO2,737,87,total,NaCl,4.27972,,4.279720,4.279720,0.000000,0.000000,0.000000,0.000000,gehriglentzfranck1986_co2,"Gehrig, Lentz & Franck (1986)",synthetic_visual,,,6.54,"mol% CO2 (fixed nominal composition of the isopleth; salt-bearing basis, H2O+NaCl+CO2=100%)"
H2S_carrollmather1989_h2s_001,H2S,302.55,2.23,total,none,0,,0.000000,0.000000,0.000000,0.000000,0.000000,0.000000,carrollmather1989_h2s,"Carroll & Mather (1989, Can. J. Chem. Eng.)",analytical_sampling,,hydrate,,
H2S_carrollmather1989_h2s_002,H2S,303.85,2.29,total,none,0,,0.000000,0.000000,0.000000,0.000000,0.000000,0.000000,carrollmather1989_h2s,"Carroll & Mather (1989, Can. J. Chem. Eng.)",analytical_sampling,,three_phase,,
H2S_carrollmather1989_h2s_003,H2S,312.75,2.8,total,none,0,,0.000000,0.000000,0.000000,0.000000,0.000000,0.000000,carrollmather1989_h2s,"Carroll & Mather (1989, Can. J. Chem. Eng.)",analytical_sampling,,three_phase,,
H2S_carrollmather1989_h2s_004,H2S,316.55,3.05,total,none,0,,0.000000,0.000000,0.000000,0.000000,0.000000,0.000000,carrollmather1989_h2s,"Carroll & Mather (1989, Can. J. Chem. Eng.)",analytical_sampling,,three_phase,,
H2S_carrollmather1989_h2s_005,H2S,322.85,3.5,total,none,0,,0.000000,0.000000,0.000000,0.000000,0.000000,0.000000,carrollmather1989_h2s,"Carroll & Mather (1989, Can. J. Chem. Eng.)",analytical_sampling,,three_phase,,
H2S_carrollmather1989_h2s_006,H2S,332.95,4.25,total,none,0,,0.000000,0.000000,0.000000,0.000000,0.000000,0.000000,carrollmather1989_h2s,"Carroll & Mather (1989, Can. J. Chem. Eng.)",analytical_sampling,,three_phase,,
H2S_carrollmather1989_h2s_007,H2S,335.35,4.45,total,none,0,,0.000000,0.000000,0.000000,0.000000,0.000000,0.000000,carrollmather1989_h2s,"Carroll & Mather (1989, Can. J. Chem. Eng.)",analytical_sampling,,three_phase,,
H2S_carrollmather1989_h2s_008,H2S,347.55,5.58,total,none,0,,0.000000,0.000000,0.000000,0.000000,0.000000,0.000000,carrollmather1989_h2s,"Carroll & Mather (1989, Can. J. Chem. Eng.)",analytical_sampling,,three_phase,,
H2S_carrollmather1989_h2s_009,H2S,351.35,5.97,total,none,0,,0.000000,0.000000,0.000000,0.000000,0.000000,0.000000,carrollmather1989_h2s,"Carroll & Mather (1989, Can. J. Chem. Eng.)",analytical_sampling,,three_phase,,
H2S_carrollmather1989_h2s_010,H2S,353.35,6.2,total,none,0,,0.000000,0.000000,0.000000,0.000000,0.000000,0.000000,carrollmather1989_h2s,"Carroll & Mather (1989, Can. J. Chem. Eng.)",analytical_sampling,,three_phase,,
H2S_carrollmather1989_h2s_011,H2S,359.65,6.86,total,none,0,,0.000000,0.000000,0.000000,0.000000,0.000000,0.000000,carrollmather1989_h2s,"Carroll & Mather (1989, Can. J. Chem. Eng.)",analytical_sampling,,three_phase,,
H2S_carrollmather1989_h2s_012,H2S,363.95,7.46,total,none,0,,0.000000,0.000000,0.000000,0.000000,0.000000,0.000000,carrollmather1989_h2s,"Carroll & Mather (1989, Can. J. Chem. Eng.)",analytical_sampling,,three_phase,,
H2S_carrollmather1989_h2s_013,H2S,370.25,8.17,total,none,0,,0.000000,0.000000,0.000000,0.000000,0.000000,0.000000,carrollmather1989_h2s,"Carroll & Mather (1989, Can. J. Chem. Eng.)",analytical_sampling,,three_phase,,
H2S_carrollmather1989_h2s_014,H2S,373.05,8.59,total,none,0,,0.000000,0.000000,0.000000,0.000000,0.000000,0.000000,carrollmather1989_h2s,"Carroll & Mather (1989, Can. J. Chem. Eng.)",analytical_sampling,,three_phase,,
H2S_carrollmather1989_h2s_015,H2S,374.35,8.74,total,none,0,,0.000000,0.000000,0.000000,0.000000,0.000000,0.000000,carrollmather1989_h2s,"Carroll & Mather (1989, Can. J. Chem. Eng.)",analytical_sampling,,three_phase,,
H2S_carrollmather1989_h2s_016,H2S,376.95,9.06,total,none,0,,0.000000,0.000000,0.000000,0.000000,0.000000,0.000000,carrollmather1989_h2s,"Carroll & Mather (1989, Can. J. Chem. Eng.)",analytical_sampling,,three_phase,,
H2S_carrollmather1989_h2s_017,H2S,377.25,9.09,total,none,0,,0.000000,0.000000,0.000000,0.000000,0.000000,0.000000,carrollmather1989_h2s,"Carroll & Mather (1989, Can. J. Chem. Eng.)",analytical_sampling,,three_phase,,
H2S_carrollmather1989_h2s_018,H2S,377.95,9.25,total,none,0,,0.000000,0.000000,0.000000,0.000000,0.000000,0.000000,carrollmather1989_h2s,"Carroll & Mather (1989, Can. J. Chem. Eng.)",analytical_sampling,,three_phase,,
H2S_carrollmather1989_h2s_019,H2S,378.25,9.24,total,none,0,,0.000000,0.000000,0.000000,0.000000,0.000000,0.000000,carrollmather1989_h2s,"Carroll & Mather (1989, Can. J. Chem. Eng.)",analytical_sampling,,three_phase,,
H2S_carrollmather1989_h2s_020,H2S,378.65,9.3,total,none,0,,0.000000,0.000000,0.000000,0.000000,0.000000,0.000000,carrollmather1989_h2s,"Carroll & Mather (1989, Can. J. Chem. Eng.)",analytical_sampling,,three_phase,,
H2S_carrollmather1989_h2s_021,H2S,379.35,9.39,total,none,0,,0.000000,0.000000,0.000000,0.000000,0.000000,0.000000,carrollmather1989_h2s,"Carroll & Mather (1989, Can. J. Chem. Eng.)",analytical_sampling,,three_phase,,
H2S_carrollmather1989_h2s_022,H2S,313.15,2.8,total,none,0,,0.000000,0.000000,0.000000,0.000000,0.000000,0.000000,carrollmather1989_h2s,"Carroll & Mather (1989, Can. J. Chem. Eng.)",analytical_sampling,,three_phase,0.0335,mole fraction H2S in the AQUEOUS liquid phase (Table 2
H2S_carrollmather1989_h2s_023,H2S,313.15,,total,none,0,,0.000000,0.000000,0.000000,0.000000,0.000000,0.000000,carrollmather1989_h2s,"Carroll & Mather (1989, Can. J. Chem. Eng.)",analytical_sampling,,three_phase,0.987,mole fraction H2S in the H2S-RICH liquid phase (Table 2
H2S_carrollmather1989_h2s_024,H2S,313.15,,total,none,0,,0.000000,0.000000,0.000000,0.000000,0.000000,0.000000,carrollmather1989_h2s,"Carroll & Mather (1989, Can. J. Chem. Eng.)",analytical_sampling,,three_phase,0.99+,mole fraction H2S in the VAPOUR phase (Table 2
H2S_carrollmather1989_h2s_025,H2S,333.15,4.25,total,none,0,,0.000000,0.000000,0.000000,0.000000,0.000000,0.000000,carrollmather1989_h2s,"Carroll & Mather (1989, Can. J. Chem. Eng.)",analytical_sampling,,three_phase,0.0341,mole fraction H2S in the AQUEOUS liquid phase (Table 2
H2S_carrollmather1989_h2s_026,H2S,333.15,,total,none,0,,0.000000,0.000000,0.000000,0.000000,0.000000,0.000000,carrollmather1989_h2s,"Carroll & Mather (1989, Can. J. Chem. Eng.)",analytical_sampling,,three_phase,0.973,mole fraction H2S in the H2S-RICH liquid phase (Table 2
H2S_carrollmather1989_h2s_027,H2S,333.15,,total,none,0,,0.000000,0.000000,0.000000,0.000000,0.000000,0.000000,carrollmather1989_h2s,"Carroll & Mather (1989, Can. J. Chem. Eng.)",analytical_sampling,,three_phase,0.99+,mole fraction H2S in the VAPOUR phase (Table 2
H2S_carrollmather1989_h2s_028,H2S,353.15,6.2,total,none,0,,0.000000,0.000000,0.000000,0.000000,0.000000,0.000000,carrollmather1989_h2s,"Carroll & Mather (1989, Can. J. Chem. Eng.)",analytical_sampling,,three_phase,0.0385,mole fraction H2S in the AQUEOUS liquid phase (Table 2
H2S_carrollmather1989_h2s_029,H2S,353.15,,total,none,0,,0.000000,0.000000,0.000000,0.000000,0.000000,0.000000,carrollmather1989_h2s,"Carroll & Mather (1989, Can. J. Chem. Eng.)",analytical_sampling,,three_phase,0.965,mole fraction H2S in the H2S-RICH liquid phase (Table 2
H2S_carrollmather1989_h2s_030,H2S,353.15,,total,none,0,,0.000000,0.000000,0.000000,0.000000,0.000000,0.000000,carrollmather1989_h2s,"Carroll & Mather (1989, Can. J. Chem. Eng.)",analytical_sampling,,three_phase,0.987,mole fraction H2S in the VAPOUR phase (Table 2
H2S_carrollmather1989_h2s_031,H2S,373.15,8.59,total,none,0,,0.000000,0.000000,0.000000,0.000000,0.000000,0.000000,carrollmather1989_h2s,"Carroll & Mather (1989, Can. J. Chem. Eng.)",analytical_sampling,,three_phase,0.0440,mole fraction H2S in the AQUEOUS liquid phase (Table 2
H2S_carrollmather1989_h2s_032,H2S,373.15,,total,none,0,,0.000000,0.000000,0.000000,0.000000,0.000000,0.000000,carrollmather1989_h2s,"Carroll & Mather (1989, Can. J. Chem. Eng.)",analytical_sampling,,three_phase,0.951,mole fraction H2S in the H2S-RICH liquid phase (Table 2
H2S_carrollmather1989_h2s_033,H2S,373.15,,total,none,0,,0.000000,0.000000,0.000000,0.000000,0.000000,0.000000,carrollmather1989_h2s,"Carroll & Mather (1989, Can. J. Chem. Eng.)",analytical_sampling,,three_phase,0.975,mole fraction H2S in the VAPOUR phase (Table 2
H2S_carrollmather1989_h2s_034,H2S,378.15,9.24,total,none,0,,0.000000,0.000000,0.000000,0.000000,0.000000,0.000000,carrollmather1989_h2s,"Carroll & Mather (1989, Can. J. Chem. Eng.)",analytical_sampling,,three_phase,0.0451,mole fraction H2S in the AQUEOUS liquid phase (Table 2
H2S_carrollmather1989_h2s_035,H2S,378.15,,total,none,0,,0.000000,0.000000,0.000000,0.000000,0.000000,0.000000,carrollmather1989_h2s,"Carroll & Mather (1989, Can. J. Chem. Eng.)",analytical_sampling,,three_phase,0.955,mole fraction H2S in the H2S-RICH liquid phase (Table 2
H2S_carrollmather1989_h2s_036,H2S,378.15,,total,none,0,,0.000000,0.000000,0.000000,0.000000,0.000000,0.000000,carrollmather1989_h2s,"Carroll & Mather (1989, Can. J. Chem. Eng.)",analytical_sampling,,three_phase,0.973,mole fraction H2S in the VAPOUR phase (Table 2
H2S_huang1985_h2s_073,H2S,471.95,3.25,total,none,0,,0.000000,0.000000,0.000000,0.000000,0.000000,0.000000,huang1985_h2s,"Huang, Leu, Ng & Robinson (1985) -- CO2-CH4-H2S-water mixture (per Shabani-Vilcaez2017 validation)",chromatography,,dew_point,,"feed mole fraction CH4 (dew-point boundary condition, Table 4)"
H2S_huang1985_h2s_074,H2S,463.75,2.7,total,none,0,,0.000000,0.000000,0.000000,0.000000,0.000000,0.000000,huang1985_h2s,"Huang, Leu, Ng & Robinson (1985) -- CO2-CH4-H2S-water mixture (per Shabani-Vilcaez2017 validation)",chromatography,,dew_point,,"feed mole fraction CO2 (dew-point boundary condition, Table 4)"
H2S_huang1985_h2s_075,H2S,449.85,1.94,total,none,0,,0.000000,0.000000,0.000000,0.000000,0.000000,0.000000,huang1985_h2s,"Huang, Leu, Ng & Robinson (1985) -- CO2-CH4-H2S-water mixture (per Shabani-Vilcaez2017 validation)",chromatography,,dew_point,,"feed mole fraction H2S (dew-point boundary condition, Table 4)"
H2S_huang1985_h2s_076,H2S,442.95,1.67,total,none,0,,0.000000,0.000000,0.000000,0.000000,0.000000,0.000000,huang1985_h2s,"Huang, Leu, Ng & Robinson (1985) -- CO2-CH4-H2S-water mixture (per Shabani-Vilcaez2017 validation)",chromatography,,dew_point,,"feed mole fraction H2O (dew-point boundary condition, Table 4)"
H2S_huang1985_h2s_077,H2S,436.25,1.39,total,none,0,,0.000000,0.000000,0.000000,0.000000,0.000000,0.000000,huang1985_h2s,"Huang, Leu, Ng & Robinson (1985) -- CO2-CH4-H2S-water mixture (per Shabani-Vilcaez2017 validation)",chromatography,,dew_point,,"feed mole fraction CH4 (dew-point boundary condition, Table 4)"
H2S_huang1985_h2s_078,H2S,421.95,0.95,total,none,0,,0.000000,0.000000,0.000000,0.000000,0.000000,0.000000,huang1985_h2s,"Huang, Leu, Ng & Robinson (1985) -- CO2-CH4-H2S-water mixture (per Shabani-Vilcaez2017 validation)",chromatography,,dew_point,,"feed mole fraction CO2 (dew-point boundary condition, Table 4)"
H2S_huang1985_h2s_079,H2S,408.15,0.64,total,none,0,,0.000000,0.000000,0.000000,0.000000,0.000000,0.000000,huang1985_h2s,"Huang, Leu, Ng & Robinson (1985) -- CO2-CH4-H2S-water mixture (per Shabani-Vilcaez2017 validation)",chromatography,,dew_point,,"feed mole fraction H2S (dew-point boundary condition, Table 4)"
H2S_huang1985_h2s_080,H2S,394.25,0.42,total,none,0,,0.000000,0.000000,0.000000,0.000000,0.000000,0.000000,huang1985_h2s,"Huang, Leu, Ng & Robinson (1985) -- CO2-CH4-H2S-water mixture (per Shabani-Vilcaez2017 validation)",chromatography,,dew_point,,"feed mole fraction H2O (dew-point boundary condition, Table 4)"
H2S_huang1985_h2s_081,H2S,393.95,0.42,total,none,0,,0.000000,0.000000,0.000000,0.000000,0.000000,0.000000,huang1985_h2s,"Huang, Leu, Ng & Robinson (1985) -- CO2-CH4-H2S-water mixture (per Shabani-Vilcaez2017 validation)",chromatography,,dew_point,,"feed mole fraction CH4 (dew-point boundary condition, Table 5)"
H2S_huang1985_h2s_082,H2S,421.75,0.97,total,none,0,,0.000000,0.000000,0.000000,0.000000,0.000000,0.000000,huang1985_h2s,"Huang, Leu, Ng & Robinson (1985) -- CO2-CH4-H2S-water mixture (per Shabani-Vilcaez2017 validation)",chromatography,,dew_point,,"feed mole fraction CO2 (dew-point boundary condition, Table 5)"
H2S_huang1985_h2s_083,H2S,449.85,1.95,total,none,0,,0.000000,0.000000,0.000000,0.000000,0.000000,0.000000,huang1985_h2s,"Huang, Leu, Ng & Robinson (1985) -- CO2-CH4-H2S-water mixture (per Shabani-Vilcaez2017 validation)",chromatography,,dew_point,,"feed mole fraction CH4 (dew-point boundary condition, Table 5)"
H2S_huang1985_h2s_084,H2S,463.85,2.7,total,none,0,,0.000000,0.000000,0.000000,0.000000,0.000000,0.000000,huang1985_h2s,"Huang, Leu, Ng & Robinson (1985) -- CO2-CH4-H2S-water mixture (per Shabani-Vilcaez2017 validation)",chromatography,,dew_point,,"feed mole fraction CO2 (dew-point boundary condition, Table 5)"
H2S_huang1985_h2s_085,H2S,477.85,3.7,total,none,0,,0.000000,0.000000,0.000000,0.000000,0.000000,0.000000,huang1985_h2s,"Huang, Leu, Ng & Robinson (1985) -- CO2-CH4-H2S-water mixture (per Shabani-Vilcaez2017 validation)",chromatography,,dew_point,,"feed mole fraction H2S (dew-point boundary condition, Table 5)"
H2S_huang1985_h2s_086,H2S,311.85,3.59,total,none,0,,0.000000,0.000000,0.000000,0.000000,0.000000,0.000000,huang1985_h2s,"Huang, Leu, Ng & Robinson (1985) -- CO2-CH4-H2S-water mixture (per Shabani-Vilcaez2017 validation)",chromatography,,three_phase,,"feed mole fraction CH4=0.0504 (three-phase dew point, Table 6, block 1)"
H2S_huang1985_h2s_087,H2S,322.15,4.5,total,none,0,,0.000000,0.000000,0.000000,0.000000,0.000000,0.000000,huang1985_h2s,"Huang, Leu, Ng & Robinson (1985) -- CO2-CH4-H2S-water mixture (per Shabani-Vilcaez2017 validation)",chromatography,,dew_point,,"feed mole fraction CO2=0.0502 (three-phase dew point, Table 6, block 1)"
H2S_huang1985_h2s_088,H2S,333.05,5.72,total,none,0,,0.000000,0.000000,0.000000,0.000000,0.000000,0.000000,huang1985_h2s,"Huang, Leu, Ng & Robinson (1985) -- CO2-CH4-H2S-water mixture (per Shabani-Vilcaez2017 validation)",chromatography,,dew_point,,"feed mole fraction H2S=0.3980 (three-phase dew point, Table 6, block 1)"
H2S_huang1985_h2s_089,H2S,344.15,7.23,total,none,0,,0.000000,0.000000,0.000000,0.000000,0.000000,0.000000,huang1985_h2s,"Huang, Leu, Ng & Robinson (1985) -- CO2-CH4-H2S-water mixture (per Shabani-Vilcaez2017 validation)",chromatography,,dew_point,,"feed mole fraction CH4=0.0498 (three-phase dew point, Table 6, block 2)"
H2S_huang1985_h2s_090,H2S,355.25,9.41,total,none,0,,0.000000,0.000000,0.000000,0.000000,0.000000,0.000000,huang1985_h2s,"Huang, Leu, Ng & Robinson (1985) -- CO2-CH4-H2S-water mixture (per Shabani-Vilcaez2017 validation)",chromatography,,dew_point,,"feed mole fraction CO2=0.0496 (three-phase dew point, Table 6, block 2)"
H2S_huang1985_h2s_091,H2S,310.85,7.81,total,none,0,,0.000000,0.000000,0.000000,0.000000,0.000000,0.000000,huang1985_h2s,"Huang, Leu, Ng & Robinson (1985) -- CO2-CH4-H2S-water mixture (per Shabani-Vilcaez2017 validation)",chromatography,,three_phase,,"feed mole fraction CH4=0.0501 (three-phase BUBBLE point, Table 6, block 3)"
H2S_huang1985_h2s_092,H2S,321.95,8.65,total,none,0,,0.000000,0.000000,0.000000,0.000000,0.000000,0.000000,huang1985_h2s,"Huang, Leu, Ng & Robinson (1985) -- CO2-CH4-H2S-water mixture (per Shabani-Vilcaez2017 validation)",chromatography,,three_phase,,"feed mole fraction CO2=0.0499 (three-phase BUBBLE point, Table 6, block 3)"
H2S_huang1985_h2s_093,H2S,333.05,9.47,total,none,0,,0.000000,0.000000,0.000000,0.000000,0.000000,0.000000,huang1985_h2s,"Huang, Leu, Ng & Robinson (1985) -- CO2-CH4-H2S-water mixture (per Shabani-Vilcaez2017 validation)",chromatography,,three_phase,,"feed mole fraction H2S=0.3998 (three-phase BUBBLE point, Table 6, block 3)"
H2S_huang1985_h2s_094,H2S,344.25,10.21,total,none,0,,0.000000,0.000000,0.000000,0.000000,0.000000,0.000000,huang1985_h2s,"Huang, Leu, Ng & Robinson (1985) -- CO2-CH4-H2S-water mixture (per Shabani-Vilcaez2017 validation)",chromatography,,three_phase,,"feed mole fraction H2O=0.5002 (three-phase BUBBLE point, Table 6, block 3)"
H2S_huang1985_h2s_095,H2S,349.15,10.52,total,none,0,,0.000000,0.000000,0.000000,0.000000,0.000000,0.000000,huang1985_h2s,"Huang, Leu, Ng & Robinson (1985) -- CO2-CH4-H2S-water mixture (per Shabani-Vilcaez2017 validation)",chromatography,,,,unlabeled fifth bubble point (no feed-component column value printed on this row; same block-3 mixture)
N2_japasfranck1985_n2_001,N2,480,23.7,total,none,0,,,,,,,,japasfranck1985_n2,Japas & Franck (1985),synthetic_visual,,,0.134,mole fraction H2O (isopleth/phase-boundary composition marker; NOT solubility-vs-P)
N2_japasfranck1985_n2_002,N2,524,50.4,total,none,0,,,,,,,,japasfranck1985_n2,Japas & Franck (1985),synthetic_visual,,,0.141,mole fraction H2O (isopleth/phase-boundary composition marker; NOT solubility-vs-P)
N2_japasfranck1985_n2_003,N2,540,72,total,none,0,,,,,,,,japasfranck1985_n2,Japas & Franck (1985),synthetic_visual,,,0.144,mole fraction H2O (isopleth/phase-boundary composition marker; NOT solubility-vs-P)
N2_japasfranck1985_n2_004,N2,550,90.5,total,none,0,,,,,,,,japasfranck1985_n2,Japas & Franck (1985),synthetic_visual,,,0.144,mole fraction H2O (isopleth/phase-boundary composition marker; NOT solubility-vs-P)
N2_japasfranck1985_n2_005,N2,560,122,total,none,0,,,,,,,,japasfranck1985_n2,Japas & Franck (1985),synthetic_visual,,,0.1445,mole fraction H2O (isopleth/phase-boundary composition marker; NOT solubility-vs-P)
N2_japasfranck1985_n2_006,N2,572,162.3,total,none,0,,,,,,,,japasfranck1985_n2,Japas & Franck (1985),synthetic_visual,,,0.145,mole fraction H2O (isopleth/phase-boundary composition marker; NOT solubility-vs-P)
N2_japasfranck1985_n2_007,N2,577,183.5,total,none,0,,,,,,,,japasfranck1985_n2,Japas & Franck (1985),synthetic_visual,,,0.1455,mole fraction H2O (isopleth/phase-boundary composition marker; NOT solubility-vs-P)
N2_japasfranck1985_n2_008,N2,580,200.4,total,none,0,,,,,,,,japasfranck1985_n2,Japas & Franck (1985),synthetic_visual,,,0.146,mole fraction H2O (isopleth/phase-boundary composition marker; NOT solubility-vs-P)
N2_japasfranck1985_n2_009,N2,588,240,total,none,0,,,,,,,,japasfranck1985_n2,Japas & Franck (1985),synthetic_visual,,,0.146,mole fraction H2O (isopleth/phase-boundary composition marker; NOT solubility-vs-P)
N2_japasfranck1985_n2_010,N2,543,24.9,total,none,0,,,,,,,,japasfranck1985_n2,Japas & Franck (1985),synthetic_visual,,,0.338,mole fraction H2O (isopleth/phase-boundary composition marker; NOT solubility-vs-P)
N2_japasfranck1985_n2_011,N2,572,43.5,total,none,0,,,,,,,,japasfranck1985_n2,Japas & Franck (1985),synthetic_visual,,,0.342,mole fraction H2O (isopleth/phase-boundary composition marker; NOT solubility-vs-P)
N2_japasfranck1985_n2_012,N2,591,68.2,total,none,0,,,,,,,,japasfranck1985_n2,Japas & Franck (1985),synthetic_visual,,,0.344,mole fraction H2O (isopleth/phase-boundary composition marker; NOT solubility-vs-P)
N2_japasfranck1985_n2_013,N2,607,102,total,none,0,,,,,,,,japasfranck1985_n2,Japas & Franck (1985),synthetic_visual,,,0.346,mole fraction H2O (isopleth/phase-boundary composition marker; NOT solubility-vs-P)
N2_japasfranck1985_n2_014,N2,617,131,total,none,0,,,,,,,,japasfranck1985_n2,Japas & Franck (1985),synthetic_visual,,,0.346,mole fraction H2O (isopleth/phase-boundary composition marker; NOT solubility-vs-P)
N2_japasfranck1985_n2_015,N2,628,164,total,none,0,,,,,,,,japasfranck1985_n2,Japas & Franck (1985),synthetic_visual,,,0.347,mole fraction H2O (isopleth/phase-boundary composition marker; NOT solubility-vs-P)
N2_japasfranck1985_n2_016,N2,632,189.4,total,none,0,,,,,,,,japasfranck1985_n2,Japas & Franck (1985),synthetic_visual,,,0.347,mole fraction H2O (isopleth/phase-boundary composition marker; NOT solubility-vs-P)
N2_japasfranck1985_n2_017,N2,640,234.7,total,none,0,,,,,,,,japasfranck1985_n2,Japas & Franck (1985),synthetic_visual,,,0.347,mole fraction H2O (isopleth/phase-boundary composition marker; NOT solubility-vs-P)
N2_japasfranck1985_n2_018,N2,646,270.5,total,none,0,,,,,,,,japasfranck1985_n2,Japas & Franck (1985),synthetic_visual,,,0.347,mole fraction H2O (isopleth/phase-boundary composition marker; NOT solubility-vs-P)
N2_japasfranck1985_n2_019,N2,583,31.8,total,none,0,,,,,,,,japasfranck1985_n2,Japas & Franck (1985),synthetic_visual,,,0.493,mole fraction H2O (isopleth/phase-boundary composition marker; NOT solubility-vs-P)
N2_japasfranck1985_n2_020,N2,611,55.5,total,none,0,,,,,,,,japasfranck1985_n2,Japas & Franck (1985),synthetic_visual,,,0.495,mole fraction H2O (isopleth/phase-boundary composition marker; NOT solubility-vs-P)
N2_japasfranck1985_n2_021,N2,625,87.5,total,none,0,,,,,,,,japasfranck1985_n2,Japas & Franck (1985),synthetic_visual,,,0.497,mole fraction H2O (isopleth/phase-boundary composition marker; NOT solubility-vs-P)
N2_japasfranck1985_n2_022,N2,633,114.2,total,none,0,,,,,,,,japasfranck1985_n2,Japas & Franck (1985),synthetic_visual,,,0.497,mole fraction H2O (isopleth/phase-boundary composition marker; NOT solubility-vs-P)
N2_japasfranck1985_n2_023,N2,640,150.4,total,none,0,,,,,,,,japasfranck1985_n2,Japas & Franck (1985),synthetic_visual,,,0.498,mole fraction H2O (isopleth/phase-boundary composition marker; NOT solubility-vs-P)
N2_japasfranck1985_n2_024,N2,649,200.2,total,none,0,,,,,,,,japasfranck1985_n2,Japas & Franck (1985),synthetic_visual,,,0.498,mole fraction H2O (isopleth/phase-boundary composition marker; NOT solubility-vs-P)
N2_japasfranck1985_n2_025,N2,656,244,total,none,0,,,,,,,,japasfranck1985_n2,Japas & Franck (1985),synthetic_visual,,,0.498,mole fraction H2O (isopleth/phase-boundary composition marker; NOT solubility-vs-P)
N2_japasfranck1985_n2_026,N2,563,15.5,total,none,0,,,,,,,,japasfranck1985_n2,Japas & Franck (1985),synthetic_visual,,,0.641,mole fraction H2O (isopleth/phase-boundary composition marker; NOT solubility-vs-P)
N2_japasfranck1985_n2_027,N2,617,36.5,total,none,0,,,,,,,,japasfranck1985_n2,Japas & Franck (1985),synthetic_visual,,,0.646,mole fraction H2O (isopleth/phase-boundary composition marker; NOT solubility-vs-P)
N2_japasfranck1985_n2_028,N2,629,58.5,total,none,0,,,,,,,,japasfranck1985_n2,Japas & Franck (1985),synthetic_visual,,,0.647,mole fraction H2O (isopleth/phase-boundary composition marker; NOT solubility-vs-P)
N2_japasfranck1985_n2_029,N2,631,69.3,total,none,0,,,,,,,,japasfranck1985_n2,Japas & Franck (1985),synthetic_visual,,,0.648,mole fraction H2O (isopleth/phase-boundary composition marker; NOT solubility-vs-P)
N2_japasfranck1985_n2_030,N2,640,105,total,none,0,,,,,,,,japasfranck1985_n2,Japas & Franck (1985),synthetic_visual,,,0.648,mole fraction H2O (isopleth/phase-boundary composition marker; NOT solubility-vs-P)
N2_japasfranck1985_n2_031,N2,650,166.5,total,none,0,,,,,,,,japasfranck1985_n2,Japas & Franck (1985),synthetic_visual,,,0.649,mole fraction H2O (isopleth/phase-boundary composition marker; NOT solubility-vs-P)
N2_japasfranck1985_n2_032,N2,653,192,total,none,0,,,,,,,,japasfranck1985_n2,Japas & Franck (1985),synthetic_visual,,,0.649,mole fraction H2O (isopleth/phase-boundary composition marker; NOT solubility-vs-P)
N2_japasfranck1985_n2_033,N2,657,235.5,total,none,0,,,,,,,,japasfranck1985_n2,Japas & Franck (1985),synthetic_visual,,,0.649,mole fraction H2O (isopleth/phase-boundary composition marker; NOT solubility-vs-P)
N2_japasfranck1985_n2_034,N2,603,21.2,total,none,0,,,,,,,,japasfranck1985_n2,Japas & Franck (1985),synthetic_visual,,,0.745,mole fraction H2O (isopleth/phase-boundary composition marker; NOT solubility-vs-P)
N2_japasfranck1985_n2_035,N2,627,33.6,total,none,0,,,,,,,,japasfranck1985_n2,Japas & Franck (1985),synthetic_visual,,,0.747,mole fraction H2O (isopleth/phase-boundary composition marker; NOT solubility-vs-P)
N2_japasfranck1985_n2_036,N2,631,44,total,none,0,,,,,,,,japasfranck1985_n2,Japas & Franck (1985),synthetic_visual,,,0.748,mole fraction H2O (isopleth/phase-boundary composition marker; NOT solubility-vs-P)
N2_japasfranck1985_n2_037,N2,635,57.8,total,none,0,,,,,,,,japasfranck1985_n2,Japas & Franck (1985),synthetic_visual,,,0.748,mole fraction H2O (isopleth/phase-boundary composition marker; NOT solubility-vs-P)
N2_japasfranck1985_n2_038,N2,638,75.5,total,none,0,,,,,,,,japasfranck1985_n2,Japas & Franck (1985),synthetic_visual,,,0.749,mole fraction H2O (isopleth/phase-boundary composition marker; NOT solubility-vs-P)
N2_japasfranck1985_n2_039,N2,641,98.3,total,none,0,,,,,,,,japasfranck1985_n2,Japas & Franck (1985),synthetic_visual,,,0.749,mole fraction H2O (isopleth/phase-boundary composition marker; NOT solubility-vs-P)
N2_japasfranck1985_n2_040,N2,645,128.2,total,none,0,,,,,,,,japasfranck1985_n2,Japas & Franck (1985),synthetic_visual,,,0.749,mole fraction H2O (isopleth/phase-boundary composition marker; NOT solubility-vs-P)
N2_japasfranck1985_n2_041,N2,647,157,total,none,0,,,,,,,,japasfranck1985_n2,Japas & Franck (1985),synthetic_visual,,,0.749,mole fraction H2O (isopleth/phase-boundary composition marker; NOT solubility-vs-P)
N2_japasfranck1985_n2_042,N2,652,201.3,total,none,0,,,,,,,,japasfranck1985_n2,Japas & Franck (1985),synthetic_visual,,,0.749,mole fraction H2O (isopleth/phase-boundary composition marker; NOT solubility-vs-P)
N2_japasfranck1985_n2_043,N2,658,262,total,none,0,,,,,,,,japasfranck1985_n2,Japas & Franck (1985),synthetic_visual,,,0.749,mole fraction H2O (isopleth/phase-boundary composition marker; NOT solubility-vs-P)
N2_japasfranck1985_n2_044,N2,638,41.2,total,none,0,,,,,,,,japasfranck1985_n2,Japas & Franck (1985),synthetic_visual,,,0.849,mole fraction H2O (isopleth/phase-boundary composition marker; NOT solubility-vs-P)
N2_japasfranck1985_n2_045,N2,640,50,total,none,0,,,,,,,,japasfranck1985_n2,Japas & Franck (1985),synthetic_visual,,,0.849,mole fraction H2O (isopleth/phase-boundary composition marker; NOT solubility-vs-P)
N2_japasfranck1985_n2_046,N2,640,58.7,total,none,0,,,,,,,,japasfranck1985_n2,Japas & Franck (1985),synthetic_visual,,,0.849,mole fraction H2O (isopleth/phase-boundary composition marker; NOT solubility-vs-P)
N2_japasfranck1985_n2_047,N2,640,72,total,none,0,,,,,,,,japasfranck1985_n2,Japas & Franck (1985),synthetic_visual,,,0.849,mole fraction H2O (isopleth/phase-boundary composition marker; NOT solubility-vs-P)
N2_japasfranck1985_n2_048,N2,637,103.6,total,none,0,,,,,,,,japasfranck1985_n2,Japas & Franck (1985),synthetic_visual,,,0.8495,mole fraction H2O (isopleth/phase-boundary composition marker; NOT solubility-vs-P)
N2_japasfranck1985_n2_049,N2,634,140.5,total,none,0,,,,,,,,japasfranck1985_n2,Japas & Franck (1985),synthetic_visual,,,0.8495,mole fraction H2O (isopleth/phase-boundary composition marker; NOT solubility-vs-P)
N2_japasfranck1985_n2_050,N2,638,201,total,none,0,,,,,,,,japasfranck1985_n2,Japas & Franck (1985),synthetic_visual,,,0.8495,mole fraction H2O (isopleth/phase-boundary composition marker; NOT solubility-vs-P)
N2_japasfranck1985_n2_051,N2,641,46.8,total,none,0,,,,,,,,japasfranck1985_n2,Japas & Franck (1985),synthetic_visual,,,0.899,mole fraction H2O (isopleth/phase-boundary composition marker; NOT solubility-vs-P)
N2_japasfranck1985_n2_052,N2,636,66.5,total,none,0,,,,,,,,japasfranck1985_n2,Japas & Franck (1985),synthetic_visual,,,0.9,mole fraction H2O (isopleth/phase-boundary composition marker; NOT solubility-vs-P)
N2_japasfranck1985_n2_053,N2,628,113.5,total,none,0,,,,,,,,japasfranck1985_n2,Japas & Franck (1985),synthetic_visual,,,0.9,mole fraction H2O (isopleth/phase-boundary composition marker; NOT solubility-vs-P)
N2_japasfranck1985_n2_054,N2,625,145.5,total,none,0,,,,,,,,japasfranck1985_n2,Japas & Franck (1985),synthetic_visual,,,0.9,mole fraction H2O (isopleth/phase-boundary composition marker; NOT solubility-vs-P)
N2_japasfranck1985_n2_055,N2,620,197.5,total,none,0,,,,,,,,japasfranck1985_n2,Japas & Franck (1985),synthetic_visual,,,0.9,mole fraction H2O (isopleth/phase-boundary composition marker; NOT solubility-vs-P)
N2_japasfranck1985_n2_056,N2,633,57,total,none,0,,,,,,,,japasfranck1985_n2,Japas & Franck (1985),synthetic_visual,,,0.93,mole fraction H2O (isopleth/phase-boundary composition marker; NOT solubility-vs-P)
N2_japasfranck1985_n2_057,N2,623,74,total,none,0,,,,,,,,japasfranck1985_n2,Japas & Franck (1985),synthetic_visual,,,0.93,mole fraction H2O (isopleth/phase-boundary composition marker; NOT solubility-vs-P)
N2_japasfranck1985_n2_058,N2,613,109,total,none,0,,,,,,,,japasfranck1985_n2,Japas & Franck (1985),synthetic_visual,,,0.93,mole fraction H2O (isopleth/phase-boundary composition marker; NOT solubility-vs-P)
N2_japasfranck1985_n2_059,N2,608,137,total,none,0,,,,,,,,japasfranck1985_n2,Japas & Franck (1985),synthetic_visual,,,0.93,mole fraction H2O (isopleth/phase-boundary composition marker; NOT solubility-vs-P)
N2_japasfranck1985_n2_060,N2,604,200,total,none,0,,,,,,,,japasfranck1985_n2,Japas & Franck (1985),synthetic_visual,,,0.93,mole fraction H2O (isopleth/phase-boundary composition marker; NOT solubility-vs-P)
N2_japasfranck1985_n2_061,N2,633,43,total,none,0,,,,,,,,japasfranck1985_n2,Japas & Franck (1985),synthetic_visual,,,0.95,mole fraction H2O (isopleth/phase-boundary composition marker; NOT solubility-vs-P)
N2_japasfranck1985_n2_062,N2,623,51,total,none,0,,,,,,,,japasfranck1985_n2,Japas & Franck (1985),synthetic_visual,,,0.95,mole fraction H2O (isopleth/phase-boundary composition marker; NOT solubility-vs-P)
N2_japasfranck1985_n2_063,N2,613,63,total,none,0,,,,,,,,japasfranck1985_n2,Japas & Franck (1985),synthetic_visual,,,0.95,mole fraction H2O (isopleth/phase-boundary composition marker; NOT solubility-vs-P)
N2_japasfranck1985_n2_064,N2,603,85,total,none,0,,,,,,,,japasfranck1985_n2,Japas & Franck (1985),synthetic_visual,,,0.95,mole fraction H2O (isopleth/phase-boundary composition marker; NOT solubility-vs-P)
N2_japasfranck1985_n2_065,N2,593,116,total,none,0,,,,,,,,japasfranck1985_n2,Japas & Franck (1985),synthetic_visual,,,0.95,mole fraction H2O (isopleth/phase-boundary composition marker; NOT solubility-vs-P)
N2_japasfranck1985_n2_066,N2,583,169,total,none,0,,,,,,,,japasfranck1985_n2,Japas & Franck (1985),synthetic_visual,,,0.95,mole fraction H2O (isopleth/phase-boundary composition marker; NOT solubility-vs-P)
N2_japasfranck1985_n2_067,N2,580,200,total,none,0,,,,,,,,japasfranck1985_n2,Japas & Franck (1985),synthetic_visual,,,0.95,mole fraction H2O (isopleth/phase-boundary composition marker; NOT solubility-vs-P)
N2_japasfranck1985_n2_068,N2,633,37,total,none,0,,,,,,,,japasfranck1985_n2,Japas & Franck (1985),synthetic_visual,,,0.96,mole fraction H2O (isopleth/phase-boundary composition marker; NOT solubility-vs-P)
N2_japasfranck1985_n2_069,N2,623,43,total,none,0,,,,,,,,japasfranck1985_n2,Japas & Franck (1985),synthetic_visual,,,0.96,mole fraction H2O (isopleth/phase-boundary composition marker; NOT solubility-vs-P)
N2_japasfranck1985_n2_070,N2,613,53,total,none,0,,,,,,,,japasfranck1985_n2,Japas & Franck (1985),synthetic_visual,,,0.96,mole fraction H2O (isopleth/phase-boundary composition marker; NOT solubility-vs-P)
N2_japasfranck1985_n2_071,N2,603,63,total,none,0,,,,,,,,japasfranck1985_n2,Japas & Franck (1985),synthetic_visual,,,0.96,mole fraction H2O (isopleth/phase-boundary composition marker; NOT solubility-vs-P)
N2_japasfranck1985_n2_072,N2,593,83,total,none,0,,,,,,,,japasfranck1985_n2,Japas & Franck (1985),synthetic_visual,,,0.96,mole fraction H2O (isopleth/phase-boundary composition marker; NOT solubility-vs-P)
N2_japasfranck1985_n2_073,N2,583,105,total,none,0,,,,,,,,japasfranck1985_n2,Japas & Franck (1985),synthetic_visual,,,0.96,mole fraction H2O (isopleth/phase-boundary composition marker; NOT solubility-vs-P)
N2_japasfranck1985_n2_074,N2,573,131,total,none,0,,,,,,,,japasfranck1985_n2,Japas & Franck (1985),synthetic_visual,,,0.96,mole fraction H2O (isopleth/phase-boundary composition marker; NOT solubility-vs-P)
N2_japasfranck1985_n2_075,N2,568,150,total,none,0,,,,,,,,japasfranck1985_n2,Japas & Franck (1985),synthetic_visual,,,0.96,mole fraction H2O (isopleth/phase-boundary composition marker; NOT solubility-vs-P)
N2_japasfranck1985_n2_076,N2,560,200,total,none,0,,,,,,,,japasfranck1985_n2,Japas & Franck (1985),synthetic_visual,,,0.96,mole fraction H2O (isopleth/phase-boundary composition marker; NOT solubility-vs-P)
N2_japasfranck1985_n2_077,N2,633,31,total,none,0,,,,,,,,japasfranck1985_n2,Japas & Franck (1985),synthetic_visual,,,0.97,mole fraction H2O (isopleth/phase-boundary composition marker; NOT solubility-vs-P)
N2_japasfranck1985_n2_078,N2,623,35.5,total,none,0,,,,,,,,japasfranck1985_n2,Japas & Franck (1985),synthetic_visual,,,0.97,mole fraction H2O (isopleth/phase-boundary composition marker; NOT solubility-vs-P)
N2_japasfranck1985_n2_079,N2,613,40,total,none,0,,,,,,,,japasfranck1985_n2,Japas & Franck (1985),synthetic_visual,,,0.97,mole fraction H2O (isopleth/phase-boundary composition marker; NOT solubility-vs-P)
N2_japasfranck1985_n2_080,N2,603,45,total,none,0,,,,,,,,japasfranck1985_n2,Japas & Franck (1985),synthetic_visual,,,0.97,mole fraction H2O (isopleth/phase-boundary composition marker; NOT solubility-vs-P)
N2_japasfranck1985_n2_081,N2,593,51,total,none,0,,,,,,,,japasfranck1985_n2,Japas & Franck (1985),synthetic_visual,,,0.97,mole fraction H2O (isopleth/phase-boundary composition marker; NOT solubility-vs-P)
N2_japasfranck1985_n2_082,N2,583,62,total,none,0,,,,,,,,japasfranck1985_n2,Japas & Franck (1985),synthetic_visual,,,0.97,mole fraction H2O (isopleth/phase-boundary composition marker; NOT solubility-vs-P)
N2_japasfranck1985_n2_083,N2,573,74,total,none,0,,,,,,,,japasfranck1985_n2,Japas & Franck (1985),synthetic_visual,,,0.97,mole fraction H2O (isopleth/phase-boundary composition marker; NOT solubility-vs-P)
N2_japasfranck1985_n2_084,N2,540,150,total,none,0,,,,,,,,japasfranck1985_n2,Japas & Franck (1985),synthetic_visual,,,0.97,mole fraction H2O (isopleth/phase-boundary composition marker; NOT solubility-vs-P)
N2_japasfranck1985_n2_085,N2,529,200,total,none,0,,,,,,,,japasfranck1985_n2,Japas & Franck (1985),synthetic_visual,,,0.97,mole fraction H2O (isopleth/phase-boundary composition marker; NOT solubility-vs-P)
N2_japasfranck1985_n2_086,N2,633,26,total,none,0,,,,,,,,japasfranck1985_n2,Japas & Franck (1985),synthetic_visual,,,0.98,mole fraction H2O (isopleth/phase-boundary composition marker; NOT solubility-vs-P)
N2_japasfranck1985_n2_087,N2,623,28,total,none,0,,,,,,,,japasfranck1985_n2,Japas & Franck (1985),synthetic_visual,,,0.98,mole fraction H2O (isopleth/phase-boundary composition marker; NOT solubility-vs-P)
N2_japasfranck1985_n2_088,N2,613,29,total,none,0,,,,,,,,japasfranck1985_n2,Japas & Franck (1985),synthetic_visual,,,0.98,mole fraction H2O (isopleth/phase-boundary composition marker; NOT solubility-vs-P)
N2_japasfranck1985_n2_089,N2,603,31,total,none,0,,,,,,,,japasfranck1985_n2,Japas & Franck (1985),synthetic_visual,,,0.98,mole fraction H2O (isopleth/phase-boundary composition marker; NOT solubility-vs-P)
N2_japasfranck1985_n2_090,N2,593,34,total,none,0,,,,,,,,japasfranck1985_n2,Japas & Franck (1985),synthetic_visual,,,0.98,mole fraction H2O (isopleth/phase-boundary composition marker; NOT solubility-vs-P)
N2_japasfranck1985_n2_091,N2,583,38,total,none,0,,,,,,,,japasfranck1985_n2,Japas & Franck (1985),synthetic_visual,,,0.98,mole fraction H2O (isopleth/phase-boundary composition marker; NOT solubility-vs-P)
N2_japasfranck1985_n2_092,N2,573,44,total,none,0,,,,,,,,japasfranck1985_n2,Japas & Franck (1985),synthetic_visual,,,0.98,mole fraction H2O (isopleth/phase-boundary composition marker; NOT solubility-vs-P)
N2_japasfranck1985_n2_093,N2,523,105,total,none,0,,,,,,,,japasfranck1985_n2,Japas & Franck (1985),synthetic_visual,,,0.98,mole fraction H2O (isopleth/phase-boundary composition marker; NOT solubility-vs-P)
N2_japasfranck1985_n2_094,N2,633,22,total,none,0,,,,,,,,japasfranck1985_n2,Japas & Franck (1985),synthetic_visual,,,0.99,mole fraction H2O (isopleth/phase-boundary composition marker; NOT solubility-vs-P)
N2_japasfranck1985_n2_095,N2,623,21,total,none,0,,,,,,,,japasfranck1985_n2,Japas & Franck (1985),synthetic_visual,,,0.99,mole fraction H2O (isopleth/phase-boundary composition marker; NOT solubility-vs-P)
N2_japasfranck1985_n2_096,N2,603,20.5,total,none,0,,,,,,,,japasfranck1985_n2,Japas & Franck (1985),synthetic_visual,,,0.99,mole fraction H2O (isopleth/phase-boundary composition marker; NOT solubility-vs-P)
N2_japasfranck1985_n2_097,N2,573,24,total,none,0,,,,,,,,japasfranck1985_n2,Japas & Franck (1985),synthetic_visual,,,0.99,mole fraction H2O (isopleth/phase-boundary composition marker; NOT solubility-vs-P)
N2_japasfranck1985_n2_098,N2,523,39,total,none,0,,,,,,,,japasfranck1985_n2,Japas & Franck (1985),synthetic_visual,,,0.99,mole fraction H2O (isopleth/phase-boundary composition marker; NOT solubility-vs-P)
N2_japasfranck1985_n2_099,N2,647,22.1,total,none,0,,,,,,,,japasfranck1985_n2,Japas & Franck (1985),synthetic_visual,,,1.0,mole fraction H2O at the critical point for this Pc (critical curve coordinate; NOT solubility)
N2_japasfranck1985_n2_100,N2,643,30,total,none,0,,,,,,,,japasfranck1985_n2,Japas & Franck (1985),synthetic_visual,,,0.95,mole fraction H2O at the critical point for this Pc (critical curve coordinate; NOT solubility)
N2_japasfranck1985_n2_101,N2,641,40,total,none,0,,,,,,,,japasfranck1985_n2,Japas & Franck (1985),synthetic_visual,,,0.91,mole fraction H2O at the critical point for this Pc (critical curve coordinate; NOT solubility)
N2_japasfranck1985_n2_102,N2,641,50,total,none,0,,,,,,,,japasfranck1985_n2,Japas & Franck (1985),synthetic_visual,,,0.88,mole fraction H2O at the critical point for this Pc (critical curve coordinate; NOT solubility)
N2_japasfranck1985_n2_103,N2,640,75,total,none,0,,,,,,,,japasfranck1985_n2,Japas & Franck (1985),synthetic_visual,,,0.8,mole fraction H2O at the critical point for this Pc (critical curve coordinate; NOT solubility)
N2_japasfranck1985_n2_104,N2,642,100,total,none,0,,,,,,,,japasfranck1985_n2,Japas & Franck (1985),synthetic_visual,,,0.75,mole fraction H2O at the critical point for this Pc (critical curve coordinate; NOT solubility)
N2_japasfranck1985_n2_105,N2,648,150,total,none,0,,,,,,,,japasfranck1985_n2,Japas & Franck (1985),synthetic_visual,,,0.685,mole fraction H2O at the critical point for this Pc (critical curve coordinate; NOT solubility)
N2_japasfranck1985_n2_106,N2,655,200,total,none,0,,,,,,,,japasfranck1985_n2,Japas & Franck (1985),synthetic_visual,,,0.65,mole fraction H2O at the critical point for this Pc (critical curve coordinate; NOT solubility)
N2_japasfranck1985_n2_107,N2,659,250,total,none,0,,,,,,,,japasfranck1985_n2,Japas & Franck (1985),synthetic_visual,,,0.625,mole fraction H2O at the critical point for this Pc (critical curve coordinate; NOT solubility)
N2_langservio2014_n2_001,N2,275.1,2.7,total,none,0,,,,,,,,langservio2014_n2,Lang & Servio (2014),analytical_sampling,,hydrate,0.001 85,mole fraction N2 in the H-Lw-V liquid (mixture)
N2_langservio2014_n2_002,N2,275.1,2.8,total,none,0,,,,,,,,langservio2014_n2,Lang & Servio (2014),analytical_sampling,,hydrate,0.002 07,mole fraction N2 in the H-Lw-V liquid (mixture)
N2_langservio2014_n2_003,N2,275.1,2.8,total,none,0,,,,,,,,langservio2014_n2,Lang & Servio (2014),analytical_sampling,,hydrate,0.001 82,mole fraction N2 in the H-Lw-V liquid (mixture)
N2_langservio2014_n2_004,N2,275.1,5.6,total,none,0,,,,,,,,langservio2014_n2,Lang & Servio (2014),analytical_sampling,,hydrate,0.002 45,mole fraction N2 in the H-Lw-V liquid (mixture)
N2_langservio2014_n2_005,N2,275.1,5.6,total,none,0,,,,,,,,langservio2014_n2,Lang & Servio (2014),analytical_sampling,,hydrate,0.002 22,mole fraction N2 in the H-Lw-V liquid (mixture)
N2_langservio2014_n2_006,N2,275.1,9.5,total,none,0,,,,,,,,langservio2014_n2,Lang & Servio (2014),analytical_sampling,,hydrate,0.006 10,mole fraction N2 in the H-Lw-V liquid (mixture)
N2_langservio2014_n2_007,N2,275.1,9.5,total,none,0,,,,,,,,langservio2014_n2,Lang & Servio (2014),analytical_sampling,,hydrate,0.002 63,mole fraction N2 in the H-Lw-V liquid (mixture)
N2_langservio2014_n2_008,N2,275.2,9.5,total,none,0,,,,,,,,langservio2014_n2,Lang & Servio (2014),analytical_sampling,,hydrate,0.004 23,mole fraction N2 in the H-Lw-V liquid (mixture)
N2_langservio2014_n2_009,N2,275.2,9.5,total,none,0,,,,,,,,langservio2014_n2,Lang & Servio (2014),analytical_sampling,,hydrate,0.002 55,mole fraction N2 in the H-Lw-V liquid (mixture)
N2_langservio2014_n2_010,N2,275.2,9.5,total,none,0,,,,,,,,langservio2014_n2,Lang & Servio (2014),analytical_sampling,,hydrate,0.002 86,mole fraction N2 in the H-Lw-V liquid (mixture)
N2_langservio2014_n2_011,N2,277.1,3.2,total,none,0,,,,,,,,langservio2014_n2,Lang & Servio (2014),analytical_sampling,,hydrate,0.001 84,mole fraction N2 in the H-Lw-V liquid (mixture)
N2_langservio2014_n2_012,N2,277.2,3.3,total,none,0,,,,,,,,langservio2014_n2,Lang & Servio (2014),analytical_sampling,,hydrate,0.001 57,mole fraction N2 in the H-Lw-V liquid (mixture)
N2_langservio2014_n2_013,N2,277.2,3.3,total,none,0,,,,,,,,langservio2014_n2,Lang & Servio (2014),analytical_sampling,,hydrate,0.001 98,mole fraction N2 in the H-Lw-V liquid (mixture)
N2_langservio2014_n2_014,N2,277.1,6.1,total,none,0,,,,,,,,langservio2014_n2,Lang & Servio (2014),analytical_sampling,,hydrate,0.002 39,mole fraction N2 in the H-Lw-V liquid (mixture)
N2_langservio2014_n2_015,N2,277.1,6.2,total,none,0,,,,,,,,langservio2014_n2,Lang & Servio (2014),analytical_sampling,,hydrate,0.002 14,mole fraction N2 in the H-Lw-V liquid (mixture)
N2_langservio2014_n2_016,N2,277.1,13.2,total,none,0,,,,,,,,langservio2014_n2,Lang & Servio (2014),analytical_sampling,,hydrate,0.006 57,mole fraction N2 in the H-Lw-V liquid (mixture)
N2_langservio2014_n2_017,N2,277.1,13.2,total,none,0,,,,,,,,langservio2014_n2,Lang & Servio (2014),analytical_sampling,,hydrate,0.006 59,mole fraction N2 in the H-Lw-V liquid (mixture)
N2_langservio2014_n2_018,N2,277.1,13.3,total,none,0,,,,,,,,langservio2014_n2,Lang & Servio (2014),analytical_sampling,,hydrate,0.005 25,mole fraction N2 in the H-Lw-V liquid (mixture)
N2_langservio2014_n2_019,N2,277.1,13.3,total,none,0,,,,,,,,langservio2014_n2,Lang & Servio (2014),analytical_sampling,,hydrate,0.006 58,mole fraction N2 in the H-Lw-V liquid (mixture)
N2_langservio2014_n2_020,N2,277.1,13.4,total,none,0,,,,,,,,langservio2014_n2,Lang & Servio (2014),analytical_sampling,,hydrate,0.005 53,mole fraction N2 in the H-Lw-V liquid (mixture)
N2_langservio2014_n2_021,N2,279.2,3.9,total,none,0,,,,,,,,langservio2014_n2,Lang & Servio (2014),analytical_sampling,,hydrate,0.001 91,mole fraction N2 in the H-Lw-V liquid (mixture)
N2_langservio2014_n2_022,N2,279.2,4,total,none,0,,,,,,,,langservio2014_n2,Lang & Servio (2014),analytical_sampling,,hydrate,0.001 86,mole fraction N2 in the H-Lw-V liquid (mixture)
N2_langservio2014_n2_023,N2,279.1,7.3,total,none,0,,,,,,,,langservio2014_n2,Lang & Servio (2014),analytical_sampling,,hydrate,0.002 24,mole fraction N2 in the H-Lw-V liquid (mixture)
N2_langservio2014_n2_024,N2,279.1,7.3,total,none,0,,,,,,,,langservio2014_n2,Lang & Servio (2014),analytical_sampling,,hydrate,0.002 07,mole fraction N2 in the H-Lw-V liquid (mixture)
N2_langservio2014_n2_025,N2,279.1,13.9,total,none,0,,,,,,,,langservio2014_n2,Lang & Servio (2014),analytical_sampling,,hydrate,0.005 82,mole fraction N2 in the H-Lw-V liquid (mixture)
N2_langservio2014_n2_026,N2,279.2,13.9,total,none,0,,,,,,,,langservio2014_n2,Lang & Servio (2014),analytical_sampling,,hydrate,0.002 92,mole fraction N2 in the H-Lw-V liquid (mixture)
N2_langservio2014_n2_027,N2,279.2,14,total,none,0,,,,,,,,langservio2014_n2,Lang & Servio (2014),analytical_sampling,,hydrate,0.006 03,mole fraction N2 in the H-Lw-V liquid (mixture)
N2_vanhinsberg1993_n2_001,N2,644,65,total,none,0,,,,,,,,vanhinsberg1993_n2,"van Hinsberg, Verbrugge & Schouten (1993)",synthetic_visual,digitized_from_figure,,67 mol% H2O (33 mol% N2),"isopleth composition (not a solubility value -- this figure is a P-T fluid-fluid transition locus at fixed 67 mol% H2O, not a solubility-vs-P/T curve)"
N2_vanhinsberg1993_n2_002,N2,647,95,total,none,0,,,,,,,,vanhinsberg1993_n2,"van Hinsberg, Verbrugge & Schouten (1993)",synthetic_visual,digitized_from_figure,,67 mol% H2O (33 mol% N2),isopleth composition
N2_vanhinsberg1993_n2_003,N2,650,120,total,none,0,,,,,,,,vanhinsberg1993_n2,"van Hinsberg, Verbrugge & Schouten (1993)",synthetic_visual,digitized_from_figure,,67 mol% H2O (33 mol% N2),isopleth composition
N2_vanhinsberg1993_n2_004,N2,656,259,total,none,0,,,,,,,,vanhinsberg1993_n2,"van Hinsberg, Verbrugge & Schouten (1993)",synthetic_visual,digitized_from_figure,,67 mol% H2O (33 mol% N2),isopleth composition
N2_vanhinsberg1993_n2_005,N2,660,403,total,none,0,,,,,,,,vanhinsberg1993_n2,"van Hinsberg, Verbrugge & Schouten (1993)",synthetic_visual,digitized_from_figure,,67 mol% H2O (33 mol% N2),isopleth composition
N2_vanhinsberg1993_n2_006,N2,668,457,total,none,0,,,,,,,,vanhinsberg1993_n2,"van Hinsberg, Verbrugge & Schouten (1993)",synthetic_visual,digitized_from_figure,,67 mol% H2O (33 mol% N2),isopleth composition
N2_vanhinsberg1993_n2_007,N2,681,543,total,none,0,,,,,,,,vanhinsberg1993_n2,"van Hinsberg, Verbrugge & Schouten (1993)",synthetic_visual,digitized_from_figure,,67 mol% H2O (33 mol% N2),isopleth composition
N2_vanhinsberg1993_n2_008,N2,690,589,total,none,0,,,,,,,,vanhinsberg1993_n2,"van Hinsberg, Verbrugge & Schouten (1993)",synthetic_visual,digitized_from_figure,,67 mol% H2O (33 mol% N2),isopleth composition
N2_vanhinsberg1993_n2_009,N2,696,609,total,none,0,,,,,,,,vanhinsberg1993_n2,"van Hinsberg, Verbrugge & Schouten (1993)",synthetic_visual,digitized_from_figure,,67 mol% H2O (33 mol% N2),isopleth composition
N2_vanhinsberg1993_n2_010,N2,701,683,total,none,0,,,,,,,,vanhinsberg1993_n2,"van Hinsberg, Verbrugge & Schouten (1993)",synthetic_visual,digitized_from_figure,,67 mol% H2O (33 mol% N2),isopleth composition
N2_vanhinsberg1993_n2_011,N2,705,750,total,none,0,,,,,,,,vanhinsberg1993_n2,"van Hinsberg, Verbrugge & Schouten (1993)",synthetic_visual,digitized_from_figure,,67 mol% H2O (33 mol% N2),isopleth composition
N2_vanhinsberg1993_n2_012,N2,757,1017,total,none,0,,,,,,,,vanhinsberg1993_n2,"van Hinsberg, Verbrugge & Schouten (1993)",synthetic_visual,digitized_from_figure,,67 mol% H2O (33 mol% N2),isopleth composition
N2_vanhinsberg1993_n2_013,N2,765,1079,total,none,0,,,,,,,,vanhinsberg1993_n2,"van Hinsberg, Verbrugge & Schouten (1993)",synthetic_visual,digitized_from_figure,,67 mol% H2O (33 mol% N2),isopleth composition
N2_vanhinsberg1993_n2_014,N2,769,1095,total,none,0,,,,,,,,vanhinsberg1993_n2,"van Hinsberg, Verbrugge & Schouten (1993)",synthetic_visual,digitized_from_figure,,67 mol% H2O (33 mol% N2),isopleth composition
N2_vanhinsberg1993_n2_015,N2,788.5,1178,total,none,0,,,,,,,,vanhinsberg1993_n2,"van Hinsberg, Verbrugge & Schouten (1993)",synthetic_visual,digitized_from_figure,,67 mol% H2O (33 mol% N2),isopleth composition
N2_vanhinsberg1993_n2_016,N2,799,1553,total,none,0,,,,,,,,vanhinsberg1993_n2,"van Hinsberg, Verbrugge & Schouten (1993)",synthetic_visual,digitized_from_figure,,67 mol% H2O (33 mol% N2),isopleth composition
N2_vanhinsberg1993_n2_017,N2,810,1588,total,none,0,,,,,,,,vanhinsberg1993_n2,"van Hinsberg, Verbrugge & Schouten (1993)",synthetic_visual,digitized_from_figure,,67 mol% H2O (33 mol% N2),isopleth composition
N2_vanhinsberg1993_n2_018,N2,816,1728,total,none,0,,,,,,,,vanhinsberg1993_n2,"van Hinsberg, Verbrugge & Schouten (1993)",synthetic_visual,digitized_from_figure,,67 mol% H2O (33 mol% N2),isopleth composition
N2_vanhinsberg1993_n2_019,N2,601.6,44,total,none,0,,,,,,,,vanhinsberg1993_n2,"van Hinsberg, Verbrugge & Schouten (1993)",synthetic_visual,digitized_from_figure,,"67 mol% H2O (33 mol% N2), symbol type unresolved",isopleth composition
N2_vanhinsberg1993_n2_020,N2,617.9,34,total,none,0,,,,,,,,vanhinsberg1993_n2,"van Hinsberg, Verbrugge & Schouten (1993)",synthetic_visual,digitized_from_figure,,"67 mol% H2O (33 mol% N2), symbol type unresolved",isopleth composition
N2_vanhinsberg1993_n2_021,N2,629.4,57,total,none,0,,,,,,,,vanhinsberg1993_n2,"van Hinsberg, Verbrugge & Schouten (1993)",synthetic_visual,digitized_from_figure,,"67 mol% H2O (33 mol% N2), symbol type unresolved",isopleth composition
N2_vanhinsberg1993_n2_022,N2,631.2,67,total,none,0,,,,,,,,vanhinsberg1993_n2,"van Hinsberg, Verbrugge & Schouten (1993)",synthetic_visual,digitized_from_figure,,"67 mol% H2O (33 mol% N2), symbol type unresolved",isopleth composition
N2_vanhinsberg1993_n2_023,N2,640,75,total,none,0,,,,,,,,vanhinsberg1993_n2,"van Hinsberg, Verbrugge & Schouten (1993)",synthetic_visual,digitized_from_figure,,"67 mol% H2O (33 mol% N2), symbol type unresolved",isopleth composition
N2_vanhinsberg1993_n2_024,N2,641.1,100,total,none,0,,,,,,,,vanhinsberg1993_n2,"van Hinsberg, Verbrugge & Schouten (1993)",synthetic_visual,digitized_from_figure,,"67 mol% H2O (33 mol% N2), symbol type unresolved",isopleth composition
N2_vanhinsberg1993_n2_025,N2,641.1,45,total,none,0,,,,,,,,vanhinsberg1993_n2,"van Hinsberg, Verbrugge & Schouten (1993)",synthetic_visual,digitized_from_figure,,"67 mol% H2O (33 mol% N2), symbol type unresolved",isopleth composition
N2_vanhinsberg1993_n2_026,N2,643,30,total,none,0,,,,,,,,vanhinsberg1993_n2,"van Hinsberg, Verbrugge & Schouten (1993)",synthetic_visual,digitized_from_figure,,"67 mol% H2O (33 mol% N2), symbol type unresolved",isopleth composition
N2_vanhinsberg1993_n2_027,N2,644.7,128,total,none,0,,,,,,,,vanhinsberg1993_n2,"van Hinsberg, Verbrugge & Schouten (1993)",synthetic_visual,digitized_from_figure,,"67 mol% H2O (33 mol% N2), symbol type unresolved",isopleth composition
N2_vanhinsberg1993_n2_028,N2,646.9,22,total,none,0,,,,,,,,vanhinsberg1993_n2,"van Hinsberg, Verbrugge & Schouten (1993)",synthetic_visual,digitized_from_figure,,"67 mol% H2O (33 mol% N2), symbol type unresolved",isopleth composition
N2_vanhinsberg1993_n2_029,N2,647.2,168,total,none,0,,,,,,,,vanhinsberg1993_n2,"van Hinsberg, Verbrugge & Schouten (1993)",synthetic_visual,digitized_from_figure,,"67 mol% H2O (33 mol% N2), symbol type unresolved",isopleth composition
N2_vanhinsberg1993_n2_030,N2,647.9,147,total,none,0,,,,,,,,vanhinsberg1993_n2,"van Hinsberg, Verbrugge & Schouten (1993)",synthetic_visual,digitized_from_figure,,"67 mol% H2O (33 mol% N2), symbol type unresolved",isopleth composition
N2_vanhinsberg1993_n2_031,N2,649.7,162,total,none,0,,,,,,,,vanhinsberg1993_n2,"van Hinsberg, Verbrugge & Schouten (1993)",synthetic_visual,digitized_from_figure,,"67 mol% H2O (33 mol% N2), symbol type unresolved",isopleth composition
N2_vanhinsberg1993_n2_032,N2,650.2,198,total,none,0,,,,,,,,vanhinsberg1993_n2,"van Hinsberg, Verbrugge & Schouten (1993)",synthetic_visual,digitized_from_figure,,"67 mol% H2O (33 mol% N2), symbol type unresolved",isopleth composition
N2_vanhinsberg1993_n2_033,N2,650.8,221,total,none,0,,,,,,,,vanhinsberg1993_n2,"van Hinsberg, Verbrugge & Schouten (1993)",synthetic_visual,digitized_from_figure,,"67 mol% H2O (33 mol% N2), symbol type unresolved",isopleth composition
N2_vanhinsberg1993_n2_034,N2,652.7,188,total,none,0,,,,,,,,vanhinsberg1993_n2,"van Hinsberg, Verbrugge & Schouten (1993)",synthetic_visual,digitized_from_figure,,"67 mol% H2O (33 mol% N2), symbol type unresolved",isopleth composition
N2_vanhinsberg1993_n2_035,N2,654.6,198,total,none,0,,,,,,,,vanhinsberg1993_n2,"van Hinsberg, Verbrugge & Schouten (1993)",synthetic_visual,digitized_from_figure,,"67 mol% H2O (33 mol% N2), symbol type unresolved",isopleth composition
N2_vanhinsberg1993_n2_036,N2,656.5,232,total,none,0,,,,,,,,vanhinsberg1993_n2,"van Hinsberg, Verbrugge & Schouten (1993)",synthetic_visual,digitized_from_figure,,"67 mol% H2O (33 mol% N2), symbol type unresolved",isopleth composition
N2_vanhinsberg1993_n2_037,N2,658.4,249,total,none,0,,,,,,,,vanhinsberg1993_n2,"van Hinsberg, Verbrugge & Schouten (1993)",synthetic_visual,digitized_from_figure,,"67 mol% H2O (33 mol% N2), symbol type unresolved",isopleth composition
iC4H10_tian2004_c2c4_001,iC4H10,547.0,13.5,total,none,0,,0.000000,0.000000,0.000000,0.000000,0.000000,0.000000,tian2004_c2c4,Tian et al. (2004),synthetic_visual,,,0.50,mole fraction water on the phase boundary (Vm=260.3 cm3/mol) -- NOT a dilute solubility
iC4H10_tian2004_c2c4_002,iC4H10,567.0,27.1,total,none,0,,0.000000,0.000000,0.000000,0.000000,0.000000,0.000000,tian2004_c2c4,Tian et al. (2004),synthetic_visual,,,0.50,mole fraction water on the phase boundary (Vm=137.9 cm3/mol) -- NOT a dilute solubility
iC4H10_tian2004_c2c4_003,iC4H10,575.0,29.1,total,none,0,,0.000000,0.000000,0.000000,0.000000,0.000000,0.000000,tian2004_c2c4,Tian et al. (2004),synthetic_visual,,,0.50,mole fraction water on the phase boundary (Vm=124.4 cm3/mol) -- NOT a dilute solubility
iC4H10_tian2004_c2c4_004,iC4H10,580.0,38.2,total,none,0,,0.000000,0.000000,0.000000,0.000000,0.000000,0.000000,tian2004_c2c4,Tian et al. (2004),synthetic_visual,,,0.50,mole fraction water on the phase boundary (Vm=111.4 cm3/mol) -- NOT a dilute solubility
iC4H10_tian2004_c2c4_005,iC4H10,595.0,59.8,total,none,0,,0.000000,0.000000,0.000000,0.000000,0.000000,0.000000,tian2004_c2c4,Tian et al. (2004),synthetic_visual,,,0.50,mole fraction water on the phase boundary (Vm=88.1 cm3/mol) -- NOT a dilute solubility
iC4H10_tian2004_c2c4_006,iC4H10,651.0,188.8,total,none,0,,0.000000,0.000000,0.000000,0.000000,0.000000,0.000000,tian2004_c2c4,Tian et al. (2004),synthetic_visual,,,0.50,mole fraction water on the phase boundary (Vm=71.1 cm3/mol) -- NOT a dilute solubility
iC4H10_tian2004_c2c4_007,iC4H10,566.0,16.7,total,none,0,,0.000000,0.000000,0.000000,0.000000,0.000000,0.000000,tian2004_c2c4,Tian et al. (2004),synthetic_visual,,,0.60,mole fraction water on the phase boundary (Vm=208.4 cm3/mol) -- NOT a dilute solubility
iC4H10_tian2004_c2c4_008,iC4H10,589.0,29.5,total,none,0,,0.000000,0.000000,0.000000,0.000000,0.000000,0.000000,tian2004_c2c4,Tian et al. (2004),synthetic_visual,,,0.60,mole fraction water on the phase boundary (Vm=126.6 cm3/mol) -- NOT a dilute solubility
iC4H10_tian2004_c2c4_009,iC4H10,597.0,40.4,total,none,0,,0.000000,0.000000,0.000000,0.000000,0.000000,0.000000,tian2004_c2c4,Tian et al. (2004),synthetic_visual,,,0.60,mole fraction water on the phase boundary (Vm=99.7 cm3/mol) -- NOT a dilute solubility
iC4H10_tian2004_c2c4_010,iC4H10,602.0,42.5,total,none,0,,0.000000,0.000000,0.000000,0.000000,0.000000,0.000000,tian2004_c2c4,Tian et al. (2004),synthetic_visual,,,0.60,mole fraction water on the phase boundary (Vm=98.7 cm3/mol) -- NOT a dilute solubility
iC4H10_tian2004_c2c4_011,iC4H10,624.0,85.7,total,none,0,,0.000000,0.000000,0.000000,0.000000,0.000000,0.000000,tian2004_c2c4,Tian et al. (2004),synthetic_visual,,,0.60,mole fraction water on the phase boundary (Vm=75.6 cm3/mol) -- NOT a dilute solubility
iC4H10_tian2004_c2c4_012,iC4H10,648.0,141.4,total,none,0,,0.000000,0.000000,0.000000,0.000000,0.000000,0.000000,tian2004_c2c4,Tian et al. (2004),synthetic_visual,,,0.60,mole fraction water on the phase boundary (Vm=66.5 cm3/mol) -- NOT a dilute solubility
iC4H10_tian2004_c2c4_013,iC4H10,695.0,305.6,total,none,0,,0.000000,0.000000,0.000000,0.000000,0.000000,0.000000,tian2004_c2c4,Tian et al. (2004),synthetic_visual,,,0.60,mole fraction water on the phase boundary (Vm=57.1 cm3/mol) -- NOT a dilute solubility
iC4H10_tian2004_c2c4_014,iC4H10,588.0,20.7,total,none,0,,0.000000,0.000000,0.000000,0.000000,0.000000,0.000000,tian2004_c2c4,Tian et al. (2004),synthetic_visual,,,0.70,mole fraction water on the phase boundary (Vm=116.1 cm3/mol) -- NOT a dilute solubility
iC4H10_tian2004_c2c4_015,iC4H10,607.0,35.7,total,none,0,,0.000000,0.000000,0.000000,0.000000,0.000000,0.000000,tian2004_c2c4,Tian et al. (2004),synthetic_visual,,,0.70,mole fraction water on the phase boundary (Vm=104.4 cm3/mol) -- NOT a dilute solubility
iC4H10_tian2004_c2c4_016,iC4H10,621.0,57.1,total,none,0,,0.000000,0.000000,0.000000,0.000000,0.000000,0.000000,tian2004_c2c4,Tian et al. (2004),synthetic_visual,,,0.70,mole fraction water on the phase boundary (Vm=78.7 cm3/mol) -- NOT a dilute solubility
iC4H10_tian2004_c2c4_017,iC4H10,634.0,81.7,total,none,0,,0.000000,0.000000,0.000000,0.000000,0.000000,0.000000,tian2004_c2c4,Tian et al. (2004),synthetic_visual,,,0.70,mole fraction water on the phase boundary (Vm=50.0 cm3/mol) -- NOT a dilute solubility
iC4H10_tian2004_c2c4_018,iC4H10,658.0,149.3,total,none,0,,0.000000,0.000000,0.000000,0.000000,0.000000,0.000000,tian2004_c2c4,Tian et al. (2004),synthetic_visual,,,0.70,mole fraction water on the phase boundary (Vm=56.8 cm3/mol) -- NOT a dilute solubility
iC4H10_tian2004_c2c4_019,iC4H10,693.0,264.0,total,none,0,,0.000000,0.000000,0.000000,0.000000,0.000000,0.000000,tian2004_c2c4,Tian et al. (2004),synthetic_visual,,,0.70,mole fraction water on the phase boundary (Vm=50.1 cm3/mol) -- NOT a dilute solubility
iC4H10_tian2004_c2c4_020,iC4H10,605.0,22.6,total,none,0,,0.000000,0.000000,0.000000,0.000000,0.000000,0.000000,tian2004_c2c4,Tian et al. (2004),synthetic_visual,,,0.80,mole fraction water on the phase boundary (Vm=116.1 cm3/mol) -- NOT a dilute solubility
iC4H10_tian2004_c2c4_021,iC4H10,614.0,26.8,total,none,0,,0.000000,0.000000,0.000000,0.000000,0.000000,0.000000,tian2004_c2c4,Tian et al. (2004),synthetic_visual,,,0.80,mole fraction water on the phase boundary (Vm=104.4 cm3/mol) -- NOT a dilute solubility
iC4H10_tian2004_c2c4_022,iC4H10,628.0,37.8,total,none,0,,0.000000,0.000000,0.000000,0.000000,0.000000,0.000000,tian2004_c2c4,Tian et al. (2004),synthetic_visual,,,0.80,mole fraction water on the phase boundary (Vm=78.7 cm3/mol) -- NOT a dilute solubility
iC4H10_tian2004_c2c4_023,iC4H10,647.0,108.9,total,none,0,,0.000000,0.000000,0.000000,0.000000,0.000000,0.000000,tian2004_c2c4,Tian et al. (2004),synthetic_visual,,,0.80,mole fraction water on the phase boundary (Vm=50.0 cm3/mol) -- NOT a dilute solubility
iC4H10_tian2004_c2c4_024,iC4H10,649.0,111.3,total,none,0,,0.000000,0.000000,0.000000,0.000000,0.000000,0.000000,tian2004_c2c4,Tian et al. (2004),synthetic_visual,,,0.80,mole fraction water on the phase boundary (Vm=49.5 cm3/mol) -- NOT a dilute solubility
iC4H10_tian2004_c2c4_025,iC4H10,674.0,191.0,total,none,0,,0.000000,0.000000,0.000000,0.000000,0.000000,0.000000,tian2004_c2c4,Tian et al. (2004),synthetic_visual,,,0.80,mole fraction water on the phase boundary (Vm=44.8 cm3/mol) -- NOT a dilute solubility
iC4H10_tian2004_c2c4_026,iC4H10,608.0,18.9,total,none,0,,0.000000,0.000000,0.000000,0.000000,0.000000,0.000000,tian2004_c2c4,Tian et al. (2004),synthetic_visual,,,0.90,mole fraction water on the phase boundary (Vm=99.3 cm3/mol) -- NOT a dilute solubility
iC4H10_tian2004_c2c4_027,iC4H10,613.0,19.9,total,none,0,,0.000000,0.000000,0.000000,0.000000,0.000000,0.000000,tian2004_c2c4,Tian et al. (2004),synthetic_visual,,,0.90,mole fraction water on the phase boundary (Vm=89.6 cm3/mol) -- NOT a dilute solubility
iC4H10_tian2004_c2c4_028,iC4H10,627.0,26.7,total,none,0,,0.000000,0.000000,0.000000,0.000000,0.000000,0.000000,tian2004_c2c4,Tian et al. (2004),synthetic_visual,,,0.90,mole fraction water on the phase boundary (Vm=80.7 cm3/mol) -- NOT a dilute solubility
iC4H10_tian2004_c2c4_029,iC4H10,630.0,28.9,total,none,0,,0.000000,0.000000,0.000000,0.000000,0.000000,0.000000,tian2004_c2c4,Tian et al. (2004),synthetic_visual,,,0.90,mole fraction water on the phase boundary (Vm=77.4 cm3/mol) -- NOT a dilute solubility
iC4H10_tian2004_c2c4_030,iC4H10,631.0,29.2,total,none,0,,0.000000,0.000000,0.000000,0.000000,0.000000,0.000000,tian2004_c2c4,Tian et al. (2004),synthetic_visual,,,0.90,mole fraction water on the phase boundary (Vm=77.3 cm3/mol) -- NOT a dilute solubility
iC4H10_tian2004_c2c4_031,iC4H10,627.0,33.5,total,none,0,,0.000000,0.000000,0.000000,0.000000,0.000000,0.000000,tian2004_c2c4,Tian et al. (2004),synthetic_visual,,,0.90,mole fraction water on the phase boundary (Vm=58.1 cm3/mol) -- NOT a dilute solubility
iC4H10_tian2004_c2c4_032,iC4H10,623.0,39.6,total,none,0,,0.000000,0.000000,0.000000,0.000000,0.000000,0.000000,tian2004_c2c4,Tian et al. (2004),synthetic_visual,,,0.90,mole fraction water on the phase boundary (Vm=52.2 cm3/mol) -- NOT a dilute solubility
iC4H10_tian2004_c2c4_033,iC4H10,622.0,44.6,total,none,0,,0.000000,0.000000,0.000000,0.000000,0.000000,0.000000,tian2004_c2c4,Tian et al. (2004),synthetic_visual,,,0.90,mole fraction water on the phase boundary (Vm=46.1 cm3/mol) -- NOT a dilute solubility
iC4H10_tian2004_c2c4_034,iC4H10,625.0,59.8,total,none,0,,0.000000,0.000000,0.000000,0.000000,0.000000,0.000000,tian2004_c2c4,Tian et al. (2004),synthetic_visual,,,0.90,mole fraction water on the phase boundary (Vm= cm3/mol) -- NOT a dilute solubility
iC4H10_tian2004_c2c4_035,iC4H10,630.0,89.9,total,none,0,,0.000000,0.000000,0.000000,0.000000,0.000000,0.000000,tian2004_c2c4,Tian et al. (2004),synthetic_visual,,,0.90,mole fraction water on the phase boundary (Vm=40.1 cm3/mol) -- NOT a dilute solubility
iC4H10_tian2004_c2c4_036,iC4H10,639.0,110.3,total,none,0,,0.000000,0.000000,0.000000,0.000000,0.000000,0.000000,tian2004_c2c4,Tian et al. (2004),synthetic_visual,,,0.90,mole fraction water on the phase boundary (Vm=38.1 cm3/mol) -- NOT a dilute solubility
iC4H10_tian2004_c2c4_037,iC4H10,643.0,129.9,total,none,0,,0.000000,0.000000,0.000000,0.000000,0.000000,0.000000,tian2004_c2c4,Tian et al. (2004),synthetic_visual,,,0.90,mole fraction water on the phase boundary (Vm=32.4 cm3/mol) -- NOT a dilute solubility
iC4H10_tian2004_c2c4_038,iC4H10,653.0,170.7,total,none,0,,0.000000,0.000000,0.000000,0.000000,0.000000,0.000000,tian2004_c2c4,Tian et al. (2004),synthetic_visual,,,0.90,mole fraction water on the phase boundary (Vm=30.1 cm3/mol) -- NOT a dilute solubility
iC4H10_tian2004_c2c4_039,iC4H10,658.0,190.1,total,none,0,,0.000000,0.000000,0.000000,0.000000,0.000000,0.000000,tian2004_c2c4,Tian et al. (2004),synthetic_visual,,,0.90,mole fraction water on the phase boundary (Vm=27.2 cm3/mol) -- NOT a dilute solubility
iC4H10_tian2004_c2c4_040,iC4H10,620.0,18.1,total,none,0,,0.000000,0.000000,0.000000,0.000000,0.000000,0.000000,tian2004_c2c4,Tian et al. (2004),synthetic_visual,,,0.925,mole fraction water on the phase boundary (Vm=72.3 cm3/mol) -- NOT a dilute solubility
iC4H10_tian2004_c2c4_041,iC4H10,627.0,20.4,total,none,0,,0.000000,0.000000,0.000000,0.000000,0.000000,0.000000,tian2004_c2c4,Tian et al. (2004),synthetic_visual,,,0.925,mole fraction water on the phase boundary (Vm=69.1 cm3/mol) -- NOT a dilute solubility
iC4H10_tian2004_c2c4_042,iC4H10,632.0,22.7,total,none,0,,0.000000,0.000000,0.000000,0.000000,0.000000,0.000000,tian2004_c2c4,Tian et al. (2004),synthetic_visual,,,0.925,mole fraction water on the phase boundary (Vm=66.7 cm3/mol) -- NOT a dilute solubility
iC4H10_tian2004_c2c4_043,iC4H10,637.0,25.3,total,none,0,,0.000000,0.000000,0.000000,0.000000,0.000000,0.000000,tian2004_c2c4,Tian et al. (2004),synthetic_visual,,,0.925,mole fraction water on the phase boundary (Vm=62.1 cm3/mol) -- NOT a dilute solubility
iC4H10_tian2004_c2c4_044,iC4H10,634.0,28.1,total,none,0,,0.000000,0.000000,0.000000,0.000000,0.000000,0.000000,tian2004_c2c4,Tian et al. (2004),synthetic_visual,,,0.925,mole fraction water on the phase boundary (Vm=53.9 cm3/mol) -- NOT a dilute solubility
iC4H10_tian2004_c2c4_045,iC4H10,631.0,29.9,total,none,0,,0.000000,0.000000,0.000000,0.000000,0.000000,0.000000,tian2004_c2c4,Tian et al. (2004),synthetic_visual,,,0.925,mole fraction water on the phase boundary (Vm=50.2 cm3/mol) -- NOT a dilute solubility
iC4H10_tian2004_c2c4_046,iC4H10,627.0,32.2,total,none,0,,0.000000,0.000000,0.000000,0.000000,0.000000,0.000000,tian2004_c2c4,Tian et al. (2004),synthetic_visual,,,0.925,mole fraction water on the phase boundary (Vm=47.2 cm3/mol) -- NOT a dilute solubility
iC4H10_tian2004_c2c4_047,iC4H10,624.0,35.2,total,none,0,,0.000000,0.000000,0.000000,0.000000,0.000000,0.000000,tian2004_c2c4,Tian et al. (2004),synthetic_visual,,,0.925,mole fraction water on the phase boundary (Vm=41.6 cm3/mol) -- NOT a dilute solubility
iC4H10_tian2004_c2c4_048,iC4H10,620.0,38.8,total,none,0,,0.000000,0.000000,0.000000,0.000000,0.000000,0.000000,tian2004_c2c4,Tian et al. (2004),synthetic_visual,,,0.925,mole fraction water on the phase boundary (Vm=40.2 cm3/mol) -- NOT a dilute solubility
iC4H10_tian2004_c2c4_049,iC4H10,619.0,48.9,total,none,0,,0.000000,0.000000,0.000000,0.000000,0.000000,0.000000,tian2004_c2c4,Tian et al. (2004),synthetic_visual,,,0.925,mole fraction water on the phase boundary (Vm= cm3/mol) -- NOT a dilute solubility
iC4H10_tian2004_c2c4_050,iC4H10,622.0,61.8,total,none,0,,0.000000,0.000000,0.000000,0.000000,0.000000,0.000000,tian2004_c2c4,Tian et al. (2004),synthetic_visual,,,0.925,mole fraction water on the phase boundary (Vm=38.9 cm3/mol) -- NOT a dilute solubility
iC4H10_tian2004_c2c4_051,iC4H10,630.0,90.4,total,none,0,,0.000000,0.000000,0.000000,0.000000,0.000000,0.000000,tian2004_c2c4,Tian et al. (2004),synthetic_visual,,,0.925,mole fraction water on the phase boundary (Vm=37.7 cm3/mol) -- NOT a dilute solubility
iC4H10_tian2004_c2c4_052,iC4H10,635.0,109.7,total,none,0,,0.000000,0.000000,0.000000,0.000000,0.000000,0.000000,tian2004_c2c4,Tian et al. (2004),synthetic_visual,,,0.925,mole fraction water on the phase boundary (Vm=36.1 cm3/mol) -- NOT a dilute solubility
iC4H10_tian2004_c2c4_053,iC4H10,640.0,129.8,total,none,0,,0.000000,0.000000,0.000000,0.000000,0.000000,0.000000,tian2004_c2c4,Tian et al. (2004),synthetic_visual,,,0.925,mole fraction water on the phase boundary (Vm=33.2 cm3/mol) -- NOT a dilute solubility
iC4H10_tian2004_c2c4_054,iC4H10,646.0,150.0,total,none,0,,0.000000,0.000000,0.000000,0.000000,0.000000,0.000000,tian2004_c2c4,Tian et al. (2004),synthetic_visual,,,0.925,mole fraction water on the phase boundary (Vm=30.1 cm3/mol) -- NOT a dilute solubility
iC4H10_tian2004_c2c4_055,iC4H10,651.0,169.1,total,none,0,,0.000000,0.000000,0.000000,0.000000,0.000000,0.000000,tian2004_c2c4,Tian et al. (2004),synthetic_visual,,,0.925,mole fraction water on the phase boundary (Vm=27.6 cm3/mol) -- NOT a dilute solubility
iC4H10_tian2004_c2c4_056,iC4H10,657.0,197.2,total,none,0,,0.000000,0.000000,0.000000,0.000000,0.000000,0.000000,tian2004_c2c4,Tian et al. (2004),synthetic_visual,,,0.925,mole fraction water on the phase boundary (Vm=25.3 cm3/mol) -- NOT a dilute solubility
iC4H10_tian2004_c2c4_057,iC4H10,620.0,16.7,total,none,0,,0.000000,0.000000,0.000000,0.000000,0.000000,0.000000,tian2004_c2c4,Tian et al. (2004),synthetic_visual,,,0.98,mole fraction water on the phase boundary (Vm=57.8 cm3/mol) -- NOT a dilute solubility
iC4H10_tian2004_c2c4_058,iC4H10,625.0,18.6,total,none,0,,0.000000,0.000000,0.000000,0.000000,0.000000,0.000000,tian2004_c2c4,Tian et al. (2004),synthetic_visual,,,0.98,mole fraction water on the phase boundary (Vm=53.4 cm3/mol) -- NOT a dilute solubility
iC4H10_tian2004_c2c4_059,iC4H10,631.0,20.3,total,none,0,,0.000000,0.000000,0.000000,0.000000,0.000000,0.000000,tian2004_c2c4,Tian et al. (2004),synthetic_visual,,,0.98,mole fraction water on the phase boundary (Vm=50.0 cm3/mol) -- NOT a dilute solubility
iC4H10_tian2004_c2c4_060,iC4H10,637.0,21.9,total,none,0,,0.000000,0.000000,0.000000,0.000000,0.000000,0.000000,tian2004_c2c4,Tian et al. (2004),synthetic_visual,,,0.98,mole fraction water on the phase boundary (Vm=49.3 cm3/mol) -- NOT a dilute solubility
iC4H10_tian2004_c2c4_061,iC4H10,641.0,24.3,total,none,0,,0.000000,0.000000,0.000000,0.000000,0.000000,0.000000,tian2004_c2c4,Tian et al. (2004),synthetic_visual,,,0.98,mole fraction water on the phase boundary (Vm=47.2 cm3/mol) -- NOT a dilute solubility
iC4H10_tian2004_c2c4_062,iC4H10,636.0,25.9,total,none,0,,0.000000,0.000000,0.000000,0.000000,0.000000,0.000000,tian2004_c2c4,Tian et al. (2004),synthetic_visual,,,0.98,mole fraction water on the phase boundary (Vm=41.3 cm3/mol) -- NOT a dilute solubility
iC4H10_tian2004_c2c4_063,iC4H10,631.0,26.4,total,none,0,,0.000000,0.000000,0.000000,0.000000,0.000000,0.000000,tian2004_c2c4,Tian et al. (2004),synthetic_visual,,,0.98,mole fraction water on the phase boundary (Vm=38.8 cm3/mol) -- NOT a dilute solubility
iC4H10_tian2004_c2c4_064,iC4H10,627.0,27.8,total,none,0,,0.000000,0.000000,0.000000,0.000000,0.000000,0.000000,tian2004_c2c4,Tian et al. (2004),synthetic_visual,,,0.98,mole fraction water on the phase boundary (Vm=37.2 cm3/mol) -- NOT a dilute solubility
iC4H10_tian2004_c2c4_065,iC4H10,623.0,28.8,total,none,0,,0.000000,0.000000,0.000000,0.000000,0.000000,0.000000,tian2004_c2c4,Tian et al. (2004),synthetic_visual,,,0.98,mole fraction water on the phase boundary (Vm= cm3/mol) -- NOT a dilute solubility
iC4H10_tian2004_c2c4_066,iC4H10,618.0,30.5,total,none,0,,0.000000,0.000000,0.000000,0.000000,0.000000,0.000000,tian2004_c2c4,Tian et al. (2004),synthetic_visual,,,0.98,mole fraction water on the phase boundary (Vm=34.7 cm3/mol) -- NOT a dilute solubility
iC4H10_tian2004_c2c4_067,iC4H10,621.0,33.7,total,none,0,,0.000000,0.000000,0.000000,0.000000,0.000000,0.000000,tian2004_c2c4,Tian et al. (2004),synthetic_visual,,,0.98,mole fraction water on the phase boundary (Vm=30.2 cm3/mol) -- NOT a dilute solubility
iC4H10_tian2004_c2c4_068,iC4H10,633.0,165.9,total,none,0,,0.000000,0.000000,0.000000,0.000000,0.000000,0.000000,tian2004_c2c4,Tian et al. (2004),synthetic_visual,,,0.98,mole fraction water on the phase boundary (Vm=26.3 cm3/mol) -- NOT a dilute solubility
iC4H10_tian2004_c2c4_069,iC4H10,649.0,215.2,total,none,0,,0.000000,0.000000,0.000000,0.000000,0.000000,0.000000,tian2004_c2c4,Tian et al. (2004),synthetic_visual,,,0.98,mole fraction water on the phase boundary (Vm=22.6 cm3/mol) -- NOT a dilute solubility
iC4H10_tian2004_c2c4_070,iC4H10,649.0,106.6,total,none,0,,0.000000,0.000000,0.000000,0.000000,0.000000,0.000000,tian2004_c2c4,Tian et al. (2004),synthetic_visual,,,0.80,mole fraction water on the phase boundary (Vm= ) -- NOT a dilute solubility
iC4H10_tian2004_c2c4_071,iC4H10,641.0,81.0,total,none,0,,0.000000,0.000000,0.000000,0.000000,0.000000,0.000000,tian2004_c2c4,Tian et al. (2004),synthetic_visual,,,0.81,mole fraction water on the phase boundary (Vm= ) -- NOT a dilute solubility
iC4H10_tian2004_c2c4_072,iC4H10,635.0,61.1,total,none,0,,0.000000,0.000000,0.000000,0.000000,0.000000,0.000000,tian2004_c2c4,Tian et al. (2004),synthetic_visual,,,0.82,mole fraction water on the phase boundary (Vm= ) -- NOT a dilute solubility
iC4H10_tian2004_c2c4_073,iC4H10,630.0,44.6,total,none,0,,0.000000,0.000000,0.000000,0.000000,0.000000,0.000000,tian2004_c2c4,Tian et al. (2004),synthetic_visual,,,0.82,mole fraction water on the phase boundary (Vm= ) -- NOT a dilute solubility
iC4H10_tian2004_c2c4_074,iC4H10,625.0,32.5,total,none,0,,0.000000,0.000000,0.000000,0.000000,0.000000,0.000000,tian2004_c2c4,Tian et al. (2004),synthetic_visual,,,0.85,mole fraction water on the phase boundary (Vm= ) -- NOT a dilute solubility
iC4H10_tian2004_c2c4_075,iC4H10,625.0,28.1,total,none,0,,0.000000,0.000000,0.000000,0.000000,0.000000,0.000000,tian2004_c2c4,Tian et al. (2004),synthetic_visual,,,0.90,mole fraction water on the phase boundary (Vm= ) -- NOT a dilute solubility
iC4H10_tian2004_c2c4_076,iC4H10,630.0,26.1,total,none,0,,0.000000,0.000000,0.000000,0.000000,0.000000,0.000000,tian2004_c2c4,Tian et al. (2004),synthetic_visual,,,0.91,mole fraction water on the phase boundary (Vm= ) -- NOT a dilute solubility
iC4H10_tian2004_c2c4_077,iC4H10,635.0,25.7,total,none,0,,0.000000,0.000000,0.000000,0.000000,0.000000,0.000000,tian2004_c2c4,Tian et al. (2004),synthetic_visual,,,0.93,mole fraction water on the phase boundary (Vm= ) -- NOT a dilute solubility
iC4H10_tian2004_c2c4_078,iC4H10,623.0,37.5,total,none,0,,0.000000,0.000000,0.000000,0.000000,0.000000,0.000000,tian2004_c2c4,Tian et al. (2004),synthetic_visual,,,0.86,mole fraction water on the phase boundary (Vm= ) -- NOT a dilute solubility
nC4H10_tian2004_c2c4_001,nC4H10,600.0,24.6,total,none,0,,0.000000,0.000000,0.000000,0.000000,0.000000,0.000000,tian2004_c2c4,Tian et al. (2004),synthetic_visual,,,0.65,mole fraction water on the phase boundary (Vm=151.0 cm3/mol) -- NOT a dilute solubility
nC4H10_tian2004_c2c4_002,nC4H10,608.0,39.1,total,none,0,,0.000000,0.000000,0.000000,0.000000,0.000000,0.000000,tian2004_c2c4,Tian et al. (2004),synthetic_visual,,,0.65,mole fraction water on the phase boundary (Vm=84.4 cm3/mol) -- NOT a dilute solubility
nC4H10_tian2004_c2c4_003,nC4H10,633.0,87.2,total,none,0,,0.000000,0.000000,0.000000,0.000000,0.000000,0.000000,tian2004_c2c4,Tian et al. (2004),synthetic_visual,,,0.65,mole fraction water on the phase boundary (Vm=68.6 cm3/mol) -- NOT a dilute solubility
nC4H10_tian2004_c2c4_004,nC4H10,647.0,123.7,total,none,0,,0.000000,0.000000,0.000000,0.000000,0.000000,0.000000,tian2004_c2c4,Tian et al. (2004),synthetic_visual,,,0.65,mole fraction water on the phase boundary (Vm=63.1 cm3/mol) -- NOT a dilute solubility
nC4H10_tian2004_c2c4_005,nC4H10,689.0,244.8,total,none,0,,0.000000,0.000000,0.000000,0.000000,0.000000,0.000000,tian2004_c2c4,Tian et al. (2004),synthetic_visual,,,0.65,mole fraction water on the phase boundary (Vm=54.4 cm3/mol) -- NOT a dilute solubility
nC4H10_tian2004_c2c4_006,nC4H10,698.0,276.4,total,none,0,,0.000000,0.000000,0.000000,0.000000,0.000000,0.000000,tian2004_c2c4,Tian et al. (2004),synthetic_visual,,,0.65,mole fraction water on the phase boundary (Vm=53.7 cm3/mol) -- NOT a dilute solubility
nC4H10_tian2004_c2c4_007,nC4H10,616.0,34.9,total,none,0,,0.000000,0.000000,0.000000,0.000000,0.000000,0.000000,tian2004_c2c4,Tian et al. (2004),synthetic_visual,,,0.75,mole fraction water on the phase boundary (Vm=79.0 cm3/mol) -- NOT a dilute solubility
nC4H10_tian2004_c2c4_008,nC4H10,628.0,59.2,total,none,0,,0.000000,0.000000,0.000000,0.000000,0.000000,0.000000,tian2004_c2c4,Tian et al. (2004),synthetic_visual,,,0.75,mole fraction water on the phase boundary (Vm=64.5 cm3/mol) -- NOT a dilute solubility
nC4H10_tian2004_c2c4_009,nC4H10,664.0,145.0,total,none,0,,0.000000,0.000000,0.000000,0.000000,0.000000,0.000000,tian2004_c2c4,Tian et al. (2004),synthetic_visual,,,0.75,mole fraction water on the phase boundary (Vm=51.2 cm3/mol) -- NOT a dilute solubility
nC4H10_tian2004_c2c4_010,nC4H10,673.0,173.4,total,none,0,,0.000000,0.000000,0.000000,0.000000,0.000000,0.000000,tian2004_c2c4,Tian et al. (2004),synthetic_visual,,,0.75,mole fraction water on the phase boundary (Vm=49.0 cm3/mol) -- NOT a dilute solubility
nC4H10_tian2004_c2c4_011,nC4H10,700.0,264.8,total,none,0,,0.000000,0.000000,0.000000,0.000000,0.000000,0.000000,tian2004_c2c4,Tian et al. (2004),synthetic_visual,,,0.75,mole fraction water on the phase boundary (Vm=45.1 cm3/mol) -- NOT a dilute solubility
nC4H10_tian2004_c2c4_012,nC4H10,602.0,20.1,total,none,0,,0.000000,0.000000,0.000000,0.000000,0.000000,0.000000,tian2004_c2c4,Tian et al. (2004),synthetic_visual,,,0.85,mole fraction water on the phase boundary (Vm=113.1 cm3/mol) -- NOT a dilute solubility
nC4H10_tian2004_c2c4_013,nC4H10,622.0,33.4,total,none,0,,0.000000,0.000000,0.000000,0.000000,0.000000,0.000000,tian2004_c2c4,Tian et al. (2004),synthetic_visual,,,0.85,mole fraction water on the phase boundary (Vm=67.5 cm3/mol) -- NOT a dilute solubility
nC4H10_tian2004_c2c4_014,nC4H10,623.0,37.7,total,none,0,,0.000000,0.000000,0.000000,0.000000,0.000000,0.000000,tian2004_c2c4,Tian et al. (2004),synthetic_visual,,,0.85,mole fraction water on the phase boundary (Vm=63.0 cm3/mol) -- NOT a dilute solubility
nC4H10_tian2004_c2c4_015,nC4H10,647.0,116.3,total,none,0,,0.000000,0.000000,0.000000,0.000000,0.000000,0.000000,tian2004_c2c4,Tian et al. (2004),synthetic_visual,,,0.85,mole fraction water on the phase boundary (Vm=39.9 cm3/mol) -- NOT a dilute solubility
nC4H10_tian2004_c2c4_016,nC4H10,653.0,126.7,total,none,0,,0.000000,0.000000,0.000000,0.000000,0.000000,0.000000,tian2004_c2c4,Tian et al. (2004),synthetic_visual,,,0.85,mole fraction water on the phase boundary (Vm=38.0 cm3/mol) -- NOT a dilute solubility
nC4H10_tian2004_c2c4_017,nC4H10,628.0,19.3,total,none,0,,0.000000,0.000000,0.000000,0.000000,0.000000,0.000000,tian2004_c2c4,Tian et al. (2004),synthetic_visual,,,0.95,mole fraction water on the phase boundary (Vm=39.6 cm3/mol) -- NOT a dilute solubility
nC4H10_tian2004_c2c4_018,nC4H10,632.0,21.4,total,none,0,,0.000000,0.000000,0.000000,0.000000,0.000000,0.000000,tian2004_c2c4,Tian et al. (2004),synthetic_visual,,,0.95,mole fraction water on the phase boundary (Vm=38.8 cm3/mol) -- NOT a dilute solubility
nC4H10_tian2004_c2c4_019,nC4H10,637.0,24.8,total,none,0,,0.000000,0.000000,0.000000,0.000000,0.000000,0.000000,tian2004_c2c4,Tian et al. (2004),synthetic_visual,,,0.95,mole fraction water on the phase boundary (Vm=37.4 cm3/mol) -- NOT a dilute solubility
nC4H10_tian2004_c2c4_020,nC4H10,634.0,28.2,total,none,0,,0.000000,0.000000,0.000000,0.000000,0.000000,0.000000,tian2004_c2c4,Tian et al. (2004),synthetic_visual,,,0.95,mole fraction water on the phase boundary (Vm=36.2 cm3/mol) -- NOT a dilute solubility
nC4H10_tian2004_c2c4_021,nC4H10,628.0,32.7,total,none,0,,0.000000,0.000000,0.000000,0.000000,0.000000,0.000000,tian2004_c2c4,Tian et al. (2004),synthetic_visual,,,0.95,mole fraction water on the phase boundary (Vm=34.2 cm3/mol) -- NOT a dilute solubility
nC4H10_tian2004_c2c4_022,nC4H10,622.0,37.1,total,none,0,,0.000000,0.000000,0.000000,0.000000,0.000000,0.000000,tian2004_c2c4,Tian et al. (2004),synthetic_visual,,,0.95,mole fraction water on the phase boundary (Vm=31.1 cm3/mol) -- NOT a dilute solubility
nC4H10_tian2004_c2c4_023,nC4H10,620.0,43.4,total,none,0,,0.000000,0.000000,0.000000,0.000000,0.000000,0.000000,tian2004_c2c4,Tian et al. (2004),synthetic_visual,,,0.95,mole fraction water on the phase boundary (Vm=30.6 cm3/mol) -- NOT a dilute solubility
nC4H10_tian2004_c2c4_024,nC4H10,617.0,61.9,total,none,0,,0.000000,0.000000,0.000000,0.000000,0.000000,0.000000,tian2004_c2c4,Tian et al. (2004),synthetic_visual,,,0.95,mole fraction water on the phase boundary (Vm=29.9 cm3/mol) -- NOT a dilute solubility
nC4H10_tian2004_c2c4_025,nC4H10,621.0,80.3,total,none,0,,0.000000,0.000000,0.000000,0.000000,0.000000,0.000000,tian2004_c2c4,Tian et al. (2004),synthetic_visual,,,0.95,mole fraction water on the phase boundary (Vm=29.4 cm3/mol) -- NOT a dilute solubility
nC4H10_tian2004_c2c4_026,nC4H10,625.0,109.6,total,none,0,,0.000000,0.000000,0.000000,0.000000,0.000000,0.000000,tian2004_c2c4,Tian et al. (2004),synthetic_visual,,,0.95,mole fraction water on the phase boundary (Vm=29.0 cm3/mol) -- NOT a dilute solubility
nC4H10_tian2004_c2c4_027,nC4H10,631.0,134.7,total,none,0,,0.000000,0.000000,0.000000,0.000000,0.000000,0.000000,tian2004_c2c4,Tian et al. (2004),synthetic_visual,,,0.95,mole fraction water on the phase boundary (Vm=28.9 cm3/mol) -- NOT a dilute solubility
nC4H10_tian2004_c2c4_028,nC4H10,640.0,180.1,total,none,0,,0.000000,0.000000,0.000000,0.000000,0.000000,0.000000,tian2004_c2c4,Tian et al. (2004),synthetic_visual,,,0.95,mole fraction water on the phase boundary (Vm=28.6 cm3/mol) -- NOT a dilute solubility
nC4H10_tian2004_c2c4_029,nC4H10,644.0,189.8,total,none,0,,0.000000,0.000000,0.000000,0.000000,0.000000,0.000000,tian2004_c2c4,Tian et al. (2004),synthetic_visual,,,0.95,mole fraction water on the phase boundary (Vm=28.0 cm3/mol) -- NOT a dilute solubility
nC4H10_tian2004_c2c4_030,nC4H10,635.0,20.5,total,none,0,,0.000000,0.000000,0.000000,0.000000,0.000000,0.000000,tian2004_c2c4,Tian et al. (2004),synthetic_visual,,,0.98,mole fraction water on the phase boundary (Vm=37.5 cm3/mol) -- NOT a dilute solubility
nC4H10_tian2004_c2c4_031,nC4H10,639.0,23.5,total,none,0,,0.000000,0.000000,0.000000,0.000000,0.000000,0.000000,tian2004_c2c4,Tian et al. (2004),synthetic_visual,,,0.98,mole fraction water on the phase boundary (Vm=35.1 cm3/mol) -- NOT a dilute solubility
nC4H10_tian2004_c2c4_032,nC4H10,642.0,24.0,total,none,0,,0.000000,0.000000,0.000000,0.000000,0.000000,0.000000,tian2004_c2c4,Tian et al. (2004),synthetic_visual,,,0.98,mole fraction water on the phase boundary (Vm=34.2 cm3/mol) -- NOT a dilute solubility
nC4H10_tian2004_c2c4_033,nC4H10,636.0,26.9,total,none,0,,0.000000,0.000000,0.000000,0.000000,0.000000,0.000000,tian2004_c2c4,Tian et al. (2004),synthetic_visual,,,0.98,mole fraction water on the phase boundary (Vm=32.8 cm3/mol) -- NOT a dilute solubility
nC4H10_tian2004_c2c4_034,nC4H10,631.0,28.6,total,none,0,,0.000000,0.000000,0.000000,0.000000,0.000000,0.000000,tian2004_c2c4,Tian et al. (2004),synthetic_visual,,,0.98,mole fraction water on the phase boundary (Vm=30.9 cm3/mol) -- NOT a dilute solubility
nC4H10_tian2004_c2c4_035,nC4H10,627.0,29.4,total,none,0,,0.000000,0.000000,0.000000,0.000000,0.000000,0.000000,tian2004_c2c4,Tian et al. (2004),synthetic_visual,,,0.98,mole fraction water on the phase boundary (Vm=29.3 cm3/mol) -- NOT a dilute solubility
nC4H10_tian2004_c2c4_036,nC4H10,623.0,30.7,total,none,0,,0.000000,0.000000,0.000000,0.000000,0.000000,0.000000,tian2004_c2c4,Tian et al. (2004),synthetic_visual,,,0.98,mole fraction water on the phase boundary (Vm=28.4 cm3/mol) -- NOT a dilute solubility
nC4H10_tian2004_c2c4_037,nC4H10,620.0,31.4,total,none,0,,0.000000,0.000000,0.000000,0.000000,0.000000,0.000000,tian2004_c2c4,Tian et al. (2004),synthetic_visual,,,0.98,mole fraction water on the phase boundary (Vm=27.9 cm3/mol) -- NOT a dilute solubility
nC4H10_tian2004_c2c4_038,nC4H10,615.0,33.8,total,none,0,,0.000000,0.000000,0.000000,0.000000,0.000000,0.000000,tian2004_c2c4,Tian et al. (2004),synthetic_visual,,,0.98,mole fraction water on the phase boundary (Vm=26.7 cm3/mol) -- NOT a dilute solubility
nC4H10_tian2004_c2c4_039,nC4H10,609.0,99.7,total,none,0,,0.000000,0.000000,0.000000,0.000000,0.000000,0.000000,tian2004_c2c4,Tian et al. (2004),synthetic_visual,,,0.98,mole fraction water on the phase boundary (Vm=23.8 cm3/mol) -- NOT a dilute solubility
nC4H10_tian2004_c2c4_040,nC4H10,617.0,150.1,total,none,0,,0.000000,0.000000,0.000000,0.000000,0.000000,0.000000,tian2004_c2c4,Tian et al. (2004),synthetic_visual,,,0.98,mole fraction water on the phase boundary (Vm=22.4 cm3/mol) -- NOT a dilute solubility
nC4H10_tian2004_c2c4_041,nC4H10,626.0,183.1,total,none,0,,0.000000,0.000000,0.000000,0.000000,0.000000,0.000000,tian2004_c2c4,Tian et al. (2004),synthetic_visual,,,0.98,mole fraction water on the phase boundary (Vm=21.9 cm3/mol) -- NOT a dilute solubility
nC4H10_tian2004_c2c4_042,nC4H10,628.0,198.2,total,none,0,,0.000000,0.000000,0.000000,0.000000,0.000000,0.000000,tian2004_c2c4,Tian et al. (2004),synthetic_visual,,,0.98,mole fraction water on the phase boundary (Vm=21.7 cm3/mol) -- NOT a dilute solubility
nC4H10_tian2004_c2c4_043,nC4H10,650.0,106.0,total,none,0,,0.000000,0.000000,0.000000,0.000000,0.000000,0.000000,tian2004_c2c4,Tian et al. (2004),synthetic_visual,,,0.80,mole fraction water on the phase boundary (Vm= ) -- NOT a dilute solubility
nC4H10_tian2004_c2c4_044,nC4H10,646.0,97.2,total,none,0,,0.000000,0.000000,0.000000,0.000000,0.000000,0.000000,tian2004_c2c4,Tian et al. (2004),synthetic_visual,,,0.81,mole fraction water on the phase boundary (Vm= ) -- NOT a dilute solubility
nC4H10_tian2004_c2c4_045,nC4H10,642.0,84.2,total,none,0,,0.000000,0.000000,0.000000,0.000000,0.000000,0.000000,tian2004_c2c4,Tian et al. (2004),synthetic_visual,,,0.83,mole fraction water on the phase boundary (Vm= ) -- NOT a dilute solubility
nC4H10_tian2004_c2c4_046,nC4H10,636.0,71.1,total,none,0,,0.000000,0.000000,0.000000,0.000000,0.000000,0.000000,tian2004_c2c4,Tian et al. (2004),synthetic_visual,,,0.85,mole fraction water on the phase boundary (Vm= ) -- NOT a dilute solubility
nC4H10_tian2004_c2c4_047,nC4H10,628.0,56.9,total,none,0,,0.000000,0.000000,0.000000,0.000000,0.000000,0.000000,tian2004_c2c4,Tian et al. (2004),synthetic_visual,,,0.87,mole fraction water on the phase boundary (Vm= ) -- NOT a dilute solubility
nC4H10_tian2004_c2c4_048,nC4H10,622.0,43.0,total,none,0,,0.000000,0.000000,0.000000,0.000000,0.000000,0.000000,tian2004_c2c4,Tian et al. (2004),synthetic_visual,,,0.89,mole fraction water on the phase boundary (Vm= ) -- NOT a dilute solubility
nC4H10_tian2004_c2c4_049,nC4H10,622.0,29.0,total,none,0,,0.000000,0.000000,0.000000,0.000000,0.000000,0.000000,tian2004_c2c4,Tian et al. (2004),synthetic_visual,,,0.92,mole fraction water on the phase boundary (Vm= ) -- NOT a dilute solubility
nC4H10_tian2004_c2c4_050,nC4H10,628.0,26.5,total,none,0,,0.000000,0.000000,0.000000,0.000000,0.000000,0.000000,tian2004_c2c4,Tian et al. (2004),synthetic_visual,,,0.94,mole fraction water on the phase boundary (Vm= ) -- NOT a dilute solubility
nC4H10_tian2004_c2c4_051,nC4H10,636.0,23.2,total,none,0,,0.000000,0.000000,0.000000,0.000000,0.000000,0.000000,tian2004_c2c4,Tian et al. (2004),synthetic_visual,,,0.96,mole fraction water on the phase boundary (Vm= ) -- NOT a dilute solubility
nC4H10_tian2004_c2c4_052,nC4H10,624.0,39.5,total,none,0,,0.000000,0.000000,0.000000,0.000000,0.000000,0.000000,tian2004_c2c4,Tian et al. (2004),synthetic_visual,,,0.89,mole fraction water on the phase boundary (Vm= ) -- NOT a dilute solubility
