source_id,reference,source_type,doi,method
abdi2017_ch4,"Abdi, M.A., Mohebbi, A., Behbahani, R.M., 2017. J. Nat. Gas Sci. Eng. 45, 307-324. DOI: 10.1016/j.jngse.2017.05.022.",journal,10.1016/j.jngse.2017.05.022,analytical_sampling
acsjced7b00777_ch4,"Kastanidis, P., Michalis, V.K., Romanos, G.E., Stubos, A.K., Economou, I.G., Tsimpanogiannis, I.N., 2018. J. Chem. Eng. Data. DOI: 10.1021/acs.jced.7b00777.",journal,10.1021/acs.jced.7b00777,unstated
addicks2002_ch4,"Addicks, J., Owren, G.A., Fredheim, A.O., Tangvik, K. (2002). Solubility of Carbon Dioxide and Methane in Aqueous Methyldiethanolamine Solutions. Journal of Chemical & Engineering Data 47(4), 855-860. DOI: 10.1021/je010292z.",journal,10.1021/je010292z,analytical_sampling
adeneybecker1919_n2,"Adeney, W.E., Becker, H.G. (1919). Philosophical Magazine 38(225), 317-337.",journal,,manometric_volumetric
ahmadichapoy2018_co2,"Ahmadi, P., Chapoy, A. (2018). CO2 solubility in formation water under sequestration conditions. Fluid Phase Equilib. 463, 80-90. DOI: 10.1016/j.fluid.2018.02.002.",journal,10.1016/j.fluid.2018.02.002,unstated
alassi2022_c2c4,"Alassi, A.; Burgass, R.; Chapoy, A. (2022). [Water content of the C3H8-H2O system]. J. Nat. Gas Sci. Eng. 108, 104732. DOI 10.1016/j.jngse.2022.104732.",journal,10.1016/j.jngse.2022.104732,electrochemical
alassi2023_c2c4,"Alassi, A.; Chapoy, A.; Burgass, R. (2023). [Water content / phase equilibria of the C2H6-H2O system]. Fluid Phase Equilib. 574, 113902. DOI 10.1016/j.fluid.2023.113902.",journal,10.1016/j.fluid.2023.113902,electrochemical
alghafrietal2014_co2,"Al Ghafri, S.Z.S., Forte, E., Maitland, G.C., Rodriguez-Henriquez, J.J., Trusler, J.P.M. (2014). Experimental and modeling study of the phase behavior of (methane+CO2+water) mixtures. J. Phys. Chem. B 118(49), 14461-14478. DOI: 10.1021/jp509678g.",journal,10.1021/jp509678g,unstated
alimohammadi2025_co2,"Alimohammadi, S.; Abiashue, L.; Adigun, B.S.; Zhou, P.; Nyame, G.; Babatunde, A.; Mohammadzadeh, O.; James, L.A. (2025). Equilibrium Modelling of CO2-Brine Systems for Geological Carbon Storage Applications; Experimental Measurements and Thermodynamic Modelling. SCA2025-1089. Zenodo. DOI: 10.5281/zenodo.16804464.",journal,10.5281/zenodo.16804464,analytical_sampling
aljeban2026_ch4,"Aljeban, A., Alanazi, A., Abdelgawad, K., Barri, A., Al Hamad, J., Hoteit, H., 2026. Solubility and interfacial tension of hydrogen and hydrogen-methane mixtures in water: Effect of pH, salinity, and gas composition. Int. J. Hydrogen Energy 204. DOI: 10.1016/j.ijhydene.2025.153276.",journal,10.1016/j.ijhydene.2025.153276,manometric_volumetric
aljeban2026_h2,"Aljeban, N., Alanazi, A., Abdelgawad, K., Barri, A.A., Al Hamad, J., Hoteit, H. (2026). Solubility and interfacial tension of hydrogen and hydrogen-methane mixtures in water: Effect of pH, salinity, and gas composition. Int. J. Hydrogen Energy 204, 153276. DOI: 10.1016/j.ijhydene.2025.153276.",journal,10.1016/j.ijhydene.2025.153276,synthetic_visual
althaus2008_n2,"Althaus, K. (1999). Fortschritt-Berichte VDI 3, 350.",report,,unstated
alvarez1988_h2,"Alvarez, J., Crovetto, R., Fernandez-Prini, R. (1988). The Dissolution of N2 and of H2 in Water from Room Temperature to 640 K. Ber. Bunsenges. Phys. Chem. 92, 935-940. DOI: 10.1002/bbpc.198800223.",journal,10.1002/bbpc.198800223,analytical_sampling
alvarez1988_n2,"Alvarez, J., Crovetto, R., Fernandez-Prini, R. (1988). The dissolution of N2 and of H2 in water from room temperature to 640 K. Berichte der Bunsengesellschaft für Physikalische Chemie 92, 935. DOI: 10.1002/bbpc.198800223.",journal,10.1002/bbpc.198800223,analytical_sampling
alvarezprini1991_n2,"Alvarez, J., Prini, R.F. (1991). A semiempirical procedure to describe the thermodynamics of dissolution of non-polar gases in water. Fluid Phase Equilibria 66, 309-326. DOI: 10.1016/0378-3812(91)85063-z.",journal,10.1016/0378-3812(91)85063-z,analytical_sampling
amirijafari1972_c2c4,"Amirijafari, B. & Campbell, J.M. (1972). ""Solubility of Gaseous Hydrocarbon Mixtures in Water."" Soc. Petrol. Eng. J. 12(01), 21-27. DOI 10.2118/3106-pa.",journal,10.2118/3106-pa,analytical_sampling
amirijafari1972_ch4,"Amirijafari, B., Campbell, J.M., 1972. Solubility of gaseous hydrocarbon mixtures in water. SPE Journal 1(1)/12(01), 21-27. DOI: 10.2118/3106-pa.",journal,10.2118/3106-pa,analytical_sampling
anderson2002_co2,"Anderson, G.K. (2002). J. Chem. Eng. Data 47, 219-222. DOI: 10.1021/je015518c.",journal,10.1021/je015518c,manometric_volumetric
anthonymcketta1967_c2c4,anthonymcketta1967,journal,10.1021/je60032a006,analytical_sampling
austin1963_co2,"Austin, W.H., Lacombe, E., Rand, P.W., Chatterjee, M. (1963). J. Appl. Physiol. 18, 301-304.",journal,,unstated
azarnooshmcketta1958_c2c4,"Azarnoosh, A. & McKetta, J.J. (1958). Pet. Refiner 37, 275-278.",journal,,analytical_sampling
bambergeretal2000_co2,"Bamberger et al., High-pressure (vapor+liquid) equilibrium in binary mixtures of (carbon dioxide+water or acetic acid) at temperatures from 313 to 353 K, J. Supercrit. Fluid., 17(2), 97-110, 2000. DOI: 10.1016/s0896-8446(99)00054-6.",journal,10.1016/s0896-8446(99)00054-6,unstated
bando2003_co2,"Bando, S., Takemura, F., Nishio, M., Hihara, E., Akai, M. (2003). Solubility of CO2 in aqueous solutions of NaCl at (30 to 60) C and (10 to 20) MPa. J. Chem. Eng. Data 48(3), 576-579. DOI: 10.1021/je0255832.",journal,10.1021/je0255832,analytical_sampling
baranenko1990_n2,"Baranenko, V.I., Sysoev, V.S., Fal'kovskii, L.N., Kirov, V.S., Piontkovskii, A.I., Musienko, A.N. (1990). The solubility of nitrogen in water. Soviet Atomic Energy 68(2), 162-165. DOI: 10.1007/BF02069879.",journal,10.1007/BF02069879,calculated_compilation
barone1966_c2c4,"Barone, G.; Crescenzi, V.; Pispisa, B.; Quadrifoglio, F. (1966). J. Macromol. Chem. 1, 761-771.",journal,,manometric_volumetric
barone1979_c2c4,"Barone, G. et al. (1979). DOI: 10.1021/j100484a005.",journal,10.1021/j100484a005,manometric_volumetric
barone1979_ch4,"Barone, G., Castronuovo, G., Della Volpe, C., Elia, V., Grassi, L., 1979. J. Phys. Chem. 83, 2703-2706. DOI: 10.1021/j100484a005.",journal,10.1021/j100484a005,manometric_volumetric
barrett1988_h2s,"Barrett, T.J.; Anderson, G.M.; Lugowski, J. (1988). The solubility of hydrogen sulphide in 0-5 M NaCl solutions at 25-95 degC and one atmosphere. Geochim. Cosmochim. Acta 52, 807-811. DOI: 10.1016/0016-7037(88)90352-3.",journal,10.1016/0016-7037(88)90352-3,analytical_sampling
bartelswrbitzky1960_co2,"Bartels, H.; Wrbitzky, R. (1960). Pflugers Arch. 271, 162-168. DOI: 10.1007/bf00363002.",journal,10.1007/bf00363002,analytical_sampling
bartholomefriz1956_co2,"Bartholomé, E.; Friz, H. (1956). Chem. Ing. Tech. 28, 706-708. DOI: 10.1002/cite.330281105.",journal,10.1002/cite.330281105,analytical_sampling
bartlett1927_h2,"Bartlett, E.P. (1927). ""The Concentration of Water Vapor in Compressed Hydrogen, Nitrogen and a Mixture of These Gases in the Presence of Condensed Water."" J. Am. Chem. Soc. 49(1), 65-78. DOI 10.1021/ja01400a010.",journal,10.1021/ja01400a010,gravimetric
bartlett1927_n2,"Bartlett, E.P. (1927). ""The Concentration of Water Vapor in Compressed Hydrogen, Nitrogen and a Mixture of These Gases in the Presence of Condensed Water."" J. Am. Chem. Soc. 49(1), 65-78. DOI 10.1021/ja01400a010.",journal,10.1021/ja01400a010,gravimetric
bartonhsu1971_co2,"Barton, J.R.; Hsu, C.C. (1971). J. Chem. Eng. Data 16, 93-95.",journal,,analytical_sampling
bastami2014_co2,"Bastami, A.; Allahgholi, M.; Pourafshary, P. (2014). ""Experimental and modelling study of the solubility of CO2 in various CaCl2 solutions at different temperatures and pressures."" Pet. Sci. 11(4), 569-577. DOI 10.1007/s12182-014-0373-1.",journal,10.1007/s12182-014-0373-1,gravimetric
bennaim1973_c2c4,"Ben-Naim, A., Wilf, J. & Yaacobi, M. (1973). ""Hydrophobic interaction in light and heavy water."" J. Phys. Chem. 77, 95-102. DOI 10.1021/j100620a021.",journal,10.1021/j100620a021,manometric_volumetric
bennaimwilfyaacobi1973_ch4,"Ben-Naim, A., Wilf, J., Yaacobi, M., 1973. Hydrophobic interaction in light and heavy water. J. Phys. Chem. 77, 95-102. DOI: 10.1021/j100620a021.",journal,10.1021/j100620a021,manometric_volumetric
bennaimyaacobi1974_c2c4,"Ben-Naim, A.; Yaacobi, M. (1974). ""Effects of solutes on the strength of hydrophobic interaction and its temperature dependence."" J. Phys. Chem. 78(2), 170-175. DOI 10.1021/j100595a600.",journal,10.1021/j100595a600,manometric_volumetric
bennaimyaacobi1974_ch4,"Ben-Naim, A., Yaacobi, M., 1974. J. Phys. Chem. 78(2), 170-175. DOI: 10.1021/j100595a600.",journal,10.1021/j100595a600,manometric_volumetric
bensonparker1961_n2,"Benson, B.B., Parker, P.D.M. (1961). Data reproduced from Battino, R. (ed.) (1982). Nitrogen and Air. Solubility Data Series, Vol. 10. Pergamon Press. ISBN 0-08-023922-6, §1.3 (data sheet, pp.82-83). Original publication details were not independently verified.",compilation,,analytical_sampling
berlrittener1907_h2s,"Berl, A.; Rittener, A. (1907). Z. angew. Chem. 20, 1637-1642. Data reproduced from IUPAC Solubility Data Series, Vol. 32: Hydrogen Sulfide, Deuterium Sulfide and Hydrogen Selenide (and Hydrogen Telluride) in Water and Aqueous Solutions (Fogg, P.G.T.; Young, C.L., eds.), Pergamon Press, 1988, printed p.48. DOI: 10.1016/b978-0-08-032481-4.50006-8. Original publication details were not independently verified.",compilation,10.1016/b978-0-08-032481-4.50006-8,analytical_sampling
bermejo2005_co2,"Bermejo, M.D.; Martin, A.; Florusse, L.J.; Peters, C.J.; Cocero, M.J. (2005). ""The influence of Na2SO4 on the CO2 solubility in water at high pressure."" Fluid Phase Equilib. 238(2), 220-228. DOI 10.1016/j.fluid.2005.10.006.",journal,10.1016/j.fluid.2005.10.006,synthetic_visual
bikov1937_n2,"Bikov (1937). Data reproduced from Battino, R. (ed.) (1982). Nitrogen and Air. Solubility Data Series, Vol. 10. Pergamon Press. ISBN 0-08-023922-6, §1.4, ref.5. Original publication details were not independently verified.",compilation,,unstated
blanco1999_c2c4,"Blanco, S.T.; Velasco, I.; Rauzy, E.; Otín, S. (1999). [Water dew points of hydrocarbon systems]. Fluid Phase Equilib. 161(1), 107-117. DOI 10.1016/s0378-3812(99)00164-8.",journal,10.1016/s0378-3812(99)00164-8,electrochemical
blancosmith1978_ch4,"Blanco, L.H., Smith, N.O., 1978. High-pressure solubility of methane in aqueous calcium chloride and aqueous tetraethylammonium bromide... J. Phys. Chem. 82, 186-191. DOI: 10.1021/j100491a012.",journal,10.1021/j100491a012,analytical_sampling
blencoe2001_co2,"Blencoe, J.G.; Naney, M.T.; Anovitz, L.M. (2001). ""The CO2-H2O system: III. A new experimental method for determining liquid-vapor equilibria at high subcritical temperatures."" Am. Mineral. 86(9), 1100-1111. DOI 10.2138/am-2001-8-918.",journal,10.2138/am-2001-8-918,analytical_sampling
blountprice1982_ch4,"Blount, C.W., Price, L.C., 1982. Solubility of methane in water under natural conditions: a laboratory study. Final report, April 1, 1978-June 30, 1982. DOE Contract No. DE-A508-78ET12145. DOI: 10.2172/5281520.",report,10.2172/5281520,analytical_sampling
bohr1899_co2,"Bohr, C. Ann. Phys. Chem. 1899, 68, 500-525.",journal,,analytical_sampling
bohr1910_n2,"Bohr, C. (1910). Data reproduced from Battino, R. (ed.) (1982). Nitrogen and Air. Solubility Data Series, Vol. 10. Pergamon Press. ISBN 0-08-023922-6, §1.4, ref.3. Original publication details were not independently verified.",compilation,,unstated
bohrbock1891_co2,"Bohr, C.; Bock, J. Ann. Phys. Chem., NF 1891, 44, 318-343.",journal,,analytical_sampling
bohrbock1891water_h2,"Bohr, C., Bock, J. (1891). Bestimmung der Absorption einiger Gase in Wasser bei den Temperaturen zwischen 0 und 100 deg. Annalen der Physik 280(10), 318-343. DOI: 10.1002/andp.18912801010.",journal,10.1002/andp.18912801010,manometric_volumetric
bohrbock1891watersmoothed_h2,"Bohr, C., Bock, J. (1891). Bestimmung der Absorption einiger Gase in Wasser bei den Temperaturen zwischen 0 und 100 deg. Annalen der Physik 280(10), 318-343. DOI: 10.1002/andp.18912801010.",journal,10.1002/andp.18912801010,manometric_volumetric
brastedhirayama1958_n2,"Brasted, R.C., Hirayama, C. (1958). Data reproduced from Battino, R. (ed.) (1982). Nitrogen and Air. Solubility Data Series, Vol. 10. Pergamon Press. ISBN 0-08-023922-6, §1.4, ref.10. Original publication details were not independently verified.",compilation,,unstated
braun1900_h2,"Braun, L. (1900). Z. Phys. Chem. 33, 721-741. DOI: 10.1515/zpch-1900-3349.",journal,10.1515/zpch-1900-3349,manometric_volumetric
braun1900_n2,"Braun (1900). Data reproduced from Battino, R. (ed.) (1982). Nitrogen and Air. Solubility Data Series, Vol. 10. Pergamon Press. ISBN 0-08-023922-6, §1.4, ref.1. Original publication details were not independently verified.",compilation,10.1515/zpch-1900-3349,manometric_volumetric
brionesetal1987_co2,"Briones et al., Ternary phase equilibria for acetic acid-water mixtures with supercritical carbon dioxide, Fluid Phase Equilibr., 36, 235-246, 1987. DOI: 10.1016/0378-3812(87)85026-4.",journal,10.1016/0378-3812(87)85026-4,unstated
bruhngerlachpawlek1965_h2,"Bruhn, G., Gerlach, J., Pawlek, F. (1965). Zeit. Anorg. Allg. Chem. 337, 68-79. DOI: 10.1002/zaac.19653370111.",journal,10.1002/zaac.19653370111,analytical_sampling
bruusgaard2010_ch4,"Bruusgaard, H., Beltrán, J.G., Servio, P., 2010. Fluid Phase Equilib. DOI: 10.1016/j.fluid.2010.02.042.",journal,10.1016/j.fluid.2010.02.042,analytical_sampling
buch1926_co2,"Buch, K. Nordiska Kemistmötet (Finland) 1926, 184-192.",conference,,analytical_sampling
bunsen1855_co2,"Bunsen, R.W.E. Phil. Mag. 1855, 9, 116-130, 181-201; Gasometrische Methoden, Braunschweig 1857.",journal,,analytical_sampling
bunsen1855water_ch4,"Bunsen, R.W., 1855. In: Clever, H.L., Young, C.L. (Eds.), Solubility Data Series (1987), Methane, vols. 27-28. Pergamon Press, Oxford.",compilation,,manometric_volumetric
burmakina1982_co2,"Burmakina, G.V.; Efanov, L.N.; Shnet, M.A. (1982). Zh. Fiz. Khim. 56, 1159-1161.",journal,,analytical_sampling
byeseda1985_h2s,"Byeseda, J.J. (1985). Proc. Laurance Reid Gas Conditioning Conference.",conference,,unstated
byrnestoessell1982_ch4,"Byrne, P.A., Stoessell, R.K., 1982. Methane solubilities in multisalt solutions. Geochimica et Cosmochimica Acta 46, 2395-2397. DOI: 10.1016/0016-7037(82)90210-1.",journal,10.1016/0016-7037(82)90210-1,analytical_sampling
campos2009_co2,"Campos, C.E.P.S., Villardi, H.G.D.A., Pessoa, F.L.P., Uller, A.M.C. (2009). Solubility of Carbon Dioxide in Water and Hexadecane: Experimental Measurement and Thermodynamic Modeling. J. Chem. Eng. Data 54, 2881-2886. DOI: 10.1021/je800966f.",journal,10.1021/je800966f,unstated
carroll1997_c2c4,"Carroll, J.J., Jou, F.-Y. & Mather, A.E. (1997). ""Fluid phase equilibria in the system n-butane + water."" Fluid Phase Equilib. 140(1-2), 157-169. DOI 10.1016/s0378-3812(97)00199-4.",journal,10.1016/s0378-3812(97)00199-4,analytical_sampling
carroll1998_ch4,"Carroll, J.J., Jou, F.-Y., Mather, A.E., Otto, F.D. (1998). The Solubility of Methane in Aqueous Solutions of Monoethanolamine, Diethanolamine and Triethanolamine. The Canadian Journal of Chemical Engineering 76(5), 945-951. DOI: 10.1002/cjce.5450760512.",journal,10.1002/cjce.5450760512,analytical_sampling
carrollmather1989_h2s,"Carroll, J.J.; Mather, A.E. (1989). ""Phase Equilibrium in the System Water-Hydrogen Sulphide: Experimental Determination of the LLV Locus."" Can. J. Chem. Eng. 67(3), 468-470. DOI 10.1002/cjce.5450670318.",journal,10.1002/cjce.5450670318,analytical_sampling
carvalho2015_co2,"Carvalho, P.J.; Pereira, L.M.C.; Goncalves, N.P.F.; Queimada, A.J.; Coutinho, J.A.P. (2015). ""Carbon dioxide solubility in aqueous solutions of NaCl: Measurements and modeling with electrolyte equations of state."" Fluid Phase Equilib. 388, 100-106. DOI 10.1016/j.fluid.2014.12.043.",journal,10.1016/j.fluid.2014.12.043,synthetic_visual
chabab2019_co2,"Chabab, S.; Théveneau, P.; Corvisier, J.; Coquelet, C.; Paricaud, P. (2019). Int. J. Greenh. Gas Control 91, 102825. DOI: 10.1016/j.ijggc.2019.102825.",journal,10.1016/j.ijggc.2019.102825,chromatography
chabab2020_h2,"Chabab, S., Théveneau, P., Coquelet, C., Corvisier, J., Paricaud, P. (2020). Measurements and predictive models of high-pressure H2 solubility in brine (H2O+NaCl) for underground hydrogen storage application. Int. J. Hydrogen Energy 45(56), 32206-32220. DOI: 10.1016/j.ijhydene.2020.08.192.",journal,10.1016/j.ijhydene.2020.08.192,analytical_sampling
chabab2021_co2,"Chabab, S.; Ahmadi, P.; Théveneau, P.; Coquelet, C.; Chapoy, A.; Corvisier, J.; Paricaud, P. (2021). J. Chem. Eng. Data 66(1), 609-620. DOI: 10.1021/acs.jced.0c00799.",journal,10.1021/acs.jced.0c00799,analytical_sampling
chabab2024_h2,"Chabab, S.; Kerkache, H.; Bouchkira, I.; Poulain, M.; Baudouin, O.; Moine, E.; Ducousso, M.; Hoang, H.; Galliero, G.; Cezac, P. (2024). Solubility of H2 in water and NaCl brine under subsurface storage conditions: Measurements and thermodynamic modeling. International Journal of Hydrogen Energy 50, 648-658. DOI: 10.1016/j.ijhydene.2023.10.290.",journal,10.1016/j.ijhydene.2023.10.290,analytical_sampling
chapoy2003_ch4,"Chapoy et al., Solubility measurement and modeling of water in the gas phase of the methane/water binary system at temperatures from 283.08 to 318.12 K and pressures up to 34.5MPa, Fluid Phase Equilibria, 214(1), 101-117, 2003. DOI: 10.1016/s0378-3812(03)00322-4.",journal,10.1016/s0378-3812(03)00322-4,analytical_sampling
chapoy2004_c2c4,"Chapoy, A., Mokraoui, S., Valtz, A., Richon, D., Mohammadi, A.H. & Tohidi, B. (2004). ""Solubility measurement and modeling for the system propane-water from 277.62 to 368.16 K."" Fluid Phase Equilib. 226, 213-220. DOI 10.1016/j.fluid.2004.08.040.",journal,10.1016/j.fluid.2004.08.040,analytical_sampling
chapoy2004_ch4,"Chapoy, A., Mohammadi, A.H., Richon, D. & Tohidi, B. (2004). ""Gas solubility measurement and modeling for methane-water and methane-ethane-n-butane-water systems at low temperature conditions."" Fluid Phase Equilib. 220, 111-119. DOI 10.1016/j.fluid.2004.02.010.",journal,10.1016/j.fluid.2004.02.010,chromatography
chapoy2004_n2,"Chapoy, A., Mohammadi, A.H., Tohidi, B., Richon, D. (2004). Gas solubility measurement and modeling for the nitrogen plus water system from 274.18 K to 363.02 K. Journal of Chemical and Engineering Data 49, 1110-1115. DOI: 10.1021/je049869d.",journal,10.1021/je049869d,unstated
chapoy2005_ch4,"Chapoy, Antonin et al., Estimation of Water Content for Methane + Water and Methane + Ethane + n-Butane + Water Systems Using a New Sampling Device, Journal of Chemical & Engineering Data, 50(4), 1157-1161, 2005. DOI: 10.1021/je049615s.",journal,10.1021/je049615s,chromatography
chapoy2005_h2s,"Chapoy, A.; Mohammadi, A.H.; Tohidi, B.; Valtz, A.; Richon, D. (2005). Experimental Measurement and Phase Behavior Modeling of Hydrogen Sulfide-Water Binary System. Ind. Eng. Chem. Res. 44(19), 7567-7574. DOI: 10.1021/ie050201h.",journal,10.1021/ie050201h,chromatography
chapoyetal2004_co2,"Chapoy, A., Mohammadi, A.H., Chareton, A., Tohidi, B., Richon, D. (2004). Measurement and modeling of gas solubility and literature review of the properties for the carbon dioxide-water system. Ind. Eng. Chem. Res. 43(7), 1794-1802. DOI: 10.1021/ie034232t.",journal,10.1021/ie034232t,unstated
choudhary1982_h2,"Choudhary, V.R., Parande, M.G., Brahme, P.H. (1982). Simple Apparatus for Measuring Solubility of Gases at High Pressures. Ind. Eng. Chem. Fundam. 21, 472-474. DOI: 10.1021/i100008a027.",journal,10.1021/i100008a027,analytical_sampling
christoff1906_ch4,"Christoff, A., 1906. Z. Phys. Chem. 55, 622-634. DOI: 10.1515/zpch-1906-5537.",journal,10.1515/zpch-1906-5537,manometric_volumetric
christoff1906_n2,"Christoff (1906). Data reproduced from Battino, R. (ed.) (1982). Nitrogen and Air. Solubility Data Series, Vol. 10. Pergamon Press. ISBN 0-08-023922-6, §1.4, ref.2. Original publication details were not independently verified.",compilation,10.1515/zpch-1906-5537,manometric_volumetric
clarkeglew1971table1_h2s,"Clarke, E.C.W.; Glew, D.N. (1971). ""Aqueous Nonelectrolyte Solutions. Part VIII. Deuterium and Hydrogen Sulfide Solubilities in Deuterium Oxide and Water."" Can. J. Chem. 49(5), 691-698. DOI 10.1139/v71-116.",journal,10.1139/v71-116,manometric_volumetric
claussenpolglase1952_c2c4,"Claussen, W.F. & Polglase, M.F. (1952). ""Solubilities and Structures in Aqueous Aliphatic Hydrocarbon Solutions."" J. Am. Chem. Soc. 74(19), 4817-4819. DOI 10.1021/ja01139a026.",journal,10.1021/ja01139a026,gravimetric
claussenpolglase1952_ch4,"Claussen, W.F., Polglase, M.F., 1952. Solubilities and structures in aqueous aliphatic hydrocarbon solutions. J. Am. Chem. Soc. 74(19), 4817-4819. DOI: 10.1021/ja01139a026.",journal,10.1021/ja01139a026,gravimetric
cleverbattinosaylorgross1957_n2,"Clever, H.L., Battino, R., Saylor, J.H., Gross, P.M. (1957). Data reproduced from Battino, R. (ed.) (1982). Nitrogen and Air. Solubility Data Series, Vol. 10. Pergamon Press. ISBN 0-08-023922-6, §1.1 (data sheet, p.64). Original publication details were not independently verified.",compilation,,manometric_volumetric
coanking1971_c2c4,"Coan, C.R.; King, A.D. (1971). [Solubility of H2O in compressed CO2, N2O, and C2H6]. J. Am. Chem. Soc. 93(8), 1857-1862. DOI 10.1021/ja00737a004.",journal,10.1021/ja00737a004,gravimetric
coanking1971_co2,"Coan, C.R.; King, A.D., Jr. (1971). J. Am. Chem. Soc. 93, 1857-1862. DOI: 10.1021/ja00737a004.",journal,10.1021/ja00737a004,gravimetric
corti1990_co2,"Corti, H.R., et al. (1990). Ind. Eng. Chem. Res. 29, 1043. DOI: 10.1021/ie00102a014.",journal,10.1021/ie00102a014,analytical_sampling
cosgrovewalkley1981_c2c4,"Cosgrove, B.A. & Walkley, J. (1981). ""Solubilities of Gases in H2O and 2H2O."" J. Chromatogr. A 216, 161-167. DOI 10.1016/s0021-9673(00)82344-4.",journal,10.1016/s0021-9673(00)82344-4,chromatography
cosgrovewalkley1981_ch4,"Cosgrove, B.A., Walkley, J., 1981. Solubilities of gases in H2O and 2H2O. J. Chromatogr. 21, 161-167. DOI: 10.1016/S0021-9673(00)82344-4.",journal,10.1016/S0021-9673(00)82344-4,chromatography
cosgrovewalkley1981_n2,"Cosgrove, B.A., Walkley, J. (1981). Journal of Chromatography A 216, 161-167. DOI: 10.1016/S0021-9673(00)82344-4.",journal,10.1016/S0021-9673(00)82344-4,chromatography
cramer1982_co2,"Cramer, S.D. (1982). Rep. Invest. U.S. Bur. Mines, RI 8706.",report,,manometric_volumetric
cramer1984_ch4,"Cramer, S.D., 1984. Ind. Eng. Chem. Process Des. Dev. 23(3), 533-538. DOI: 10.1021/i200026a021.",journal,10.1021/i200026a021,manometric_volumetric
crovettofernandezprini1982_ch4,"Crovetto, R., Fernández-Prini, R., Japas, M.L., 1982. Solubilities of inert gases and methane in H2O and in D2O... J. Chem. Phys. 76(2), 1077-1086. DOI: 10.1063/1.443074.",journal,10.1063/1.443074,analytical_sampling
crovettowood1992_co2,"Crovetto, R.; Wood, R.H. (1992). Fluid Phase Equilib. 74, 271-288. DOI: 10.1016/0378-3812(92)85067-i.",journal,10.1016/0378-3812(92)85067-i,other
crozieryamamoto1974_h2,"Crozier, T.E., Yamamoto, S. (1974). J. Chem. Eng. Data 19(3), 242-244. DOI: 10.1021/je60062a007.",journal,10.1021/je60062a007,manometric_volumetric
cui2026_ch4,"Cui, S.; Liang, H.; Deng, Z.; Kong, J.; Wu, Q.; Xu, K. (2026). Experimental and Theoretical Study on the Solubility of High-Temperature, High-Pressure, High-CO2 Natural Gas in Formation Water. Energies 19, 3038. DOI: 10.3390/en19133038.",journal,10.3390/en19133038,chromatography
culbersonhornmcketta1950_c2c4,"Culberson, O.L., Horn, A.B. & McKetta, J.J. (1950). ""Phase Equilibria in Hydrocarbon-Water Systems -- The Solubility of Ethane in Water at Pressures to 1200 psi."" Pet. Trans. AIME 189 = J. Petrol. Tech. 2(01) T.P. 2778 1-6. DOI 10.2118/950001-g.",journal,10.2118/950001-g,analytical_sampling
culbersonhornmcketta1950_ch4,"Culberson, O.L., Horn, A.B., McKetta, J.J., 1950. Phase equilibria in hydrocarbon-water systems: the solubility of ethane in water at pressures to 1200 psi. Petroleum Transactions, AIME 189, 1-6 / J. Petrol. Tech. 1950, 2, 1-6. DOI: 10.2118/950001-g.",journal,10.2118/950001-g,analytical_sampling
culbersonmcketta1950_c2c4,"Culberson, O.L. & McKetta, J.J. (1950). ""Phase Equilibria in Hydrocarbon-Water Systems II -- The Solubility of Ethane in Water at Pressures to 10,000 psi."" J. Petrol. Tech. 2(11) 319-322. DOI 10.2118/950319-g.",journal,10.2118/950319-g,analytical_sampling
culbersonmcketta1951_ch4,"Culberson, O.L., McKetta, J.J., 1951. Phase equilibria in hydrocarbon-water systems: III -- The solubility of methane in water at pressures to 10,000 psia. Petroleum Transactions, AIME 192, 223-226; J. Petrol. Tech. 3(08), 223-226 (1951). DOI: 10.2118/951223-g.",journal,10.2118/951223-g,analytical_sampling
curryhazelton1938_co2,"Curry, J.; Hazelton, C.L. (1938). J. Am. Chem. Soc. 60, 2771-2773.",journal,,analytical_sampling
czerskiczaplinski1962_c2c4,"Czerski, L. & Czaplinski, A. (1962). Ann. Soc. Chim. Polonorum 36, 1827-1834. No DOI (pre-index Polish journal; article title not printed in the citing bibliographies).",journal,,manometric_volumetric
dalmolin2006_co2,"Dalmolin, I., Skovroinski, E., Biasi, A., et al. (2006). Solubility of carbon dioxide in binary and ternary mixtures with ethanol and water. Fluid Phase Equilib. 245, 193-200. DOI: 10.1016/j.fluid.2006.04.017.",journal,10.1016/j.fluid.2006.04.017,unstated
danneiltodheidefranck1967_c2c4,"Danneil, A., Tödheide, K. & Franck, E.U. (1967). ""Verdampfungsgleichgewichte und kritische Kurven in den Systemen Äthan/Wasser und n-Butan/Wasser bei hohen Drücken."" Chemie Ingenieur Technik 39(13), 816. DOI 10.1002/cite.330391309.",journal,10.1002/cite.330391309,analytical_sampling
deckwer1980_h2,"Deckwer, W.-D. (1980). J. Chem. Eng. Data 25, 75-76. DOI: 10.1021/je60084a022.",journal,10.1021/je60084a022,chromatography
dedebecker1926_h2s,"Dede, L.; Becker, Th. (1926). Z. anorg. allgem. Chem. 152, 185-196. Data reproduced from IUPAC Solubility Data Series, Vol. 32: Hydrogen Sulfide, Deuterium Sulfide and Hydrogen Selenide (and Hydrogen Telluride) in Water and Aqueous Solutions (Fogg, P.G.T.; Young, C.L., eds.), Pergamon Press, 1988, printed p.40. DOI: 10.1016/b978-0-08-032481-4.50006-8. Original publication details were not independently verified.",compilation,10.1016/b978-0-08-032481-4.50006-8,unstated
dellera2010_co2,"Dell'Era, C., Uusi-Kyyny, P., Pokki, J.-P., et al. (2010). Solubility of carbon dioxide in aqueous solutions of diisopropanolamine and methyldiethanolamine. Fluid Phase Equilib. 293, 101-109. DOI: 10.1016/j.fluid.2010.02.035.",journal,10.1016/j.fluid.2010.02.035,unstated
denton1973_c2c4,"Hayduk, W. (ed.) (1986). IUPAC Solubility Data Series Volume 24: Propane, Butane, and 2-Methylpropane. Pergamon Press.",compilation,,calculated_compilation
devaney1978_h2,"DeVaney, W.E. et al. (1978). GPA Research Report RR-30, Gas Processors Association.",report,,unstated
dewet1964_h2,"de Wet, W.J. (1964). J. S. Afr. Chem. Inst. 17, 9-17. Data reproduced from Chabab, S.; Theveneau, P.; Coquelet, C.; Corvisier, J.; Paricaud, P. (2020). Measurements and predictive models of high-pressure H2 solubility in brine (H2O+NaCl) for underground hydrogen storage application. International Journal of Hydrogen Energy 45, 32206-32220. DOI: 10.1016/j.ijhydene.2020.08.192, Table 1.",compilation,,manometric_volumetric
dhima1998_c2c4,"Dhima, A., de Hemptinne, J.-C. & Moracchini, G. (1998). ""Solubility of light hydrocarbons and their mixtures in pure water under high pressure."" Fluid Phase Equilib. DOI 10.1016/s0378-3812(97)00211-2.",journal,10.1016/s0378-3812(97)00211-2,analytical_sampling
dhima1998_ch4,"Dhima, A., de Hemptinne, J.-C. & Moracchini, G. (1998). ""Solubility of light hydrocarbons and their mixtures in pure water under high pressure."" Fluid Phase Equilib. DOI 10.1016/s0378-3812(97)00211-2.",journal,10.1016/s0378-3812(97)00211-2,analytical_sampling
dhima1999_ch4,"Dhima, A., de Hemptinne, J.-C., Jose, J. (1999). Solubility of hydrocarbons and CO2 mixtures in water under high pressure. Ind. Eng. Chem. Res. 38(8), 3144-3161. DOI: 10.1021/ie980768g.",journal,10.1021/ie980768g,analytical_sampling
dhima1999_co2,"Dhima, A., de Hemptinne, J.-C., Jose, J. (1999). Solubility of hydrocarbons and CO2 mixtures in water under high pressure. Ind. Eng. Chem. Res. 38(8), 3144-3161. DOI: 10.1021/ie980768g.",journal,10.1021/ie980768g,analytical_sampling
dohrnbrunner1986_h2,"Dohrn, R., Brunner, G. (1986). Phase Equilibria in Ternary and Quaternary Systems of Hydrogen, Water and Hydrocarbons at Elevated Temperatures and Pressures. Fluid Phase Equilib. 29, 535-544. DOI: 10.1016/0378-3812(86)85052-x.",journal,10.1016/0378-3812(86)85052-x,analytical_sampling
dohrnetal1993_co2,"Dohrn et al., Experimental measurements of phase equilibria for ternary and quaternary systems of glucose, water, CO2 and ethanol with a novel apparatus, Fluid Phase Equilibr., 83, 149-158, 1993. DOI: 10.1016/0378-3812(93)87017-u.",journal,10.1016/0378-3812(93)87017-u,unstated
dossantos2020_co2,"dos Santos, A.C.D., et al. (2020). J. Chem. Eng. Data 65, 3230. DOI: 10.1021/acs.jced.0c00230.",journal,10.1021/acs.jced.0c00230,analytical_sampling
dossantos2021_co2,"dos Santos, A.C.D., et al. (2021). J. Chem. Eng. Data 66, 4166. DOI: 10.1021/acs.jced.1c00347 (the MgCl2 rows). The NaCl rows are from dos Santos, P.F.; André, L.; Ducousso, M.; Lassin, A.; Contamine, F.; Lach, A.; Parmentier, M.; Cézac, P. (2021). Chem. Geol. 582, 120443. DOI: 10.1016/j.chemgeo.2021.120443.",journal,10.1021/acs.jced.1c00347,analytical_sampling
douabulriley1979_h2s,"Douabul, A.A.; Riley, J.P. (1979). [H2S solubility in seawater]. Deep-Sea Res. 26A, 259-268. DOI: 10.1016/0198-0149(79)90023-2.",journal,10.1016/0198-0149(79)90023-2,unstated
douglas1964_n2,"Douglas, E. (1964). Solubilities of Oxygen, Argon, and Nitrogen in Distilled Water. J. Phys. Chem. 68, 169-174. DOI: 10.1021/j100783a028 (the pure-water rows). Douglas, E. (1965). Solubilities of Argon and Nitrogen in Sea Water. J. Phys. Chem. 69, 2608-2610. DOI: 10.1021/j100892a021 (the seawater rows). Data reproduced from Battino, R. (ed.) (1982). Nitrogen and Air. Solubility Data Series, Vol. 10. Pergamon Press. ISBN 0-08-023922-6.",compilation,,manometric_volumetric
drummond1981_co2,"Drummond, S.E. (1981). Boiling and mixing of hydrothermal fluids: chemical effects on mineral precipitation. Ph.D. Dissertation, Pennsylvania State University, State College, PA.",thesis,,manometric_volumetric
drummond1981_h2s,"Drummond, S.E. Jr. (1981). Boiling and Mixing of Hydrothermal Fluids: Chemical Effects on Mineral Precipitation. PhD thesis, Pennsylvania State University (UMI #8112798). Appendix A Table A.2 (H2S-NaCl).",thesis,,gravimetric
dryden1947_h2s,"Dryden, I.G.C. (1947). J. Soc. Chem. Ind. 66, 59-64. Data reproduced from IUPAC Solubility Data Series, Vol. 32: Hydrogen Sulfide, Deuterium Sulfide and Hydrogen Selenide (and Hydrogen Telluride) in Water and Aqueous Solutions (Fogg, P.G.T.; Young, C.L., eds.), Pergamon Press, 1988, printed p.46. DOI: 10.1016/b978-0-08-032481-4.50006-8. Original publication details were not independently verified.",compilation,10.1016/b978-0-08-032481-4.50006-8,analytical_sampling
dsouza1988_co2,"D'Souza, R., Patrick, J.R., Teja, A.S. (1988). High pressure phase equilibria in the carbon dioxide-n-hexadecane and carbon dioxide-water systems. Can. J. Chem. Eng. 66(2), 319-323. DOI: 10.1002/cjce.5450660221.",journal,10.1002/cjce.5450660221,unstated
dsouzaetal1988_co2,"D'Souza, R., Patrick, J.R., Teja, A.S. (1988). High pressure phase equilibria in the carbon dioxide-n-hexadecane and carbon dioxide-water systems. Can. J. Chem. Eng. 66(2), 319-323. DOI: 10.1002/cjce.5450660221.",journal,10.1002/cjce.5450660221,unstated
duffysmithnagy1961_ch4,"Duffy, J.R., Smith, N.O., Nagy, B., 1961. GCA 24(1-2), 23-31. DOI: 10.1016/0016-7037(61)90004-7.",journal,10.1016/0016-7037(61)90004-7,manometric_volumetric
eichelberger1955_n2,"Eichelberger, W.C. (1955). Industrial and Engineering Chemistry 47, 2223-2228. DOI: 10.1021/ie50550a053.",journal,10.1021/ie50550a053,unstated
ellis1959_co2,"Ellis, A.J. (1959). Am. J. Sci. 257, 217-234. DOI: 10.2475/ajs.257.3.217.",journal,10.2475/ajs.257.3.217,analytical_sampling
ellisgolding1963_co2,"Ellis, A.J.; Golding, R.M. (1963). Am. J. Sci. 261, 47-60. DOI: 10.2475/ajs.261.1.47.",journal,10.2475/ajs.261.1.47,analytical_sampling
elmaghraby2012_co2,"El-Maghraby, R.M., Pentland, C.H., Iglauer, S., Blunt, M.J. (2012). A fast method to equilibrate carbon dioxide with brine at high pressure and elevated temperature including solubility measurements. The Journal of Supercritical Fluids 62, 55-59. DOI: 10.1016/j.supflu.2011.11.002.",journal,10.1016/j.supflu.2011.11.002,manometric_volumetric
ennsscholanderbradstreet1965_n2,"Enns, T., Scholander, P.F., Bradstreet, E.D. (1965). Data reproduced from Battino, R. (ed.) (1982). Nitrogen and Air. Solubility Data Series, Vol. 10. Pergamon Press. ISBN 0-08-023922-6, §1.1 (data sheet, p.69). Original publication details were not independently verified.",compilation,,manometric_volumetric
euckenhertzberg1950_c2c4,"Eucken, A.; Hertzberg, G. (1950). ""Aussalzeffekt und Ionenhydratation."" Z. Phys. Chem. 195(1), 1-23. DOI 10.1515/zpch-1950-19502",journal,10.1515/zpch-1950-19502,manometric_volumetric
euckenhertzberg1950_ch4,"Eucken, A., Hertzberg, G., 1950. Z. Phys. Chem. 195, 1-23. DOI: 10.1515/zpch-1950-19502.",journal,10.1515/zpch-1950-19502,manometric_volumetric
farhihommaedwards1963_n2,"Farhi, L.E., Homma, T., Edwards, A.W.T. (1963). Journal of Applied Physiology 18(1), 97-106.",journal,,analytical_sampling
feillolaylucas1972_ch4,"Feillolay, A., Lucas, M., 1972. J. Phys. Chem. 76, 3068-3072. DOI: 10.1021/j100665a028.",journal,10.1021/j100665a028,manometric_volumetric
findlaycreighton1910_co2,"Findlay, A.; Creighton, H.J.M. (1910). J. Chem. Soc. 97, 536-561. DOI: 10.1039/ct9109700536.",journal,10.1039/ct9109700536,manometric_volumetric
findlayhowell1915_co2,"Findlay, A.; Howell, O.R. (1915). J. Chem. Soc. 107, 282-284. DOI: 10.1039/ct9150700282.",journal,10.1039/ct9150700282,manometric_volumetric
findlayshen1912_co2,"Findlay, A.; Shen, B. (1912). J. Chem. Soc. 101, 1459-1468. DOI: 10.1039/ct9120101459.",journal,10.1039/ct9120101459,manometric_volumetric
findlayshen1912_h2,"Findlay, A., Shen, B. (1912). CLVI.-The influence of colloids and fine suspensions on the solubility of gases in water. Part II. Solubility of carbon dioxide and of hydrogen. J. Chem. Soc., Trans. 101, 1459-1468. DOI: 10.1039/ct9120101459.",journal,10.1039/ct9120101459,analytical_sampling
findlaywilliams1913_co2,"Findlay, A.; Williams, T. (1913). J. Chem. Soc. 103, 636-644. DOI: 10.1039/ct9130300636.",journal,10.1039/ct9130300636,manometric_volumetric
foltran2015_n2,"Foltran, S., Vosper, M.E., Suleiman, N.B., Wriglesworth, A., Ke, J., Drage, T.C., Poliakoff, M., George, M.W. (2015). Understanding the solubility of water in carbon capture and storage mixtures: an FTIR spectroscopic study of H2O+CO2+N2 ternary mixtures. International Journal of Greenhouse Gas Control 35, 131-137. DOI: 10.1016/j.ijggc.2015.02.002.",journal,10.1016/j.ijggc.2015.02.002,other
fonseca2007_co2,"Fonseca, I.M.A., Almeida, J.P.B., Fachada, H.C. (2007). Automated apparatus for gas solubility measurements. J. Chem. Thermodyn. 39, 1407-1411. DOI: 10.1016/j.jct.2007.05.013.",journal,10.1016/j.jct.2007.05.013,manometric_volumetric
forte2013_c2c4,"Forte, E. et al. (2013). [Multiphase equilibria of the C3H8 + CO2 + H2O system at reservoir conditions]. J. Supercrit. Fluids 75, 79-90. DOI 10.1016/j.supflu.2012.12.012.",journal,10.1016/j.supflu.2012.12.012,chromatography
fox1909_n2,"Fox, C.J.J. (1909). Transactions of the Faraday Society 5, 68-87. Seawater/chlorinity leg of the same paper as fox1909_water.",journal,,manometric_volumetric
frolich1931_n2,"Frölich, P.K., Tauch, E.J., Hogan, J.J., Peer, A.A. (1931). Data reproduced from Battino, R. (ed.) (1982). Nitrogen and Air. Solubility Data Series, Vol. 10. Pergamon Press. ISBN 0-08-023922-6, §2.1 (ref. 14). Original publication details were not independently verified.",compilation,,unstated
gamsjaeger1967_h2s,"Gamsjaeger, H.; Rainer, W.; Schindler, P. (1967). Loeslichkeitskonstanten und freie Bildungsenthalpien von Metallsulfiden, 4. Mitt.: Die Loeslichkeit von H2S in HClO4-NaClO4-H2O-Mischungen. Monatsh. Chem. 98(5), 1793-1802. DOI: 10.1007/bf01167137.",journal,10.1007/bf01167137,analytical_sampling
gamsjaeger1969_h2s,"Gamsjaeger, H.; Schindler, P. (1969). Loeslichkeiten und Aktivitaetskoeffizienten von H2S in Elektrolytmischungen. Helv. Chim. Acta 52(6), 1395-1402. DOI: 10.1002/hlca.19690520603.",journal,10.1002/hlca.19690520603,analytical_sampling
gamsjagerrainerschindler1967_h2s,"Gamsjaeger, H.; Rainer, W.; Schindler, P. (1967). Loeslichkeitskonstanten und freie Bildungsenthalpien von Metallsulfiden, 4. Mitt.: Die Loeslichkeit von H2S in HClO4-NaClO4-H2O-Mischungen. Monatsh. Chem. 98(5), 1793-1802. DOI: 10.1007/bf01167137.",journal,10.1007/bf01167137,analytical_sampling
gamsjagerschindler1969_h2s,"Gamsjaeger, H.; Schindler, P. (1969). Loeslichkeiten und Aktivitaetskoeffizienten von H2S in Elektrolytmischungen. Helv. Chim. Acta 52(6), 1395-1402. DOI: 10.1002/hlca.19690520603.",journal,10.1002/hlca.19690520603,analytical_sampling
gao1997_ch4,"Gao, J., Zheng, D.-Q., Guo, T.-M., 1997. J. Chem. Eng. Data. DOI: 10.1021/je960275n.",journal,10.1021/je960275n,analytical_sampling
gao1997_co2,"Gao, J., Zheng, D.-Q., Guo, T.-M., 1997. Solubilities of Methane, Nitrogen, Carbon Dioxide, and a Natural Gas Mixture in Aqueous Sodium Bicarbonate Solutions under High Pressure and Elevated Temperature. J. Chem. Eng. Data 42(1), 69-73. DOI: 10.1021/je960275n.",journal,10.1021/je960275n,analytical_sampling
gao1997_n2,"Gao, W., Zheng, D.-Q., Guo, T.-M. (1997). Solubilities of Methane, Nitrogen, Carbon Dioxide, and a Natural Gas Mixture in Aqueous Sodium Bicarbonate Solutions under High Pressure and Elevated Temperature. Journal of Chemical and Engineering Data 42(1), 69-73. DOI: 10.1021/je960275n.",journal,10.1021/je960275n,analytical_sampling
gaudetteservio2007_c2c4,"Gaudette, J.; Servio, P. (2007). Measurement of dissolved propane in water in the presence of gas hydrate. J. Chem. Eng. Data 52(4), 1449-1451. DOI 10.1021/je7001286.",journal,10.1021/je7001286,analytical_sampling
geffcken1904_h2,"Geffcken, G. (1904). Z. Phys. Chem. 49, 257-302. DOI: 10.1515/zpch-1904-4925.",journal,10.1515/zpch-1904-4925,manometric_volumetric
gehriglentzfranck1986_co2,"Gehrig, M.; Lentz, H.; Franck, E.U. (1986). The System Water-Carbon Dioxide-Sodium Chloride to 773 K and 300 MPa. Ber. Bunsenges. Phys. Chem. 90(6), 525-533. DOI: 10.1002/bbpc.19860900606.",journal,10.1002/bbpc.19860900606,synthetic_visual
gerecke1969_co2,Gerecke (1969),journal,,manometric_volumetric
gerecke1969_h2,"Gerecke, J. (1969). PhD dissertation; data reproduced in Gerecke, J.; Bittrich, H.-J. (1971), Wiss. Z. Tech. Hochsch. Chemie Leuna-Merseburg 13, 115-122 and 313-321. The secondary source does not report the dissertation title or institution.",thesis,,calculated_compilation
gereckebittrich1971_h2,"Gerecke, J., Bittrich, H.-J. (1971). Data reproduced from Chabab, S.; Theveneau, P.; Coquelet, C.; Corvisier, J.; Paricaud, P. (2020). Measurements and predictive models of high-pressure H2 solubility in brine (H2O+NaCl) for underground hydrogen storage application. International Journal of Hydrogen Energy 45, 32206-32220. DOI: 10.1016/j.ijhydene.2020.08.192, Table 2. Original publication details were not independently verified.",compilation,,analytical_sampling
gerrard1972_h2s,"Gerrard, W. (1972). ""Solubility of Hydrogen Sulphide, Dimethyl Ether, Methyl Chloride and Sulphur Dioxide in Liquids. The Prediction of Solubility of All Gases."" J. Appl. Chem. Biotechnol. 22(5), 623-650. DOI 10.1002/jctb.2720220509.",journal,10.1002/jctb.2720220509,gravimetric
gilbert2016_co2,"Gilbert, K.; Bennett, P.C.; Wolfe, W.; Zhang, T.; Romanak, K.D. (2016). Appl. Geochem. 67, 59-67. DOI 10.1016/j.apgeochem.2016.02.002.",journal,10.1016/j.apgeochem.2016.02.002,analytical_sampling
gillespieetal1982_co2,"Gillespie, P.C., Wilson, G.M. (1982). Vapor-liquid and liquid-liquid equilibria: water-methane, water-carbon dioxide, water-hydrogen sulfide, water-n-pentane, water-methane-n-pentane. GPA Research Report RR-48, Gas Processors Association, Tulsa, OK.",report,,unstated
gillespiewilson1980_h2,"Gillespie, P.C., Wilson, G.M. (1980). Vapor-Liquid Equilibrium Data on Water-Substitute Gas Components: N2-H2O, H2-H2O, CO-H2O, H2-CO-H2O, and H2S-H2O. GPA Research Report RR-41, Gas Processors Association, Tulsa, OK (Project 758-B-79, Wilco Research Company). OSTI 10.2172/6782591.",report,10.2172/6782591,analytical_sampling
gillespiewilson1980_n2,"Gillespie, P.C., Wilson, G.M. (1980). Vapor-Liquid Equilibrium Data on Water-Substitute Gas Components: N2-H2O, H2-H2O, CO-H2O, H2-CO-H2O, and H2S-H2O. GPA Research Report RR-41. DOI: 10.2172/6782591.",report,10.2172/6782591,analytical_sampling
goodmankrase1931_n2,"Goodman, J.B., Krase, N.W. (1931). Solubility of nitrogen in water at high pressures and temperatures. Industrial and Engineering Chemistry 23(4), 401-404. DOI: 10.1021/ie50256a015.",journal,10.1021/ie50256a015,analytical_sampling
gordoncohenstandley1977_h2,"Gordon, L.I., Cohen, Y., Standley, D.R. (1977). Deep Sea Research 24(10), 937-941. DOI: 10.1016/0146-6291(77)90563-x.",journal,10.1016/0146-6291(77)90563-x,manometric_volumetric
gparr41h2stable5_h2s,"Gillespie, P.C.; Wilson, G.M. (1980). Vapor-Liquid Equilibrium Data on Water-Substitute Gas Components: N2-H2O, H2-H2O, CO-H2O, H2-CO-H2O, and H2S-H2O. GPA Research Report RR-41. Project 758-B-79, Wilco Research Co., Provo, UT.",report,,analytical_sampling
guo2014_co2,"Guo, H., Chen, Y., Hu, Q., et al. (2014). Quantitative Raman spectroscopic investigation of geo-fluids high-pressure phase equilibria: Part I. Accurate calibration and determination of CO2 solubility in water from 273.15 to 573.15 K and from 10 to 120 MPa. Fluid Phase Equilib. 382, 70-79. DOI: 10.1016/j.fluid.2014.08.032.",journal,10.1016/j.fluid.2014.08.032,other
guo2016_co2,"Guo, H., et al. (2016). J. Chem. Eng. Data 61, 466. DOI: 10.1021/acs.jced.5b00651.",journal,10.1021/acs.jced.5b00651,other
haehnel1920_co2,"Hähnel, O. (1920). Centralblatt für Mineralogie, Geologie und Paläontologie, Jahrgang 1920, pp. 25-32.",journal,,analytical_sampling
haghtalab2015_co2,"Haghtalab, A., Mohammadi, M., Fakhroueian, Z. (2015). Absorption and solubility measurement of CO2 in water-based ZnO and SiO2 nanofluids. Fluid Phase Equilib. 392, 33-42. DOI: 10.1016/j.fluid.2015.02.012.",journal,10.1016/j.fluid.2015.02.012,manometric_volumetric
hammeemerson2004_n2,"Hamme, R.C., Emerson, S.R. (2004). The solubility of neon, nitrogen and argon in distilled water and seawater. Deep-Sea Research I 51(11), 1517-1528. DOI: 10.1016/j.dsr.2004.06.009.",journal,10.1016/j.dsr.2004.06.009,analytical_sampling
han2011_co2,"Han, X., Yu, Z., Qu, J., et al. (2011). Measurement and correlation of solubility data for CO2 in NaHCO3 aqueous solution. J. Chem. Eng. Data 56(4), 1213-1219. DOI: 10.1021/je1011168.",journal,10.1021/je1011168,manometric_volumetric
hantzschvagt1901_co2,"Hantzsch, A.; Vagt, A. (1901). Z. Phys. Chem. 38, 705-740. DOI: 10.1515/zpch-1901-3841.",journal,10.1515/zpch-1901-3841,analytical_sampling
harneddavis1943_co2,"Harned, H.S.; Davis, R., Jr. (1943). J. Am. Chem. Soc. 65, 2030-2037. DOI: 10.1021/ja01250a059.",journal,10.1021/ja01250a059,analytical_sampling
hartono2008_co2,"Hartono, A., Juliussen, O., Svendsen, H.F. (2008). Solubility of N2O in Aqueous Solution of Diethylenetriamine. J. Chem. Eng. Data 53, 2696-2700. DOI: 10.1021/je800409d.",journal,10.1021/je800409d,other
hassanpouryouzband2019_co2,"Hassanpouryouzband, A.; Joonaki, E.; Edlmann, K.; Heinemann, N.; Yang, J. (2019). ""Thermodynamic and Transport Properties of Hydrogen Containing Streams"" / ""Solubility of Flue Gas or Carbon Dioxide-Nitrogen Gas Mixtures in Water and Aqueous Solutions of Salts."" Ind. Eng. Chem. Res., DOI 10.1021/acs.iecr.8b04352 -- SUPPORTING INFORMATION.",journal,10.1021/acs.iecr.8b04352,chromatography
hassanpouryouzband2019_n2,"Hassanpouryouzband, A., Vasheghani Farahani, M., Yang, J., Tohidi, B., Chuvilin, E., Istomin, V., Bukhanov, B. (2019). Solubility of Flue Gas or Carbon Dioxide-Nitrogen Gas Mixtures in Water and Aqueous Solutions of Salts: Experimental Measurement and Thermodynamic Modeling. Industrial & Engineering Chemistry Research 58(8), 3377-3394. DOI: 10.1021/acs.iecr.8b04352.",journal,10.1021/acs.iecr.8b04352,chromatography
hawkinsshilling1936_n2,"Hawkins, J.A., Shilling, C.W. (1936). Journal of Biological Chemistry 113, 273-279.",journal,,analytical_sampling
hayashi2014_ch4,"Hayashi, Y., 2014. Direct Measurement of Solubility of Methane and Carbon Dioxide in High Pressure Water Using Gas Chromatography. J. Japan Petroleum Institute 57(3), 125-132. DOI: 10.1627/jpi.57.125.",journal,10.1627/jpi.57.125,chromatography
hayashi2014_co2,"Hayashi, Y., 2014. Direct Measurement of Solubility of Methane and Carbon Dioxide in High Pressure Water Using Gas Chromatography. J. Japan Petroleum Institute 57(3), 125-132. DOI: 10.1627/jpi.57.125.",journal,10.1627/jpi.57.125,chromatography
hemorse1993_co2,"He, S.; Morse, J.W. (1993). Geochim. Cosmochim. Acta 57, 3533-3554. DOI: 10.1016/0016-7037(93)90137-l.",journal,10.1016/0016-7037(93)90137-l,analytical_sampling
hoballah2017_co2,"Hoballah, R. (2017). On the Solubility of Acid and Sour Gases in Water and Brines Under Reservoir Conditions. PhD Thesis, Imperial College London. DOI: 10.25560/61397.",thesis,10.25560/61397,analytical_sampling
hou2013_co2,"Hou, S.-X., Maitland, G.C., Trusler, J.P.M. (2013). Phase equilibria of (CO2+H2O+NaCl) and (CO2+H2O+KCl): Measurements and modeling. J. Supercrit. Fluids 78, 78-88. DOI: 10.1016/j.supflu.2013.03.022.",journal,10.1016/j.supflu.2013.03.022,chromatography
hou2013jsf73water_co2,"Hou, S.-X., Maitland, G.C., Trusler, J.P.M. (2013). Measurement and modeling of the phase behavior of the (carbon dioxide+water) mixture at temperatures from 298.15 K to 448.15 K. J. Supercrit. Fluids 73, 87-96. DOI: 10.1016/j.supflu.2012.11.011.",journal,10.1016/j.supflu.2012.11.011,chromatography
hou2015_co2,"Hou, D.; Luo, P.; et al. (2015). J. Jilin Univ. (Earth Sci.) 45(2), 564-572. DOI: 10.13278/j.cnki.jjuese.201502205.",journal,10.13278/j.cnki.jjuese.201502205,unstated
howlader2017_co2,"Howlader, M.S., French, W.T., Toghiani, H., et al. (2017). Measurement and correlation of solubility of carbon dioxide in triglycerides. J. Chem. Thermodyn. 104, 252-260. DOI: 10.1016/j.jct.2016.09.035.",journal,10.1016/j.jct.2016.09.035,manometric_volumetric
huang1985_h2s,"Huang, S.S.-S.; Leu, A.-D.; Ng, H.-J.; Robinson, D.B. (1985). The Phase Behavior of Two Mixtures of Methane, Carbon Dioxide, Hydrogen Sulfide, and Water. Fluid Phase Equilibria 19(1-2), 21-32. DOI: 10.1016/0378-3812(85)85033-0.",journal,10.1016/0378-3812(85)85033-0,chromatography
hufner1907_h2,"Hüfner, G. (1907). Data reproduced from Chabab, S.; Theveneau, P.; Coquelet, C.; Corvisier, J.; Paricaud, P. (2020). Measurements and predictive models of high-pressure H2 solubility in brine (H2O+NaCl) for underground hydrogen storage application. International Journal of Hydrogen Energy 45, 32206-32220. DOI: 10.1016/j.ijhydene.2020.08.192, Table 1. Original publication details were not independently verified.",compilation,10.1515/zpch-1907-5733,manometric_volumetric
hufner1907_n2,"Hufner, G. (1907). Zeitschrift fur Physikalische Chemie 57(5), 611-624. DOI: 10.1515/zpch-1907-5733.",journal,10.1515/zpch-1907-5733,manometric_volumetric
ipatev1934_h2,"Ipatev, V.V., Teodorovich, V.P. (1934). Equilibrium compositions of vapor-gas mixtures over solutions. Zhurnal Obshchei Khimii 4, 395-399.",journal,,unstated
jacksonbowmanfulton1995_co2,"Jackson, K.; Bowman, L.E.; Fulton, J.L. (1995). Anal. Chem. 67, 2368-2372. DOI: 10.1021/ac00110a007.",journal,10.1021/ac00110a007,other
jacobsaylor2016_co2,"Jacob, R.; Saylor, B.Z. (2016). Chem. Geol. 424, 86-95. DOI 10.1016/j.chemgeo.2016.01.013.",journal,10.1016/j.chemgeo.2016.01.013,electrochemical
japasfranck1985_n2,"Japas, M.L., Franck, E.U. (1985). High Pressure Phase Equilibria and PVT-Data of the Water-Nitrogen System to 673 K and 250 MPa. Berichte der Bunsengesellschaft fuer Physikalische Chemie 89(7), 793-800. DOI: 10.1002/bbpc.19850890714.",journal,10.1002/bbpc.19850890714,synthetic_visual
je400684k_ch4,"Frost, M., Karakatsani, E., von Solms, N., Richon, D., Kontogeorgis, G.M., 2014. Vapor-liquid equilibrium of methane with water and methanol... J. Chem. Eng. Data 59(4), 961-967. DOI: 10.1021/je400684k.",journal,10.1021/je400684k,unstated
je700134r_ch4,"Abdi, M.A., Hussain, A., Hawboldt, K., Beronich, E., 2007. J. Chem. Eng. Data. DOI: 10.1021/je700134r.",journal,10.1021/je700134r,unstated
je700473e_ch4,"Qin, J., Rosenbauer, R.J., Duan, Z., 2008. Experimental measurements of vapor-liquid equilibria of the H2O+CO2+CH4 ternary system. J. Chem. Eng. Data 53(6), 1246-1249. DOI: 10.1021/je700473e.",journal,10.1021/je700473e,analytical_sampling
je800074z_ch4,"Kim, Y.S., Lim, B.D., Lee, J.E., Lee, C.S., 2008. J. Chem. Eng. Data. DOI: 10.1021/je800074z.",journal,10.1021/je800074z,unstated
je900441f_ch4,"Awan, J.A., Thomsen, K., Coquelet, C., Fosbøl, P.L., Richon, D., 2010. J. Chem. Eng. Data. DOI: 10.1021/je900441f.",journal,10.1021/je900441f,unstated
je9007958_ch4,"Campos, C.E.P.S., Penello, J.R., Pessoa, F.L.P., Uller, A.M.C., 2010. J. Chem. Eng. Data. DOI: 10.1021/je9007958.",journal,10.1021/je9007958,unstated
jfluid201205024_ch4,"Fonseca, J.M.S., von Solms, N., 2012. Fluid Phase Equilib. DOI: 10.1016/j.fluid.2012.05.024.",journal,10.1016/j.fluid.2012.05.024,unstated
jfluid201503041_ch4,"Böttger, A., Kamps, A.P.-S., Maurer, G., 2016. Fluid Phase Equilib. DOI: 10.1016/j.fluid.2015.03.041.",journal,10.1016/j.fluid.2015.03.041,unstated
ji2024_co2,"Ji, X., et al. (2024). CO2 solubility in 70 natural formation brines: measurement, prediction and application. J. Clean. Prod. 438, 140840. DOI: 10.1016/j.jclepro.2024.140840.",journal,10.1016/j.jclepro.2024.140840,manometric_volumetric
jia2019_co2,"Jia, T., Bi, S., Wu, J. (2019). Solubilities of carbon dioxide, oxygen, and nitrogen ethylene glycol solution under low pressures. Fluid Phase Equilib. 485, 16-22. DOI: 10.1016/j.fluid.2018.11.035.",journal,10.1016/j.fluid.2018.11.035,manometric_volumetric
jjct200603019_ch4,"Serra, M.C.C., Pessoa, F.L.P., Palavra, A.M.F., 2006. J. Chem. Thermodyn. DOI: 10.1016/j.jct.2006.03.019.",journal,10.1016/j.jct.2006.03.019,unstated
jooss2025_co2,"Jooss, Y.; Austegard, A.; Stang, J.H.; Røe, I.T.; Strøm, B.; Aasen, A. (2025). Vapor-liquid equilibrium measurements of the carbon dioxide + water (CO2+H2O) system and carbon dioxide + water + sodium chloride (CO2+H2O+NaCl) system. Fluid Phase Equilib. 599, 114516. DOI: 10.1016/j.fluid.2025.114516.",journal,10.1016/j.fluid.2025.114516,chromatography
jung1971_h2,"Jung, J. et al. (1971). Chem.-Ing.-Tech. 43(3). DOI: 10.1002/cite.330430304.",journal,10.1002/cite.330430304,analytical_sampling
kalaida1980_n2,"Kalaida, Yu.A., Katkov, Yu.D., Kuznetsov, V.A., Lastovtsev, A.Yu., Lastochkin, A.P., Sysoev, V.S. (1980). Solubility of nitrogen in water. Soviet Atomic Energy 48(2), 102-106. DOI: 10.1007/bf01121283.",journal,10.1007/bf01121283,manometric_volumetric
kapustinskyanvaer1941_h2s,"Kapustinsky, A.F.; Anvaer, B.I. (1941). [H2S solubility in HCl/KCl solutions]. Compt. Rend. Acad. Sci. URSS 30, 625-628.",journal,,unstated
kastanidis2016_ch4,"Kastanidis, P., Romanos, G.E., Michalis, V.K., Economou, I.G., Stubos, A.K., Tsimpanogiannis, I.N., 2016. Fluid Phase Equilib. DOI: 10.1016/j.fluid.2015.12.036.",journal,10.1016/j.fluid.2015.12.036,chromatography
kastanidis2016_co2,"Kastanidis, P., Romanos, G.E., Michalis, V.K., Economou, I.G., Stubos, A.K., Tsimpanogiannis, I.N., 2016. Fluid Phase Equilib. DOI: 10.1016/j.fluid.2015.12.036.",journal,10.1016/j.fluid.2015.12.036,chromatography
kastanidis2017_ch4,"Kastanidis, P., Romanos, G.E., Stubos, A.K., Economou, I.G., Tsimpanogiannis, I.N., 2017. Fluid Phase Equilib. 451, 96-105. DOI: 10.1016/j.fluid.2017.08.002.",journal,10.1016/j.fluid.2017.08.002,chromatography
kendallandrews1921table1_h2s,"Kendall, J.; Andrews, J.C. (1921). ""The Solubilities of Acids in Aqueous Solutions of Other Acids."" J. Am. Chem. Soc. 43(7), 1545-1560. DOI 10.1021/ja01440a016.",journal,10.1021/ja01440a016,analytical_sampling
kennanpollack1990_n2,"Kennan, R.P., Pollack, G.L. (1990). Pressure dependence of the solubility of nitrogen, argon, krypton, and xenon in water. Journal of Chemical Physics 93(4), 2724-2735. DOI: 10.1063/1.458911.",journal,10.1063/1.458911,analytical_sampling
khanikoflouguinine1867_co2,"de Khanikof, M.M.N.; Louguinine, V. (1867). Ann. Chim. Phys. (ser. 4) 11, 412-433.",journal,,manometric_volumetric
kiepe2003_ch4,"Kiepe, J. et al., 2003. Ind. Eng. Chem. Res. 42(21), 5392-5398. DOI: 10.1021/ie030386x.",journal,10.1021/ie030386x,synthetic_visual
kiepeetal2002_co2,"Kiepe, J., Horstmann, S., Fischer, K., Gmehling, J. (2002). Experimental determination and prediction of gas solubility data for CO2+H2O mixtures containing NaCl or KCl at temperatures between 313 and 393 K and pressures up to 10 MPa. Ind. Eng. Chem. Res. 41(17), 4393-4398. DOI: 10.1021/ie020154i.",journal,10.1021/ie020154i,unstated
kim2008_c2c4,"Kim, Y.S., Lim, B.D., Lee, J.E., Lee, C.S. (2008). Solubilities of Carbon Dioxide, Methane, and Ethane in Sodium Chloride Solution Containing Gas Hydrate. J. Chem. Eng. Data 53, 1351-1354. DOI: 10.1021/je800074z.",journal,10.1021/je800074z,other
kim2008_co2,"Kim, Y.S., Lim, B.D., Lee, J.E., Lee, C.S. (2008). Solubilities of Carbon Dioxide, Methane, and Ethane in Sodium Chloride Solution Containing Gas Hydrate. J. Chem. Eng. Data 53, 1351-1354. DOI: 10.1021/je800074z.",journal,10.1021/je800074z,other
kim2016_ch4,"Kim, H., Seo, Y., Lee, W., Kim, S., Ha, M.G., Kim, S.-J., 2015/2016. J. Ind. Eng. Chem. 34, 117-121. DOI: 10.1016/j.jiec.2015.10.041.",journal,10.1016/j.jiec.2015.10.041,chromatography
king1992_co2,"King, M.B., Mubarak, A., Kim, J.D., Bott, T.R. (1992). The mutual solubilities of water with supercritical and liquid carbon dioxide. J. Supercrit. Fluids 5, 296-302. DOI: 10.1016/0896-8446(92)90021-b.",journal,10.1016/0896-8446(92)90021-b,analytical_sampling
kishima1989_h2,"Kishima, N. (1989). A thermodynamic study on the pyrite-pyrrhotite-magnetite-water system at 300-500 degC with relevance to the fugacity/concentration quotient of aqueous H2S. Geochim. Cosmochim. Acta 53, 2143-2155. DOI 10.1016/0016-7037(89)90340-2.",journal,10.1016/0016-7037(89)90340-2,analytical_sampling
kishima1989_h2s,"Kishima, N. (1989). ""A thermodynamic study on the pyrite-pyrrhotite-magnetite-water system at 300-500 degC with relevance to the fugacity/concentration quotient of aqueous H2S."" Geochim. Cosmochim. Acta 53(9), 2143-2155. DOI 10.1016/0016-7037(89)90340-2.",journal,10.1016/0016-7037(89)90340-2,analytical_sampling
kishimasakai1984_h2,"Kishima, N.; Sakai, H. (1984). ""Fugacity-concentration relationship of dilute hydrogen in water at elevated temperature and pressure."" Earth Planet. Sci. Lett. 67(1), 79-86. DOI 10.1016/0012-821X(84)90040-2.",journal,10.1016/0012-821X(84)90040-2,analytical_sampling
klingmaurer1991_h2,"Kling, G., Maurer, G. (1991). The solubility of hydrogen in water and in 2-aminoethanol at temperatures between 323 K and 423 K and pressures up to 16 MPa. J. Chem. Thermodyn. 23, 531-541. DOI: 10.1016/S0021-9614(05)80095-3.",journal,10.1016/S0021-9614(05)80095-3,synthetic_visual
klotsbenson1963_n2,"Klots, C.E., Benson, B.B. (1963). Journal of Marine Research 21(1), 48-57.",journal,,analytical_sampling
knopp1904_h2,"Knopp (1904). Data reproduced from Chabab, S.; Theveneau, P.; Coquelet, C.; Corvisier, J.; Paricaud, P. (2020). Measurements and predictive models of high-pressure H2 solubility in brine (H2O+NaCl) for underground hydrogen storage application. International Journal of Hydrogen Energy 45, 32206-32220. DOI: 10.1016/j.ijhydene.2020.08.192, Table 2. Original publication details were not independently verified.",compilation,10.1515/zpch-1904-4806,manometric_volumetric
kobayashikatz1953_c2c4,"Kobayashi, R. & Katz, D.L. (1953). ""Vapor-Liquid Equilibria for Binary Hydrocarbon-Water Systems."" Ind. Eng. Chem. 45(2) 440-446. DOI 10.1021/ie50518a051.",journal,10.1021/ie50518a051,analytical_sampling
kobewilliams1935_co2,"Kobe, K.A.; Williams, J.S. (1935). Ind. Eng. Chem. (Anal. Ed.) 7(1), 37-38. DOI: 10.1021/ac50093a017.",journal,10.1021/ac50093a017,analytical_sampling
koch1949_co2,"Koch, H.A., Jr.; Stutzman, L.F.; Blum, H.A.; Hutchings, L.E. (1949). Chem. Eng. Prog. 45(11), 677-682.",journal,,unstated
koschel2006_co2,"Koschel, D., Coxam, J.-Y., Rodier, L., Majer, V. (2006). Enthalpy and solubility data of CO2 in water and NaCl(aq) at conditions of interest for geological sequestration. Fluid Phase Equilib. 247(1), 107-120. DOI: 10.1016/j.fluid.2006.06.006.",journal,10.1016/j.fluid.2006.06.006,other
koschel2013_h2s,"Koschel, D.; Coxam, J.-Y.; Majer, V. (2013). [Enthalpy and solubility of H2S in aqueous salt solutions at conditions of interest for geological sequestration]. Ind. Eng. Chem. Res. 52, 14483-14491. DOI: 10.1021/ie401947h.",journal,10.1021/ie401947h,other
kozintseva1964_h2s,"Kozintseva, T.N. (1964). Data reproduced from Fogg, P.G.T.; Young, C.L. (eds.) (1988). Hydrogen Sulfide, Deuterium Sulfide and Hydrogen Selenide. Solubility Data Series, Vol. 32. Pergamon Press. ISBN 0-08-032481-9. Original publication details were not independently verified.",compilation,,unstated
kraderfranck1987_ch4,"Krader, T., Franck, E.U., 1987. The Ternary Systems H2O-CH4-NaCl and H2O-CH4-CaCl2 to 800 K and 250 MPa. Ber. Bunsenges. Phys. Chem. 91(6), 627-634. DOI: 10.1002/bbpc.19870910610.",journal,10.1002/bbpc.19870910610,synthetic_visual
kresheck1965_c2c4,"Hayduk, W. (ed.) (1986). IUPAC Solubility Data Series Volume 24: Propane, Butane, and 2-Methylpropane. Pergamon Press.",compilation,,calculated_compilation
kritschewsky1935_co2,"Kritschewsky, I.R.; Shaworonkoff, N.M.; Aepelbaum, V.A. (1935). Z. Physik. Chem. A 175, 232-238. DOI: 10.1515/zpch-1935-17518.",journal,10.1515/zpch-1935-17518,manometric_volumetric
kruger2019_ch4,"Kruger, F., Varsos, T., Kontogeorgis, G.M., von Solms, N., 2019. Fluid Phase Equilib. 501, 112276. DOI: 10.1016/j.fluid.2019.112276.",journal,10.1016/j.fluid.2019.112276,chromatography
kunerth1922_co2,"Kunerth, W. (1922). Phys. Rev. 2, 512-524. DOI: 10.1103/physrev.19.512.",journal,10.1103/physrev.19.512,analytical_sampling
langservio2014_n2,"Lang, F., Servio, P. (2014). Solubility Measurements for the N2 + CO2 + H2O System under Hydrate-Liquid-Vapor Equilibrium. Journal of Chemical and Engineering Data 59(8), 2547-2550. DOI: 10.1021/je500340b.",journal,10.1021/je500340b,analytical_sampling
langservio2015_ch4,"Lang, F., Servio, P., 2015. Solubility measurements for the CH4 + C2H6 + H2O system under hydrate-liquid-vapour equilibrium. J. Nat. Gas Sci. Eng. DOI: 10.1016/j.jngse.2015.06.002.",journal,10.1016/j.jngse.2015.06.002,chromatography
lannunggjaldbaek1960_ch4,"Lannung, A., Gjaldbaek, J.C., 1960. The solubility of methane in hydrocarbons, alcohols, water and other solvents. Acta Chem. Scand. 14(5), 1124-1128. DOI: 10.3891/acta.chem.scand.14-1124.",journal,10.3891/acta.chem.scand.14-1124,manometric_volumetric
laracruz2021_co2,"Lara Cruz, J.; Neyrolles, E.; Contamine, F.; Cezac, P. (2021). J. Chem. Eng. Data 66(1), 249-261. DOI 10.1021/acs.jced.0c00592.",journal,10.1021/acs.jced.0c00592,analytical_sampling
lebeau1905_c2c4,"Hayduk, W. (ed.) (1986). IUPAC Solubility Data Series Volume 24: Propane, Butane, and 2-Methylpropane. Pergamon Press.",compilation,,calculated_compilation
lebeau1908_c2c4,"Hayduk, W. (ed.) (1986). IUPAC Solubility Data Series Volume 24: Propane, Butane, and 2-Methylpropane. Pergamon Press.",compilation,,calculated_compilation
lebreton1964_c2c4,"Le Breton, J.G.; McKetta, J.J. Hydrocarbon Processing & Petroleum Refiner 1964, 43, 136-138. NO DOI (trade journal, no DOI coverage); not held on disk.",journal,,analytical_sampling
lee2006_co2,"Lee, S., Song, H.-J., Maken, S., et al. (2006). Physical Solubility and Diffusivity of N2O and CO2 in Aqueous Sodium Glycinate Solutions. J. Chem. Eng. Data 51, 504-509. DOI: 10.1021/je0503913.",journal,10.1021/je0503913,chromatography
leemather1977_h2s,"Lee, J.I.; Mather, A.E. (1977). Solubility of Hydrogen Sulfide in Water. Ber. Bunsenges. Phys. Chem. 81(10), 1020-1023. DOI: 10.1002/bbpc.19770811029.",journal,10.1002/bbpc.19770811029,analytical_sampling
lekvambishnoi1997_ch4,"Lekvam, K., Bishnoi, P.R., 1997. Dissolution of methane in water at low temperatures and intermediate pressures. Fluid Phase Equilib. 131, 297-309. DOI: 10.1016/S0378-3812(96)03229-3.",journal,10.1016/S0378-3812(96)03229-3,manometric_volumetric
li2018_co2,"Li, Y., Chen, X., Huang, W., Yang, J. (2018). Below the room temperature measurements of CO2 solubilities in six physical absorbents. J. Chem. Thermodyn. 122, 133-141. DOI: 10.1016/j.jct.2018.03.009.",journal,10.1016/j.jct.2018.03.009,unstated
litsui1971_co2,"Li, Y.-H.; Tsui, T.-F. (1971). J. Geophys. Res. 76(18), 4203-4208. DOI: 10.1029/JC076i018p04203.",journal,10.1029/JC076i018p04203,analytical_sampling
litvinenko1952_h2s,"Litvinenko, M.S. (1952). Zh. Prikl. Khim. 25, 516-532; J. Appl. Chem. (USSR) 25, 579-595. Data reproduced from IUPAC Solubility Data Series, Vol. 32: Hydrogen Sulfide, Deuterium Sulfide and Hydrogen Selenide (and Hydrogen Telluride) in Water and Aqueous Solutions (Fogg, P.G.T.; Young, C.L., eds.), Pergamon Press, 1988, printed p.45. DOI: 10.1016/b978-0-08-032481-4.50006-8. Original publication details were not independently verified.",compilation,10.1016/b978-0-08-032481-4.50006-8,analytical_sampling
liu2011_co2,"Liu, Y., Hou, M., Yang, G., Han, B. (2011). Solubility of CO2 in aqueous solutions of NaCl, KCl, CaCl2 and their mixed salts at different temperatures and pressures. J. Supercrit. Fluids 56(2), 125-129. DOI: 10.1016/j.supflu.2010.12.003.",journal,10.1016/j.supflu.2010.12.003,analytical_sampling
liu2012_n2,"Liu, Y., Hou, M., Ning, H., Yang, D., Yang, G., Han, B. (2012). Phase Equilibria of CO2 + N2 + H2O and N2 + CO2 + H2O + NaCl + KCl + CaCl2 Systems at Different Temperatures and Pressures. Journal of Chemical and Engineering Data 57(7), 1928-1932. DOI: 10.1021/je3000958.",journal,10.1021/je3000958,analytical_sampling
liu2021_co2,"Liu, B., et al. (2021). Energies 14, 7222. DOI: 10.3390/en14217222.",journal,10.3390/en14217222,analytical_sampling
lucile2012_co2,"Lucile, F., Cezac, P., Contamine, F., et al. (2012). Solubility of Carbon Dioxide in Water and Aqueous Solution Containing Sodium Hydroxide at Temperatures from (293.15 to 393.15) K and Pressure up to 5 MPa: Experimental Measurements. J. Chem. Eng. Data 57, 784-789. DOI: 10.1021/je200991x.",journal,10.1021/je200991x,chromatography
luo2017_co2,"Luo, X., Su, L., Gao, H., et al. (2017). Density, Viscosity and N2O solubility of Aqueous 2-(methylamino)ethanol Solution. J. Chem. Eng. Data 62, 129-140. DOI: 10.1021/acs.jced.6b00504.",journal,10.1021/acs.jced.6b00504,unstated
mackenzie1877nacl_co2,"Mackenzie, J.J. (1877). Ann. Phys. (Leipzig) [3] 1, 438-451. DOI: 10.1002/andp.18772370709.",journal,10.1002/andp.18772370709,manometric_volumetric
maekawa2001_c2c4,"Maekawa, T. (2001). ""Equilibrium conditions for gas hydrates of methane and ethane mixtures in pure water and sodium chloride solution."" Geochem. J. 35(1), 59-65. DOI 10.2343/geochemj.35.59.",journal,10.2343/geochemj.35.59,synthetic_visual
mahuang2017_ch4,"Ma, Z., Huang, W., 2017. Australian J. Earth Sciences 64(3), 335-342. DOI: 10.1080/08120099.2017.1294108.",journal,10.1080/08120099.2017.1294108,analytical_sampling
malinin1959_co2,"Malinin, S.D. (1959). Geokhimiya (3), 235-245.",journal,,gravimetric
malininandsaveleva1972_co2,"Malinin, S.D. (1959). Geokhimiya (3), 235-245.",journal,,gravimetric
malininkurovskaya1975_co2,"Malinin, S.D., Kurovskaya, N.A. (1975). Geochem. Int. 12(2), 199-201.",journal,,analytical_sampling
malininsavelyeva1972_co2,"Malinin, S.D., Savelyeva, N.I. (1972). Experimental investigations of CO2 solubility in NaCl and CaCl2 solutions at temperatures of 25, 50 and 75 degrees and elevated CO2 pressure. Geokhimiya 6, 643-653.",journal,,analytical_sampling
mandal2004_co2,"Mandal, B.P., Kundu, M., Padhiyar, N.U., Bandyopadhyay, S.S. (2004). Physical Solubility and Diffusivity of N2O and CO2 into Aqueous Solutions of (2-Amino-2-methyl-1-propanol + Diethanolamine) and (N-Methyldiethanolamine + Diethanolamine). J. Chem. Eng. Data 49, 264-270. DOI: 10.1021/je0301951.",journal,10.1021/je0301951,unstated
marinakis2013_ch4,"Marinakis, D., Varotsis, N., 2013. Solubility measurements of (methane + ethane + propane) mixtures in the aqueous phase with gas hydrates under vapour unsaturated conditions. J. Chem. Thermodyn. 65, 100-105. DOI: 10.1016/j.jct.2013.05.039.",journal,10.1016/j.jct.2013.05.039,chromatography
markhamkobe1941_co2,"Markham, A.E., Kobe, K.A. (1941). J. Am. Chem. Soc. 63, 449-454. DOI: 10.1021/ja01847a027.",journal,10.1021/ja01847a027,manometric_volumetric
mathesonking1978_ch4,"Matheson, I.B.C., King, A.D., 1978. J. Colloid Interface Sci. 66, 464-469 (SDS surfactant leg, per IUPAC SDS vol.27/28 (1987), non-essay-tail reproduction). DOI: 10.1016/0021-9797(78)90066-8.",journal,10.1016/0021-9797(78)90066-8,manometric_volumetric
matous1969_co2,"Matous, J., Sobr, J., Novak, J.P., Pick, J. (1969). Solubility of carbon dioxide in water at pressures up to 40 atm. Collect. Czechoslov. Chem. Commun. 34(12), 3982-3985. DOI: 10.1135/cccc19693982.",journal,10.1135/cccc19693982,analytical_sampling
mcauliffe1963_ch4,"McAuliffe, C., 1963. Nature. DOI: 10.1038/2001092a0.",journal,10.1038/2001092a0,chromatography
mcauliffe1966_c2c4,"McAuliffe, C. (1966). Solubility in water of paraffin, cycloparaffin, olefin, acetylene, cycloolefin, and aromatic hydrocarbons. J. Phys. Chem. 70(4), 1267-1275. DOI 10.1021/j100876a049.",journal,10.1021/j100876a049,chromatography
mcauliffe1966_ch4,"McAuliffe, C., 1966. J. Phys. Chem. DOI: 10.1021/j100876a049.",journal,10.1021/j100876a049,chromatography
mcgee1981_ch4,"McGee, K.A., Susak, N.J., Sutton, A.J., Haas, J.L., 1981. The solubility of methane in sodium chloride brines. USGS Open-File Report 81-1294. DOI: 10.3133/ofr811294.",report,10.3133/ofr811294,other
mckee1953_n2,"McKee (1953). Data reproduced from Battino, R. (ed.) (1982). Nitrogen and Air. Solubility Data Series, Vol. 10. Pergamon Press. ISBN 0-08-023922-6, §2.1 (data sheet, p.385). Original publication details were not independently verified.",compilation,,analytical_sampling
mckettakatz1948_ch4,"McKetta, J.J., Katz, D.L., 1948. Ind. Eng. Chem. 40, 853-862. DOI: 10.1021/ie50461a018.",journal,10.1021/ie50461a018,analytical_sampling
mclauchlan1903_h2s,"McLauchlan, W.H. (1903). Z. physik. Chem. 44, 600-633.",journal,,unstated
messabeb2016_co2,"Messabeb, H., et al. (2016). J. Chem. Eng. Data 61, 3573. DOI: 10.1021/acs.jced.6b00505.",journal,10.1021/acs.jced.6b00505,analytical_sampling
messabeb2017_co2,"Messabeb, H., et al. (2017). J. Chem. Eng. Data 62, 4228. DOI: 10.1021/acs.jced.7b00591.",journal,10.1021/acs.jced.7b00591,analytical_sampling
meyer2015_co2,"Meyer, Christopher W. et al., Dew-point measurements for water in compressed carbon dioxide, AIChE J., 61(9), 2913-2925, 2015. DOI: 10.1002/aic.14818.",journal,10.1002/aic.14818,gravimetric
michelsgerverbijl1936_ch4,"Michels, A., Gerver, J., Bijl, A., 1936. Physica 3, 797-808. DOI: 10.1016/s0031-8914(36)80353-x.",journal,10.1016/s0031-8914(36)80353-x,manometric_volumetric
mishnina1961_c2c4,"Mishnina, T. A.; Avdeeva, O. I.; Bozhovskaya, T. K. (1961). ""Rastvorimost' gazov v prirodnykh vodakh v zavisimosti ot temperatury, davleniya i solevogo sostava"". Materialy Vsesoyuznogo Nauchno-Issledovatel'skogo Geologicheskogo Instituta (VSEGEI), vyp. 46, 93-110. Chem. Abstr. 1962, 57, 11916b. No DOI.",thesis,,calculated_compilation
mishnina1961_n2,"Mishnina, T.A., Avdeeva, O.I., Bozhovakaya, T.K. (1961). Data reproduced from Battino, R. (ed.) (1982). Nitrogen and Air. Solubility Data Series, Vol. 10. Pergamon Press. ISBN 0-08-023922-6, §1.4, ref.12. Original publication details were not independently verified.",compilation,,calculated_compilation
mishninaavdeevabozhovskaya1962_ch4,"Mishnina, T.A., Avdeeva, O.I., Bozhovskaya, T.K., 1962. The solubility of methane in NaCl aqueous solutions. Informatsionnyi Sbornik, VNIGRI 56, 137-145.",journal,,unstated
mohammadi2004_c2c4,"Mohammadi, A.H., Chapoy, A., Tohidi, B. & Richon, D. (2004). ""Measurements and Thermodynamic Modeling of Vapor-Liquid Equilibria in Ethane-Water Systems from 274.26 to 343.08 K."" Ind. Eng. Chem. Res. 43(17), 5418-5424. DOI 10.1021/ie049747e.",journal,10.1021/ie049747e,analytical_sampling
mohammadi2004_ch4,"Mohammadi, Amir H. et al., Experimental Measurement and Thermodynamic Modeling of Water Content in Methane and Ethane Systems, Industrial & Engineering Chemistry Research, 43(22), 7148-7162, 2004.",journal,,analytical_sampling
mohammadi2005_n2,"Mohammadi, A.H., Chapoy, A., Tohidi, B., Richon, D. (2005). Water Content Measurement and Modeling in the Nitrogen + Water System. Journal of Chemical and Engineering Data. DOI: 10.1021/je049676q.",journal,10.1021/je049676q,unstated
mohammadian2015_co2,"Mohammadian, E., Hamidi, H., Asadullah, M., Azdarpour, A., Motamedi, S., Junin, R. (2015). Measurement of CO2 solubility in NaCl brine solutions at different temperatures and pressures using the potentiometric titration method. J. Chem. Eng. Data 60(7), 2042-2049. DOI: 10.1021/je501172d.",journal,10.1021/je501172d,analytical_sampling
mohebbi2012_c2c4,"Mohebbi, A., Naderifar, A., Behbahani, R.M. & Moshfeghian, M. (2012). ""Solubility of light hydrocarbons and their mixture in water: Correlation and prediction."" J. Chem. Thermodyn. 51 8-11. DOI 10.1016/j.jct.2012.02.014.",journal,10.1016/j.jct.2012.02.014,manometric_volumetric
moore1982_n2,"Moore, J.C., Battino, R., Rettich, T.R., Handa, Y.P., Wilhelm, E. (1982). Partial molar volumes of gases at infinite dilution in water at 298.15 K. Journal of Chemical and Engineering Data 27, 22-24. DOI: 10.1021/je00027a005.",journal,10.1021/je00027a005,other
morganmaass1931_co2,"Morgan, O.M.; Maass, O. (1931). Can. J. Res. 5, 162-199. DOI: 10.1139/cjr31-062.",journal,10.1139/cjr31-062,other
morganpyne1930_co2,"Morgan, J.L.R.; Pyne, H.R. (1930). J. Phys. Chem. 34, 1578-1582. DOI: 10.1021/j150313a017.",journal,10.1021/j150313a017,analytical_sampling
morrisonbillett1948_c2c4,"Morrison, T.J. & Billett, F. (1948). DOI: 10.1039/jr9480002033.",journal,10.1039/jr9480002033,manometric_volumetric
morrisonbillett1948_ch4,"Morrison, T.J., Billett, F., 1948. DOI: 10.1039/jr9480002033.",journal,10.1039/jr9480002033,manometric_volumetric
morrisonbillett1952_c2c4,"Morrison, T.J. & Billett, F. (1952). ""The salting-out of non-electrolytes. Part II. The effect of variation in non-electrolyte."" J. Chem. Soc. (Resumed) 1, 3819-3822. DOI 10.1039/jr9520003819.",journal,10.1039/jr9520003819,manometric_volumetric
morrisonbillett1952_ch4,"Morrison, T.J., Billett, F., 1952. J. Chem. Soc. 3819-3822 (NaCl leg, per IUPAC SDS vol.27/28 (1987)). DOI: 10.1039/jr9520003819.",journal,10.1039/jr9520003819,manometric_volumetric
morrisonbillett1952_co2,"Morrison, T.J.; Billett, F. (1952). J. Chem. Soc. 3819-3822. DOI: 10.1039/jr9520003819.",journal,10.1039/jr9520003819,manometric_volumetric
morrisonbillett1952_h2,"Morrison, T.J., Billett, F. (1952). J. Chem. Soc. (Resumed), 3819-3822. DOI: 10.1039/jr9520003819.",journal,10.1039/jr9520003819,manometric_volumetric
morrisonbillett1952_n2,"Morrison, T.J., Billett, F. (1952). Journal of the Chemical Society, 3819-3822. DOI: 10.1039/jr9520003819.",journal,10.1039/jr9520003819,manometric_volumetric
moudgil1974_c2c4,"Moudgil, B.M., Somasundaran, P., Lin, I.J., 1974. DOI: 10.1063/1.1686640.",journal,10.1063/1.1686640,manometric_volumetric
moudgilsomasundaranlin1974_ch4,"Moudgil, B.M., Somasundaran, P., Lin, I.J., 1974. DOI: 10.1063/1.1686640.",journal,10.1063/1.1686640,manometric_volumetric
mousavi2024_co2,"Mousavi, R.; Chapoy, A.; Burgass, R. (2024). CO2 solubility in aqueous solution of salts: Experimental study and thermodynamic modelling. Greenh. Gases Sci. Technol. 14(5), 791-828. DOI 10.1002/ghg.2298.",journal,10.1002/ghg.2298,analytical_sampling
muccitelliwen1980_ch4,"Muccitelli, J., Wen, W.-Y., 1980. J. Solution Chem. 9, 141-161. DOI: 10.1007/bf00644485.",journal,10.1007/bf00644485,analytical_sampling
muller1912_n2,"Muller, C. (1912). Zeitschrift fur Physikalische Chemie 81(4), 483-503. DOI: 10.1515/zpch-1913-8127.",journal,10.1515/zpch-1913-8127,manometric_volumetric
muller1988_co2,"Muller, G., Bender, E., Maurer, G. (1988). Das Dampf-Flussigkeitsgleichgewicht des ternaren Systems Ammoniak-Kohlendioxid-Wasser bei hohen Wassergehalten im Bereich zwischen 373 und 473 K. Ber. Bunsenges. Phys. Chem. 92, 148-160. DOI: 10.1002/bbpc.198800036.",journal,10.1002/bbpc.198800036,analytical_sampling
muromachi2015_co2,"Muromachi, S., Shijima, A., Miyamoto, H., Ohmura, R. (2015). Experimental measurements of carbon dioxide solubility in aqueous tetra-n-butylammonium bromide solutions. J. Chem. Thermodyn. 85, 94-100. DOI: 10.1016/j.jct.2015.01.008.",journal,10.1016/j.jct.2015.01.008,gravimetric
murrayriley1971_co2,"Murray, C.N.; Riley, J.P. (1971). Deep-Sea Res. 18, 533-541. DOI: 10.1016/0011-7471(71)90077-5.",journal,10.1016/0011-7471(71)90077-5,gravimetric
murrayrileywilson1969_n2,"Murray, C.N., Riley, J.P., Wilson, T.R.S. (1969). Deep-Sea Research 16(3), 297-310.",journal,,manometric_volumetric
nahoczky1933_co2,"Nahoczky, A. Bányászati és Kohászati Lapok 66, 332-335.",journal,,manometric_volumetric
namiot1961_c2c4,"Namiot, A.Y., 1961. In: SDS-27/28, Methane. Pergamon Press, Oxford.",compilation,,unstated
namiot1961_ch4,"Namiot, A.Y., 1961. In: SDS-27/28, Methane. Pergamon Press, Oxford.",compilation,,unstated
namiotskripkaashmyan1979_ch4,"Namiot, A.Y., Skripka, V.G., Ashmyan, K.D., 1979. Influence of water dissolved salt upon methane solubility under the temperatures 50 to 350 degrees C. Geokhimiya 1, 147-149. No DOI; cited via IUPAC Solubility Data Series.",compilation,,unstated
nighswander1989_co2,"Nighswander, J.A., Kalogerakis, N., Mehrotra, A.K. (1989). Solubilities of carbon dioxide in water and 1 wt.% sodium chloride solution at pressures up to 10 MPa and temperatures from 80 to 200 C. J. Chem. Eng. Data 34(3), 355-360. DOI: 10.1021/je00057a027.",journal,10.1021/je00057a027,analytical_sampling
nighswanderetal1989_co2,"Nighswander, J.A., Kalogerakis, N., Mehrotra, A.K. (1989). Solubilities of carbon dioxide in water and 1 wt.% sodium chloride solution at pressures up to 10 MPa and temperatures from 80 to 200 C. J. Chem. Eng. Data 34(3), 355-360. DOI: 10.1021/je00057a027.",journal,10.1021/je00057a027,analytical_sampling
novak1961_co2,"Novák, J.; Fried, V.; Pick, J. (1961). Collect. Czech. Chem. Commun. 26, 2266-2270. DOI: 10.1135/cccc19612266.",journal,10.1135/cccc19612266,gravimetric
olds1942_ch4,"Olds, R.H.; Sage, B.H.; Lacey, W.N. (1942). ""Phase Equilibria in Hydrocarbon Systems. Composition of the Dew-Point Gas of the Methane-Water System."" Ind. Eng. Chem. 34(10), 1223-1227. DOI 10.1021/ie50394a018.",journal,10.1021/ie50394a018,analytical_sampling
oleinikcitedinnamiotandbondareva1991_co2,"Oleinik data as compiled in: Namiot, A.Y., Bondareva, M.M. (1991). Solubility of Gases in Water [Rastvorimost gazov v vode]. Nedra, Moscow (in Russian). No independent primary citation for Oleinik identified.",compilation,,unstated
onda1970_co2,"Onda, K.; Sada, E.; Kobayashi, T.; Kito, S.; Ito, K. (1970). J. Chem. Eng. Jpn. 3, 18-24. DOI: 10.1252/jcej.3.18.",journal,10.1252/jcej.3.18,manometric_volumetric
orcuttseevers1936_co2,"Orcutt, F.S.; Seevers, M.H. (1936). J. Biol. Chem. 117, 501-507. DOI: 10.1016/s0021-9258(18)74550-x.",journal,10.1016/s0021-9258(18)74550-x,analytical_sampling
osullivansmith1970_ch4,"O'Sullivan, T.D., Smith, N.O., 1970. J. Phys. Chem. 74(7), 1460-1466. DOI: 10.1021/j100702a012.",journal,10.1021/j100702a012,analytical_sampling
osullivansmith1970_n2,"O'Sullivan, T.D., Smith, N.O. (1970). Journal of Physical Chemistry 74(7), 1460-1466. DOI: 10.1021/j100702a012.",journal,10.1021/j100702a012,analytical_sampling
osullivansmithnagy1966_n2,"O'Sullivan, T.D., Smith, N.O., Nagy, B. (1966). Solubility of natural gases in aqueous salt solutions—III. Nitrogen in aqueous NaCl at high pressures. Geochimica et Cosmochimica Acta 30(6), 617-619. DOI: 10.1016/0016-7037(66)90015-9.",journal,10.1016/0016-7037(66)90015-9,analytical_sampling
ou2015_ch4,"Ou, W., Geng, C., Lu, W., Guo, H., Qu, Y., Mao, S., 2015. Quantitative Raman spectroscopic investigation of geo-fluids high-pressure phase behavior. Part II. Accurate determination of CH4 solubility in water. Fluid Phase Equilibria 391, 18-30. DOI: 10.1016/j.fluid.2015.01.025.",journal,10.1016/j.fluid.2015.01.025,other
ou2019_ch4,"Ou, W., Lu, W., Ning, F., Wu, N., 2019. Marine Chemistry 212, 74-82. DOI: 10.1016/j.marchem.2019.04.003.",journal,10.1016/j.marchem.2019.04.003,other
passauer1931_co2,"Passauer, H. Feuerungstechnik 19, 142-145.",journal,,manometric_volumetric
pei2026_ch4,"Pei, J., Zhang, Y., 2026. Experimental investigation of methane dissolution and exsolution dynamics in gas reservoirs of the Ying-Qiong Basin at High-Pressures and High-Temperatures (HPHT). Fuel. DOI: 10.1016/j.fuel.2026.138925.",journal,10.1016/j.fuel.2026.138925,chromatography
perezsalado2007_co2,"Perez-Salado Kamps, A. (2007). J. Chem. Eng. Data 52, 817. DOI: 10.1021/je060430q.",journal,10.1021/je060430q,other
pokki2018_co2,"Pokki, J.-P., Le, H.Q., Uusi-Kyyny, P., et al. (2018). Isobaric Vapor-Liquid Equilibrium of Furfural + gamma-Valerolactone at 30 kPa and Isothermal Liquid-Liquid Equilibrium of Carbon Dioxide + gamma-Valerolactone + Water at 298 K. J. Chem. Eng. Data 63, 4381-4391. DOI: 10.1021/acs.jced.8b00451.",journal,10.1021/acs.jced.8b00451,chromatography
portierandrochelle2005_co2,"Portier, S., Rochelle, C. (2005). Modelling CO2 solubility in pure water and NaCl-type waters from 0 to 300 C and from 1 to 300 bar: application to the Utsira formation at Sleipner. Chem. Geol. 217(3-4), 187-199. DOI: 10.1016/j.chemgeo.2004.12.007.",journal,10.1016/j.chemgeo.2004.12.007,unstated
postigokatz1987_co2,"Postigo, M.A.; Katz, M. (1987). J. Solution Chem. 16, 1015-1024. DOI: 10.1007/bf00652585.",journal,10.1007/bf00652585,manometric_volumetric
poulain2019_co2,"Poulain, M.; Messabeb, H.; Lach, A.; Contamine, F.; Cézac, P.; Serin, J.P.; Dupin, J.C.; Martinez, H. (2019). J. Chem. Eng. Data 64(6), 2497-2503. DOI: 10.1021/acs.jced.9b00023.",journal,10.1021/acs.jced.9b00023,analytical_sampling
powerstegall1970_co2,"Power, G.G.; Stegall, H. (1970). J. Appl. Physiol. 29, 145-149. DOI: 10.1152/jappl.1970.29.2.145.",journal,10.1152/jappl.1970.29.2.145,analytical_sampling
powerstegall1970_n2,"Power, G.G., Stegall, H. (1970). Journal of Applied Physiology 29, 145-149. DOI: 10.1152/jappl.1970.29.2.145.",journal,10.1152/jappl.1970.29.2.145,analytical_sampling
pradhan2025_co2,"Pradhan, S.; Bhattacherjee, R.; Aichele, C.; Bikkina, P. (2025). Determination of CO2 solubility in brines and produced waters of various salinities for CO2 EOR and storage applications. Chem. Eng. J. 507, 160401. DOI: 10.1016/j.cej.2025.160401.",journal,10.1016/j.cej.2025.160401,gravimetric
pray1952_n2,"Pray, H.A., Schweickert, C.E., Minnich, B.H. (1952). Industrial and Engineering Chemistry 44, 1146-1151. DOI: 10.1021/ie50509a058.",journal,10.1021/ie50509a058,analytical_sampling
prayschweichertminnich1952_h2,"Pray, H.A., Schweickert, C.E., Minnich, B.H. (1952). Solubility of Hydrogen, Oxygen, Nitrogen, and Helium in Water at Elevated Temperatures. Ind. Eng. Chem. 44(5), 1146-1151. DOI: 10.1021/ie50509a058.",journal,10.1021/ie50509a058,analytical_sampling
price1979_ch4,"Price, L.C., 1979. Aqueous solubility of methane at elevated pressures and temperatures. AAPG Bulletin 63(9), 1527-1533. DOI: 10.1306/2f9185e0-16ce-11d7-8645000102c1865d.",journal,10.1306/2f9185e0-16ce-11d7-8645000102c1865d,analytical_sampling
pruttonsavage1945_co2,"Prutton, C.F., Savage, R.L. (1945). The solubility of carbon dioxide in calcium chloride-water solutions at 75, 100, 120 C and high pressures. J. Am. Chem. Soc. 67, 1550-1554. DOI: 10.1021/ja01225a047.",journal,10.1021/ja01225a047,analytical_sampling
prytzholst1895_co2,"Prytz, K.; Holst, H. (1895). Ann. Phys. Chem., NF 54, 130-138.",journal,,gravimetric
qin2008_ch4,"Qin, Junfeng et al., Experimental Measurements of Vapor–Liquid Equilibria of the H2O + CO2 + CH4 Ternary System, Journal of Chemical & Engineering Data, 53(6), 1246-1249, 2008. DOI: 10.1021/je700473e.",journal,10.1021/je700473e,analytical_sampling
qin2008_co2,"Qin, J., Rosenbauer, R.J., Duan, Z. (2008). Experimental measurements of vapor-liquid equilibria of the H2O+CO2+CH4 ternary system. J. Chem. Eng. Data 53(6), 1246-1249. DOI: 10.1021/je700473e.",journal,10.1021/je700473e,analytical_sampling
rakestrawemmel1938_n2,"Rakestraw, N.W., Emmel, V.M. (1938). Data reproduced from Battino, R. (ed.) (1982). Nitrogen and Air. Solubility Data Series, Vol. 10. Pergamon Press. ISBN 0-08-023922-6, §1.3 (data sheet, p.81). Original publication details were not independently verified.",compilation,,analytical_sampling
reamer1943_c2c4,"Reamer, H.H.; Olds, R.H.; Sage, B.H.; Lacey, W.N. (1943). ""Phase Equilibria in Hydrocarbon Systems. Composition of Dew-Point Gas in Ethane-Water System."" Ind. Eng. Chem. 35(7), 790-793. DOI 10.1021/ie50403a012.",journal,10.1021/ie50403a012,analytical_sampling
reamer1944_c2c4,"Reamer, H.H.; Olds, R.H.; Sage, B.H.; Lacey, W.N. (1944). Phase Equilibria in Hydrocarbon Systems. n-Butane-Water System in Three-Phase Region. Industrial & Engineering Chemistry 36(4), 381-383. DOI: 10.1021/ie50412a024.",journal,10.1021/ie50412a024,gravimetric
reamer1952_c2c4,"Reamer, H.H.; Sage, B.H.; Lacey, W.N. (1952). Phase Equilibria in Hydrocarbon Systems. n-Butane-Water System in the Two-Phase Region. Industrial & Engineering Chemistry 44(3), 609-615. DOI: 10.1021/ie50507a049.",journal,10.1021/ie50507a049,analytical_sampling
rettich1981_c2c4,"Rettich, T.R., Handa, Y.P., Battino, R. & Wilhelm, E. (1981). J. Phys. Chem. 85(22), 3230-3237. DOI: 10.1021/j150622a006.",journal,10.1021/j150622a006,analytical_sampling
rettich1984_n2,"Rettich, T.R., Battino, R., Wilhelm, E. (1984). Journal of Solution Chemistry 13(5), 335-348.",journal,,analytical_sampling
rettich2024_c2c4,"Rettich, T.R.; Battino, R.; Wilhelm, E. (2023/2024). [Solubility of C3H8 in water; Henry's fugacity coefficients at high precision]. J. Solution Chem. 53, 28-42. DOI 10.1007/s10953-023-01289-w. [Open access.]",journal,10.1007/s10953-023-01289-w,analytical_sampling
rettichhandabattino1981_ch4,"Rettich, T.R., Handa, Y.P., Battino, R., Wilhelm, E., 1981. Solubility of gases in liquids. 13... J. Phys. Chem. 85(22), 3230-3237. DOI: 10.1021/j150622a006.",journal,10.1021/j150622a006,analytical_sampling
rettichhandabattinowilhelm1981_c2c4,"Rettich, T.R., Handa, Y.P., Battino, R. & Wilhelm, E. (1981). J. Phys. Chem. 85(22), 3230-3237. DOI: 10.1021/j150622a006.",journal,10.1021/j150622a006,analytical_sampling
rice1976_c2c4,"Rice, P.A., Gale, R.P. & Barduhn, A.J. (1976). ""Solubility of butane in water and salt solutions at low temperatures."" J. Chem. Eng. Data 21(2), 204-206. DOI 10.1021/je60069a021.",journal,10.1021/je60069a021,analytical_sampling
rigbyprausnitz1968_ch4,"Rigby, M., Prausnitz, J.M., 1968. Solubility of water in compressed nitrogen, argon, and methane. J. Phys. Chem. 72(1), 330-334. DOI: 10.1021/j100847a064.",journal,10.1021/j100847a064,gravimetric
rigbyprausnitz1968_n2,"Rigby, M., Prausnitz, J.M. (1968). Solubility of water in compressed nitrogen, argon, and methane. Journal of Physical Chemistry 72(1), 330-334. DOI: 10.1021/j100847a064.",journal,10.1021/j100847a064,analytical_sampling
romero2014_n2,"Romero, C.M.; Garzón, L.C.; Blanco, L.H.; Suárez, A.F. (2014). Solubility of Argon and Nitrogen in Aqueous Solutions of Dodecyltrimethylammonium Bromide (DTAB) from 283.15 to 298.15 K and 101325 Pa Partial Pressure of Gas. Journal of Solution Chemistry 43(6), 1147-1155. DOI: 10.1007/s10953-014-0188-x.",journal,10.1007/s10953-014-0188-x,manometric_volumetric
rosenbauer2001_co2,"Rosenbauer, R.J.; Bischoff, J.L.; Koksalan, T. (2001). Eos Trans. AGU 82(47), Fall Meet. Suppl.",conference,,unstated
rosenthalnacl_co2,"Rosenthal, W. Thesis, Univ. Strasbourg.",thesis,,unstated
rudakovlutsyk1979_c2c4,"Rudakov, E.S. & Lutsyk, A.I. (1979). Russ. J. Phys. Chem. 53, 731-733.",journal,,chromatography
ruetschiamlie1966_h2,"Ruetschi, P., Amlie, R.F. (1966). J. Phys. Chem. 70, 718-723. DOI: 10.1021/j100875a018.",journal,10.1021/j100875a018,manometric_volumetric
rumpf1994_co2,"Rumpf, B., Nicolaisen, H., Ocal, C., Maurer, G. (1994). Solubility of carbon dioxide in aqueous solutions of sodium chloride: experimental results and correlation. J. Solution Chem. 23(3), 431-448. DOI: 10.1007/bf00973113.",journal,10.1007/bf00973113,synthetic_visual
rumpfmaurer1993_co2,"Rumpf, B., Maurer, G. (1993). Ber. Bunsenges. Phys. Chem. 97, 85. DOI: 10.1002/bbpc.19930970116.",journal,10.1002/bbpc.19930970116,synthetic_visual
sachs1995_ch4,"Sachs, W., Meyn, V. (1995). Pressure and temperature dependence of the surface tension in the system natural gas/water: Principles of investigation and the first precise experimental data. Colloids and Surfaces A: Physicochemical and Engineering Aspects 94, 291-301. DOI: 10.1016/0927-7757(94)03008-1.",journal,10.1016/0927-7757(94)03008-1,calculated_compilation
saddingtonkrase1934_n2,"Saddington, A.W., Krase, N.W. (1934). Vapor-liquid equilibria in the system nitrogen-water. Journal of the American Chemical Society 56, 353-361. DOI: 10.1021/ja01317a024.",journal,10.1021/ja01317a024,analytical_sampling
sakoetal1991_co2,"Sako et al., Phase Equilibrium Study of Extraction and Concentration of Furfural Produced in Reactor Using Supercritical Carbon Dioxide, J. Chem. Eng. Jpn., 24(4), 449-455, 1991. DOI: 10.1252/jcej.24.449.",journal,10.1252/jcej.24.449,unstated
salomaavesala1969_co2,salomaavesala1969,journal,10.3891/acta.chem.scand.23-2107,manometric_volumetric
sanchezvicentetrusler2022_n2,"Sanchez-Vicente, Y., Trusler, J.P.M. (2022). Phase Behaviour, Water Content and Density of (H2O+N2) and (CO2+H2O+N2) Systems from Static-Analytical Measurements. Energies 15(11), 3936. DOI: 10.3390/en15113936.",journal,10.3390/en15113936,analytical_sampling
sander1912_co2,"Sander, W. (1912). The solubility of carbon dioxide in water. Z. Phys. Chem., Stochiometrie und Verwandtschaftslehre 78, 513-549. DOI: 10.1515/zpch-1911-7833.",journal,10.1515/zpch-1911-7833,manometric_volumetric
savary2012_co2,"Savary et al., The solubility of CO2+H2S mixtures in water and 2M NaCl at 120°C and pressures up to 35MPa, Int. J. Greenh. Gas Cont., 10, 123-133, 2012. DOI: 10.1016/j.ijggc.2012.05.021.",journal,10.1016/j.ijggc.2012.05.021,analytical_sampling
savary2012_h2s,"Savary, V.; Berger, G.; Dubois, M.; Lacharpagne, J.-C.; Pages, A.; Thibeau, S.; Lescanne, M. (2012). The solubility of CO2 + H2S mixtures in water and 2 M NaCl at 120 °C and pressures up to 35 MPa. Int. J. Greenhouse Gas Control 10, 123-133. DOI: 10.1016/j.ijggc.2012.05.021.",journal,10.1016/j.ijggc.2012.05.021,analytical_sampling
schroder1969_ch4,"Schröder, W., 1969.",journal,,unstated
schroder1971_n2,"Schröder, W. (1971). Data reproduced from Battino, R. (ed.) (1982). Nitrogen and Air. Solubility Data Series, Vol. 10. Pergamon Press. ISBN 0-08-023922-6, §1.4, refs.16-17. Original publication details were not independently verified.",compilation,,analytical_sampling
schuler2012_co2,"Schuler, N., Hecht, K.T., Kraut, M., Dittmeyer, R. (2012). On the Solubility of Carbon Dioxide in Binary Water Methanol Mixtures. J. Chem. Eng. Data 57, 2304-2308. DOI: 10.1021/je300332b.",journal,10.1021/je300332b,manometric_volumetric
sds56young1981smoothedbattinowilhelm_h2,"Battino, R.; Wilhelm, E. (1981), evaluator table in IUPAC Solubility Data Series Vol. 5/6 (1981).",compilation,,calculated_compilation
sechenov1892_co2,"Sechenov, J. [multiple papers 1874-1892].",journal,,manometric_volumetric
sechenov1892nacl_co2,"Sechenov, J. (1892). Ann. Chim. Phys. [6] 25, 226-270; and related papers.",journal,,manometric_volumetric
selleck1952_h2s,"Selleck, F.T.; Carmichael, L.T.; Sage, B.H. (1952). Phase Behavior in the Hydrogen Sulfide-Water System. Ind. Eng. Chem. 44(9), 2219-2226. DOI: 10.1021/ie50513a064.",journal,10.1021/ie50513a064,gravimetric
servioenglezos2001_co2,"Servio, P.; Englezos, P. (2001). Fluid Phase Equilib. 190, 127-134. DOI: 10.1016/s0378-3812(01)00598-2.",journal,10.1016/s0378-3812(01)00598-2,analytical_sampling
servioenglezos2002_ch4,"Servio, P., Englezos, P., 2002. Measurement of Dissolved Methane in Water in Equilibrium with Its Hydrate. J. Chem. Eng. Data 47(1), 87-90. DOI: 10.1021/je0102255.",journal,10.1021/je0102255,analytical_sampling
shagiakhmetov1981_co2,"Shagiakhmetov, R.A., Tarzimanov, A.A. (1981). Measurements of CO2 solubility in water up to 60 MPa. Deposited Document SPSTL 200khp-D81, 1982.",report,,analytical_sampling
shapka1974_n2,"Shapka, Yudina, Zhuravleva, Vorona, Drushlyak (1974). Data reproduced from Battino, R. (ed.) (1982). Nitrogen and Air. Solubility Data Series, Vol. 10. Pergamon Press. ISBN 0-08-023922-6, §1.4 (data sheet, unnumbered in the critical-eval reference list). Original publication details were not independently verified.",compilation,,analytical_sampling
shchennikova1957_co2,"Shchennikova, M.K.; Devyatykh, G.G.; Korshunov, I.A. (1957). Zh. Prikl. Khim. (Leningrad) 30, 1080-4; Engl. transl. J. Appl. Chem. USSR 30(2), 1149-52.",journal,,other
shedlovskymacinnes1935_co2,"Shedlovsky, T.; MacInnes, D.A. (1935). J. Am. Chem. Soc. 57, 1705-1710. DOI: 10.1021/ja01312a064.",journal,10.1021/ja01312a064,analytical_sampling
shmonov1993_ch4,"Shmonov, V.M., Sadus, R.J., Franck, E.U., 1993. High-pressure phase equilibria and supercritical pVT data of the binary water + methane mixture to 723 K and 200 MPa. J. Phys. Chem. 97, 9054-9059. DOI: 10.1021/j100137a036.",journal,10.1021/j100137a036,synthetic_visual
shoorwalkergubbins1969_h2,"Shoor, S.K., Walker, R.D. Jr., Gubbins, K.E. (1969). J. Phys. Chem. 73, 312-317. DOI: 10.1021/j100722a006.",journal,10.1021/j100722a006,chromatography
smithkelemennagy1962_n2,"Smith, N.O., Kelemen, S., Nagy, B. (1962). Geochimica et Cosmochimica Acta 26, 921-926.",journal,,manometric_volumetric
song1997_ch4,"Song, K.Y., Feneyrou, G., Fleyfel, F., Martin, R., Lievois, J. & Kobayashi, R. (1997). ""Solubility measurements of methane and ethane in water and the effect of methane on the ethane solubility."" Fluid Phase Equilib. 128 249-260. DOI 10.1016/S0378-3812(96)03165-2.",journal,10.1016/S0378-3812(96)03165-2,synthetic_visual
song2004_c2c4,"Song, K.Y.; Yarrison, M.; Chapman, W. (2004). [Water content measurements of hydrocarbon systems]. Fluid Phase Equilib. 224(2), 271-277. DOI 10.1016/j.fluid.2004.06.058.",journal,10.1016/j.fluid.2004.06.058,analytical_sampling
songkobayashi1987_co2,"Song, K.Y.; Kobayashi, R. (1987). SPE Form. Eval. 2(4), 500-508. DOI: 10.2118/15905-pa.",journal,10.2118/15905-pa,analytical_sampling
songkobayashi1994_c2c4,"Song, K.Y.; Kobayashi, R. (1994). Fluid Phase Equilib. 95, 281-298. DOI: 10.1016/0378-3812(94)80074-x.",journal,10.1016/0378-3812(94)80074-x,analytical_sampling
spink1971_n2,"Spink (1971). Data reproduced from Battino, R. (ed.) (1982). Nitrogen and Air. Solubility Data Series, Vol. 10. Pergamon Press. ISBN 0-08-023922-6, §1.1 (data sheet, p.72). Original publication details were not independently verified.",compilation,,chromatography
springer2012_co2,"Springer, R.D.; Wang, Z.; Anderko, A.; Wang, P.; Felmy, A.R. (2012). ""A thermodynamic model for predicting mineral reactivity in supercritical carbon dioxide: I. Phase behavior of carbon dioxide-water-chloride salt systems across the H2O-rich to the CO2-rich regions."" Chem. Geol. 322-323, 151-171. DOI 10.1016/j.chemgeo.2012.07.008.",journal,10.1016/j.chemgeo.2012.07.008,other
steiner1894alcl3_h2,"Steiner, W. (1894). Ann. der Phys. Chem. 52, 275-299. DOI: 10.1002/andp.18942880605.",journal,10.1002/andp.18942880605,manometric_volumetric
steiner1894cacl2_h2,"Steiner, W. (1894). Data reproduced from Chabab, S.; Theveneau, P.; Coquelet, C.; Corvisier, J.; Paricaud, P. (2020). Measurements and predictive models of high-pressure H2 solubility in brine (H2O+NaCl) for underground hydrogen storage application. International Journal of Hydrogen Energy 45, 32206-32220. DOI: 10.1016/j.ijhydene.2020.08.192, Table 2. Original publication details were not independently verified.",compilation,10.1002/andp.18942880605,manometric_volumetric
steiner1894k2co3_h2,"Steiner, W. (1894). Ann. der Phys. Chem. 52, 275-299. DOI: 10.1002/andp.18942880605.",journal,10.1002/andp.18942880605,manometric_volumetric
steiner1894kcl_h2,"Steiner, W. (1894). Data reproduced from Chabab, S.; Theveneau, P.; Coquelet, C.; Corvisier, J.; Paricaud, P. (2020). Measurements and predictive models of high-pressure H2 solubility in brine (H2O+NaCl) for underground hydrogen storage application. International Journal of Hydrogen Energy 45, 32206-32220. DOI: 10.1016/j.ijhydene.2020.08.192, Table 2. Original publication details were not independently verified.",compilation,10.1002/andp.18942880605,manometric_volumetric
steiner1894kno3_h2,"Steiner, W. (1894). Ann. der Phys. Chem. 52, 275-299. DOI: 10.1002/andp.18942880605.",journal,10.1002/andp.18942880605,manometric_volumetric
steiner1894licl_h2,"Steiner, W. (1894). Ann. der Phys. Chem. 52, 275-299. DOI: 10.1002/andp.18942880605.",journal,10.1002/andp.18942880605,manometric_volumetric
steiner1894mgso4_h2,"Steiner, W. (1894). Data reproduced from Chabab, S.; Theveneau, P.; Coquelet, C.; Corvisier, J.; Paricaud, P. (2020). Measurements and predictive models of high-pressure H2 solubility in brine (H2O+NaCl) for underground hydrogen storage application. International Journal of Hydrogen Energy 45, 32206-32220. DOI: 10.1016/j.ijhydene.2020.08.192, Table 2. Original publication details were not independently verified.",compilation,10.1002/andp.18942880605,manometric_volumetric
steiner1894na2co3_h2,"Steiner, W. (1894). Ann. der Phys. Chem. 52, 275-299. DOI: 10.1002/andp.18942880605.",journal,10.1002/andp.18942880605,manometric_volumetric
steiner1894na2so4_h2,"Steiner, W. (1894). Data reproduced from Chabab, S.; Theveneau, P.; Coquelet, C.; Corvisier, J.; Paricaud, P. (2020). Measurements and predictive models of high-pressure H2 solubility in brine (H2O+NaCl) for underground hydrogen storage application. International Journal of Hydrogen Energy 45, 32206-32220. DOI: 10.1016/j.ijhydene.2020.08.192, Table 2. Original publication details were not independently verified.",compilation,10.1002/andp.18942880605,manometric_volumetric
steiner1894nacl_h2,"Steiner, W. (1894). Data reproduced from Chabab, S.; Theveneau, P.; Coquelet, C.; Corvisier, J.; Paricaud, P. (2020). Measurements and predictive models of high-pressure H2 solubility in brine (H2O+NaCl) for underground hydrogen storage application. International Journal of Hydrogen Energy 45, 32206-32220. DOI: 10.1016/j.ijhydene.2020.08.192, Table 2. Original publication details were not independently verified.",compilation,10.1002/andp.18942880605,manometric_volumetric
steiner1894nano3_h2,"Steiner, W. (1894). Ann. der Phys. Chem. 52, 275-299. DOI: 10.1002/andp.18942880605.",journal,10.1002/andp.18942880605,manometric_volumetric
steiner1894znso4_h2,"Steiner, W. (1894). Ann. der Phys. Chem. 52, 275-299. DOI: 10.1002/andp.18942880605.",journal,10.1002/andp.18942880605,manometric_volumetric
stephanhatfieldpeoplespray1956_h2,"Stephan, Hatfield, Peoples, Pray (1956). Battelle Memorial Institute Report BMI-1067.",journal,,manometric_volumetric
stewartmunjal1970_co2,"Stewart, P.B.; Munjal, P. (1970). J. Chem. Eng. Data 15, 67-71. DOI: 10.1021/je60044a001.",journal,10.1021/je60044a001,analytical_sampling
stoessellbyrne1982_ch4,"Stoessell, R.K., Byrne, P.A., 1982. GCA 46(8), 1327-1332. DOI: 10.1016/0016-7037(82)90268-x.",journal,10.1016/0016-7037(82)90268-x,analytical_sampling
suciu1951_n2,"Suciu (1951). Data reproduced from Battino, R. (ed.) (1982). Nitrogen and Air. Solubility Data Series, Vol. 10. Pergamon Press. ISBN 0-08-023922-6, §2.1 (p.383, digitized-from-graph). Original publication details were not independently verified.",compilation,,analytical_sampling
suciuzosssibbittcompiledpurduetheses19511952_h2,"Suciu, S.N. (1951) Purdue PhD; Zoss, A.O. (1952) Purdue PhD; compiled in IUPAC Solubility Data Series Vol. 5/6 (1981).",thesis,,unstated
suleimenovkrupp1994_h2s,"Suleimenov, O.M.; Krupp, R.E. (1994). Solubility of Hydrogen Sulfide in Pure Water and in NaCl Solutions, from 20 to 320°C and at Saturation Pressures. Geochim. Cosmochim. Acta 58(11), 2433-2444. DOI: 10.1016/0016-7037(94)90022-1.",journal,10.1016/0016-7037(94)90022-1,gravimetric
sultanovskripkanamiot1972_ch4,"Sultanov, R.G., Skripka, V.G., Namiot, A.Y., 1972. Zh. Fiz. Khim. 1972, 46, 2160; VINITI, 4387-72; Gazov. Prom. 1972, 17, 6-7.",journal,,analytical_sampling
suzuki1990_ch4,"Suzuki, K., Sue, H., Itou, M., Smith, R.L., Inomata, H., Arai, K., Saito, S., 1990. High-pressure vapor-liquid equilibrium data of the 10-component system hydrogen, carbon monoxide, carbon dioxide, water, methane, ethane, propane, methanol, ethanol, and 1-propanol at 313.4 and 333.4 K. J. Chem. Eng. Data 35, 67-69. DOI: 10.1021/je00059a021.",journal,10.1021/je00059a021,chromatography
tabasinejad2011_c2c4,"Tabasinejad, F.; Moore, R.G.; Mehta, S.A.; Van Fraassen, K.C.; Barzin, Y. (2011). ""Phase Behavior of High Pressure and Temperature Gas Reservoirs: Water Solubility and Density Measurement and Modeling from (3.7 to 132) MPa and Temperatures from (422 to 478) K."" J. Chem. Eng. Data 56(10), 3839-3847. DOI 10.1021/je200491c.",journal,10.1021/je200491c,gravimetric
tabasinejad2011_ch4,"Tabasinejad, F.; Moore, R.G.; Mehta, S.A.; Van Fraassen, K.C.; Barzin, Y.; Rushing, J.A.; Newsham, K.E. (2011). ""Water Solubility in Supercritical Methane, Nitrogen, and Carbon Dioxide: Measurement and Modeling from 422 to 483 K and Pressures from 3.6 to 134 MPa."" Ind. Eng. Chem. Res. 50(7), 4029-4041. DOI 10.1021/ie101218k.",journal,10.1021/ie101218k,gravimetric
tabasinejad2011_co2,"Tabasinejad, F.; Moore, R.G.; Mehta, S.A.; Van Fraassen, K.C.; Barzin, Y.; Rushing, J.A.; Newsham, K.E. (2011). ""Water Solubility in Supercritical Methane, Nitrogen, and Carbon Dioxide: Measurement and Modeling from 422 to 483 K and Pressures from 3.6 to 134 MPa."" Ind. Eng. Chem. Res. 50(7), 4029-4041. DOI 10.1021/ie101218k.",journal,10.1021/ie101218k,gravimetric
tabasinejad2011_n2,"Tabasinejad, F.; Moore, R.G.; Mehta, S.A.; Van Fraassen, K.C.; Barzin, Y.; Rushing, J.A.; Newsham, K.E. (2011). ""Water Solubility in Supercritical Methane, Nitrogen, and Carbon Dioxide: Measurement and Modeling from 422 to 483 K and Pressures from 3.6 to 134 MPa."" Ind. Eng. Chem. Res. 50(7), 4029-4041. DOI 10.1021/ie101218k.",journal,10.1021/ie101218k,gravimetric
takenouchikennedy1964_co2,"Takenouchi, S.; Kennedy, G.C. (1964). DOI: 10.2475/ajs.262.9.1055.",journal,10.2475/ajs.262.9.1055,analytical_sampling
takenouchikennedy1965_co2,"Takenouchi, S., Kennedy, G.C. (1965). The solubility of carbon dioxide in NaCl solutions at high temperatures and pressures. Am. J. Sci. 263, 445-454. DOI: 10.2475/ajs.263.5.445.",journal,10.2475/ajs.263.5.445,analytical_sampling
tang2011_ch4,"Tang, J., Jiang, X., Li, C., Sun, X., Chen, G., 2011. Solubility Measurement of Natural Gas in Reservoir Formation Water under (333.2 to 393.2) K and (15.0 to 43.6) MPa. J. Chem. Eng. Data 56(4), 1025-1029. DOI: 10.1021/je1010246.",journal,10.1021/je1010246,analytical_sampling
tawil2024_h2,"Tawil, M., Salina Borello, E., Bocchini, S., Pirri, C.F., Verga, F., Coti, C., Scapolo, M., Barbieri, D., Viberti, D. (2024). Solubility of H2-CH4 mixtures in brine at underground hydrogen storage thermodynamic conditions. Frontiers in Energy Research 12, 1356491. DOI: 10.3389/fenrg.2024.1356491.",journal,10.3389/fenrg.2024.1356491,synthetic_visual
tdheideandfranck1963_co2,"Todheide, K., Franck, E.U. (1963). Das Zweiphasengebiet und die kritische Kurve im System Kohlendioxid-Wasser bis zu Drucken von 3500 bar. Z. Phys. Chem. Neue Folge 37, 387-401. DOI: 10.1524/zpch.1963.37.5_6.387.",journal,10.1524/zpch.1963.37.5_6.387,unstated
teng1997_co2,"Teng, H., Yamasaki, A., Chun, M.-K., Lee, H. (1997). Solubility of liquid CO2 in water at temperatures from 278 K to 293 K and pressures from 6.44 MPa to 29.49 MPa. J. Chem. Thermodyn. 29(11), 1301-1310. DOI: 10.1006/jcht.1997.0249.",journal,10.1006/jcht.1997.0249,synthetic_visual
tengyamasaki1998_co2,"Teng, H., Yamasaki, A. (1998). J. Chem. Eng. Data 43(1), 2-5. DOI: 10.1021/je9700737.",journal,10.1021/je9700737,synthetic_visual
tian2004_c2c4,"Tian, Y. et al. (2004). High pressure phase equilibria and critical phenomena of water + iso-butane and water + n-butane systems to 695 K and 306 MPa. J. Supercrit. Fluids. DOI 10.1016/j.supflu.2003.09.002.",journal,10.1016/j.supflu.2003.09.002,synthetic_visual
timofejew1890zphysikchem6141_h2,"Timofejew (1890). Data reproduced from Chabab, S.; Theveneau, P.; Coquelet, C.; Corvisier, J.; Paricaud, P. (2020). Measurements and predictive models of high-pressure H2 solubility in brine (H2O+NaCl) for underground hydrogen storage application. International Journal of Hydrogen Energy 45, 32206-32220. DOI: 10.1016/j.ijhydene.2020.08.192, Table 1. Original publication details were not independently verified.",compilation,10.1515/zpch-1890-0114,manometric_volumetric
todheide1963_co2,"Todheide, K. et al., Das Zweiphasengebiet und die kritische Kurve im System Kohlendioxid--Wasser bis zu Drucken von 3500 bar, Zeitschrift fur Physikalische Chemie Neue Folge, 37(5--6), 387-401, 1963.",journal,,unstated
tokunagakawai1975_ch4,"Tokunaga, J., Kawai, M., 1975. DOI: 10.1252/jcej.8.326.",journal,10.1252/jcej.8.326,manometric_volumetric
tong2013_co2,"Tong, D., Trusler, J.P.M., Vega-Maza, D. (2013). Solubility of CO2 in aqueous solutions of CaCl2 or MgCl2 and in a synthetic formation brine at temperatures up to 423 K and pressures up to 40 MPa. J. Chem. Eng. Data 58(7), 2116-2124. DOI: 10.1021/je400396s.",journal,10.1021/je400396s,synthetic_visual
torres2026_h2,"Torres, L.F., Chapoy, A., Burgass, R., Ahmadi, P. (2026). Water Content in Compressed Hydrogen at Low Temperatures: Experimental Measurements and Thermodynamic Modeling. J. Chem. Eng. Data 71(7), 2989-2995. DOI: 10.1021/acs.jced.6c00193.",journal,10.1021/acs.jced.6c00193,other
tot2021_h2,"Torín-Ollarves, G.A., Trusler, J.P.M. (2021). Fluid Phase Equilib. 539, 113025. DOI: 10.1016/j.fluid.2021.113025.",journal,10.1016/j.fluid.2021.113025,synthetic_visual
truonglam2019_ch4,"Truong-Lam, H.S., Cho, S., Lee, J.D. et al., 2019. In-situ Raman spectroscopic study of methane hydrate formation/decomposition and solubility. Appl. Energy 255, 113834. DOI: 10.1016/j.apenergy.2019.113834.",journal,10.1016/j.apenergy.2019.113834,other
umananakano1958_c2c4,"Umano, S.; Nakano, Y. (1958). Solubility of Propane and n-Butane in Salt Solution. J. Soc. Chem. Ind. Jpn. 61(5), 536-542. DOI: 10.1246/nikkashi1898.61.536.",journal,10.1246/nikkashi1898.61.536,unstated
valtzetal2004_co2,"Valtz et al., Vapour–liquid equilibria in the carbon dioxide–water system, measurement and modelling from 278.2 to 318.2K, Fluid Phase Equilibr., 226, 333-344, 2004.",journal,,unstated
vanhinsberg1993_n2,"van Hinsberg, M.G.E., Verbrugge, R., Schouten, J.A. (1993). High temperature-high pressure experiments on H2O-N2. Fluid Phase Equilibria 88, 115-121. DOI: 10.1016/0378-3812(93)87105-a.",journal,10.1016/0378-3812(93)87105-a,synthetic_visual
vanslyke1934_n2,"Van Slyke, D.D., Dillon, R.T., Margaria, R. (1934). Data reproduced from Battino, R. (ed.) (1982). Nitrogen and Air. Solubility Data Series, Vol. 10. Pergamon Press. ISBN 0-08-023922-6, §1.4, ref.4. Original publication details were not independently verified.",compilation,,analytical_sampling
vanslyke1939_co2,"Van Slyke, D.D. (1939). J. Biol. Chem. 130, 545-554.",journal,,analytical_sampling
vazquez1994_co2,"Vazquez, G.; Chenlo, F.; Pereira, G.; Peaguda, J. (1994). An. Quim. 90, 324-328.",journal,,manometric_volumetric
vazquezref61nacl_co2,"Vazquez, G.; Chenlo, F.; Pereira, G. (1994). Afinidad 51(453), 369-374.",journal,,manometric_volumetric
verdet1855_co2,"Verdet, M.; report of Bunsen, M. (1855). Ann. Chim. Phys. 43, 496-508.",journal,,manometric_volumetric
versteeg1988_co2,"Versteeg, G.F.; van Swaaij, W.P.M. (1988). J. Chem. Eng. Data 33, 29-34. DOI: 10.1021/je00051a011.",journal,10.1021/je00051a011,manometric_volumetric
vilcugainar1967_co2,"Vilcu, R., Gainar, I. (1967). Loslichkeit der Gase unter Druck in Flussigkeiten. I. Das System Kohlendioxid-Wasser. Rev. Roum. Chim. 12(2), 181.",journal,,chromatography
wang2003_c2c4,"Wang, L.-K., Chen, G.-J., Han, G.-H., Guo, X.-Q. & Guo, T.-M. (2003). ""Experimental study on the solubility of natural gas components in water with or without hydrate inhibitor."" Fluid Phase Equilib. 207(1-2), 143-154. DOI 10.1016/s0378-3812(03)00009-8.",journal,10.1016/s0378-3812(03)00009-8,analytical_sampling
wang2003_ch4,"Wang, L.-K., Chen, G.-J., Han, G.-H., Guo, X.-Q. & Guo, T.-M. (2003). ""Experimental study on the solubility of natural gas components in water with or without hydrate inhibitor."" Fluid Phase Equilib. 207(1-2), 143-154. DOI 10.1016/s0378-3812(03)00009-8.",journal,10.1016/s0378-3812(03)00009-8,analytical_sampling
wang2014_co2,"Wang, Z., Zhao, Y., Sun, L., Li, S., Ji, D., Wang, Y. (2014). Modeling and measurement of CO2 solubility in salty aqueous solutions and application in the Erdos Basin. Fluid Phase Equilibria 377, 45-55. DOI: 10.1016/j.fluid.2014.06.016.",journal,10.1016/j.fluid.2014.06.016,analytical_sampling
wang2019_co2,"Wang, J., et al. (2019). J. Chem. Eng. Data 64, 2484. DOI: 10.1021/acs.jced.9b00013.",journal,10.1021/acs.jced.9b00013,other
wang2021_co2,"Wang, X.; Pan, L.; Wu, K.; Li, L.; Xu, J.; Lau, H.C. (2021). Experiment based modeling of CO2 solubility in H2O at 313.15-473.15 K and 0.5-200 MPa. Appl. Geochem. 130, 105005. DOI: 10.1016/j.apgeochem.2021.105005.",journal,10.1016/j.apgeochem.2021.105005,analytical_sampling
wehemcketta1961_c2c4,"Wehe, A.H. & McKetta, J.J. (1961). ""Method for Determining Total Hydrocarbons Dissolved in Water."" Anal. Chem. 33(2), 291-293. DOI 10.1021/ac60170a042.",journal,10.1021/ac60170a042,manometric_volumetric
wehemcketta1961nc4h10water_c2c4,"Wehe, A.H.; McKetta, J.J. (1961). n-Butane-1-Butene-Water System in the Three-Phase Region. Journal of Chemical and Engineering Data 6(2), 167-172. DOI: 10.1021/je60010a002.",journal,10.1021/je60010a002,electrochemical
weiss1970_n2,"Weiss, R.F. (1970). The solubility of nitrogen, oxygen and argon in water and seawater. Deep-Sea Research 17(4), 721-735. DOI: 10.1016/0011-7471(70)90037-9.",journal,10.1016/0011-7471(70)90037-9,calculated_compilation
weiss1974_co2,"Weiss, R.F. (1974). Mar. Chem. 2, 203-215. DOI: 10.1016/0304-4203(74)90015-2.",journal,10.1016/0304-4203(74)90015-2,manometric_volumetric
wenhung1970_c2c4,"Wen, W.-Y., Hung, J.H., 1970. J. Phys. Chem. 74(1), 170-180. DOI: 10.1021/j100696a032.",journal,10.1021/j100696a032,manometric_volumetric
wenhung1970_ch4,"Wen, W.-Y., Hung, J.H., 1970. J. Phys. Chem. 74(1), 170-180. DOI: 10.1021/j100696a032.",journal,10.1021/j100696a032,manometric_volumetric
wetlaufer1964_c2c4,"Wetlaufer, D.B., Malik, S.K., Stoller, L. & Coffin, R.L. (1964). J. Am. Chem. Soc. 86(3), 508-514. DOI: 10.1021/ja01057a045.",journal,10.1021/ja01057a045,analytical_sampling
wetlaufermalik1964_ch4,"Wetlaufer, D.B. et al., 1964. J. Am. Chem. Soc. 86, 508-514. DOI: 10.1021/ja01057a045.",journal,10.1021/ja01057a045,analytical_sampling
wiebegaddy1934_h2,"Wiebe, R., Gaddy, V.L. (1934). The Solubility of Hydrogen in Water at 0, 50, 75 and 100 deg from 25 to 1000 Atmospheres. J. Am. Chem. Soc. 56(1), 76-79. DOI: 10.1021/ja01316a022.",journal,10.1021/ja01316a022,analytical_sampling
wiebegaddy1935_h2,"Wiebe, R., Gaddy, V.L. (1934). The Solubility of Hydrogen in Water at 0, 50, 75 and 100 deg from 25 to 1000 Atmospheres. J. Am. Chem. Soc. 56(1), 76-79. DOI: 10.1021/ja01316a022.",journal,10.1021/ja01316a022,analytical_sampling
wiebegaddy1939_co2,"Wiebe, R., Gaddy, V.L. (1939). The solubility in water of carbon dioxide at 50, 75 and 100 C, at pressures to 700 atmospheres. J. Am. Chem. Soc. 61(2), 315-318. DOI: 10.1021/ja01871a025.",journal,10.1021/ja01871a025,analytical_sampling
wiebegaddy1940_co2,"Wiebe, R., Gaddy, V.L. (1940). The solubility of carbon dioxide in water at various temperatures from 12 to 40 and at pressures to 500 atmospheres. Critical phenomena. J. Am. Chem. Soc. 62(4), 815-817. DOI: 10.1021/ja01861a033.",journal,10.1021/ja01861a033,analytical_sampling
wiebegaddy1941_co2,"Wiebe, R.; Gaddy, V.L. (1941). DOI: 10.1021/ja01847a030.",journal,10.1021/ja01847a030,analytical_sampling
wiebegaddyheins1933_n2,"Wiebe, R., Gaddy, V.L., Heins, C. (1933). The solubility of nitrogen in water at 50, 75, and 100° from 25 to 1000 atmospheres. Journal of the American Chemical Society 55(3), 947-953. DOI: 10.1021/ja01330a011.",journal,10.1021/ja01330a011,analytical_sampling
wiesenburg1979_ch4,"Wiesenburg, D.A., Guinasso, N.L., 1979. Equilibrium solubilities of methane, carbon monoxide, and hydrogen in water and sea water. J. Chem. Eng. Data 24(4), 356-360. DOI: 10.1021/je60083a006.",journal,10.1021/je60083a006,calculated_compilation
wiesenburg1979_h2,"Wiesenburg, D.A., Guinasso, N.L. Jr. (1979). Equilibrium solubilities of methane, carbon monoxide, and hydrogen in water and sea water. J. Chem. Eng. Data 24(4), 356-360. DOI: 10.1021/je60083a006.",journal,10.1021/je60083a006,calculated_compilation
wilcockbattino1974_n2,"Wilcock, R.J., Battino, R. (1974). Solubility of oxygen-nitrogen mixture in water. Nature 252(5484), 614-615. DOI: 10.1038/252614c0.",journal,10.1038/252614c0,manometric_volumetric
winkler1891ber2489_h2,"Winkler, L.W. (1891). Die Löslichkeit der Gase in Wasser. Berichte der deutschen chemischen Gesellschaft 24(1), 89-101 (DOI: 10.1002/cber.18910240116) and/or 24(2), 3602-3610 (DOI: 10.1002/cber.189102402237) - installment TO-CONFIRM.",journal,10.1002/cber.18910240116,manometric_volumetric
winkler1891water_n2,"Winkler, L.W. (1891). Berichte der Deutschen Chemischen Gesellschaft 24, 3602-3610.",journal,,manometric_volumetric
winkler1901_c2c4,"Winkler, L.W. (1901). ""Solubility of gas in water."" Ber. Dtsch. Chem. Ges. 34, 1408-1422.",journal,,manometric_volumetric
winkler1901_ch4,"Winkler, L.W., 1901. Solubility of gas in water. Berichte der Deutschen Chemischen Gesellschaft 34, 1408-1422. DOI: 10.1002/cber.19010340210.",journal,10.1002/cber.19010340210,manometric_volumetric
winkler1906_h2s,"Winkler, L.W. (1906). ""Gesetzmaessigkeit bei der Absorption der Gase in Fluessigkeiten"" (Zweite Abhandlung). Z. Phys. Chem. 55U(1), 344-354. DOI 10.1515/zpch-1906-5518.",journal,10.1515/zpch-1906-5518,manometric_volumetric
wishnia1963_c2c4,"Hayduk, W. (ed.) (1986). IUPAC Solubility Data Series Volume 24: Propane, Butane, and 2-Methylpropane. Pergamon Press.",compilation,,calculated_compilation
wolff2026_h2,"Wolff, J., Singh, A., Giese, R., Spangenberg, E., Schmidt-Hattenberger, C. (2026). Experimental investigation of hydrogen solubility in water, NaCl brine and Ketzin formation brines. Front. Energy Res. 14:1919332. DOI: 10.3389/fenrg.2026.1919332 (open access, CC BY).",journal,10.3389/fenrg.2026.1919332,pressure_decrease_mass_balance
wrightmaass1932_h2s,"Wright, R.H.; Maass, O. (1932). Can. J. Res. 6, 94-101. DOI: 10.1139/cjr32-006.",journal,10.1139/cjr32-006,unstated
wroblewski1883_co2,"Wroblewski, S.V. (1883). Ann. Phys. Chem. 18, 290-308.",journal,,manometric_volumetric
xia2000_h2s,"Xia, J.; Pérez-Salado Kamps, Á.; Rumpf, B.; Maurer, G. (2000). Ind. Eng. Chem. Res. 39(4), 1064-1073. DOI: 10.1021/ie990416p.",journal,10.1021/ie990416p,synthetic_visual
yaacobibennaim1973_ch4,"Yaacobi, M., Ben-Naim, A., 1973. J. Solution Chem. 2(5), 425-443. DOI: 10.1007/bf00651005.",journal,10.1007/bf00651005,manometric_volumetric
yaacobibennaim1974_c2c4,"Yaacobi, M.; Ben-Naim, A. (1974). Solvophobic interaction. J. Phys. Chem. 78, 175-178. DOI: 10.1021/j100595a017.",journal,10.1021/j100595a017,manometric_volumetric
yamamotoalcauskascrozier1976_ch4,"Yamamoto, S., Alcauskas, J.B., Crozier, T.E., 1976. J. Chem. Eng. Data 21(1), 78-80. DOI: 10.1021/je60068a029.",journal,10.1021/je60068a029,manometric_volumetric
yanetal2011_co2,"Yan et al., Measurement and modeling of CO2 solubility in NaCl brine and CO2–saturated NaCl brine density, Int. J. Greenh. Gas Cont., 5(6), 1460-1477, 2011. DOI: 10.1016/j.ijggc.2011.08.004.",journal,10.1016/j.ijggc.2011.08.004,unstated
yangyangkimlee2000_co2,"Yang, S.O.; Yang, I.M.; Kim, Y.S.; Lee, C.S. (2000). Fluid Phase Equilib. 175, 75-89. DOI: 10.1016/s0378-3812(00)00467-2.",journal,10.1016/s0378-3812(00)00467-2,analytical_sampling
yano1974_c2c4,"Hayduk, W. (ed.) (1986). IUPAC Solubility Data Series Volume 24: Propane, Butane, and 2-Methylpropane. Pergamon Press.",compilation,,calculated_compilation
yanosuetakaumehara1974_ch4,"Yano, T., Suetaka, T., Umehara, T., Horiuchi, A., 1974. In: Clever, H.L., Young, C.L. (Eds.), Solubility Data Series (1987), Methane. Pergamon Press, Oxford (KCl leg). DOI: 10.1252/kakoronbunshu1953.38.320.",compilation,10.1252/kakoronbunshu1953.38.320,manometric_volumetric
yarrison2006_ch4,"Yarrison, Matt et al., Measurement and Modeling of the Solubility of Water in Supercritical Methane and Ethane from 310 to 477 K and Pressures from 3.4 to 110 MPa, Industrial & Engineering Chemistry Research, 45(20), 6770-6777, 2006. DOI: 10.1021/ie0513752.",journal,10.1021/ie0513752,unstated
yarymagaev1985_ch4,"Yarym-Agaev, N.L., Sinyavskaya, R.P., Koliushko, I.L., Levinton, L.Y., 1985. J. Appl. Chem. USSR 58(1), 154-157.",journal,,other
yasunishi1977_n2,"Yasunishi, A. (1977). Data reproduced from Battino, R. (ed.) (1982). Nitrogen and Air. Solubility Data Series, Vol. 10. Pergamon Press. ISBN 0-08-023922-6, §1.4, ref.18. Original publication details were not independently verified.",compilation,10.1252/jcej.10.89,manometric_volumetric
yasunishiyoshida1979_co2,"Yasunishi, A.; Yoshida, F. (1979). J. Chem. Eng. Data 24, 11-14. DOI: 10.1021/je60080a007.",journal,10.1021/je60080a007,manometric_volumetric
yehpeterson1964_co2,"Yeh, S.-Y.; Peterson, R.E. (1964). J. Pharm. Sci. 53, 822-824. DOI: 10.1002/jps.2600530728.",journal,10.1002/jps.2600530728,analytical_sampling
yokoyama1988_ch4,"Yokoyama, Chiaki et al., Vapor-liquid equilibria in the methane-diethylene glycol-water system at 298.15 and 323.15 K, Journal of Chemical & Engineering Data, 33(3), 274-276, 1988. DOI: 10.1021/je00053a015.",journal,10.1021/je00053a015,analytical_sampling
yuan2017_co2,"Yuan, S., Chen, Y., Ji, X., et al. (2017). Experimental study of CO2 absorption in aqueous cholinium-based ionic liquids. Fluid Phase Equilib. 445, 14-24. DOI: 10.1016/j.fluid.2017.04.001.",journal,10.1016/j.fluid.2017.04.001,synthetic_visual
yuanyang1993_co2,"Yuan, C.; Yang, J. (1993). Gaodeng Xuexiao Huaxue Xuebao 14, 80-83. http://www.cjcu.jlu.edu.cn/CN/Y1993/V14/I1/80",journal,,analytical_sampling
zaidinco2h2smixedsalt_co2,"Zaidin, M.F. (2020). PhD Thesis, Heriot-Watt University.",thesis,,chromatography
zaidinco2h2snacl_co2,"Zaidin, M.F. (2020). PhD Thesis, Heriot-Watt University.",thesis,,chromatography
zaidinco2h2swater_co2,"Zaidin, M.F. (2020). PhD Thesis, Heriot-Watt University.",thesis,,chromatography
zaidinco2mixedsalt_co2,"Zaidin, M.F. (2020). PhD Thesis, Heriot-Watt University.",thesis,,analytical_sampling
zaidinco2nacl_co2,"Zaidin, M.F. (2020). PhD Thesis, Heriot-Watt University.",thesis,,analytical_sampling
zaidinco2water_co2,"Zaidin, M.F. (2020). PhD Thesis, Heriot-Watt University.",thesis,,analytical_sampling
zawiszamalesinska1981_co2,"Zawisza, A., Malesinska, B. (1981). Solubility of carbon dioxide in liquid water and of water in gaseous carbon dioxide in the range 0.2-5 MPa and at temperatures up to 473 K. J. Chem. Eng. Data 26(4), 388-391. DOI: 10.1021/je00026a012.",journal,10.1021/je00026a012,synthetic_visual
zelvinskii1937_co2,"Zel'vinskii, Y. (1937). Measurements of carbon dioxide solubility in water. Zhurnal Khimicheskoi Promyshlennosti (J. Chem. Industry, USSR) 14, 1250-1257.",journal,,analytical_sampling
zezin2011_h2s,"Zezin, D.; Migdisov, A.A.; Williams-Jones, A.E. (2011). PVTx properties of H2O-H2S fluid mixtures at elevated temperature and pressure. Geochim. Cosmochim. Acta 75, 5483-5495. DOI: 10.1016/j.gca.2011.07.005.",journal,10.1016/j.gca.2011.07.005,gravimetric
zhang2025_ch4,"Zhang, Y., Bourdet, J., Clennell, B., Matthew, K., 2025. Molecular dynamics and experimental study on the solubility and diffusivity of mixed hydrogen and methane in water. Int. J. Hydrogen Energy 109, 1372-1383. DOI: 10.1016/j.ijhydene.2025.02.170.",journal,10.1016/j.ijhydene.2025.02.170,other
zhang2025_h2,"Zhang, J., Bourdet, J., Clennell, M.B., Matthew, J. (2025). Molecular dynamics and experimental study on the solubility and diffusivity of mixed hydrogen and methane in water. Int. J. Hydrogen Energy 109, 1372-1383. DOI: 10.1016/j.ijhydene.2025.02.170.",journal,10.1016/j.ijhydene.2025.02.170,other
zhao2015_co2,"Zhao, H.; Dilmore, R.; Allen, D.E.; Hedges, S.W.; Soong, Y.; Lvov, S.N. (2015). Measurement and Modeling of CO2 Solubility in Natural and Synthetic Formation Brines for CO2 Sequestration. Environ. Sci. Technol. 49(3), 1972-1980. DOI: 10.1021/es505550a.",journal,10.1021/es505550a,analytical_sampling
zhaoaiche2015_co2,"Zhao, H., et al. (2015). AIChE J. 61, 2286. DOI: 10.1002/aic.14825.",journal,10.1002/aic.14825,analytical_sampling
zhaoetal2015_co2,"Zhao et al., Carbon dioxide solubility in aqueous solutions of sodium chloride at geological conditions: Experimental results at 323.15, 373.15, and 423.15K and 150bar and modeling up to 573.15K and 2000bar, Geochim. Cosmochim. Ac., 149, 165-189, 2015. DOI: 10.1016/j.gca.2014.11.004.",journal,10.1016/j.gca.2014.11.004,analytical_sampling
