point_id,gas,temperature_K,pressure_MPa,pressure_basis,salt,salt_molality,salt_composition,m_Na,m_Cl,m_K,m_Ca,m_Mg,m_SO4,source_id,reference,method,flags,water_mole_fraction_vapor,value_as_printed,unit_as_printed
C2H6_alassi2023_c2c4_001,C2H6,273.15,24.2,total,none,0,,0.000000,0.000000,0.000000,0.000000,0.000000,0.000000,alassi2023_c2c4,"Alassi, Chapoy & Burgass (2023)",electrochemical,replicate,6.33e-05,63.3,"y2 water content, ppm in ethane (phase LHE)"
C2H6_alassi2023_c2c4_002,C2H6,273.15,24.2,total,none,0,,0.000000,0.000000,0.000000,0.000000,0.000000,0.000000,alassi2023_c2c4,"Alassi, Chapoy & Burgass (2023)",electrochemical,replicate,6.33e-05,63.3,"y2 water content, ppm in ethane (phase LHE)"
C2H6_alassi2023_c2c4_003,C2H6,273.15,24.2,total,none,0,,0.000000,0.000000,0.000000,0.000000,0.000000,0.000000,alassi2023_c2c4,"Alassi, Chapoy & Burgass (2023)",electrochemical,,6.39e-05,63.9,"y2 water content, ppm in ethane (phase LHE)"
C2H6_alassi2023_c2c4_004,C2H6,273.15,24.2,total,none,0,,0.000000,0.000000,0.000000,0.000000,0.000000,0.000000,alassi2023_c2c4,"Alassi, Chapoy & Burgass (2023)",electrochemical,replicate,6.43e-05,64.3,"y2 water content, ppm in ethane (phase LHE)"
C2H6_alassi2023_c2c4_005,C2H6,273.15,24.2,total,none,0,,0.000000,0.000000,0.000000,0.000000,0.000000,0.000000,alassi2023_c2c4,"Alassi, Chapoy & Burgass (2023)",electrochemical,replicate,6.43e-05,64.3,"y2 water content, ppm in ethane (phase LHE)"
C2H6_alassi2023_c2c4_006,C2H6,273.15,24.2,total,none,0,,0.000000,0.000000,0.000000,0.000000,0.000000,0.000000,alassi2023_c2c4,"Alassi, Chapoy & Burgass (2023)",electrochemical,,6.46e-05,64.6,"y2 water content, ppm in ethane (phase LHE)"
C2H6_alassi2023_c2c4_007,C2H6,273.15,24.2,total,none,0,,0.000000,0.000000,0.000000,0.000000,0.000000,0.000000,alassi2023_c2c4,"Alassi, Chapoy & Burgass (2023)",electrochemical,replicate,6.49e-05,64.9,"y2 water content, ppm in ethane (phase LHE)"
C2H6_alassi2023_c2c4_008,C2H6,273.15,24.2,total,none,0,,0.000000,0.000000,0.000000,0.000000,0.000000,0.000000,alassi2023_c2c4,"Alassi, Chapoy & Burgass (2023)",electrochemical,replicate,6.49e-05,64.9,"y2 water content, ppm in ethane (phase LHE)"
C2H6_alassi2023_c2c4_009,C2H6,273.15,24.2,total,none,0,,0.000000,0.000000,0.000000,0.000000,0.000000,0.000000,alassi2023_c2c4,"Alassi, Chapoy & Burgass (2023)",electrochemical,replicate,6.54e-05,65.4,"y2 water content, ppm in ethane (phase LHE)"
C2H6_alassi2023_c2c4_010,C2H6,273.15,24.2,total,none,0,,0.000000,0.000000,0.000000,0.000000,0.000000,0.000000,alassi2023_c2c4,"Alassi, Chapoy & Burgass (2023)",electrochemical,replicate,6.54e-05,65.4,"y2 water content, ppm in ethane (phase LHE)"
C2H6_alassi2023_c2c4_011,C2H6,273.15,24.2,total,none,0,,0.000000,0.000000,0.000000,0.000000,0.000000,0.000000,alassi2023_c2c4,"Alassi, Chapoy & Burgass (2023)",electrochemical,replicate,6.59e-05,65.9,"y2 water content, ppm in ethane (phase LHE)"
C2H6_alassi2023_c2c4_012,C2H6,273.15,24.2,total,none,0,,0.000000,0.000000,0.000000,0.000000,0.000000,0.000000,alassi2023_c2c4,"Alassi, Chapoy & Burgass (2023)",electrochemical,replicate,6.59e-05,65.9,"y2 water content, ppm in ethane (phase LHE)"
C2H6_alassi2023_c2c4_013,C2H6,273.15,24.2,total,none,0,,0.000000,0.000000,0.000000,0.000000,0.000000,0.000000,alassi2023_c2c4,"Alassi, Chapoy & Burgass (2023)",electrochemical,,6.6e-05,66,"y2 water content, ppm in ethane (phase LHE)"
C2H6_alassi2023_c2c4_014,C2H6,273.15,24.2,total,none,0,,0.000000,0.000000,0.000000,0.000000,0.000000,0.000000,alassi2023_c2c4,"Alassi, Chapoy & Burgass (2023)",electrochemical,replicate,6.61e-05,66.1,"y2 water content, ppm in ethane (phase LHE)"
C2H6_alassi2023_c2c4_015,C2H6,273.15,24.2,total,none,0,,0.000000,0.000000,0.000000,0.000000,0.000000,0.000000,alassi2023_c2c4,"Alassi, Chapoy & Burgass (2023)",electrochemical,replicate,6.61e-05,66.1,"y2 water content, ppm in ethane (phase LHE)"
C2H6_alassi2023_c2c4_016,C2H6,273.15,24.2,total,none,0,,0.000000,0.000000,0.000000,0.000000,0.000000,0.000000,alassi2023_c2c4,"Alassi, Chapoy & Burgass (2023)",electrochemical,,6.92e-05,69.2,"y2 water content, ppm in ethane (phase LHE)"
C2H6_alassi2023_c2c4_017,C2H6,278.15,24.2,total,none,0,,0.000000,0.000000,0.000000,0.000000,0.000000,0.000000,alassi2023_c2c4,"Alassi, Chapoy & Burgass (2023)",electrochemical,,8.46e-05,84.6,"y2 water content, ppm in ethane (phase LHE)"
C2H6_alassi2023_c2c4_018,C2H6,278.15,24.2,total,none,0,,0.000000,0.000000,0.000000,0.000000,0.000000,0.000000,alassi2023_c2c4,"Alassi, Chapoy & Burgass (2023)",electrochemical,,8.66e-05,86.6,"y2 water content, ppm in ethane (phase LHE)"
C2H6_alassi2023_c2c4_019,C2H6,278.15,24.2,total,none,0,,0.000000,0.000000,0.000000,0.000000,0.000000,0.000000,alassi2023_c2c4,"Alassi, Chapoy & Burgass (2023)",electrochemical,,8.79e-05,87.9,"y2 water content, ppm in ethane (phase LHE)"
C2H6_alassi2023_c2c4_020,C2H6,278.15,24.2,total,none,0,,0.000000,0.000000,0.000000,0.000000,0.000000,0.000000,alassi2023_c2c4,"Alassi, Chapoy & Burgass (2023)",electrochemical,replicate,8.84e-05,88.4,"y2 water content, ppm in ethane (phase LHE)"
C2H6_alassi2023_c2c4_021,C2H6,278.15,24.2,total,none,0,,0.000000,0.000000,0.000000,0.000000,0.000000,0.000000,alassi2023_c2c4,"Alassi, Chapoy & Burgass (2023)",electrochemical,replicate,8.84e-05,88.4,"y2 water content, ppm in ethane (phase LHE)"
C2H6_alassi2023_c2c4_022,C2H6,278.15,24.2,total,none,0,,0.000000,0.000000,0.000000,0.000000,0.000000,0.000000,alassi2023_c2c4,"Alassi, Chapoy & Burgass (2023)",electrochemical,replicate,8.88e-05,88.8,"y2 water content, ppm in ethane (phase LHE)"
C2H6_alassi2023_c2c4_023,C2H6,278.15,24.2,total,none,0,,0.000000,0.000000,0.000000,0.000000,0.000000,0.000000,alassi2023_c2c4,"Alassi, Chapoy & Burgass (2023)",electrochemical,replicate,8.88e-05,88.8,"y2 water content, ppm in ethane (phase LHE)"
C2H6_alassi2023_c2c4_024,C2H6,278.15,24.2,total,none,0,,0.000000,0.000000,0.000000,0.000000,0.000000,0.000000,alassi2023_c2c4,"Alassi, Chapoy & Burgass (2023)",electrochemical,,8.89e-05,88.9,"y2 water content, ppm in ethane (phase LHE)"
C2H6_alassi2023_c2c4_025,C2H6,278.15,24.2,total,none,0,,0.000000,0.000000,0.000000,0.000000,0.000000,0.000000,alassi2023_c2c4,"Alassi, Chapoy & Burgass (2023)",electrochemical,,8.93e-05,89.3,"y2 water content, ppm in ethane (phase LHE)"
C2H6_alassi2023_c2c4_026,C2H6,278.15,24.2,total,none,0,,0.000000,0.000000,0.000000,0.000000,0.000000,0.000000,alassi2023_c2c4,"Alassi, Chapoy & Burgass (2023)",electrochemical,,9.06e-05,90.6,"y2 water content, ppm in ethane (phase LHE)"
C2H6_alassi2023_c2c4_027,C2H6,278.15,24.2,total,none,0,,0.000000,0.000000,0.000000,0.000000,0.000000,0.000000,alassi2023_c2c4,"Alassi, Chapoy & Burgass (2023)",electrochemical,,9.15e-05,91.5,"y2 water content, ppm in ethane (phase LHE)"
C2H6_alassi2023_c2c4_028,C2H6,278.15,24.2,total,none,0,,0.000000,0.000000,0.000000,0.000000,0.000000,0.000000,alassi2023_c2c4,"Alassi, Chapoy & Burgass (2023)",electrochemical,,9.27e-05,92.7,"y2 water content, ppm in ethane (phase LHE)"
C2H6_alassi2023_c2c4_029,C2H6,283.15,24.2,total,none,0,,0.000000,0.000000,0.000000,0.000000,0.000000,0.000000,alassi2023_c2c4,"Alassi, Chapoy & Burgass (2023)",electrochemical,,0.0001178,117.8,"y2 water content, ppm in ethane (phase LHE)"
C2H6_alassi2023_c2c4_030,C2H6,283.15,24.2,total,none,0,,0.000000,0.000000,0.000000,0.000000,0.000000,0.000000,alassi2023_c2c4,"Alassi, Chapoy & Burgass (2023)",electrochemical,,0.0001195,119.5,"y2 water content, ppm in ethane (phase LHE)"
C2H6_alassi2023_c2c4_031,C2H6,283.15,24.2,total,none,0,,0.000000,0.000000,0.000000,0.000000,0.000000,0.000000,alassi2023_c2c4,"Alassi, Chapoy & Burgass (2023)",electrochemical,replicate,0.0001207,120.7,"y2 water content, ppm in ethane (phase LHE)"
C2H6_alassi2023_c2c4_032,C2H6,283.15,24.2,total,none,0,,0.000000,0.000000,0.000000,0.000000,0.000000,0.000000,alassi2023_c2c4,"Alassi, Chapoy & Burgass (2023)",electrochemical,replicate,0.0001207,120.7,"y2 water content, ppm in ethane (phase LHE)"
C2H6_alassi2023_c2c4_033,C2H6,283.15,24.2,total,none,0,,0.000000,0.000000,0.000000,0.000000,0.000000,0.000000,alassi2023_c2c4,"Alassi, Chapoy & Burgass (2023)",electrochemical,,0.000121,121,"y2 water content, ppm in ethane (phase LHE)"
C2H6_alassi2023_c2c4_034,C2H6,283.15,24.2,total,none,0,,0.000000,0.000000,0.000000,0.000000,0.000000,0.000000,alassi2023_c2c4,"Alassi, Chapoy & Burgass (2023)",electrochemical,replicate,0.0001211,121.1,"y2 water content, ppm in ethane (phase LHE)"
C2H6_alassi2023_c2c4_035,C2H6,283.15,24.2,total,none,0,,0.000000,0.000000,0.000000,0.000000,0.000000,0.000000,alassi2023_c2c4,"Alassi, Chapoy & Burgass (2023)",electrochemical,replicate,0.0001211,121.1,"y2 water content, ppm in ethane (phase LHE)"
C2H6_alassi2023_c2c4_036,C2H6,283.15,24.2,total,none,0,,0.000000,0.000000,0.000000,0.000000,0.000000,0.000000,alassi2023_c2c4,"Alassi, Chapoy & Burgass (2023)",electrochemical,,0.0001222,122.2,"y2 water content, ppm in ethane (phase LHE)"
C2H6_alassi2023_c2c4_037,C2H6,288.15,24.2,total,none,0,,0.000000,0.000000,0.000000,0.000000,0.000000,0.000000,alassi2023_c2c4,"Alassi, Chapoy & Burgass (2023)",electrochemical,,0.0001702,170.2,"y2 water content, ppm in ethane (phase LHE)"
C2H6_alassi2023_c2c4_038,C2H6,288.15,24.2,total,none,0,,0.000000,0.000000,0.000000,0.000000,0.000000,0.000000,alassi2023_c2c4,"Alassi, Chapoy & Burgass (2023)",electrochemical,,0.0001705,170.5,"y2 water content, ppm in ethane (phase LHE)"
C2H6_alassi2023_c2c4_039,C2H6,288.15,24.2,total,none,0,,0.000000,0.000000,0.000000,0.000000,0.000000,0.000000,alassi2023_c2c4,"Alassi, Chapoy & Burgass (2023)",electrochemical,,0.0001713,171.3,"y2 water content, ppm in ethane (phase LHE)"
C2H6_alassi2023_c2c4_040,C2H6,288.15,24.2,total,none,0,,0.000000,0.000000,0.000000,0.000000,0.000000,0.000000,alassi2023_c2c4,"Alassi, Chapoy & Burgass (2023)",electrochemical,replicate,0.0001715,171.5,"y2 water content, ppm in ethane (phase LHE)"
C2H6_alassi2023_c2c4_041,C2H6,288.15,24.2,total,none,0,,0.000000,0.000000,0.000000,0.000000,0.000000,0.000000,alassi2023_c2c4,"Alassi, Chapoy & Burgass (2023)",electrochemical,replicate,0.0001715,171.5,"y2 water content, ppm in ethane (phase LHE)"
C2H6_alassi2023_c2c4_042,C2H6,288.15,24.2,total,none,0,,0.000000,0.000000,0.000000,0.000000,0.000000,0.000000,alassi2023_c2c4,"Alassi, Chapoy & Burgass (2023)",electrochemical,replicate,0.0001715,171.5,"y2 water content, ppm in ethane (phase LHE)"
C2H6_alassi2023_c2c4_043,C2H6,288.15,24.2,total,none,0,,0.000000,0.000000,0.000000,0.000000,0.000000,0.000000,alassi2023_c2c4,"Alassi, Chapoy & Burgass (2023)",electrochemical,,0.0001717,171.7,"y2 water content, ppm in ethane (phase LHE)"
C2H6_alassi2023_c2c4_044,C2H6,288.15,24.2,total,none,0,,0.000000,0.000000,0.000000,0.000000,0.000000,0.000000,alassi2023_c2c4,"Alassi, Chapoy & Burgass (2023)",electrochemical,,0.0001721,172.1,"y2 water content, ppm in ethane (phase LHE)"
C2H6_alassi2023_c2c4_045,C2H6,288.15,24.2,total,none,0,,0.000000,0.000000,0.000000,0.000000,0.000000,0.000000,alassi2023_c2c4,"Alassi, Chapoy & Burgass (2023)",electrochemical,,0.0001724,172.4,"y2 water content, ppm in ethane (phase LHE)"
C2H6_alassi2023_c2c4_046,C2H6,288.15,24.2,total,none,0,,0.000000,0.000000,0.000000,0.000000,0.000000,0.000000,alassi2023_c2c4,"Alassi, Chapoy & Burgass (2023)",electrochemical,,0.000173,173,"y2 water content, ppm in ethane (phase LHE)"
C2H6_alassi2023_c2c4_047,C2H6,293.15,24.1,total,none,0,,0.000000,0.000000,0.000000,0.000000,0.000000,0.000000,alassi2023_c2c4,"Alassi, Chapoy & Burgass (2023)",electrochemical,,0.0002181,218.1,"y2 water content, ppm in ethane (phase LLE)"
C2H6_alassi2023_c2c4_048,C2H6,293.15,24.1,total,none,0,,0.000000,0.000000,0.000000,0.000000,0.000000,0.000000,alassi2023_c2c4,"Alassi, Chapoy & Burgass (2023)",electrochemical,,0.0002224,222.4,"y2 water content, ppm in ethane (phase LLE)"
C2H6_alassi2023_c2c4_049,C2H6,293.15,24.1,total,none,0,,0.000000,0.000000,0.000000,0.000000,0.000000,0.000000,alassi2023_c2c4,"Alassi, Chapoy & Burgass (2023)",electrochemical,replicate,0.000224,224,"y2 water content, ppm in ethane (phase LLE)"
C2H6_alassi2023_c2c4_050,C2H6,293.15,24.1,total,none,0,,0.000000,0.000000,0.000000,0.000000,0.000000,0.000000,alassi2023_c2c4,"Alassi, Chapoy & Burgass (2023)",electrochemical,replicate,0.000224,224,"y2 water content, ppm in ethane (phase LLE)"
C2H6_alassi2023_c2c4_051,C2H6,293.15,24.1,total,none,0,,0.000000,0.000000,0.000000,0.000000,0.000000,0.000000,alassi2023_c2c4,"Alassi, Chapoy & Burgass (2023)",electrochemical,,0.0002253,225.3,"y2 water content, ppm in ethane (phase LLE)"
C2H6_alassi2023_c2c4_052,C2H6,293.15,24.1,total,none,0,,0.000000,0.000000,0.000000,0.000000,0.000000,0.000000,alassi2023_c2c4,"Alassi, Chapoy & Burgass (2023)",electrochemical,,0.0002267,226.7,"y2 water content, ppm in ethane (phase LLE)"
C2H6_coanking1971_c2c4_001,C2H6,298.15,2.4419325,total,none,0,,0.000000,0.000000,0.000000,0.000000,0.000000,0.000000,coanking1971_c2c4,Coan & King (1971),gravimetric,,0.00142,0.00142,Y2 (mole fraction water in the compressed gas phase)
C2H6_coanking1971_c2c4_002,C2H6,298.15,2.9688225,total,none,0,,0.000000,0.000000,0.000000,0.000000,0.000000,0.000000,coanking1971_c2c4,Coan & King (1971),gravimetric,,0.00111,0.00111,Y2 (mole fraction water in the compressed gas phase)
C2H6_coanking1971_c2c4_003,C2H6,298.15,3.5970375,total,none,0,,0.000000,0.000000,0.000000,0.000000,0.000000,0.000000,coanking1971_c2c4,Coan & King (1971),gravimetric,,0.0009,0.00090,Y2 (mole fraction water in the compressed gas phase)
C2H6_coanking1971_c2c4_004,C2H6,298.15,3.60717,total,none,0,,0.000000,0.000000,0.000000,0.000000,0.000000,0.000000,coanking1971_c2c4,Coan & King (1971),gravimetric,,0.00093,0.00093,Y2 (mole fraction water in the compressed gas phase)
C2H6_coanking1971_c2c4_005,C2H6,323.15,2.2798125,total,none,0,,0.000000,0.000000,0.000000,0.000000,0.000000,0.000000,coanking1971_c2c4,Coan & King (1971),gravimetric,,0.00563,0.00563,Y2 (mole fraction water in the compressed gas phase)
C2H6_coanking1971_c2c4_006,C2H6,323.15,2.9688225,total,none,0,,0.000000,0.000000,0.000000,0.000000,0.000000,0.000000,coanking1971_c2c4,Coan & King (1971),gravimetric,replicate,0.00432,0.00432,Y2 (mole fraction water in the compressed gas phase)
C2H6_coanking1971_c2c4_007,C2H6,323.15,2.9688225,total,none,0,,0.000000,0.000000,0.000000,0.000000,0.000000,0.000000,coanking1971_c2c4,Coan & King (1971),gravimetric,replicate,0.00432,0.00432,Y2 (mole fraction water in the compressed gas phase)
C2H6_coanking1971_c2c4_008,C2H6,323.15,2.9688225,total,none,0,,0.000000,0.000000,0.000000,0.000000,0.000000,0.000000,coanking1971_c2c4,Coan & King (1971),gravimetric,,0.00437,0.00437,Y2 (mole fraction water in the compressed gas phase)
C2H6_coanking1971_c2c4_009,C2H6,323.15,3.5767725,total,none,0,,0.000000,0.000000,0.000000,0.000000,0.000000,0.000000,coanking1971_c2c4,Coan & King (1971),gravimetric,,0.00354,0.00354,Y2 (mole fraction water in the compressed gas phase)
C2H6_coanking1971_c2c4_010,C2H6,323.15,3.627435,total,none,0,,0.000000,0.000000,0.000000,0.000000,0.000000,0.000000,coanking1971_c2c4,Coan & King (1971),gravimetric,,0.00354,0.00354,Y2 (mole fraction water in the compressed gas phase)
C2H6_coanking1971_c2c4_011,C2H6,348.15,2.330475,total,none,0,,0.000000,0.000000,0.000000,0.000000,0.000000,0.000000,coanking1971_c2c4,Coan & King (1971),gravimetric,,0.0175,0.0175,Y2 (mole fraction water in the compressed gas phase)
C2H6_coanking1971_c2c4_012,C2H6,348.15,2.371005,total,none,0,,0.000000,0.000000,0.000000,0.000000,0.000000,0.000000,coanking1971_c2c4,Coan & King (1971),gravimetric,,0.0169,0.0169,Y2 (mole fraction water in the compressed gas phase)
C2H6_coanking1971_c2c4_013,C2H6,348.15,3.0296175,total,none,0,,0.000000,0.000000,0.000000,0.000000,0.000000,0.000000,coanking1971_c2c4,Coan & King (1971),gravimetric,,0.0132,0.0132,Y2 (mole fraction water in the compressed gas phase)
C2H6_coanking1971_c2c4_014,C2H6,348.15,3.627435,total,none,0,,0.000000,0.000000,0.000000,0.000000,0.000000,0.000000,coanking1971_c2c4,Coan & King (1971),gravimetric,,0.0109,0.0109,Y2 (mole fraction water in the compressed gas phase)
C2H6_coanking1971_c2c4_015,C2H6,373.15,2.59392,total,none,0,,0.000000,0.000000,0.000000,0.000000,0.000000,0.000000,coanking1971_c2c4,Coan & King (1971),gravimetric,,0.0414,0.0414,Y2 (mole fraction water in the compressed gas phase)
C2H6_coanking1971_c2c4_016,C2H6,373.15,2.9282925,total,none,0,,0.000000,0.000000,0.000000,0.000000,0.000000,0.000000,coanking1971_c2c4,Coan & King (1971),gravimetric,,0.0367,0.0367,Y2 (mole fraction water in the compressed gas phase)
C2H6_coanking1971_c2c4_017,C2H6,373.15,2.9890875,total,none,0,,0.000000,0.000000,0.000000,0.000000,0.000000,0.000000,coanking1971_c2c4,Coan & King (1971),gravimetric,,0.036,0.0360,Y2 (mole fraction water in the compressed gas phase)
C2H6_coanking1971_c2c4_018,C2H6,373.15,3.6375675,total,none,0,,0.000000,0.000000,0.000000,0.000000,0.000000,0.000000,coanking1971_c2c4,Coan & King (1971),gravimetric,,0.0296,0.0296,Y2 (mole fraction water in the compressed gas phase)
C2H6_mohammadi2004_c2c4_047,C2H6,282.93,0.506,total,none,0,,0.000000,0.000000,0.000000,0.000000,0.000000,0.000000,mohammadi2004_c2c4,"Mohammadi, Chapoy, Tohidi & Richon 2004",analytical_sampling,from_compilation,0.002442,0.002442,y_H2O mole fraction
C2H6_mohammadi2004_c2c4_048,C2H6,288.11,1.859,total,none,0,,0.000000,0.000000,0.000000,0.000000,0.000000,0.000000,mohammadi2004_c2c4,"Mohammadi, Chapoy, Tohidi & Richon 2004",analytical_sampling,from_compilation,0.001031,0.001031,y_H2O mole fraction
C2H6_mohammadi2004_c2c4_049,C2H6,292.95,1.049,total,none,0,,0.000000,0.000000,0.000000,0.000000,0.000000,0.000000,mohammadi2004_c2c4,"Mohammadi, Chapoy, Tohidi & Richon 2004",analytical_sampling,from_compilation,0.002204,0.002204,y_H2O mole fraction
C2H6_mohammadi2004_c2c4_050,C2H6,293.1,1.926,total,none,0,,0.000000,0.000000,0.000000,0.000000,0.000000,0.000000,mohammadi2004_c2c4,"Mohammadi, Chapoy, Tohidi & Richon 2004",analytical_sampling,from_compilation,0.001305,0.001305,y_H2O mole fraction
C2H6_mohammadi2004_c2c4_051,C2H6,293.1,2.99,total,none,0,,0.000000,0.000000,0.000000,0.000000,0.000000,0.000000,mohammadi2004_c2c4,"Mohammadi, Chapoy, Tohidi & Richon 2004",analytical_sampling,from_compilation,0.000832,0.000832,y_H2O mole fraction
C2H6_reamer1943_c2c4_001,C2H6,310.9278,6.38661341,total,none,0,,0.000000,0.000000,0.000000,0.000000,0.000000,0.000000,reamer1943_c2c4,"Reamer, Olds, Sage & Lacey (1943)",analytical_sampling,,0.00133,0.001330,"mole fraction water in the dew-point ETHANE-rich GAS phase (Table I, printed header 'Mole Fraction Water X 10^3'; the extraction already applied the 10^-3, so this cell is an ABSOLUTE mole fraction and is NOT descaled again)"
C2H6_reamer1943_c2c4_002,C2H6,310.9278,62.12313952,total,none,0,,0.000000,0.000000,0.000000,0.000000,0.000000,0.000000,reamer1943_c2c4,"Reamer, Olds, Sage & Lacey (1943)",analytical_sampling,,0.000647,0.000647,"mole fraction water in the dew-point ETHANE-rich GAS phase (Table I, printed header 'Mole Fraction Water X 10^3'; the extraction already applied the 10^-3, so this cell is an ABSOLUTE mole fraction and is NOT descaled again)"
C2H6_reamer1943_c2c4_003,C2H6,310.9278,55.22700357,total,none,0,,0.000000,0.000000,0.000000,0.000000,0.000000,0.000000,reamer1943_c2c4,"Reamer, Olds, Sage & Lacey (1943)",analytical_sampling,,0.000656,0.000656,"mole fraction water in the dew-point ETHANE-rich GAS phase (Table I, printed header 'Mole Fraction Water X 10^3'; the extraction already applied the 10^-3, so this cell is an ABSOLUTE mole fraction and is NOT descaled again)"
C2H6_reamer1943_c2c4_004,C2H6,310.9278,48.14539866,total,none,0,,0.000000,0.000000,0.000000,0.000000,0.000000,0.000000,reamer1943_c2c4,"Reamer, Olds, Sage & Lacey (1943)",analytical_sampling,,0.00062,0.000620,"mole fraction water in the dew-point ETHANE-rich GAS phase (Table I, printed header 'Mole Fraction Water X 10^3'; the extraction already applied the 10^-3, so this cell is an ABSOLUTE mole fraction and is NOT descaled again)"
C2H6_reamer1943_c2c4_005,C2H6,310.9278,35.66244111,total,none,0,,0.000000,0.000000,0.000000,0.000000,0.000000,0.000000,reamer1943_c2c4,"Reamer, Olds, Sage & Lacey (1943)",analytical_sampling,,0.000623,0.000623,"mole fraction water in the dew-point ETHANE-rich GAS phase (Table I, printed header 'Mole Fraction Water X 10^3'; the extraction already applied the 10^-3, so this cell is an ABSOLUTE mole fraction and is NOT descaled again)"
C2H6_reamer1943_c2c4_006,C2H6,310.9278,21.31169389,total,none,0,,0.000000,0.000000,0.000000,0.000000,0.000000,0.000000,reamer1943_c2c4,"Reamer, Olds, Sage & Lacey (1943)",analytical_sampling,,0.000723,0.000723,"mole fraction water in the dew-point ETHANE-rich GAS phase (Table I, printed header 'Mole Fraction Water X 10^3'; the extraction already applied the 10^-3, so this cell is an ABSOLUTE mole fraction and is NOT descaled again)"
C2H6_reamer1943_c2c4_007,C2H6,310.9278,13.63300302,total,none,0,,0.000000,0.000000,0.000000,0.000000,0.000000,0.000000,reamer1943_c2c4,"Reamer, Olds, Sage & Lacey (1943)",analytical_sampling,,0.000802,0.000802,"mole fraction water in the dew-point ETHANE-rich GAS phase (Table I, printed header 'Mole Fraction Water X 10^3'; the extraction already applied the 10^-3, so this cell is an ABSOLUTE mole fraction and is NOT descaled again)"
C2H6_reamer1943_c2c4_008,C2H6,344.2611,61.99765494,total,none,0,,0.000000,0.000000,0.000000,0.000000,0.000000,0.000000,reamer1943_c2c4,"Reamer, Olds, Sage & Lacey (1943)",analytical_sampling,,0.00196,0.001960,"mole fraction water in the dew-point ETHANE-rich GAS phase (Table I, printed header 'Mole Fraction Water X 10^3'; the extraction already applied the 10^-3, so this cell is an ABSOLUTE mole fraction and is NOT descaled again)"
C2H6_reamer1943_c2c4_009,C2H6,344.2611,48.27157271,total,none,0,,0.000000,0.000000,0.000000,0.000000,0.000000,0.000000,reamer1943_c2c4,"Reamer, Olds, Sage & Lacey (1943)",analytical_sampling,,0.00219,0.002190,"mole fraction water in the dew-point ETHANE-rich GAS phase (Table I, printed header 'Mole Fraction Water X 10^3'; the extraction already applied the 10^-3, so this cell is an ABSOLUTE mole fraction and is NOT descaled again)"
C2H6_reamer1943_c2c4_010,C2H6,344.2611,41.48851077,total,none,0,,0.000000,0.000000,0.000000,0.000000,0.000000,0.000000,reamer1943_c2c4,"Reamer, Olds, Sage & Lacey (1943)",analytical_sampling,,0.002034,0.002034,"mole fraction water in the dew-point ETHANE-rich GAS phase (Table I, printed header 'Mole Fraction Water X 10^3'; the extraction already applied the 10^-3, so this cell is an ABSOLUTE mole fraction and is NOT descaled again)"
C2H6_reamer1943_c2c4_011,C2H6,344.2611,2.21183805,total,none,0,,0.000000,0.000000,0.000000,0.000000,0.000000,0.000000,reamer1943_c2c4,"Reamer, Olds, Sage & Lacey (1943)",analytical_sampling,,0.01557,0.015570,"mole fraction water in the dew-point ETHANE-rich GAS phase (Table I, printed header 'Mole Fraction Water X 10^3'; the extraction already applied the 10^-3, so this cell is an ABSOLUTE mole fraction and is NOT descaled again)"
C2H6_reamer1943_c2c4_012,C2H6,377.5944,48.84797439,total,none,0,,0.000000,0.000000,0.000000,0.000000,0.000000,0.000000,reamer1943_c2c4,"Reamer, Olds, Sage & Lacey (1943)",analytical_sampling,,0.005639,0.005639,"mole fraction water in the dew-point ETHANE-rich GAS phase (Table I, printed header 'Mole Fraction Water X 10^3'; the extraction already applied the 10^-3, so this cell is an ABSOLUTE mole fraction and is NOT descaled again)"
C2H6_reamer1943_c2c4_013,C2H6,377.5944,42.1035231,total,none,0,,0.000000,0.000000,0.000000,0.000000,0.000000,0.000000,reamer1943_c2c4,"Reamer, Olds, Sage & Lacey (1943)",analytical_sampling,,0.006346,0.006346,"mole fraction water in the dew-point ETHANE-rich GAS phase (Table I, printed header 'Mole Fraction Water X 10^3'; the extraction already applied the 10^-3, so this cell is an ABSOLUTE mole fraction and is NOT descaled again)"
C2H6_reamer1943_c2c4_014,C2H6,377.5944,28.38847247,total,none,0,,0.000000,0.000000,0.000000,0.000000,0.000000,0.000000,reamer1943_c2c4,"Reamer, Olds, Sage & Lacey (1943)",analytical_sampling,,0.007224,0.007224,"mole fraction water in the dew-point ETHANE-rich GAS phase (Table I, printed header 'Mole Fraction Water X 10^3'; the extraction already applied the 10^-3, so this cell is an ABSOLUTE mole fraction and is NOT descaled again)"
C2H6_reamer1943_c2c4_015,C2H6,377.5944,3.69972661,total,none,0,,0.000000,0.000000,0.000000,0.000000,0.000000,0.000000,reamer1943_c2c4,"Reamer, Olds, Sage & Lacey (1943)",analytical_sampling,,0.003362,0.003362,"mole fraction water in the dew-point ETHANE-rich GAS phase (Table I, printed header 'Mole Fraction Water X 10^3'; the extraction already applied the 10^-3, so this cell is an ABSOLUTE mole fraction and is NOT descaled again)"
C2H6_reamer1943_c2c4_016,C2H6,410.9278,68.20362572,total,none,0,,0.000000,0.000000,0.000000,0.000000,0.000000,0.000000,reamer1943_c2c4,"Reamer, Olds, Sage & Lacey (1943)",analytical_sampling,,0.01268,0.012680,"mole fraction water in the dew-point ETHANE-rich GAS phase (Table I, printed header 'Mole Fraction Water X 10^3'; the extraction already applied the 10^-3, so this cell is an ABSOLUTE mole fraction and is NOT descaled again)"
C2H6_reamer1943_c2c4_017,C2H6,410.9278,61.95008112,total,none,0,,0.000000,0.000000,0.000000,0.000000,0.000000,0.000000,reamer1943_c2c4,"Reamer, Olds, Sage & Lacey (1943)",analytical_sampling,,0.013196,0.013196,"mole fraction water in the dew-point ETHANE-rich GAS phase (Table I, printed header 'Mole Fraction Water X 10^3'; the extraction already applied the 10^-3, so this cell is an ABSOLUTE mole fraction and is NOT descaled again)"
C2H6_reamer1943_c2c4_018,C2H6,410.9278,56.01024797,total,none,0,,0.000000,0.000000,0.000000,0.000000,0.000000,0.000000,reamer1943_c2c4,"Reamer, Olds, Sage & Lacey (1943)",analytical_sampling,,0.014404,0.014404,"mole fraction water in the dew-point ETHANE-rich GAS phase (Table I, printed header 'Mole Fraction Water X 10^3'; the extraction already applied the 10^-3, so this cell is an ABSOLUTE mole fraction and is NOT descaled again)"
C2H6_reamer1943_c2c4_019,C2H6,410.9278,49.2196018,total,none,0,,0.000000,0.000000,0.000000,0.000000,0.000000,0.000000,reamer1943_c2c4,"Reamer, Olds, Sage & Lacey (1943)",analytical_sampling,,0.01499,0.014990,"mole fraction water in the dew-point ETHANE-rich GAS phase (Table I, printed header 'Mole Fraction Water X 10^3'; the extraction already applied the 10^-3, so this cell is an ABSOLUTE mole fraction and is NOT descaled again)"
C2H6_reamer1943_c2c4_020,C2H6,410.9278,42.03595448,total,none,0,,0.000000,0.000000,0.000000,0.000000,0.000000,0.000000,reamer1943_c2c4,"Reamer, Olds, Sage & Lacey (1943)",analytical_sampling,,0.016006,0.016006,"mole fraction water in the dew-point ETHANE-rich GAS phase (Table I, printed header 'Mole Fraction Water X 10^3'; the extraction already applied the 10^-3, so this cell is an ABSOLUTE mole fraction and is NOT descaled again)"
C2H6_reamer1943_c2c4_021,C2H6,410.9278,34.79783858,total,none,0,,0.000000,0.000000,0.000000,0.000000,0.000000,0.000000,reamer1943_c2c4,"Reamer, Olds, Sage & Lacey (1943)",analytical_sampling,,0.016235,0.016235,"mole fraction water in the dew-point ETHANE-rich GAS phase (Table I, printed header 'Mole Fraction Water X 10^3'; the extraction already applied the 10^-3, so this cell is an ABSOLUTE mole fraction and is NOT descaled again)"
C2H6_reamer1943_c2c4_022,C2H6,410.9278,21.0276299,total,none,0,,0.000000,0.000000,0.000000,0.000000,0.000000,0.000000,reamer1943_c2c4,"Reamer, Olds, Sage & Lacey (1943)",analytical_sampling,,0.0218,0.021800,"mole fraction water in the dew-point ETHANE-rich GAS phase (Table I, printed header 'Mole Fraction Water X 10^3'; the extraction already applied the 10^-3, so this cell is an ABSOLUTE mole fraction and is NOT descaled again)"
C2H6_reamer1943_c2c4_023,C2H6,410.9278,7.12711031,total,none,0,,0.000000,0.000000,0.000000,0.000000,0.000000,0.000000,reamer1943_c2c4,"Reamer, Olds, Sage & Lacey (1943)",analytical_sampling,,0.051982,0.051982,"mole fraction water in the dew-point ETHANE-rich GAS phase (Table I, printed header 'Mole Fraction Water X 10^3'; the extraction already applied the 10^-3, so this cell is an ABSOLUTE mole fraction and is NOT descaled again)"
C2H6_reamer1943_c2c4_024,C2H6,444.2611,68.2325837,total,none,0,,0.000000,0.000000,0.000000,0.000000,0.000000,0.000000,reamer1943_c2c4,"Reamer, Olds, Sage & Lacey (1943)",analytical_sampling,,0.02796,0.027960,"mole fraction water in the dew-point ETHANE-rich GAS phase (Table I, printed header 'Mole Fraction Water X 10^3'; the extraction already applied the 10^-3, so this cell is an ABSOLUTE mole fraction and is NOT descaled again)"
C2H6_reamer1943_c2c4_025,C2H6,444.2611,62.07418675,total,none,0,,0.000000,0.000000,0.000000,0.000000,0.000000,0.000000,reamer1943_c2c4,"Reamer, Olds, Sage & Lacey (1943)",analytical_sampling,,0.02963,0.029630,"mole fraction water in the dew-point ETHANE-rich GAS phase (Table I, printed header 'Mole Fraction Water X 10^3'; the extraction already applied the 10^-3, so this cell is an ABSOLUTE mole fraction and is NOT descaled again)"
C2H6_reamer1943_c2c4_026,C2H6,444.2611,35.14809223,total,none,0,,0.000000,0.000000,0.000000,0.000000,0.000000,0.000000,reamer1943_c2c4,"Reamer, Olds, Sage & Lacey (1943)",analytical_sampling,,0.03917,0.039170,"mole fraction water in the dew-point ETHANE-rich GAS phase (Table I, printed header 'Mole Fraction Water X 10^3'; the extraction already applied the 10^-3, so this cell is an ABSOLUTE mole fraction and is NOT descaled again)"
C2H6_reamer1943_c2c4_027,C2H6,444.2611,27.90170263,total,none,0,,0.000000,0.000000,0.000000,0.000000,0.000000,0.000000,reamer1943_c2c4,"Reamer, Olds, Sage & Lacey (1943)",analytical_sampling,,0.04362,0.043620,"mole fraction water in the dew-point ETHANE-rich GAS phase (Table I, printed header 'Mole Fraction Water X 10^3'; the extraction already applied the 10^-3, so this cell is an ABSOLUTE mole fraction and is NOT descaled again)"
C2H6_reamer1943_c2c4_028,C2H6,444.2611,20.67392886,total,none,0,,0.000000,0.000000,0.000000,0.000000,0.000000,0.000000,reamer1943_c2c4,"Reamer, Olds, Sage & Lacey (1943)",analytical_sampling,,0.05281,0.052810,"mole fraction water in the dew-point ETHANE-rich GAS phase (Table I, printed header 'Mole Fraction Water X 10^3'; the extraction already applied the 10^-3, so this cell is an ABSOLUTE mole fraction and is NOT descaled again)"
C2H6_reamer1943_c2c4_029,C2H6,444.2611,7.92966003,total,none,0,,0.000000,0.000000,0.000000,0.000000,0.000000,0.000000,reamer1943_c2c4,"Reamer, Olds, Sage & Lacey (1943)",analytical_sampling,,0.11576,0.115760,"mole fraction water in the dew-point ETHANE-rich GAS phase (Table I, printed header 'Mole Fraction Water X 10^3'; the extraction already applied the 10^-3, so this cell is an ABSOLUTE mole fraction and is NOT descaled again)"
C2H6_reamer1943_c2c4_030,C2H6,477.5944,34.10008917,total,none,0,,0.000000,0.000000,0.000000,0.000000,0.000000,0.000000,reamer1943_c2c4,"Reamer, Olds, Sage & Lacey (1943)",analytical_sampling,,0.08184,0.081840,"mole fraction water in the dew-point ETHANE-rich GAS phase (Table I, printed header 'Mole Fraction Water X 10^3'; the extraction already applied the 10^-3, so this cell is an ABSOLUTE mole fraction and is NOT descaled again)"
C2H6_reamer1943_c2c4_031,C2H6,477.5944,27.50456462,total,none,0,,0.000000,0.000000,0.000000,0.000000,0.000000,0.000000,reamer1943_c2c4,"Reamer, Olds, Sage & Lacey (1943)",analytical_sampling,,0.09373,0.093730,"mole fraction water in the dew-point ETHANE-rich GAS phase (Table I, printed header 'Mole Fraction Water X 10^3'; the extraction already applied the 10^-3, so this cell is an ABSOLUTE mole fraction and is NOT descaled again)"
C2H6_reamer1943_c2c4_032,C2H6,477.5944,67.86923001,total,none,0,,0.000000,0.000000,0.000000,0.000000,0.000000,0.000000,reamer1943_c2c4,"Reamer, Olds, Sage & Lacey (1943)",analytical_sampling,,0.05626,0.056260,"mole fraction water in the dew-point ETHANE-rich GAS phase (Table I, printed header 'Mole Fraction Water X 10^3'; the extraction already applied the 10^-3, so this cell is an ABSOLUTE mole fraction and is NOT descaled again)"
C2H6_reamer1943_c2c4_033,C2H6,477.5944,62.34859808,total,none,0,,0.000000,0.000000,0.000000,0.000000,0.000000,0.000000,reamer1943_c2c4,"Reamer, Olds, Sage & Lacey (1943)",analytical_sampling,,0.05985,0.059850,"mole fraction water in the dew-point ETHANE-rich GAS phase (Table I, printed header 'Mole Fraction Water X 10^3'; the extraction already applied the 10^-3, so this cell is an ABSOLUTE mole fraction and is NOT descaled again)"
C2H6_reamer1943_c2c4_034,C2H6,477.5944,55.01671348,total,none,0,,0.000000,0.000000,0.000000,0.000000,0.000000,0.000000,reamer1943_c2c4,"Reamer, Olds, Sage & Lacey (1943)",analytical_sampling,,0.06426,0.064260,"mole fraction water in the dew-point ETHANE-rich GAS phase (Table I, printed header 'Mole Fraction Water X 10^3'; the extraction already applied the 10^-3, so this cell is an ABSOLUTE mole fraction and is NOT descaled again)"
C2H6_reamer1943_c2c4_035,C2H6,477.5944,47.26769609,total,none,0,,0.000000,0.000000,0.000000,0.000000,0.000000,0.000000,reamer1943_c2c4,"Reamer, Olds, Sage & Lacey (1943)",analytical_sampling,,0.06911,0.069110,"mole fraction water in the dew-point ETHANE-rich GAS phase (Table I, printed header 'Mole Fraction Water X 10^3'; the extraction already applied the 10^-3, so this cell is an ABSOLUTE mole fraction and is NOT descaled again)"
C2H6_reamer1943_c2c4_036,C2H6,477.5944,41.24512585,total,none,0,,0.000000,0.000000,0.000000,0.000000,0.000000,0.000000,reamer1943_c2c4,"Reamer, Olds, Sage & Lacey (1943)",analytical_sampling,,0.07448,0.074480,"mole fraction water in the dew-point ETHANE-rich GAS phase (Table I, printed header 'Mole Fraction Water X 10^3'; the extraction already applied the 10^-3, so this cell is an ABSOLUTE mole fraction and is NOT descaled again)"
C2H6_reamer1943_c2c4_037,C2H6,510.9278,66.55302089,total,none,0,,0.000000,0.000000,0.000000,0.000000,0.000000,0.000000,reamer1943_c2c4,"Reamer, Olds, Sage & Lacey (1943)",analytical_sampling,,0.11079,0.110790,"mole fraction water in the dew-point ETHANE-rich GAS phase (Table I, printed header 'Mole Fraction Water X 10^3'; the extraction already applied the 10^-3, so this cell is an ABSOLUTE mole fraction and is NOT descaled again)"
C2H6_reamer1943_c2c4_038,C2H6,510.9278,58.63163458,total,none,0,,0.000000,0.000000,0.000000,0.000000,0.000000,0.000000,reamer1943_c2c4,"Reamer, Olds, Sage & Lacey (1943)",analytical_sampling,,0.11771,0.117710,"mole fraction water in the dew-point ETHANE-rich GAS phase (Table I, printed header 'Mole Fraction Water X 10^3'; the extraction already applied the 10^-3, so this cell is an ABSOLUTE mole fraction and is NOT descaled again)"
C2H6_reamer1943_c2c4_039,C2H6,510.9278,48.31018335,total,none,0,,0.000000,0.000000,0.000000,0.000000,0.000000,0.000000,reamer1943_c2c4,"Reamer, Olds, Sage & Lacey (1943)",analytical_sampling,,0.13181,0.131810,"mole fraction water in the dew-point ETHANE-rich GAS phase (Table I, printed header 'Mole Fraction Water X 10^3'; the extraction already applied the 10^-3, so this cell is an ABSOLUTE mole fraction and is NOT descaled again)"
C2H6_reamer1943_c2c4_040,C2H6,510.9278,37.94046882,total,none,0,,0.000000,0.000000,0.000000,0.000000,0.000000,0.000000,reamer1943_c2c4,"Reamer, Olds, Sage & Lacey (1943)",analytical_sampling,,0.14871,0.148710,"mole fraction water in the dew-point ETHANE-rich GAS phase (Table I, printed header 'Mole Fraction Water X 10^3'; the extraction already applied the 10^-3, so this cell is an ABSOLUTE mole fraction and is NOT descaled again)"
C2H6_reamer1943_c2c4_041,C2H6,510.9278,27.46595399,total,none,0,,0.000000,0.000000,0.000000,0.000000,0.000000,0.000000,reamer1943_c2c4,"Reamer, Olds, Sage & Lacey (1943)",analytical_sampling,,0.17995,0.179950,"mole fraction water in the dew-point ETHANE-rich GAS phase (Table I, printed header 'Mole Fraction Water X 10^3'; the extraction already applied the 10^-3, so this cell is an ABSOLUTE mole fraction and is NOT descaled again)"
C2H6_song2004_c2c4_001,C2H6,269.95,3.4473785,total,none,0,,0.000000,0.000000,0.000000,0.000000,0.000000,0.000000,song2004_c2c4,"Song, Yarrison & Chapman (2004)",analytical_sampling,,,8.458,"water content, lbm/MMSCF (a=Song&Kobayashi; b(this work)=8.196; calc=8.389)"
C2H6_song2004_c2c4_002,C2H6,254.05,3.4473785,total,none,0,,0.000000,0.000000,0.000000,0.000000,0.000000,0.000000,song2004_c2c4,"Song, Yarrison & Chapman (2004)",analytical_sampling,,,2.090,"water content, lbm/MMSCF (a=Song&Kobayashi; b(this work)=2.012; calc=2.040)"
C2H6_song2004_c2c4_003,C2H6,249.95,3.4473785,total,none,0,,0.000000,0.000000,0.000000,0.000000,0.000000,0.000000,song2004_c2c4,"Song, Yarrison & Chapman (2004)",analytical_sampling,printed_defect;suspect_value,,1.528,"water content, lbm/MMSCF (a=Song&Kobayashi; b(this work)=; calc=1.502)"
C2H6_song2004_c2c4_004,C2H6,239.95,3.4473785,total,none,0,,0.000000,0.000000,0.000000,0.000000,0.000000,0.000000,song2004_c2c4,"Song, Yarrison & Chapman (2004)",analytical_sampling,printed_defect;suspect_value,,0.584,"water content, lbm/MMSCF (a=Song&Kobayashi; b(this work)=0.556; calc=0.566)"
C2H6_song2004_c2c4_005,C2H6,239.65,3.4473785,total,none,0,,0.000000,0.000000,0.000000,0.000000,0.000000,0.000000,song2004_c2c4,"Song, Yarrison & Chapman (2004)",analytical_sampling,printed_defect;suspect_value,,0.590,"water content, lbm/MMSCF (a=Song&Kobayashi; b(this work)=; calc=0.560)"
C2H6_song2004_c2c4_006,C2H6,260.15,6.894757,total,none,0,,0.000000,0.000000,0.000000,0.000000,0.000000,0.000000,song2004_c2c4,"Song, Yarrison & Chapman (2004)",analytical_sampling,,,1.879,"water content, lbm/MMSCF (a=Song&Kobayashi; b(this work)=1.975; calc=2.019)"
C2H6_song2004_c2c4_007,C2H6,254.05,6.894757,total,none,0,,0.000000,0.000000,0.000000,0.000000,0.000000,0.000000,song2004_c2c4,"Song, Yarrison & Chapman (2004)",analytical_sampling,,,1.080,"water content, lbm/MMSCF (a=Song&Kobayashi; b(this work)=0.983; calc=1.200)"
C2H6_song2004_c2c4_008,C2H6,281.15,3.4473785,total,none,0,,0.000000,0.000000,0.000000,0.000000,0.000000,0.000000,song2004_c2c4,"Song, Yarrison & Chapman (2004)",analytical_sampling,,,6.450,"water content, lbm/MMSCF (a=Song&Kobayashi; b(this work)=; calc=)"
C2H6_song2004_c2c4_009,C2H6,276.15,3.4473785,total,none,0,,0.000000,0.000000,0.000000,0.000000,0.000000,0.000000,song2004_c2c4,"Song, Yarrison & Chapman (2004)",analytical_sampling,,,4.280,"water content, lbm/MMSCF (a=Song&Kobayashi; b(this work)=; calc=)"
C2H6_song2004_c2c4_010,C2H6,271.15,3.4473785,total,none,0,,0.000000,0.000000,0.000000,0.000000,0.000000,0.000000,song2004_c2c4,"Song, Yarrison & Chapman (2004)",analytical_sampling,,,2.650,"water content, lbm/MMSCF (a=Song&Kobayashi; b(this work)=; calc=)"
C2H6_song2004_c2c4_011,C2H6,270.95,3.4473785,total,none,0,,0.000000,0.000000,0.000000,0.000000,0.000000,0.000000,song2004_c2c4,"Song, Yarrison & Chapman (2004)",analytical_sampling,,,2.680,"water content, lbm/MMSCF (a=Song&Kobayashi; b(this work)=2.723; calc=)"
C2H6_song2004_c2c4_012,C2H6,255.25,3.4473785,total,none,0,,0.000000,0.000000,0.000000,0.000000,0.000000,0.000000,song2004_c2c4,"Song, Yarrison & Chapman (2004)",analytical_sampling,,,0.736,"water content, lbm/MMSCF (a=Song&Kobayashi; b(this work)=0.754; calc=)"
C2H6_song2004_c2c4_013,C2H6,240.35,3.4473785,total,none,0,,0.000000,0.000000,0.000000,0.000000,0.000000,0.000000,song2004_c2c4,"Song, Yarrison & Chapman (2004)",analytical_sampling,printed_defect;suspect_value,,0.182,"water content, lbm/MMSCF (a=Song&Kobayashi; b(this work)=0.181; calc=)"
C2H6_song2004_c2c4_014,C2H6,240.05,3.4473785,total,none,0,,0.000000,0.000000,0.000000,0.000000,0.000000,0.000000,song2004_c2c4,"Song, Yarrison & Chapman (2004)",analytical_sampling,printed_defect;suspect_value,,0.190,"water content, lbm/MMSCF (a=Song&Kobayashi; b(this work)=; calc=)"
C2H6_songkobayashi1994_c2c4_001,C2H6,276.15,2.48211252,total,none,0,,0.000000,0.000000,0.000000,0.000000,0.000000,0.000000,songkobayashi1994_c2c4,Song & Kobayashi (1987),analytical_sampling,,0.000344,0.344 (x10^3),"Yw (mole fraction water) as printed, system ethane-water"
C2H6_songkobayashi1994_c2c4_002,C2H6,279.95,2.48211252,total,none,0,,0.000000,0.000000,0.000000,0.000000,0.000000,0.000000,songkobayashi1994_c2c4,Song & Kobayashi (1987),analytical_sampling,,0.000451,0.451 (x10^3),"Yw (mole fraction water) as printed, system ethane-water"
C2H6_songkobayashi1994_c2c4_003,C2H6,283.65,2.48211252,total,none,0,,0.000000,0.000000,0.000000,0.000000,0.000000,0.000000,songkobayashi1994_c2c4,Song & Kobayashi (1987),analytical_sampling,,0.000564,0.564 (x10^3),"Yw (mole fraction water) as printed, system ethane-water"
C2H6_songkobayashi1994_c2c4_004,C2H6,240.0944,3.4473785,total,none,0,,0.000000,0.000000,0.000000,0.000000,0.000000,0.000000,songkobayashi1994_c2c4,Song & Kobayashi (1987),analytical_sampling,printed_defect;suspect_value,4e-06,0.004 (x10^3),"Yw (mole fraction water) as printed, system ethane-water"
C2H6_songkobayashi1994_c2c4_005,C2H6,260.0778,3.4473785,total,none,0,,0.000000,0.000000,0.000000,0.000000,0.000000,0.000000,songkobayashi1994_c2c4,Song & Kobayashi (1987),analytical_sampling,,2.4e-05,0.024 (x10^3),"Yw (mole fraction water) as printed, system ethane-water"
C2H6_songkobayashi1994_c2c4_006,C2H6,271.15,3.4473785,total,none,0,,0.000000,0.000000,0.000000,0.000000,0.000000,0.000000,songkobayashi1994_c2c4,Song & Kobayashi (1987),analytical_sampling,,5.5e-05,0.055 (x10^3),"Yw (mole fraction water) as printed, system ethane-water"
C2H6_songkobayashi1994_c2c4_007,C2H6,276.15,3.4473785,total,none,0,,0.000000,0.000000,0.000000,0.000000,0.000000,0.000000,songkobayashi1994_c2c4,Song & Kobayashi (1987),analytical_sampling,,9e-05,0.090 (x10^3),"Yw (mole fraction water) as printed, system ethane-water"
C2H6_songkobayashi1994_c2c4_008,C2H6,281.15,3.4473785,total,none,0,,0.000000,0.000000,0.000000,0.000000,0.000000,0.000000,songkobayashi1994_c2c4,Song & Kobayashi (1987),analytical_sampling,,0.000135,0.135 (x10^3),"Yw (mole fraction water) as printed, system ethane-water"
C2H6_songkobayashi1994_c2c4_009,C2H6,288.7056,3.41979947,total,none,0,,0.000000,0.000000,0.000000,0.000000,0.000000,0.000000,songkobayashi1994_c2c4,Song & Kobayashi (1987),analytical_sampling,,0.000525,0.525 (x10^3),"Yw (mole fraction water) as printed, system ethane-water"
C2H6_songkobayashi1994_c2c4_010,C2H6,288.7056,3.41979947,total,none,0,,0.000000,0.000000,0.000000,0.000000,0.000000,0.000000,songkobayashi1994_c2c4,Song & Kobayashi (1987),analytical_sampling,,0.000223,0.223 (x10^3),"Yw (mole fraction water) as printed, system ethane-water"
C2H6_songkobayashi1994_c2c4_011,C2H6,294.4833,3.87485343,total,none,0,,0.000000,0.000000,0.000000,0.000000,0.000000,0.000000,songkobayashi1994_c2c4,Song & Kobayashi (1987),analytical_sampling,,0.00065,0.650 (x10^3),"Yw (mole fraction water) as printed, system ethane-water"
C2H6_songkobayashi1994_c2c4_012,C2H6,294.4833,3.87485343,total,none,0,,0.000000,0.000000,0.000000,0.000000,0.000000,0.000000,songkobayashi1994_c2c4,Song & Kobayashi (1987),analytical_sampling,,0.000295,0.295 (x10^3),"Yw (mole fraction water) as printed, system ethane-water"
C2H6_songkobayashi1994_c2c4_013,C2H6,299.8167,4.34369691,total,none,0,,0.000000,0.000000,0.000000,0.000000,0.000000,0.000000,songkobayashi1994_c2c4,Song & Kobayashi (1987),analytical_sampling,,0.000716,0.716 (x10^3),"Yw (mole fraction water) as printed, system ethane-water"
C2H6_songkobayashi1994_c2c4_014,C2H6,299.8167,4.34369691,total,none,0,,0.000000,0.000000,0.000000,0.000000,0.000000,0.000000,songkobayashi1994_c2c4,Song & Kobayashi (1987),analytical_sampling,,0.000375,0.375 (x10^3),"Yw (mole fraction water) as printed, system ethane-water"
C2H6_songkobayashi1994_c2c4_015,C2H6,303.7056,4.71256641,total,none,0,,0.000000,0.000000,0.000000,0.000000,0.000000,0.000000,songkobayashi1994_c2c4,Song & Kobayashi (1987),analytical_sampling,,0.000736,0.736 (x10^3),"Yw (mole fraction water) as printed, system ethane-water"
C2H6_songkobayashi1994_c2c4_016,C2H6,303.7056,4.71256641,total,none,0,,0.000000,0.000000,0.000000,0.000000,0.000000,0.000000,songkobayashi1994_c2c4,Song & Kobayashi (1987),analytical_sampling,,0.000477,0.477 (x10^3),"Yw (mole fraction water) as printed, system ethane-water"
C2H6_songkobayashi1994_c2c4_017,C2H6,304.8167,4.823572,total,none,0,,0.000000,0.000000,0.000000,0.000000,0.000000,0.000000,songkobayashi1994_c2c4,Song & Kobayashi (1987),analytical_sampling,,0.0005,0.500 (x10^3),"Yw (mole fraction water) as printed, system ethane-water"
C3H8_alassi2022_c2c4_001,C3H8,283.15,8.274,total,none,0,,0.000000,0.000000,0.000000,0.000000,0.000000,0.000000,alassi2022_c2c4,"Alassi, Burgass & Chapoy (2022)",electrochemical,,0.0001745,174.5,"water content, ppmV in liquid propane (QCM)"
C3H8_alassi2022_c2c4_002,C3H8,288.15,8.274,total,none,0,,0.000000,0.000000,0.000000,0.000000,0.000000,0.000000,alassi2022_c2c4,"Alassi, Burgass & Chapoy (2022)",electrochemical,,0.0002384,238.4,"water content, ppmV in liquid propane (QCM)"
C3H8_alassi2022_c2c4_003,C3H8,291.15,8.274,total,none,0,,0.000000,0.000000,0.000000,0.000000,0.000000,0.000000,alassi2022_c2c4,"Alassi, Burgass & Chapoy (2022)",electrochemical,,0.0002866,286.6,"water content, ppmV in liquid propane (QCM)"
C3H8_alassi2022_c2c4_004,C3H8,298.15,8.274,total,none,0,,0.000000,0.000000,0.000000,0.000000,0.000000,0.000000,alassi2022_c2c4,"Alassi, Burgass & Chapoy (2022)",electrochemical,,0.0004393,439.3,"water content, ppmV in liquid propane (QCM)"
C3H8_alassi2022_c2c4_005,C3H8,303.15,8.274,total,none,0,,0.000000,0.000000,0.000000,0.000000,0.000000,0.000000,alassi2022_c2c4,"Alassi, Burgass & Chapoy (2022)",electrochemical,,0.0005504,550.4,"water content, ppmV in liquid propane (QCM)"
C3H8_alassi2022_c2c4_006,C3H8,276.15,8.274,total,none,0,,0.000000,0.000000,0.000000,0.000000,0.000000,0.000000,alassi2022_c2c4,"Alassi, Burgass & Chapoy (2022)",electrochemical,,0.000112,112,"water content, ppmV in liquid propane (new method (NM))"
C3H8_alassi2022_c2c4_007,C3H8,276.15,3.413,total,none,0,,0.000000,0.000000,0.000000,0.000000,0.000000,0.000000,alassi2022_c2c4,"Alassi, Burgass & Chapoy (2022)",electrochemical,,0.000113,113,"water content, ppmV in liquid propane (new method (NM))"
C3H8_alassi2022_c2c4_008,C3H8,276.15,3.468,total,none,0,,0.000000,0.000000,0.000000,0.000000,0.000000,0.000000,alassi2022_c2c4,"Alassi, Burgass & Chapoy (2022)",electrochemical,,0.000111,111,"water content, ppmV in liquid propane (new method (NM))"
C3H8_alassi2022_c2c4_009,C3H8,283.15,8.274,total,none,0,,0.000000,0.000000,0.000000,0.000000,0.000000,0.000000,alassi2022_c2c4,"Alassi, Burgass & Chapoy (2022)",electrochemical,,0.000173,173,"water content, ppmV in liquid propane (new method (NM))"
C3H8_alassi2022_c2c4_010,C3H8,283.15,8.274,total,none,0,,0.000000,0.000000,0.000000,0.000000,0.000000,0.000000,alassi2022_c2c4,"Alassi, Burgass & Chapoy (2022)",electrochemical,,0.000167,167,"water content, ppmV in liquid propane (new method (NM))"
C3H8_alassi2022_c2c4_011,C3H8,288.15,8.274,total,none,0,,0.000000,0.000000,0.000000,0.000000,0.000000,0.000000,alassi2022_c2c4,"Alassi, Burgass & Chapoy (2022)",electrochemical,,0.000227,227,"water content, ppmV in liquid propane (new method (NM))"
C3H8_alassi2022_c2c4_012,C3H8,291.15,3.998,total,none,0,,0.000000,0.000000,0.000000,0.000000,0.000000,0.000000,alassi2022_c2c4,"Alassi, Burgass & Chapoy (2022)",electrochemical,,0.000282,282,"water content, ppmV in liquid propane (new method (NM))"
C3H8_alassi2022_c2c4_013,C3H8,291.15,5.592,total,none,0,,0.000000,0.000000,0.000000,0.000000,0.000000,0.000000,alassi2022_c2c4,"Alassi, Burgass & Chapoy (2022)",electrochemical,,0.000282,282,"water content, ppmV in liquid propane (new method (NM))"
C3H8_alassi2022_c2c4_014,C3H8,291.15,6.895,total,none,0,,0.000000,0.000000,0.000000,0.000000,0.000000,0.000000,alassi2022_c2c4,"Alassi, Burgass & Chapoy (2022)",electrochemical,,0.000282,282,"water content, ppmV in liquid propane (new method (NM))"
C3H8_alassi2022_c2c4_015,C3H8,291.15,8.412,total,none,0,,0.000000,0.000000,0.000000,0.000000,0.000000,0.000000,alassi2022_c2c4,"Alassi, Burgass & Chapoy (2022)",electrochemical,,0.000279,279,"water content, ppmV in liquid propane (new method (NM))"
C3H8_alassi2022_c2c4_016,C3H8,298.15,8.274,total,none,0,,0.000000,0.000000,0.000000,0.000000,0.000000,0.000000,alassi2022_c2c4,"Alassi, Burgass & Chapoy (2022)",electrochemical,,0.000411,411,"water content, ppmV in liquid propane (new method (NM))"
C3H8_alassi2022_c2c4_017,C3H8,298.15,8.274,total,none,0,,0.000000,0.000000,0.000000,0.000000,0.000000,0.000000,alassi2022_c2c4,"Alassi, Burgass & Chapoy (2022)",electrochemical,,0.00042,420,"water content, ppmV in liquid propane (new method (NM))"
C3H8_alassi2022_c2c4_018,C3H8,303.15,8.274,total,none,0,,0.000000,0.000000,0.000000,0.000000,0.000000,0.000000,alassi2022_c2c4,"Alassi, Burgass & Chapoy (2022)",electrochemical,,0.000542,542,"water content, ppmV in liquid propane (new method (NM))"
C3H8_alassi2022_c2c4_019,C3H8,303.15,8.274,total,none,0,,0.000000,0.000000,0.000000,0.000000,0.000000,0.000000,alassi2022_c2c4,"Alassi, Burgass & Chapoy (2022)",electrochemical,,0.000532,532,"water content, ppmV in liquid propane (new method (NM))"
C3H8_alassi2022_c2c4_020,C3H8,303.15,8.274,total,none,0,,0.000000,0.000000,0.000000,0.000000,0.000000,0.000000,alassi2022_c2c4,"Alassi, Burgass & Chapoy (2022)",electrochemical,,0.000527,527,"water content, ppmV in liquid propane (new method (NM))"
C3H8_alassi2022_c2c4_021,C3H8,313.15,8.274,total,none,0,,0.000000,0.000000,0.000000,0.000000,0.000000,0.000000,alassi2022_c2c4,"Alassi, Burgass & Chapoy (2022)",electrochemical,,0.000752,752,"water content, ppmV in liquid propane (new method (NM))"
C3H8_alassi2022_c2c4_022,C3H8,276.15,8.274,total,none,0,,0.000000,0.000000,0.000000,0.000000,0.000000,0.000000,alassi2022_c2c4,"Alassi, Burgass & Chapoy (2022)",electrochemical,,9.2e-05,92,"water content, ppmV in liquid propane (silicon-oxide hygrometer)"
C3H8_alassi2022_c2c4_023,C3H8,283.15,8.274,total,none,0,,0.000000,0.000000,0.000000,0.000000,0.000000,0.000000,alassi2022_c2c4,"Alassi, Burgass & Chapoy (2022)",electrochemical,,0.000143,143,"water content, ppmV in liquid propane (silicon-oxide hygrometer)"
C3H8_alassi2022_c2c4_024,C3H8,283.15,8.274,total,none,0,,0.000000,0.000000,0.000000,0.000000,0.000000,0.000000,alassi2022_c2c4,"Alassi, Burgass & Chapoy (2022)",electrochemical,,0.000156,156,"water content, ppmV in liquid propane (silicon-oxide hygrometer)"
C3H8_alassi2022_c2c4_025,C3H8,288.15,8.274,total,none,0,,0.000000,0.000000,0.000000,0.000000,0.000000,0.000000,alassi2022_c2c4,"Alassi, Burgass & Chapoy (2022)",electrochemical,,0.000203,203,"water content, ppmV in liquid propane (silicon-oxide hygrometer)"
C3H8_alassi2022_c2c4_026,C3H8,298.15,8.274,total,none,0,,0.000000,0.000000,0.000000,0.000000,0.000000,0.000000,alassi2022_c2c4,"Alassi, Burgass & Chapoy (2022)",electrochemical,,0.000382,382,"water content, ppmV in liquid propane (silicon-oxide hygrometer)"
C3H8_alassi2022_c2c4_027,C3H8,303.15,8.274,total,none,0,,0.000000,0.000000,0.000000,0.000000,0.000000,0.000000,alassi2022_c2c4,"Alassi, Burgass & Chapoy (2022)",electrochemical,,0.000466,466,"water content, ppmV in liquid propane (silicon-oxide hygrometer)"
C3H8_blanco1999_c2c4_001,C3H8,256.21,0.101,total,none,0,,0.000000,0.000000,0.000000,0.000000,0.000000,0.000000,blanco1999_c2c4,"Blanco, Velasco, Rauzy & Otín (1999)",electrochemical,,0.00127,0.00127,y (mole fraction water in the hydrocarbon dew-point phase)
C3H8_blanco1999_c2c4_002,C3H8,258.05,0.121,total,none,0,,0.000000,0.000000,0.000000,0.000000,0.000000,0.000000,blanco1999_c2c4,"Blanco, Velasco, Rauzy & Otín (1999)",electrochemical,,0.00127,0.00127,y (mole fraction water in the hydrocarbon dew-point phase)
C3H8_blanco1999_c2c4_003,C3H8,259.66,0.141,total,none,0,,0.000000,0.000000,0.000000,0.000000,0.000000,0.000000,blanco1999_c2c4,"Blanco, Velasco, Rauzy & Otín (1999)",electrochemical,,0.00127,0.00127,y (mole fraction water in the hydrocarbon dew-point phase)
C3H8_blanco1999_c2c4_004,C3H8,261.1,0.161,total,none,0,,0.000000,0.000000,0.000000,0.000000,0.000000,0.000000,blanco1999_c2c4,"Blanco, Velasco, Rauzy & Otín (1999)",electrochemical,,0.00127,0.00127,y (mole fraction water in the hydrocarbon dew-point phase)
C3H8_blanco1999_c2c4_005,C3H8,262.4,0.181,total,none,0,,0.000000,0.000000,0.000000,0.000000,0.000000,0.000000,blanco1999_c2c4,"Blanco, Velasco, Rauzy & Otín (1999)",electrochemical,,0.00127,0.00127,y (mole fraction water in the hydrocarbon dew-point phase)
C3H8_blanco1999_c2c4_006,C3H8,263.5,0.201,total,none,0,,0.000000,0.000000,0.000000,0.000000,0.000000,0.000000,blanco1999_c2c4,"Blanco, Velasco, Rauzy & Otín (1999)",electrochemical,,0.00127,0.00127,y (mole fraction water in the hydrocarbon dew-point phase)
C3H8_blanco1999_c2c4_007,C3H8,265.61,0.241,total,none,0,,0.000000,0.000000,0.000000,0.000000,0.000000,0.000000,blanco1999_c2c4,"Blanco, Velasco, Rauzy & Otín (1999)",electrochemical,,0.00127,0.00127,y (mole fraction water in the hydrocarbon dew-point phase)
C3H8_blanco1999_c2c4_008,C3H8,266.52,0.261,total,none,0,,0.000000,0.000000,0.000000,0.000000,0.000000,0.000000,blanco1999_c2c4,"Blanco, Velasco, Rauzy & Otín (1999)",electrochemical,,0.00127,0.00127,y (mole fraction water in the hydrocarbon dew-point phase)
C3H8_blanco1999_c2c4_009,C3H8,267.33,0.28,total,none,0,,0.000000,0.000000,0.000000,0.000000,0.000000,0.000000,blanco1999_c2c4,"Blanco, Velasco, Rauzy & Otín (1999)",electrochemical,,0.00127,0.00127,y (mole fraction water in the hydrocarbon dew-point phase)
C3H8_blanco1999_c2c4_010,C3H8,268.12,0.3,total,none,0,,0.000000,0.000000,0.000000,0.000000,0.000000,0.000000,blanco1999_c2c4,"Blanco, Velasco, Rauzy & Otín (1999)",electrochemical,,0.00127,0.00127,y (mole fraction water in the hydrocarbon dew-point phase)
C3H8_blanco1999_c2c4_011,C3H8,268.89,0.321,total,none,0,,0.000000,0.000000,0.000000,0.000000,0.000000,0.000000,blanco1999_c2c4,"Blanco, Velasco, Rauzy & Otín (1999)",electrochemical,,0.00127,0.00127,y (mole fraction water in the hydrocarbon dew-point phase)
C3H8_blanco1999_c2c4_012,C3H8,269.57,0.34,total,none,0,,0.000000,0.000000,0.000000,0.000000,0.000000,0.000000,blanco1999_c2c4,"Blanco, Velasco, Rauzy & Otín (1999)",electrochemical,,0.00127,0.00127,y (mole fraction water in the hydrocarbon dew-point phase)
C3H8_blanco1999_c2c4_013,C3H8,270.26,0.361,total,none,0,,0.000000,0.000000,0.000000,0.000000,0.000000,0.000000,blanco1999_c2c4,"Blanco, Velasco, Rauzy & Otín (1999)",electrochemical,,0.00127,0.00127,y (mole fraction water in the hydrocarbon dew-point phase)
C3H8_blanco1999_c2c4_014,C3H8,270.88,0.38,total,none,0,,0.000000,0.000000,0.000000,0.000000,0.000000,0.000000,blanco1999_c2c4,"Blanco, Velasco, Rauzy & Otín (1999)",electrochemical,,0.00127,0.00127,y (mole fraction water in the hydrocarbon dew-point phase)
C3H8_blanco1999_c2c4_015,C3H8,271.31,0.4,total,none,0,,0.000000,0.000000,0.000000,0.000000,0.000000,0.000000,blanco1999_c2c4,"Blanco, Velasco, Rauzy & Otín (1999)",electrochemical,,0.00127,0.00127,y (mole fraction water in the hydrocarbon dew-point phase)
C3H8_blanco1999_c2c4_016,C3H8,272.07,0.42,total,none,0,,0.000000,0.000000,0.000000,0.000000,0.000000,0.000000,blanco1999_c2c4,"Blanco, Velasco, Rauzy & Otín (1999)",electrochemical,,0.00127,0.00127,y (mole fraction water in the hydrocarbon dew-point phase)
C3H8_blanco1999_c2c4_017,C3H8,272.7,0.44,total,none,0,,0.000000,0.000000,0.000000,0.000000,0.000000,0.000000,blanco1999_c2c4,"Blanco, Velasco, Rauzy & Otín (1999)",electrochemical,,0.00127,0.00127,y (mole fraction water in the hydrocarbon dew-point phase)
C3H8_blanco1999_c2c4_018,C3H8,273.33,0.46,total,none,0,,0.000000,0.000000,0.000000,0.000000,0.000000,0.000000,blanco1999_c2c4,"Blanco, Velasco, Rauzy & Otín (1999)",electrochemical,,0.00127,0.00127,y (mole fraction water in the hydrocarbon dew-point phase)
C3H8_blanco1999_c2c4_019,C3H8,273.63,0.466,total,none,0,,0.000000,0.000000,0.000000,0.000000,0.000000,0.000000,blanco1999_c2c4,"Blanco, Velasco, Rauzy & Otín (1999)",electrochemical,,0.00127,0.00127,y (mole fraction water in the hydrocarbon dew-point phase)
C3H8_blanco1999_c2c4_020,C3H8,257.45,0.101,total,none,0,,0.000000,0.000000,0.000000,0.000000,0.000000,0.000000,blanco1999_c2c4,"Blanco, Velasco, Rauzy & Otín (1999)",electrochemical,,0.00147,0.00147,y (mole fraction water in the hydrocarbon dew-point phase)
C3H8_blanco1999_c2c4_021,C3H8,259.22,0.119,total,none,0,,0.000000,0.000000,0.000000,0.000000,0.000000,0.000000,blanco1999_c2c4,"Blanco, Velasco, Rauzy & Otín (1999)",electrochemical,,0.00147,0.00147,y (mole fraction water in the hydrocarbon dew-point phase)
C3H8_blanco1999_c2c4_022,C3H8,260.9,0.141,total,none,0,,0.000000,0.000000,0.000000,0.000000,0.000000,0.000000,blanco1999_c2c4,"Blanco, Velasco, Rauzy & Otín (1999)",electrochemical,,0.00147,0.00147,y (mole fraction water in the hydrocarbon dew-point phase)
C3H8_blanco1999_c2c4_023,C3H8,262.46,0.161,total,none,0,,0.000000,0.000000,0.000000,0.000000,0.000000,0.000000,blanco1999_c2c4,"Blanco, Velasco, Rauzy & Otín (1999)",electrochemical,,0.00147,0.00147,y (mole fraction water in the hydrocarbon dew-point phase)
C3H8_blanco1999_c2c4_024,C3H8,263.78,0.18,total,none,0,,0.000000,0.000000,0.000000,0.000000,0.000000,0.000000,blanco1999_c2c4,"Blanco, Velasco, Rauzy & Otín (1999)",electrochemical,,0.00147,0.00147,y (mole fraction water in the hydrocarbon dew-point phase)
C3H8_blanco1999_c2c4_025,C3H8,264.99,0.201,total,none,0,,0.000000,0.000000,0.000000,0.000000,0.000000,0.000000,blanco1999_c2c4,"Blanco, Velasco, Rauzy & Otín (1999)",electrochemical,,0.00147,0.00147,y (mole fraction water in the hydrocarbon dew-point phase)
C3H8_blanco1999_c2c4_026,C3H8,265.99,0.221,total,none,0,,0.000000,0.000000,0.000000,0.000000,0.000000,0.000000,blanco1999_c2c4,"Blanco, Velasco, Rauzy & Otín (1999)",electrochemical,,0.00147,0.00147,y (mole fraction water in the hydrocarbon dew-point phase)
C3H8_blanco1999_c2c4_027,C3H8,266.99,0.241,total,none,0,,0.000000,0.000000,0.000000,0.000000,0.000000,0.000000,blanco1999_c2c4,"Blanco, Velasco, Rauzy & Otín (1999)",electrochemical,,0.00147,0.00147,y (mole fraction water in the hydrocarbon dew-point phase)
C3H8_blanco1999_c2c4_028,C3H8,267.95,0.26,total,none,0,,0.000000,0.000000,0.000000,0.000000,0.000000,0.000000,blanco1999_c2c4,"Blanco, Velasco, Rauzy & Otín (1999)",electrochemical,,0.00147,0.00147,y (mole fraction water in the hydrocarbon dew-point phase)
C3H8_blanco1999_c2c4_029,C3H8,268.82,0.281,total,none,0,,0.000000,0.000000,0.000000,0.000000,0.000000,0.000000,blanco1999_c2c4,"Blanco, Velasco, Rauzy & Otín (1999)",electrochemical,,0.00147,0.00147,y (mole fraction water in the hydrocarbon dew-point phase)
C3H8_blanco1999_c2c4_030,C3H8,269.62,0.301,total,none,0,,0.000000,0.000000,0.000000,0.000000,0.000000,0.000000,blanco1999_c2c4,"Blanco, Velasco, Rauzy & Otín (1999)",electrochemical,,0.00147,0.00147,y (mole fraction water in the hydrocarbon dew-point phase)
C3H8_blanco1999_c2c4_031,C3H8,270.53,0.321,total,none,0,,0.000000,0.000000,0.000000,0.000000,0.000000,0.000000,blanco1999_c2c4,"Blanco, Velasco, Rauzy & Otín (1999)",electrochemical,,0.00147,0.00147,y (mole fraction water in the hydrocarbon dew-point phase)
C3H8_blanco1999_c2c4_032,C3H8,271.74,0.361,total,none,0,,0.000000,0.000000,0.000000,0.000000,0.000000,0.000000,blanco1999_c2c4,"Blanco, Velasco, Rauzy & Otín (1999)",electrochemical,,0.00147,0.00147,y (mole fraction water in the hydrocarbon dew-point phase)
C3H8_blanco1999_c2c4_033,C3H8,272.44,0.38,total,none,0,,0.000000,0.000000,0.000000,0.000000,0.000000,0.000000,blanco1999_c2c4,"Blanco, Velasco, Rauzy & Otín (1999)",electrochemical,,0.00147,0.00147,y (mole fraction water in the hydrocarbon dew-point phase)
C3H8_blanco1999_c2c4_034,C3H8,273.22,0.401,total,none,0,,0.000000,0.000000,0.000000,0.000000,0.000000,0.000000,blanco1999_c2c4,"Blanco, Velasco, Rauzy & Otín (1999)",electrochemical,,0.00147,0.00147,y (mole fraction water in the hydrocarbon dew-point phase)
C3H8_blanco1999_c2c4_035,C3H8,273.94,0.421,total,none,0,,0.000000,0.000000,0.000000,0.000000,0.000000,0.000000,blanco1999_c2c4,"Blanco, Velasco, Rauzy & Otín (1999)",electrochemical,,0.00147,0.00147,y (mole fraction water in the hydrocarbon dew-point phase)
C3H8_blanco1999_c2c4_036,C3H8,274.61,0.441,total,none,0,,0.000000,0.000000,0.000000,0.000000,0.000000,0.000000,blanco1999_c2c4,"Blanco, Velasco, Rauzy & Otín (1999)",electrochemical,,0.00147,0.00147,y (mole fraction water in the hydrocarbon dew-point phase)
C3H8_blanco1999_c2c4_037,C3H8,275.22,0.46,total,none,0,,0.000000,0.000000,0.000000,0.000000,0.000000,0.000000,blanco1999_c2c4,"Blanco, Velasco, Rauzy & Otín (1999)",electrochemical,,0.00147,0.00147,y (mole fraction water in the hydrocarbon dew-point phase)
C3H8_blanco1999_c2c4_038,C3H8,275.45,0.468,total,none,0,,0.000000,0.000000,0.000000,0.000000,0.000000,0.000000,blanco1999_c2c4,"Blanco, Velasco, Rauzy & Otín (1999)",electrochemical,,0.00147,0.00147,y (mole fraction water in the hydrocarbon dew-point phase)
C3H8_blanco1999_c2c4_039,C3H8,257.54,0.104,total,none,0,,0.000000,0.000000,0.000000,0.000000,0.000000,0.000000,blanco1999_c2c4,"Blanco, Velasco, Rauzy & Otín (1999)",electrochemical,,0.00178,0.00178,y (mole fraction water in the hydrocarbon dew-point phase)
C3H8_blanco1999_c2c4_040,C3H8,258.63,0.115,total,none,0,,0.000000,0.000000,0.000000,0.000000,0.000000,0.000000,blanco1999_c2c4,"Blanco, Velasco, Rauzy & Otín (1999)",electrochemical,,0.00178,0.00178,y (mole fraction water in the hydrocarbon dew-point phase)
C3H8_blanco1999_c2c4_041,C3H8,260.71,0.136,total,none,0,,0.000000,0.000000,0.000000,0.000000,0.000000,0.000000,blanco1999_c2c4,"Blanco, Velasco, Rauzy & Otín (1999)",electrochemical,,0.00178,0.00178,y (mole fraction water in the hydrocarbon dew-point phase)
C3H8_blanco1999_c2c4_042,C3H8,262.43,0.157,total,none,0,,0.000000,0.000000,0.000000,0.000000,0.000000,0.000000,blanco1999_c2c4,"Blanco, Velasco, Rauzy & Otín (1999)",electrochemical,,0.00178,0.00178,y (mole fraction water in the hydrocarbon dew-point phase)
C3H8_blanco1999_c2c4_043,C3H8,263.96,0.178,total,none,0,,0.000000,0.000000,0.000000,0.000000,0.000000,0.000000,blanco1999_c2c4,"Blanco, Velasco, Rauzy & Otín (1999)",electrochemical,,0.00178,0.00178,y (mole fraction water in the hydrocarbon dew-point phase)
C3H8_blanco1999_c2c4_044,C3H8,265.43,0.201,total,none,0,,0.000000,0.000000,0.000000,0.000000,0.000000,0.000000,blanco1999_c2c4,"Blanco, Velasco, Rauzy & Otín (1999)",electrochemical,,0.00178,0.00178,y (mole fraction water in the hydrocarbon dew-point phase)
C3H8_blanco1999_c2c4_045,C3H8,266.45,0.216,total,none,0,,0.000000,0.000000,0.000000,0.000000,0.000000,0.000000,blanco1999_c2c4,"Blanco, Velasco, Rauzy & Otín (1999)",electrochemical,,0.00178,0.00178,y (mole fraction water in the hydrocarbon dew-point phase)
C3H8_blanco1999_c2c4_046,C3H8,268.65,0.256,total,none,0,,0.000000,0.000000,0.000000,0.000000,0.000000,0.000000,blanco1999_c2c4,"Blanco, Velasco, Rauzy & Otín (1999)",electrochemical,,0.00178,0.00178,y (mole fraction water in the hydrocarbon dew-point phase)
C3H8_blanco1999_c2c4_047,C3H8,269.62,0.277,total,none,0,,0.000000,0.000000,0.000000,0.000000,0.000000,0.000000,blanco1999_c2c4,"Blanco, Velasco, Rauzy & Otín (1999)",electrochemical,,0.00178,0.00178,y (mole fraction water in the hydrocarbon dew-point phase)
C3H8_blanco1999_c2c4_048,C3H8,270.57,0.296,total,none,0,,0.000000,0.000000,0.000000,0.000000,0.000000,0.000000,blanco1999_c2c4,"Blanco, Velasco, Rauzy & Otín (1999)",electrochemical,,0.00178,0.00178,y (mole fraction water in the hydrocarbon dew-point phase)
C3H8_blanco1999_c2c4_049,C3H8,271.49,0.316,total,none,0,,0.000000,0.000000,0.000000,0.000000,0.000000,0.000000,blanco1999_c2c4,"Blanco, Velasco, Rauzy & Otín (1999)",electrochemical,,0.00178,0.00178,y (mole fraction water in the hydrocarbon dew-point phase)
C3H8_blanco1999_c2c4_050,C3H8,272.43,0.339,total,none,0,,0.000000,0.000000,0.000000,0.000000,0.000000,0.000000,blanco1999_c2c4,"Blanco, Velasco, Rauzy & Otín (1999)",electrochemical,,0.00178,0.00178,y (mole fraction water in the hydrocarbon dew-point phase)
C3H8_blanco1999_c2c4_051,C3H8,273.35,0.358,total,none,0,,0.000000,0.000000,0.000000,0.000000,0.000000,0.000000,blanco1999_c2c4,"Blanco, Velasco, Rauzy & Otín (1999)",electrochemical,,0.00178,0.00178,y (mole fraction water in the hydrocarbon dew-point phase)
C3H8_blanco1999_c2c4_052,C3H8,274.14,0.38,total,none,0,,0.000000,0.000000,0.000000,0.000000,0.000000,0.000000,blanco1999_c2c4,"Blanco, Velasco, Rauzy & Otín (1999)",electrochemical,,0.00178,0.00178,y (mole fraction water in the hydrocarbon dew-point phase)
C3H8_blanco1999_c2c4_053,C3H8,274.91,0.4,total,none,0,,0.000000,0.000000,0.000000,0.000000,0.000000,0.000000,blanco1999_c2c4,"Blanco, Velasco, Rauzy & Otín (1999)",electrochemical,,0.00178,0.00178,y (mole fraction water in the hydrocarbon dew-point phase)
C3H8_blanco1999_c2c4_054,C3H8,275.52,0.42,total,none,0,,0.000000,0.000000,0.000000,0.000000,0.000000,0.000000,blanco1999_c2c4,"Blanco, Velasco, Rauzy & Otín (1999)",electrochemical,,0.00178,0.00178,y (mole fraction water in the hydrocarbon dew-point phase)
C3H8_blanco1999_c2c4_055,C3H8,276.26,0.44,total,none,0,,0.000000,0.000000,0.000000,0.000000,0.000000,0.000000,blanco1999_c2c4,"Blanco, Velasco, Rauzy & Otín (1999)",electrochemical,,0.00178,0.00178,y (mole fraction water in the hydrocarbon dew-point phase)
C3H8_blanco1999_c2c4_056,C3H8,276.9,0.46,total,none,0,,0.000000,0.000000,0.000000,0.000000,0.000000,0.000000,blanco1999_c2c4,"Blanco, Velasco, Rauzy & Otín (1999)",electrochemical,,0.00178,0.00178,y (mole fraction water in the hydrocarbon dew-point phase)
C3H8_blanco1999_c2c4_057,C3H8,277.53,0.48,total,none,0,,0.000000,0.000000,0.000000,0.000000,0.000000,0.000000,blanco1999_c2c4,"Blanco, Velasco, Rauzy & Otín (1999)",electrochemical,,0.00178,0.00178,y (mole fraction water in the hydrocarbon dew-point phase)
C3H8_blanco1999_c2c4_058,C3H8,278.12,0.499,total,none,0,,0.000000,0.000000,0.000000,0.000000,0.000000,0.000000,blanco1999_c2c4,"Blanco, Velasco, Rauzy & Otín (1999)",electrochemical,,0.00178,0.00178,y (mole fraction water in the hydrocarbon dew-point phase)
C3H8_blanco1999_c2c4_059,C3H8,259.91,0.102,total,none,0,,0.000000,0.000000,0.000000,0.000000,0.000000,0.000000,blanco1999_c2c4,"Blanco, Velasco, Rauzy & Otín (1999)",electrochemical,,0.00215,0.00215,y (mole fraction water in the hydrocarbon dew-point phase)
C3H8_blanco1999_c2c4_060,C3H8,261.91,0.121,total,none,0,,0.000000,0.000000,0.000000,0.000000,0.000000,0.000000,blanco1999_c2c4,"Blanco, Velasco, Rauzy & Otín (1999)",electrochemical,,0.00215,0.00215,y (mole fraction water in the hydrocarbon dew-point phase)
C3H8_blanco1999_c2c4_061,C3H8,263.72,0.14,total,none,0,,0.000000,0.000000,0.000000,0.000000,0.000000,0.000000,blanco1999_c2c4,"Blanco, Velasco, Rauzy & Otín (1999)",electrochemical,,0.00215,0.00215,y (mole fraction water in the hydrocarbon dew-point phase)
C3H8_blanco1999_c2c4_062,C3H8,265.34,0.16,total,none,0,,0.000000,0.000000,0.000000,0.000000,0.000000,0.000000,blanco1999_c2c4,"Blanco, Velasco, Rauzy & Otín (1999)",electrochemical,,0.00215,0.00215,y (mole fraction water in the hydrocarbon dew-point phase)
C3H8_blanco1999_c2c4_063,C3H8,266.82,0.18,total,none,0,,0.000000,0.000000,0.000000,0.000000,0.000000,0.000000,blanco1999_c2c4,"Blanco, Velasco, Rauzy & Otín (1999)",electrochemical,,0.00215,0.00215,y (mole fraction water in the hydrocarbon dew-point phase)
C3H8_blanco1999_c2c4_064,C3H8,268.16,0.2,total,none,0,,0.000000,0.000000,0.000000,0.000000,0.000000,0.000000,blanco1999_c2c4,"Blanco, Velasco, Rauzy & Otín (1999)",electrochemical,,0.00215,0.00215,y (mole fraction water in the hydrocarbon dew-point phase)
C3H8_blanco1999_c2c4_065,C3H8,269.44,0.22,total,none,0,,0.000000,0.000000,0.000000,0.000000,0.000000,0.000000,blanco1999_c2c4,"Blanco, Velasco, Rauzy & Otín (1999)",electrochemical,,0.00215,0.00215,y (mole fraction water in the hydrocarbon dew-point phase)
C3H8_blanco1999_c2c4_066,C3H8,270.6,0.24,total,none,0,,0.000000,0.000000,0.000000,0.000000,0.000000,0.000000,blanco1999_c2c4,"Blanco, Velasco, Rauzy & Otín (1999)",electrochemical,,0.00215,0.00215,y (mole fraction water in the hydrocarbon dew-point phase)
C3H8_blanco1999_c2c4_067,C3H8,271.72,0.26,total,none,0,,0.000000,0.000000,0.000000,0.000000,0.000000,0.000000,blanco1999_c2c4,"Blanco, Velasco, Rauzy & Otín (1999)",electrochemical,,0.00215,0.00215,y (mole fraction water in the hydrocarbon dew-point phase)
C3H8_blanco1999_c2c4_068,C3H8,272.72,0.28,total,none,0,,0.000000,0.000000,0.000000,0.000000,0.000000,0.000000,blanco1999_c2c4,"Blanco, Velasco, Rauzy & Otín (1999)",electrochemical,,0.00215,0.00215,y (mole fraction water in the hydrocarbon dew-point phase)
C3H8_blanco1999_c2c4_069,C3H8,273.67,0.3,total,none,0,,0.000000,0.000000,0.000000,0.000000,0.000000,0.000000,blanco1999_c2c4,"Blanco, Velasco, Rauzy & Otín (1999)",electrochemical,,0.00215,0.00215,y (mole fraction water in the hydrocarbon dew-point phase)
C3H8_blanco1999_c2c4_070,C3H8,274.59,0.32,total,none,0,,0.000000,0.000000,0.000000,0.000000,0.000000,0.000000,blanco1999_c2c4,"Blanco, Velasco, Rauzy & Otín (1999)",electrochemical,,0.00215,0.00215,y (mole fraction water in the hydrocarbon dew-point phase)
C3H8_blanco1999_c2c4_071,C3H8,275.38,0.34,total,none,0,,0.000000,0.000000,0.000000,0.000000,0.000000,0.000000,blanco1999_c2c4,"Blanco, Velasco, Rauzy & Otín (1999)",electrochemical,,0.00215,0.00215,y (mole fraction water in the hydrocarbon dew-point phase)
C3H8_blanco1999_c2c4_072,C3H8,276.23,0.36,total,none,0,,0.000000,0.000000,0.000000,0.000000,0.000000,0.000000,blanco1999_c2c4,"Blanco, Velasco, Rauzy & Otín (1999)",electrochemical,,0.00215,0.00215,y (mole fraction water in the hydrocarbon dew-point phase)
C3H8_blanco1999_c2c4_073,C3H8,277.02,0.381,total,none,0,,0.000000,0.000000,0.000000,0.000000,0.000000,0.000000,blanco1999_c2c4,"Blanco, Velasco, Rauzy & Otín (1999)",electrochemical,,0.00215,0.00215,y (mole fraction water in the hydrocarbon dew-point phase)
C3H8_blanco1999_c2c4_074,C3H8,277.69,0.4,total,none,0,,0.000000,0.000000,0.000000,0.000000,0.000000,0.000000,blanco1999_c2c4,"Blanco, Velasco, Rauzy & Otín (1999)",electrochemical,,0.00215,0.00215,y (mole fraction water in the hydrocarbon dew-point phase)
C3H8_blanco1999_c2c4_075,C3H8,278.49,0.421,total,none,0,,0.000000,0.000000,0.000000,0.000000,0.000000,0.000000,blanco1999_c2c4,"Blanco, Velasco, Rauzy & Otín (1999)",electrochemical,,0.00215,0.00215,y (mole fraction water in the hydrocarbon dew-point phase)
C3H8_blanco1999_c2c4_076,C3H8,279.06,0.44,total,none,0,,0.000000,0.000000,0.000000,0.000000,0.000000,0.000000,blanco1999_c2c4,"Blanco, Velasco, Rauzy & Otín (1999)",electrochemical,,0.00215,0.00215,y (mole fraction water in the hydrocarbon dew-point phase)
C3H8_blanco1999_c2c4_077,C3H8,279.71,0.46,total,none,0,,0.000000,0.000000,0.000000,0.000000,0.000000,0.000000,blanco1999_c2c4,"Blanco, Velasco, Rauzy & Otín (1999)",electrochemical,,0.00215,0.00215,y (mole fraction water in the hydrocarbon dew-point phase)
C3H8_blanco1999_c2c4_078,C3H8,280.46,0.48,total,none,0,,0.000000,0.000000,0.000000,0.000000,0.000000,0.000000,blanco1999_c2c4,"Blanco, Velasco, Rauzy & Otín (1999)",electrochemical,,0.00215,0.00215,y (mole fraction water in the hydrocarbon dew-point phase)
C3H8_blanco1999_c2c4_079,C3H8,280.87,0.499,total,none,0,,0.000000,0.000000,0.000000,0.000000,0.000000,0.000000,blanco1999_c2c4,"Blanco, Velasco, Rauzy & Otín (1999)",electrochemical,,0.00215,0.00215,y (mole fraction water in the hydrocarbon dew-point phase)
C3H8_blanco1999_c2c4_080,C3H8,262.29,0.101,total,none,0,,0.000000,0.000000,0.000000,0.000000,0.000000,0.000000,blanco1999_c2c4,"Blanco, Velasco, Rauzy & Otín (1999)",electrochemical,,0.00278,0.00278,y (mole fraction water in the hydrocarbon dew-point phase)
C3H8_blanco1999_c2c4_081,C3H8,264.44,0.121,total,none,0,,0.000000,0.000000,0.000000,0.000000,0.000000,0.000000,blanco1999_c2c4,"Blanco, Velasco, Rauzy & Otín (1999)",electrochemical,,0.00278,0.00278,y (mole fraction water in the hydrocarbon dew-point phase)
C3H8_blanco1999_c2c4_082,C3H8,266.3,0.14,total,none,0,,0.000000,0.000000,0.000000,0.000000,0.000000,0.000000,blanco1999_c2c4,"Blanco, Velasco, Rauzy & Otín (1999)",electrochemical,,0.00278,0.00278,y (mole fraction water in the hydrocarbon dew-point phase)
C3H8_blanco1999_c2c4_083,C3H8,268.07,0.16,total,none,0,,0.000000,0.000000,0.000000,0.000000,0.000000,0.000000,blanco1999_c2c4,"Blanco, Velasco, Rauzy & Otín (1999)",electrochemical,,0.00278,0.00278,y (mole fraction water in the hydrocarbon dew-point phase)
C3H8_blanco1999_c2c4_084,C3H8,269.61,0.181,total,none,0,,0.000000,0.000000,0.000000,0.000000,0.000000,0.000000,blanco1999_c2c4,"Blanco, Velasco, Rauzy & Otín (1999)",electrochemical,,0.00278,0.00278,y (mole fraction water in the hydrocarbon dew-point phase)
C3H8_blanco1999_c2c4_085,C3H8,271.05,0.2,total,none,0,,0.000000,0.000000,0.000000,0.000000,0.000000,0.000000,blanco1999_c2c4,"Blanco, Velasco, Rauzy & Otín (1999)",electrochemical,,0.00278,0.00278,y (mole fraction water in the hydrocarbon dew-point phase)
C3H8_blanco1999_c2c4_086,C3H8,272.29,0.221,total,none,0,,0.000000,0.000000,0.000000,0.000000,0.000000,0.000000,blanco1999_c2c4,"Blanco, Velasco, Rauzy & Otín (1999)",electrochemical,,0.00278,0.00278,y (mole fraction water in the hydrocarbon dew-point phase)
C3H8_blanco1999_c2c4_087,C3H8,273.4,0.24,total,none,0,,0.000000,0.000000,0.000000,0.000000,0.000000,0.000000,blanco1999_c2c4,"Blanco, Velasco, Rauzy & Otín (1999)",electrochemical,,0.00278,0.00278,y (mole fraction water in the hydrocarbon dew-point phase)
C3H8_blanco1999_c2c4_088,C3H8,274.68,0.261,total,none,0,,0.000000,0.000000,0.000000,0.000000,0.000000,0.000000,blanco1999_c2c4,"Blanco, Velasco, Rauzy & Otín (1999)",electrochemical,,0.00278,0.00278,y (mole fraction water in the hydrocarbon dew-point phase)
C3H8_blanco1999_c2c4_089,C3H8,275.65,0.28,total,none,0,,0.000000,0.000000,0.000000,0.000000,0.000000,0.000000,blanco1999_c2c4,"Blanco, Velasco, Rauzy & Otín (1999)",electrochemical,,0.00278,0.00278,y (mole fraction water in the hydrocarbon dew-point phase)
C3H8_blanco1999_c2c4_090,C3H8,276.65,0.3,total,none,0,,0.000000,0.000000,0.000000,0.000000,0.000000,0.000000,blanco1999_c2c4,"Blanco, Velasco, Rauzy & Otín (1999)",electrochemical,,0.00278,0.00278,y (mole fraction water in the hydrocarbon dew-point phase)
C3H8_blanco1999_c2c4_091,C3H8,277.48,0.32,total,none,0,,0.000000,0.000000,0.000000,0.000000,0.000000,0.000000,blanco1999_c2c4,"Blanco, Velasco, Rauzy & Otín (1999)",electrochemical,,0.00278,0.00278,y (mole fraction water in the hydrocarbon dew-point phase)
C3H8_blanco1999_c2c4_092,C3H8,278.43,0.34,total,none,0,,0.000000,0.000000,0.000000,0.000000,0.000000,0.000000,blanco1999_c2c4,"Blanco, Velasco, Rauzy & Otín (1999)",electrochemical,,0.00278,0.00278,y (mole fraction water in the hydrocarbon dew-point phase)
C3H8_blanco1999_c2c4_093,C3H8,279.19,0.361,total,none,0,,0.000000,0.000000,0.000000,0.000000,0.000000,0.000000,blanco1999_c2c4,"Blanco, Velasco, Rauzy & Otín (1999)",electrochemical,,0.00278,0.00278,y (mole fraction water in the hydrocarbon dew-point phase)
C3H8_blanco1999_c2c4_094,C3H8,280.06,0.381,total,none,0,,0.000000,0.000000,0.000000,0.000000,0.000000,0.000000,blanco1999_c2c4,"Blanco, Velasco, Rauzy & Otín (1999)",electrochemical,,0.00278,0.00278,y (mole fraction water in the hydrocarbon dew-point phase)
C3H8_blanco1999_c2c4_095,C3H8,280.84,0.401,total,none,0,,0.000000,0.000000,0.000000,0.000000,0.000000,0.000000,blanco1999_c2c4,"Blanco, Velasco, Rauzy & Otín (1999)",electrochemical,,0.00278,0.00278,y (mole fraction water in the hydrocarbon dew-point phase)
C3H8_blanco1999_c2c4_096,C3H8,281.47,0.42,total,none,0,,0.000000,0.000000,0.000000,0.000000,0.000000,0.000000,blanco1999_c2c4,"Blanco, Velasco, Rauzy & Otín (1999)",electrochemical,,0.00278,0.00278,y (mole fraction water in the hydrocarbon dew-point phase)
C3H8_blanco1999_c2c4_097,C3H8,282.16,0.441,total,none,0,,0.000000,0.000000,0.000000,0.000000,0.000000,0.000000,blanco1999_c2c4,"Blanco, Velasco, Rauzy & Otín (1999)",electrochemical,,0.00278,0.00278,y (mole fraction water in the hydrocarbon dew-point phase)
C3H8_blanco1999_c2c4_098,C3H8,282.83,0.461,total,none,0,,0.000000,0.000000,0.000000,0.000000,0.000000,0.000000,blanco1999_c2c4,"Blanco, Velasco, Rauzy & Otín (1999)",electrochemical,,0.00278,0.00278,y (mole fraction water in the hydrocarbon dew-point phase)
C3H8_blanco1999_c2c4_099,C3H8,283.55,0.481,total,none,0,,0.000000,0.000000,0.000000,0.000000,0.000000,0.000000,blanco1999_c2c4,"Blanco, Velasco, Rauzy & Otín (1999)",electrochemical,,0.00278,0.00278,y (mole fraction water in the hydrocarbon dew-point phase)
C3H8_blanco1999_c2c4_100,C3H8,283.84,0.493,total,none,0,,0.000000,0.000000,0.000000,0.000000,0.000000,0.000000,blanco1999_c2c4,"Blanco, Velasco, Rauzy & Otín (1999)",electrochemical,,0.00278,0.00278,y (mole fraction water in the hydrocarbon dew-point phase)
C3H8_song2004_c2c4_001,C3H8,276.15,1.09626636,total,none,0,,0.000000,0.000000,0.000000,0.000000,0.000000,0.000000,song2004_c2c4,"Song, Yarrison & Chapman (2004)",analytical_sampling,,,5.600,"water content, lbm/MMSCF (a=Song&Kobayashi; b(this work)=; calc=)"
C3H8_song2004_c2c4_002,C3H8,270.85,1.09626636,total,none,0,,0.000000,0.000000,0.000000,0.000000,0.000000,0.000000,song2004_c2c4,"Song, Yarrison & Chapman (2004)",analytical_sampling,,,3.637,"water content, lbm/MMSCF (a=Song&Kobayashi; b(this work)=; calc=)"
C3H8_song2004_c2c4_003,C3H8,267.85,1.09626636,total,none,0,,0.000000,0.000000,0.000000,0.000000,0.000000,0.000000,song2004_c2c4,"Song, Yarrison & Chapman (2004)",analytical_sampling,,,2.890,"water content, lbm/MMSCF (a=Song&Kobayashi; b(this work)=; calc=)"
C3H8_song2004_c2c4_004,C3H8,264.35,1.09626636,total,none,0,,0.000000,0.000000,0.000000,0.000000,0.000000,0.000000,song2004_c2c4,"Song, Yarrison & Chapman (2004)",analytical_sampling,,,2.200,"water content, lbm/MMSCF (a=Song&Kobayashi; b(this work)=; calc=)"
C3H8_song2004_c2c4_005,C3H8,261.55,1.09626636,total,none,0,,0.000000,0.000000,0.000000,0.000000,0.000000,0.000000,song2004_c2c4,"Song, Yarrison & Chapman (2004)",analytical_sampling,,,1.700,"water content, lbm/MMSCF (a=Song&Kobayashi; b(this work)=; calc=)"
C3H8_song2004_c2c4_006,C3H8,255.55,1.09626636,total,none,0,,0.000000,0.000000,0.000000,0.000000,0.000000,0.000000,song2004_c2c4,"Song, Yarrison & Chapman (2004)",analytical_sampling,,,1.010,"water content, lbm/MMSCF (a=Song&Kobayashi; b(this work)=; calc=)"
C3H8_song2004_c2c4_007,C3H8,246.55,1.09626636,total,none,0,,0.000000,0.000000,0.000000,0.000000,0.000000,0.000000,song2004_c2c4,"Song, Yarrison & Chapman (2004)",analytical_sampling,printed_defect;suspect_value,,0.480,"water content, lbm/MMSCF (a=Song&Kobayashi; b(this work)=; calc=)"
C3H8_song2004_c2c4_008,C3H8,244.45,1.09626636,total,none,0,,0.000000,0.000000,0.000000,0.000000,0.000000,0.000000,song2004_c2c4,"Song, Yarrison & Chapman (2004)",analytical_sampling,printed_defect;suspect_value,,0.410,"water content, lbm/MMSCF (a=Song&Kobayashi; b(this work)=; calc=)"
C3H8_songkobayashi1994_c2c4_001,C3H8,299.65,0.89631841,total,none,0,,0.000000,0.000000,0.000000,0.000000,0.000000,0.000000,songkobayashi1994_c2c4,Song & Kobayashi (1987),analytical_sampling,,0.003494,3.494 (x10^3),"Yw (mole fraction water) as printed, system propane-water"
C3H8_songkobayashi1994_c2c4_002,C3H8,299.65,0.89631841,total,none,0,,0.000000,0.000000,0.000000,0.000000,0.000000,0.000000,songkobayashi1994_c2c4,Song & Kobayashi (1987),analytical_sampling,,0.000371,0.371 (x10^3),"Yw (mole fraction water) as printed, system propane-water"
C3H8_songkobayashi1994_c2c4_003,C3H8,292.65,0.81840766,total,none,0,,0.000000,0.000000,0.000000,0.000000,0.000000,0.000000,songkobayashi1994_c2c4,Song & Kobayashi (1987),analytical_sampling,,0.002668,2.668 (x10^3),"Yw (mole fraction water) as printed, system propane-water"
C3H8_songkobayashi1994_c2c4_004,C3H8,292.65,0.81840766,total,none,0,,0.000000,0.000000,0.000000,0.000000,0.000000,0.000000,songkobayashi1994_c2c4,Song & Kobayashi (1987),analytical_sampling,,0.000259,0.259 (x10^3),"Yw (mole fraction water) as printed, system propane-water"
C3H8_songkobayashi1994_c2c4_005,C3H8,285.2611,0.67568619,total,none,0,,0.000000,0.000000,0.000000,0.000000,0.000000,0.000000,songkobayashi1994_c2c4,Song & Kobayashi (1987),analytical_sampling,,0.002028,2.028 (x10^3),"Yw (mole fraction water) as printed, system propane-water"
C3H8_songkobayashi1994_c2c4_006,C3H8,285.2611,0.67568619,total,none,0,,0.000000,0.000000,0.000000,0.000000,0.000000,0.000000,songkobayashi1994_c2c4,Song & Kobayashi (1987),analytical_sampling,,0.000175,0.175 (x10^3),"Yw (mole fraction water) as printed, system propane-water"
C3H8_songkobayashi1994_c2c4_007,C3H8,281.9833,0.62052813,total,none,0,,0.000000,0.000000,0.000000,0.000000,0.000000,0.000000,songkobayashi1994_c2c4,Song & Kobayashi (1987),analytical_sampling,,0.000161,0.161 (x10^3),"Yw (mole fraction water) as printed, system propane-water"
C3H8_songkobayashi1994_c2c4_008,C3H8,276.15,0.62052813,total,none,0,,0.000000,0.000000,0.000000,0.000000,0.000000,0.000000,songkobayashi1994_c2c4,Song & Kobayashi (1987),analytical_sampling,,0.002,2.000 (x10^3),"Yw (mole fraction water) as printed, system propane-water"
C3H8_songkobayashi1994_c2c4_009,C3H8,276.15,1.09626636,total,none,0,,0.000000,0.000000,0.000000,0.000000,0.000000,0.000000,songkobayashi1994_c2c4,Song & Kobayashi (1987),analytical_sampling,,0.000116,0.116 (x10^3),"Yw (mole fraction water) as printed, system propane-water"
C3H8_songkobayashi1994_c2c4_010,C3H8,267.8722,1.09626636,total,none,0,,0.000000,0.000000,0.000000,0.000000,0.000000,0.000000,songkobayashi1994_c2c4,Song & Kobayashi (1987),analytical_sampling,,6e-05,0.060 (x10^3),"Yw (mole fraction water) as printed, system propane-water"
C3H8_songkobayashi1994_c2c4_011,C3H8,264.3167,1.09626636,total,none,0,,0.000000,0.000000,0.000000,0.000000,0.000000,0.000000,songkobayashi1994_c2c4,Song & Kobayashi (1987),analytical_sampling,,4.5e-05,0.045 (x10^3),"Yw (mole fraction water) as printed, system propane-water"
C3H8_songkobayashi1994_c2c4_012,C3H8,261.7611,1.09626636,total,none,0,,0.000000,0.000000,0.000000,0.000000,0.000000,0.000000,songkobayashi1994_c2c4,Song & Kobayashi (1987),analytical_sampling,,3.5e-05,0.035 (x10^3),"Yw (mole fraction water) as printed, system propane-water"
C3H8_songkobayashi1994_c2c4_013,C3H8,255.5944,1.09626636,total,none,0,,0.000000,0.000000,0.000000,0.000000,0.000000,0.000000,songkobayashi1994_c2c4,Song & Kobayashi (1987),analytical_sampling,,2.1e-05,0.021 (x10^3),"Yw (mole fraction water) as printed, system propane-water"
C3H8_songkobayashi1994_c2c4_014,C3H8,246.5389,1.09626636,total,none,0,,0.000000,0.000000,0.000000,0.000000,0.000000,0.000000,songkobayashi1994_c2c4,Song & Kobayashi (1987),analytical_sampling,printed_defect;suspect_value,1e-05,0.010 (x10^3),"Yw (mole fraction water) as printed, system propane-water"
C3H8_songkobayashi1994_c2c4_015,C3H8,235.65,1.09626636,total,none,0,,0.000000,0.000000,0.000000,0.000000,0.000000,0.000000,songkobayashi1994_c2c4,Song & Kobayashi (1987),analytical_sampling,printed_defect;suspect_value,4e-06,0.004 (x10^3),"Yw (mole fraction water) as printed, system propane-water"
CH4_chapoy2003_ch4_001,CH4,283.0,1.006,total,none,0,,0.000000,0.000000,0.000000,0.000000,0.000000,0.000000,chapoy2003_ch4,Chapoy et al. (2003),pending,from_compilation,0.00124,0.00124,y_H2O mole fraction
CH4_chapoy2003_ch4_002,CH4,283.0,6.03,total,none,0,,0.000000,0.000000,0.000000,0.000000,0.000000,0.000000,chapoy2003_ch4,Chapoy et al. (2003),pending,from_compilation,0.000108,0.000108,y_H2O mole fraction
CH4_chapoy2003_ch4_003,CH4,288.0,1.044,total,none,0,,0.000000,0.000000,0.000000,0.000000,0.000000,0.000000,chapoy2003_ch4,Chapoy et al. (2003),pending,from_compilation,0.00178,0.00178,y_H2O mole fraction
CH4_chapoy2003_ch4_004,CH4,288.0,6.023,total,none,0,,0.000000,0.000000,0.000000,0.000000,0.000000,0.000000,chapoy2003_ch4,Chapoy et al. (2003),pending,from_compilation,0.000208,0.000208,y_H2O mole fraction
CH4_chapoy2003_ch4_005,CH4,288.0,10.03,total,none,0,,0.000000,0.000000,0.000000,0.000000,0.000000,0.000000,chapoy2003_ch4,Chapoy et al. (2003),pending,from_compilation,8.76e-05,8.76e-05,y_H2O mole fraction
CH4_chapoy2003_ch4_006,CH4,293.0,0.992,total,none,0,,0.000000,0.000000,0.000000,0.000000,0.000000,0.000000,chapoy2003_ch4,Chapoy et al. (2003),pending,from_compilation,0.00236,0.00236,y_H2O mole fraction
CH4_chapoy2003_ch4_007,CH4,293.0,5.77,total,none,0,,0.000000,0.000000,0.000000,0.000000,0.000000,0.000000,chapoy2003_ch4,Chapoy et al. (2003),pending,from_compilation,0.00032,0.00032,y_H2O mole fraction
CH4_chapoy2003_ch4_008,CH4,293.0,9.52,total,none,0,,0.000000,0.000000,0.000000,0.000000,0.000000,0.000000,chapoy2003_ch4,Chapoy et al. (2003),pending,from_compilation,0.000159,0.000159,y_H2O mole fraction
CH4_chapoy2003_ch4_009,CH4,293.0,17.68,total,none,0,,0.000000,0.000000,0.000000,0.000000,0.000000,0.000000,chapoy2003_ch4,Chapoy et al. (2003),pending,from_compilation,7.99e-05,7.99e-05,y_H2O mole fraction
CH4_chapoy2003_ch4_010,CH4,298.0,1.01,total,none,0,,0.000000,0.000000,0.000000,0.000000,0.000000,0.000000,chapoy2003_ch4,Chapoy et al. (2003),pending,from_compilation,0.0033,0.0033,y_H2O mole fraction
CH4_chapoy2003_ch4_011,CH4,298.0,6.39,total,none,0,,0.000000,0.000000,0.000000,0.000000,0.000000,0.000000,chapoy2003_ch4,Chapoy et al. (2003),pending,from_compilation,0.000484,0.000484,y_H2O mole fraction
CH4_chapoy2003_ch4_012,CH4,298.0,10.07,total,none,0,,0.000000,0.000000,0.000000,0.000000,0.000000,0.000000,chapoy2003_ch4,Chapoy et al. (2003),pending,from_compilation,0.000307,0.000307,y_H2O mole fraction
CH4_chapoy2003_ch4_013,CH4,298.0,17.52,total,none,0,,0.000000,0.000000,0.000000,0.000000,0.000000,0.000000,chapoy2003_ch4,Chapoy et al. (2003),pending,from_compilation,0.000178,0.000178,y_H2O mole fraction
CH4_chapoy2003_ch4_014,CH4,298.0,25.15,total,none,0,,0.000000,0.000000,0.000000,0.000000,0.000000,0.000000,chapoy2003_ch4,Chapoy et al. (2003),pending,from_compilation,0.000132,0.000132,y_H2O mole fraction
CH4_chapoy2003_ch4_015,CH4,298.0,34.42,total,none,0,,0.000000,0.000000,0.000000,0.000000,0.000000,0.000000,chapoy2003_ch4,Chapoy et al. (2003),pending,from_compilation,7.79e-05,7.79e-05,y_H2O mole fraction
CH4_chapoy2003_ch4_016,CH4,303.0,1.1,total,none,0,,0.000000,0.000000,0.000000,0.000000,0.000000,0.000000,chapoy2003_ch4,Chapoy et al. (2003),pending,from_compilation,0.00444,0.00444,y_H2O mole fraction
CH4_chapoy2003_ch4_017,CH4,303.0,6.06,total,none,0,,0.000000,0.000000,0.000000,0.000000,0.000000,0.000000,chapoy2003_ch4,Chapoy et al. (2003),pending,from_compilation,0.000771,0.000771,y_H2O mole fraction
CH4_chapoy2003_ch4_018,CH4,303.0,9.84,total,none,0,,0.000000,0.000000,0.000000,0.000000,0.000000,0.000000,chapoy2003_ch4,Chapoy et al. (2003),pending,from_compilation,0.000478,0.000478,y_H2O mole fraction
CH4_chapoy2003_ch4_019,CH4,303.0,17.5,total,none,0,,0.000000,0.000000,0.000000,0.000000,0.000000,0.000000,chapoy2003_ch4,Chapoy et al. (2003),pending,from_compilation,0.00029,0.00029,y_H2O mole fraction
CH4_chapoy2003_ch4_020,CH4,303.0,25.06,total,none,0,,0.000000,0.000000,0.000000,0.000000,0.000000,0.000000,chapoy2003_ch4,Chapoy et al. (2003),pending,from_compilation,0.000196,0.000196,y_H2O mole fraction
CH4_chapoy2003_ch4_021,CH4,303.0,34.56,total,none,0,,0.000000,0.000000,0.000000,0.000000,0.000000,0.000000,chapoy2003_ch4,Chapoy et al. (2003),pending,from_compilation,0.000151,0.000151,y_H2O mole fraction
CH4_chapoy2003_ch4_022,CH4,308.0,1.1,total,none,0,,0.000000,0.000000,0.000000,0.000000,0.000000,0.000000,chapoy2003_ch4,Chapoy et al. (2003),pending,from_compilation,0.00582,0.00582,y_H2O mole fraction
CH4_chapoy2003_ch4_023,CH4,308.0,5.99,total,none,0,,0.000000,0.000000,0.000000,0.000000,0.000000,0.000000,chapoy2003_ch4,Chapoy et al. (2003),pending,from_compilation,0.00102,0.00102,y_H2O mole fraction
CH4_chapoy2003_ch4_024,CH4,308.0,9.84,total,none,0,,0.000000,0.000000,0.000000,0.000000,0.000000,0.000000,chapoy2003_ch4,Chapoy et al. (2003),pending,from_compilation,0.00068,0.00068,y_H2O mole fraction
CH4_chapoy2003_ch4_025,CH4,308.0,17.49,total,none,0,,0.000000,0.000000,0.000000,0.000000,0.000000,0.000000,chapoy2003_ch4,Chapoy et al. (2003),pending,from_compilation,0.000424,0.000424,y_H2O mole fraction
CH4_chapoy2003_ch4_026,CH4,308.0,25.09,total,none,0,,0.000000,0.000000,0.000000,0.000000,0.000000,0.000000,chapoy2003_ch4,Chapoy et al. (2003),pending,from_compilation,0.000334,0.000334,y_H2O mole fraction
CH4_chapoy2003_ch4_027,CH4,308.0,34.58,total,none,0,,0.000000,0.000000,0.000000,0.000000,0.000000,0.000000,chapoy2003_ch4,Chapoy et al. (2003),pending,from_compilation,0.00028,0.00028,y_H2O mole fraction
CH4_chapoy2003_ch4_028,CH4,313.0,1.1,total,none,0,,0.000000,0.000000,0.000000,0.000000,0.000000,0.000000,chapoy2003_ch4,Chapoy et al. (2003),pending,from_compilation,0.00746,0.00746,y_H2O mole fraction
CH4_chapoy2003_ch4_029,CH4,313.0,6.056,total,none,0,,0.000000,0.000000,0.000000,0.000000,0.000000,0.000000,chapoy2003_ch4,Chapoy et al. (2003),pending,from_compilation,0.00152,0.00152,y_H2O mole fraction
CH4_chapoy2003_ch4_030,CH4,313.0,9.98,total,none,0,,0.000000,0.000000,0.000000,0.000000,0.000000,0.000000,chapoy2003_ch4,Chapoy et al. (2003),pending,from_compilation,0.000972,0.000972,y_H2O mole fraction
CH4_chapoy2003_ch4_031,CH4,313.0,17.47,total,none,0,,0.000000,0.000000,0.000000,0.000000,0.000000,0.000000,chapoy2003_ch4,Chapoy et al. (2003),pending,from_compilation,0.000588,0.000588,y_H2O mole fraction
CH4_chapoy2003_ch4_032,CH4,313.0,25.17,total,none,0,,0.000000,0.000000,0.000000,0.000000,0.000000,0.000000,chapoy2003_ch4,Chapoy et al. (2003),pending,from_compilation,0.000484,0.000484,y_H2O mole fraction
CH4_chapoy2003_ch4_033,CH4,313.0,34.61,total,none,0,,0.000000,0.000000,0.000000,0.000000,0.000000,0.000000,chapoy2003_ch4,Chapoy et al. (2003),pending,from_compilation,0.000424,0.000424,y_H2O mole fraction
CH4_chapoy2003_ch4_034,CH4,318.0,1.003,total,none,0,,0.000000,0.000000,0.000000,0.000000,0.000000,0.000000,chapoy2003_ch4,Chapoy et al. (2003),pending,from_compilation,0.00989,0.00989,y_H2O mole fraction
CH4_chapoy2003_ch4_035,CH4,318.0,6.017,total,none,0,,0.000000,0.000000,0.000000,0.000000,0.000000,0.000000,chapoy2003_ch4,Chapoy et al. (2003),pending,from_compilation,0.00218,0.00218,y_H2O mole fraction
CH4_chapoy2003_ch4_036,CH4,318.0,10.01,total,none,0,,0.000000,0.000000,0.000000,0.000000,0.000000,0.000000,chapoy2003_ch4,Chapoy et al. (2003),pending,from_compilation,0.00128,0.00128,y_H2O mole fraction
CH4_chapoy2003_ch4_037,CH4,318.0,17.5,total,none,0,,0.000000,0.000000,0.000000,0.000000,0.000000,0.000000,chapoy2003_ch4,Chapoy et al. (2003),pending,from_compilation,0.000791,0.000791,y_H2O mole fraction
CH4_chapoy2003_ch4_038,CH4,318.0,25.12,total,none,0,,0.000000,0.000000,0.000000,0.000000,0.000000,0.000000,chapoy2003_ch4,Chapoy et al. (2003),pending,from_compilation,0.000644,0.000644,y_H2O mole fraction
CH4_chapoy2003_ch4_039,CH4,318.0,34.61,total,none,0,,0.000000,0.000000,0.000000,0.000000,0.000000,0.000000,chapoy2003_ch4,Chapoy et al. (2003),pending,from_compilation,0.00056,0.00056,y_H2O mole fraction
CH4_chapoy2005_ch4_001,CH4,278.0,0.491,total,none,0,,0.000000,0.000000,0.000000,0.000000,0.000000,0.000000,chapoy2005_ch4,Chapoy et al. (2005),chromatography,from_compilation,0.00173,0.00173,y_H2O mole fraction
CH4_chapoy2005_ch4_002,CH4,278.0,1.081,total,none,0,,0.000000,0.000000,0.000000,0.000000,0.000000,0.000000,chapoy2005_ch4,Chapoy et al. (2005),chromatography,from_compilation,0.00083,0.00083,y_H2O mole fraction
CH4_chapoy2005_ch4_003,CH4,278.0,2.196,total,none,0,,0.000000,0.000000,0.000000,0.000000,0.000000,0.000000,chapoy2005_ch4,Chapoy et al. (2005),chromatography,from_compilation,0.000436,0.000436,y_H2O mole fraction
CH4_chapoy2005_ch4_004,CH4,278.0,3.136,total,none,0,,0.000000,0.000000,0.000000,0.000000,0.000000,0.000000,chapoy2005_ch4,Chapoy et al. (2005),chromatography,from_compilation,0.000321,0.000321,y_H2O mole fraction
CH4_chapoy2005_ch4_005,CH4,283.0,0.493,total,none,0,,0.000000,0.000000,0.000000,0.000000,0.000000,0.000000,chapoy2005_ch4,Chapoy et al. (2005),chromatography,from_compilation,0.00264,0.00264,y_H2O mole fraction
CH4_chapoy2005_ch4_006,CH4,283.0,0.688,total,none,0,,0.000000,0.000000,0.000000,0.000000,0.000000,0.000000,chapoy2005_ch4,Chapoy et al. (2005),chromatography,from_compilation,0.00183,0.00183,y_H2O mole fraction
CH4_chapoy2005_ch4_007,CH4,283.0,1.081,total,none,0,,0.000000,0.000000,0.000000,0.000000,0.000000,0.000000,chapoy2005_ch4,Chapoy et al. (2005),chromatography,from_compilation,0.00122,0.00122,y_H2O mole fraction
CH4_chapoy2005_ch4_008,CH4,283.0,1.458,total,none,0,,0.000000,0.000000,0.000000,0.000000,0.000000,0.000000,chapoy2005_ch4,Chapoy et al. (2005),chromatography,from_compilation,0.000926,0.000926,y_H2O mole fraction
CH4_chapoy2005_ch4_009,CH4,283.0,2.822,total,none,0,,0.000000,0.000000,0.000000,0.000000,0.000000,0.000000,chapoy2005_ch4,Chapoy et al. (2005),chromatography,from_compilation,0.00053,0.00053,y_H2O mole fraction
CH4_chapoy2005_ch4_010,CH4,283.0,4.374,total,none,0,,0.000000,0.000000,0.000000,0.000000,0.000000,0.000000,chapoy2005_ch4,Chapoy et al. (2005),chromatography,from_compilation,0.000313,0.000313,y_H2O mole fraction
CH4_chapoy2005_ch4_011,CH4,288.0,0.993,total,none,0,,0.000000,0.000000,0.000000,0.000000,0.000000,0.000000,chapoy2005_ch4,Chapoy et al. (2005),chromatography,from_compilation,0.00185,0.00185,y_H2O mole fraction
CH4_chapoy2005_ch4_012,CH4,288.0,1.985,total,none,0,,0.000000,0.000000,0.000000,0.000000,0.000000,0.000000,chapoy2005_ch4,Chapoy et al. (2005),chromatography,from_compilation,0.000933,0.000933,y_H2O mole fraction
CH4_chapoy2005_ch4_013,CH4,288.0,2.393,total,none,0,,0.000000,0.000000,0.000000,0.000000,0.000000,0.000000,chapoy2005_ch4,Chapoy et al. (2005),chromatography,from_compilation,0.000775,0.000775,y_H2O mole fraction
CH4_chapoy2005_ch4_014,CH4,293.0,0.976,total,none,0,,0.000000,0.000000,0.000000,0.000000,0.000000,0.000000,chapoy2005_ch4,Chapoy et al. (2005),chromatography,from_compilation,0.00252,0.00252,y_H2O mole fraction
CH4_chapoy2005_ch4_015,CH4,293.0,2.69,total,none,0,,0.000000,0.000000,0.000000,0.000000,0.000000,0.000000,chapoy2005_ch4,Chapoy et al. (2005),chromatography,from_compilation,0.000926,0.000926,y_H2O mole fraction
CH4_chapoy2005_ch4_016,CH4,293.0,2.735,total,none,0,,0.000000,0.000000,0.000000,0.000000,0.000000,0.000000,chapoy2005_ch4,Chapoy et al. (2005),chromatography,from_compilation,0.000908,0.000908,y_H2O mole fraction
CH4_chapoy2005_ch4_017,CH4,293.0,3.667,total,none,0,,0.000000,0.000000,0.000000,0.000000,0.000000,0.000000,chapoy2005_ch4,Chapoy et al. (2005),chromatography,from_compilation,0.000703,0.000703,y_H2O mole fraction
CH4_chapoy2005_ch4_018,CH4,298.0,1.008,total,none,0,,0.000000,0.000000,0.000000,0.000000,0.000000,0.000000,chapoy2005_ch4,Chapoy et al. (2005),chromatography,from_compilation,0.0031,0.0031,y_H2O mole fraction
CH4_chapoy2005_ch4_019,CH4,298.0,2.342,total,none,0,,0.000000,0.000000,0.000000,0.000000,0.000000,0.000000,chapoy2005_ch4,Chapoy et al. (2005),chromatography,from_compilation,0.00144,0.00144,y_H2O mole fraction
CH4_chapoy2005_ch4_020,CH4,298.0,3.675,total,none,0,,0.000000,0.000000,0.000000,0.000000,0.000000,0.000000,chapoy2005_ch4,Chapoy et al. (2005),chromatography,from_compilation,0.001,0.001,y_H2O mole fraction
CH4_chapoy2005_ch4_021,CH4,298.0,3.865,total,none,0,,0.000000,0.000000,0.000000,0.000000,0.000000,0.000000,chapoy2005_ch4,Chapoy et al. (2005),chromatography,from_compilation,0.000876,0.000876,y_H2O mole fraction
CH4_je400684k_ch4_023,CH4,283.89,5.01,total,none,0,,0.000000,0.000000,0.000000,0.000000,0.000000,0.000000,je400684k_ch4,"Frost, Karakatsani, von Solms, Richon & Kontogeorgis (2014)",unstated,,0.000298,0.000298,Mole fraction
CH4_je400684k_ch4_024,CH4,283.89,5.87,total,none,0,,0.000000,0.000000,0.000000,0.000000,0.000000,0.000000,je400684k_ch4,"Frost, Karakatsani, von Solms, Richon & Kontogeorgis (2014)",unstated,,0.000262,0.000262,Mole fraction
CH4_je400684k_ch4_025,CH4,283.89,4.78,total,none,0,,0.000000,0.000000,0.000000,0.000000,0.000000,0.000000,je400684k_ch4,"Frost, Karakatsani, von Solms, Richon & Kontogeorgis (2014)",unstated,,0.000441,0.000441,Mole fraction
CH4_je400684k_ch4_026,CH4,283.89,6.47,total,none,0,,0.000000,0.000000,0.000000,0.000000,0.000000,0.000000,je400684k_ch4,"Frost, Karakatsani, von Solms, Richon & Kontogeorgis (2014)",unstated,,0.000238,0.000238,Mole fraction
CH4_je400684k_ch4_027,CH4,283.89,7.41,total,none,0,,0.000000,0.000000,0.000000,0.000000,0.000000,0.000000,je400684k_ch4,"Frost, Karakatsani, von Solms, Richon & Kontogeorgis (2014)",unstated,,0.000225,0.000225,Mole fraction
CH4_je400684k_ch4_028,CH4,283.89,7.11,total,none,0,,0.000000,0.000000,0.000000,0.000000,0.000000,0.000000,je400684k_ch4,"Frost, Karakatsani, von Solms, Richon & Kontogeorgis (2014)",unstated,,0.000222,0.000222,Mole fraction
CH4_je400684k_ch4_029,CH4,298.31,5.11,total,none,0,,0.000000,0.000000,0.000000,0.000000,0.000000,0.000000,je400684k_ch4,"Frost, Karakatsani, von Solms, Richon & Kontogeorgis (2014)",unstated,,0.000985,0.000985,Mole fraction
CH4_je400684k_ch4_030,CH4,298.31,6.41,total,none,0,,0.000000,0.000000,0.000000,0.000000,0.000000,0.000000,je400684k_ch4,"Frost, Karakatsani, von Solms, Richon & Kontogeorgis (2014)",unstated,,0.000837,0.000837,Mole fraction
CH4_je400684k_ch4_031,CH4,298.31,8.45,total,none,0,,0.000000,0.000000,0.000000,0.000000,0.000000,0.000000,je400684k_ch4,"Frost, Karakatsani, von Solms, Richon & Kontogeorgis (2014)",unstated,,0.000687,0.000687,Mole fraction
CH4_je400684k_ch4_032,CH4,298.31,11.46,total,none,0,,0.000000,0.000000,0.000000,0.000000,0.000000,0.000000,je400684k_ch4,"Frost, Karakatsani, von Solms, Richon & Kontogeorgis (2014)",unstated,,0.000552,0.000552,Mole fraction
CH4_je400684k_ch4_033,CH4,298.31,15.48,total,none,0,,0.000000,0.000000,0.000000,0.000000,0.000000,0.000000,je400684k_ch4,"Frost, Karakatsani, von Solms, Richon & Kontogeorgis (2014)",unstated,,0.000445,0.000445,Mole fraction
CH4_je400684k_ch4_034,CH4,298.31,19.49,total,none,0,,0.000000,0.000000,0.000000,0.000000,0.000000,0.000000,je400684k_ch4,"Frost, Karakatsani, von Solms, Richon & Kontogeorgis (2014)",unstated,,0.000378,0.000378,Mole fraction
CH4_je400684k_ch4_035,CH4,313.11,5.48,total,none,0,,0.000000,0.000000,0.000000,0.000000,0.000000,0.000000,je400684k_ch4,"Frost, Karakatsani, von Solms, Richon & Kontogeorgis (2014)",unstated,,0.00169,0.00169,Mole fraction
CH4_je400684k_ch4_036,CH4,313.11,6.78,total,none,0,,0.000000,0.000000,0.000000,0.000000,0.000000,0.000000,je400684k_ch4,"Frost, Karakatsani, von Solms, Richon & Kontogeorgis (2014)",unstated,,0.00136,0.00136,Mole fraction
CH4_je400684k_ch4_037,CH4,313.11,8.15,total,none,0,,0.000000,0.000000,0.000000,0.000000,0.000000,0.000000,je400684k_ch4,"Frost, Karakatsani, von Solms, Richon & Kontogeorgis (2014)",unstated,,0.00118,0.00118,Mole fraction
CH4_je400684k_ch4_038,CH4,313.11,12.46,total,none,0,,0.000000,0.000000,0.000000,0.000000,0.000000,0.000000,je400684k_ch4,"Frost, Karakatsani, von Solms, Richon & Kontogeorgis (2014)",unstated,,0.000855,0.000855,Mole fraction
CH4_je400684k_ch4_039,CH4,313.11,16.78,total,none,0,,0.000000,0.000000,0.000000,0.000000,0.000000,0.000000,je400684k_ch4,"Frost, Karakatsani, von Solms, Richon & Kontogeorgis (2014)",unstated,,0.000682,0.000682,Mole fraction
CH4_je400684k_ch4_040,CH4,323.56,4.98,total,none,0,,0.000000,0.000000,0.000000,0.000000,0.000000,0.000000,je400684k_ch4,"Frost, Karakatsani, von Solms, Richon & Kontogeorgis (2014)",unstated,,0.00387,0.00387,Mole fraction
CH4_je400684k_ch4_041,CH4,323.56,6.49,total,none,0,,0.000000,0.000000,0.000000,0.000000,0.000000,0.000000,je400684k_ch4,"Frost, Karakatsani, von Solms, Richon & Kontogeorgis (2014)",unstated,,0.00335,0.00335,Mole fraction
CH4_je400684k_ch4_042,CH4,323.56,8.48,total,none,0,,0.000000,0.000000,0.000000,0.000000,0.000000,0.000000,je400684k_ch4,"Frost, Karakatsani, von Solms, Richon & Kontogeorgis (2014)",unstated,,0.00265,0.00265,Mole fraction
CH4_je400684k_ch4_043,CH4,323.56,11.49,total,none,0,,0.000000,0.000000,0.000000,0.000000,0.000000,0.000000,je400684k_ch4,"Frost, Karakatsani, von Solms, Richon & Kontogeorgis (2014)",unstated,,0.00224,0.00224,Mole fraction
CH4_je400684k_ch4_044,CH4,323.56,,total,none,0,,0.000000,0.000000,0.000000,0.000000,0.000000,0.000000,je400684k_ch4,"Frost, Karakatsani, von Solms, Richon & Kontogeorgis (2014)",unstated,,0.00197,0.00197,Mole fraction
CH4_je400684k_ch4_045,CH4,323.56,18.48,total,none,0,,0.000000,0.000000,0.000000,0.000000,0.000000,0.000000,je400684k_ch4,"Frost, Karakatsani, von Solms, Richon & Kontogeorgis (2014)",unstated,,0.00173,0.00173,Mole fraction
CH4_langservio2015_ch4_001,CH4,275.1,0.76,total,none,0,,0.000000,0.000000,0.000000,0.000000,0.000000,0.000000,langservio2015_ch4,Lang & Servio (2015),chromatography,,,0.363,"mole fraction (yCH4, gas/vapor phase)"
CH4_langservio2015_ch4_002,CH4,275.2,0.77,total,none,0,,0.000000,0.000000,0.000000,0.000000,0.000000,0.000000,langservio2015_ch4,Lang & Servio (2015),chromatography,,,0.373,"mole fraction (yCH4, gas/vapor phase)"
CH4_langservio2015_ch4_003,CH4,275.1,1.14,total,none,0,,0.000000,0.000000,0.000000,0.000000,0.000000,0.000000,langservio2015_ch4,Lang & Servio (2015),chromatography,,,0.684,"mole fraction (yCH4, gas/vapor phase)"
CH4_langservio2015_ch4_004,CH4,275.1,1.15,total,none,0,,0.000000,0.000000,0.000000,0.000000,0.000000,0.000000,langservio2015_ch4,Lang & Servio (2015),chromatography,,,0.687,"mole fraction (yCH4, gas/vapor phase)"
CH4_langservio2015_ch4_005,CH4,275.1,1.77,total,none,0,,0.000000,0.000000,0.000000,0.000000,0.000000,0.000000,langservio2015_ch4,Lang & Servio (2015),chromatography,,,0.921,"mole fraction (yCH4, gas/vapor phase)"
CH4_langservio2015_ch4_006,CH4,275.1,1.77,total,none,0,,0.000000,0.000000,0.000000,0.000000,0.000000,0.000000,langservio2015_ch4,Lang & Servio (2015),chromatography,,,0.920,"mole fraction (yCH4, gas/vapor phase)"
CH4_langservio2015_ch4_007,CH4,275.1,1.53,total,none,0,,0.000000,0.000000,0.000000,0.000000,0.000000,0.000000,langservio2015_ch4,Lang & Servio (2015),chromatography,,,0.877,"mole fraction (yCH4, gas/vapor phase)"
CH4_langservio2015_ch4_008,CH4,275.2,1.54,total,none,0,,0.000000,0.000000,0.000000,0.000000,0.000000,0.000000,langservio2015_ch4,Lang & Servio (2015),chromatography,,,0.874,"mole fraction (yCH4, gas/vapor phase)"
CH4_langservio2015_ch4_009,CH4,275.1,1.66,total,none,0,,0.000000,0.000000,0.000000,0.000000,0.000000,0.000000,langservio2015_ch4,Lang & Servio (2015),chromatography,,,0.904,"mole fraction (yCH4, gas/vapor phase)"
CH4_langservio2015_ch4_010,CH4,275.1,1.68,total,none,0,,0.000000,0.000000,0.000000,0.000000,0.000000,0.000000,langservio2015_ch4,Lang & Servio (2015),chromatography,,,0.906,"mole fraction (yCH4, gas/vapor phase)"
CH4_langservio2015_ch4_011,CH4,275.1,1.99,total,none,0,,0.000000,0.000000,0.000000,0.000000,0.000000,0.000000,langservio2015_ch4,Lang & Servio (2015),chromatography,,,0.945,"mole fraction (yCH4, gas/vapor phase)"
CH4_langservio2015_ch4_012,CH4,275.1,2.0,total,none,0,,0.000000,0.000000,0.000000,0.000000,0.000000,0.000000,langservio2015_ch4,Lang & Servio (2015),chromatography,,,0.945,"mole fraction (yCH4, gas/vapor phase)"
CH4_langservio2015_ch4_013,CH4,277.2,0.96,total,none,0,,0.000000,0.000000,0.000000,0.000000,0.000000,0.000000,langservio2015_ch4,Lang & Servio (2015),chromatography,,,0.364,"mole fraction (yCH4, gas/vapor phase)"
CH4_langservio2015_ch4_014,CH4,277.2,0.98,total,none,0,,0.000000,0.000000,0.000000,0.000000,0.000000,0.000000,langservio2015_ch4,Lang & Servio (2015),chromatography,,,0.391,"mole fraction (yCH4, gas/vapor phase)"
CH4_langservio2015_ch4_015,CH4,277.1,1.37,total,none,0,,0.000000,0.000000,0.000000,0.000000,0.000000,0.000000,langservio2015_ch4,Lang & Servio (2015),chromatography,,,0.662,"mole fraction (yCH4, gas/vapor phase)"
CH4_langservio2015_ch4_016,CH4,277.2,1.36,total,none,0,,0.000000,0.000000,0.000000,0.000000,0.000000,0.000000,langservio2015_ch4,Lang & Servio (2015),chromatography,,,0.656,"mole fraction (yCH4, gas/vapor phase)"
CH4_langservio2015_ch4_017,CH4,277.1,1.77,total,none,0,,0.000000,0.000000,0.000000,0.000000,0.000000,0.000000,langservio2015_ch4,Lang & Servio (2015),chromatography,,,0.835,"mole fraction (yCH4, gas/vapor phase)"
CH4_langservio2015_ch4_018,CH4,277.2,1.77,total,none,0,,0.000000,0.000000,0.000000,0.000000,0.000000,0.000000,langservio2015_ch4,Lang & Servio (2015),chromatography,,,0.838,"mole fraction (yCH4, gas/vapor phase)"
CH4_langservio2015_ch4_019,CH4,277.1,2.0,total,none,0,,0.000000,0.000000,0.000000,0.000000,0.000000,0.000000,langservio2015_ch4,Lang & Servio (2015),chromatography,,,0.892,"mole fraction (yCH4, gas/vapor phase)"
CH4_langservio2015_ch4_020,CH4,277.1,2.0,total,none,0,,0.000000,0.000000,0.000000,0.000000,0.000000,0.000000,langservio2015_ch4,Lang & Servio (2015),chromatography,,,0.893,"mole fraction (yCH4, gas/vapor phase)"
CH4_langservio2015_ch4_021,CH4,277.1,2.13,total,none,0,,0.000000,0.000000,0.000000,0.000000,0.000000,0.000000,langservio2015_ch4,Lang & Servio (2015),chromatography,,,0.912,"mole fraction (yCH4, gas/vapor phase)"
CH4_langservio2015_ch4_022,CH4,277.1,2.18,total,none,0,,0.000000,0.000000,0.000000,0.000000,0.000000,0.000000,langservio2015_ch4,Lang & Servio (2015),chromatography,,,0.919,"mole fraction (yCH4, gas/vapor phase)"
CH4_langservio2015_ch4_023,CH4,279.1,1.15,total,none,0,,0.000000,0.000000,0.000000,0.000000,0.000000,0.000000,langservio2015_ch4,Lang & Servio (2015),chromatography,,,0.318,"mole fraction (yCH4, gas/vapor phase)"
CH4_langservio2015_ch4_024,CH4,279.1,1.18,total,none,0,,0.000000,0.000000,0.000000,0.000000,0.000000,0.000000,langservio2015_ch4,Lang & Servio (2015),chromatography,,,0.354,"mole fraction (yCH4, gas/vapor phase)"
CH4_langservio2015_ch4_025,CH4,279.1,1.55,total,none,0,,0.000000,0.000000,0.000000,0.000000,0.000000,0.000000,langservio2015_ch4,Lang & Servio (2015),chromatography,,,0.607,"mole fraction (yCH4, gas/vapor phase)"
CH4_langservio2015_ch4_026,CH4,279.1,1.55,total,none,0,,0.000000,0.000000,0.000000,0.000000,0.000000,0.000000,langservio2015_ch4,Lang & Servio (2015),chromatography,,,0.608,"mole fraction (yCH4, gas/vapor phase)"
CH4_langservio2015_ch4_027,CH4,279.1,2.01,total,none,0,,0.000000,0.000000,0.000000,0.000000,0.000000,0.000000,langservio2015_ch4,Lang & Servio (2015),chromatography,,,0.779,"mole fraction (yCH4, gas/vapor phase)"
CH4_langservio2015_ch4_028,CH4,279.1,2.03,total,none,0,,0.000000,0.000000,0.000000,0.000000,0.000000,0.000000,langservio2015_ch4,Lang & Servio (2015),chromatography,,,0.783,"mole fraction (yCH4, gas/vapor phase)"
CH4_langservio2015_ch4_029,CH4,279.1,2.3,total,none,0,,0.000000,0.000000,0.000000,0.000000,0.000000,0.000000,langservio2015_ch4,Lang & Servio (2015),chromatography,,,0.863,"mole fraction (yCH4, gas/vapor phase)"
CH4_langservio2015_ch4_030,CH4,279.1,2.32,total,none,0,,0.000000,0.000000,0.000000,0.000000,0.000000,0.000000,langservio2015_ch4,Lang & Servio (2015),chromatography,,,0.866,"mole fraction (yCH4, gas/vapor phase)"
CH4_langservio2015_ch4_031,CH4,279.1,2.86,total,none,0,,0.000000,0.000000,0.000000,0.000000,0.000000,0.000000,langservio2015_ch4,Lang & Servio (2015),chromatography,,,0.932,"mole fraction (yCH4, gas/vapor phase)"
CH4_langservio2015_ch4_032,CH4,279.1,2.87,total,none,0,,0.000000,0.000000,0.000000,0.000000,0.000000,0.000000,langservio2015_ch4,Lang & Servio (2015),chromatography,,,0.933,"mole fraction (yCH4, gas/vapor phase)"
CH4_mahuang2017_ch4_037,CH4,353.0,30.0,total,mixed,0.23,NaHCO3,,,,,,,mahuang2017_ch4,Ma & Huang (2017),analytical_sampling,,,0.00345,"yH2O, mole fraction of water content in the coexisting gas phase (Table 2 heading)"
CH4_mahuang2017_ch4_038,CH4,353.0,50.0,total,mixed,0.23,NaHCO3,,,,,,,mahuang2017_ch4,Ma & Huang (2017),analytical_sampling,,,0.00302,"yH2O, mole fraction of water content in the coexisting gas phase (Table 2 heading)"
CH4_mahuang2017_ch4_039,CH4,353.0,70.0,total,mixed,0.23,NaHCO3,,,,,,,mahuang2017_ch4,Ma & Huang (2017),analytical_sampling,,,0.00260,"yH2O, mole fraction of water content in the coexisting gas phase (Table 2 heading)"
CH4_mahuang2017_ch4_040,CH4,353.0,90.0,total,mixed,0.23,NaHCO3,,,,,,,mahuang2017_ch4,Ma & Huang (2017),analytical_sampling,,,0.00225,"yH2O, mole fraction of water content in the coexisting gas phase (Table 2 heading)"
CH4_mahuang2017_ch4_041,CH4,353.0,110.0,total,mixed,0.23,NaHCO3,,,,,,,mahuang2017_ch4,Ma & Huang (2017),analytical_sampling,,,0.00190,"yH2O, mole fraction of water content in the coexisting gas phase (Table 2 heading)"
CH4_mahuang2017_ch4_042,CH4,353.0,130.0,total,mixed,0.23,NaHCO3,,,,,,,mahuang2017_ch4,Ma & Huang (2017),analytical_sampling,,,0.00161,"yH2O, mole fraction of water content in the coexisting gas phase (Table 2 heading)"
CH4_mahuang2017_ch4_043,CH4,373.0,30.0,total,mixed,0.23,NaHCO3,,,,,,,mahuang2017_ch4,Ma & Huang (2017),analytical_sampling,,,0.00662,"yH2O, mole fraction of water content in the coexisting gas phase (Table 2 heading)"
CH4_mahuang2017_ch4_044,CH4,373.0,50.0,total,mixed,0.23,NaHCO3,,,,,,,mahuang2017_ch4,Ma & Huang (2017),analytical_sampling,,,0.00519,"yH2O, mole fraction of water content in the coexisting gas phase (Table 2 heading)"
CH4_mahuang2017_ch4_045,CH4,373.0,70.0,total,mixed,0.23,NaHCO3,,,,,,,mahuang2017_ch4,Ma & Huang (2017),analytical_sampling,,,0.00401,"yH2O, mole fraction of water content in the coexisting gas phase (Table 2 heading)"
CH4_mahuang2017_ch4_046,CH4,373.0,90.0,total,mixed,0.23,NaHCO3,,,,,,,mahuang2017_ch4,Ma & Huang (2017),analytical_sampling,,,0.00336,"yH2O, mole fraction of water content in the coexisting gas phase (Table 2 heading)"
CH4_mahuang2017_ch4_047,CH4,373.0,110.0,total,mixed,0.23,NaHCO3,,,,,,,mahuang2017_ch4,Ma & Huang (2017),analytical_sampling,,,0.00295,"yH2O, mole fraction of water content in the coexisting gas phase (Table 2 heading)"
CH4_mahuang2017_ch4_048,CH4,373.0,130.0,total,mixed,0.23,NaHCO3,,,,,,,mahuang2017_ch4,Ma & Huang (2017),analytical_sampling,,,0.00240,"yH2O, mole fraction of water content in the coexisting gas phase (Table 2 heading)"
CH4_mahuang2017_ch4_049,CH4,393.0,30.0,total,mixed,0.23,NaHCO3,,,,,,,mahuang2017_ch4,Ma & Huang (2017),analytical_sampling,,,0.01154,"yH2O, mole fraction of water content in the coexisting gas phase (Table 2 heading)"
CH4_mahuang2017_ch4_050,CH4,393.0,50.0,total,mixed,0.23,NaHCO3,,,,,,,mahuang2017_ch4,Ma & Huang (2017),analytical_sampling,,,0.00803,"yH2O, mole fraction of water content in the coexisting gas phase (Table 2 heading)"
CH4_mahuang2017_ch4_051,CH4,393.0,70.0,total,mixed,0.23,NaHCO3,,,,,,,mahuang2017_ch4,Ma & Huang (2017),analytical_sampling,,,0.00644,"yH2O, mole fraction of water content in the coexisting gas phase (Table 2 heading)"
CH4_mahuang2017_ch4_052,CH4,393.0,90.0,total,mixed,0.23,NaHCO3,,,,,,,mahuang2017_ch4,Ma & Huang (2017),analytical_sampling,,,0.00528,"yH2O, mole fraction of water content in the coexisting gas phase (Table 2 heading)"
CH4_mahuang2017_ch4_053,CH4,393.0,110.0,total,mixed,0.23,NaHCO3,,,,,,,mahuang2017_ch4,Ma & Huang (2017),analytical_sampling,,,0.00452,"yH2O, mole fraction of water content in the coexisting gas phase (Table 2 heading)"
CH4_mahuang2017_ch4_054,CH4,393.0,130.0,total,mixed,0.23,NaHCO3,,,,,,,mahuang2017_ch4,Ma & Huang (2017),analytical_sampling,,,0.00396,"yH2O, mole fraction of water content in the coexisting gas phase (Table 2 heading)"
CH4_mahuang2017_ch4_055,CH4,413.0,30.0,total,mixed,0.23,NaHCO3,,,,,,,mahuang2017_ch4,Ma & Huang (2017),analytical_sampling,,,0.02104,"yH2O, mole fraction of water content in the coexisting gas phase (Table 2 heading)"
CH4_mahuang2017_ch4_056,CH4,413.0,50.0,total,mixed,0.23,NaHCO3,,,,,,,mahuang2017_ch4,Ma & Huang (2017),analytical_sampling,,,0.01359,"yH2O, mole fraction of water content in the coexisting gas phase (Table 2 heading)"
CH4_mahuang2017_ch4_057,CH4,413.0,70.0,total,mixed,0.23,NaHCO3,,,,,,,mahuang2017_ch4,Ma & Huang (2017),analytical_sampling,,,0.01080,"yH2O, mole fraction of water content in the coexisting gas phase (Table 2 heading)"
CH4_mahuang2017_ch4_058,CH4,413.0,90.0,total,mixed,0.23,NaHCO3,,,,,,,mahuang2017_ch4,Ma & Huang (2017),analytical_sampling,,,0.00844,"yH2O, mole fraction of water content in the coexisting gas phase (Table 2 heading)"
CH4_mahuang2017_ch4_059,CH4,413.0,110.0,total,mixed,0.23,NaHCO3,,,,,,,mahuang2017_ch4,Ma & Huang (2017),analytical_sampling,,,0.00767,"yH2O, mole fraction of water content in the coexisting gas phase (Table 2 heading)"
CH4_mahuang2017_ch4_060,CH4,413.0,130.0,total,mixed,0.23,NaHCO3,,,,,,,mahuang2017_ch4,Ma & Huang (2017),analytical_sampling,,,0.00651,"yH2O, mole fraction of water content in the coexisting gas phase (Table 2 heading)"
CH4_mahuang2017_ch4_061,CH4,433.0,30.0,total,mixed,0.23,NaHCO3,,,,,,,mahuang2017_ch4,Ma & Huang (2017),analytical_sampling,,,0.03599,"yH2O, mole fraction of water content in the coexisting gas phase (Table 2 heading)"
CH4_mahuang2017_ch4_062,CH4,433.0,50.0,total,mixed,0.23,NaHCO3,,,,,,,mahuang2017_ch4,Ma & Huang (2017),analytical_sampling,,,0.02323,"yH2O, mole fraction of water content in the coexisting gas phase (Table 2 heading)"
CH4_mahuang2017_ch4_063,CH4,433.0,70.0,total,mixed,0.23,NaHCO3,,,,,,,mahuang2017_ch4,Ma & Huang (2017),analytical_sampling,,,0.01850,"yH2O, mole fraction of water content in the coexisting gas phase (Table 2 heading)"
CH4_mahuang2017_ch4_064,CH4,433.0,90.0,total,mixed,0.23,NaHCO3,,,,,,,mahuang2017_ch4,Ma & Huang (2017),analytical_sampling,,,0.01473,"yH2O, mole fraction of water content in the coexisting gas phase (Table 2 heading)"
CH4_mahuang2017_ch4_065,CH4,433.0,110.0,total,mixed,0.23,NaHCO3,,,,,,,mahuang2017_ch4,Ma & Huang (2017),analytical_sampling,,,0.01237,"yH2O, mole fraction of water content in the coexisting gas phase (Table 2 heading)"
CH4_mahuang2017_ch4_066,CH4,433.0,130.0,total,mixed,0.23,NaHCO3,,,,,,,mahuang2017_ch4,Ma & Huang (2017),analytical_sampling,,,0.01008,"yH2O, mole fraction of water content in the coexisting gas phase (Table 2 heading)"
CH4_mahuang2017_ch4_067,CH4,453.0,30.0,total,mixed,0.23,NaHCO3,,,,,,,mahuang2017_ch4,Ma & Huang (2017),analytical_sampling,,,0.06047,"yH2O, mole fraction of water content in the coexisting gas phase (Table 2 heading)"
CH4_mahuang2017_ch4_068,CH4,453.0,50.0,total,mixed,0.23,NaHCO3,,,,,,,mahuang2017_ch4,Ma & Huang (2017),analytical_sampling,,,0.03769,"yH2O, mole fraction of water content in the coexisting gas phase (Table 2 heading)"
CH4_mahuang2017_ch4_069,CH4,453.0,70.0,total,mixed,0.23,NaHCO3,,,,,,,mahuang2017_ch4,Ma & Huang (2017),analytical_sampling,,,0.02793,"yH2O, mole fraction of water content in the coexisting gas phase (Table 2 heading)"
CH4_mahuang2017_ch4_070,CH4,453.0,90.0,total,mixed,0.23,NaHCO3,,,,,,,mahuang2017_ch4,Ma & Huang (2017),analytical_sampling,,,0.02296,"yH2O, mole fraction of water content in the coexisting gas phase (Table 2 heading)"
CH4_mahuang2017_ch4_071,CH4,453.0,110.0,total,mixed,0.23,NaHCO3,,,,,,,mahuang2017_ch4,Ma & Huang (2017),analytical_sampling,,,0.01870,"yH2O, mole fraction of water content in the coexisting gas phase (Table 2 heading)"
CH4_mahuang2017_ch4_072,CH4,453.0,130.0,total,mixed,0.23,NaHCO3,,,,,,,mahuang2017_ch4,Ma & Huang (2017),analytical_sampling,,,0.01515,"yH2O, mole fraction of water content in the coexisting gas phase (Table 2 heading)"
CH4_mckettakatz1948_ch4_001,CH4,310.9278,4.35059167,total,none,0,,0.000000,0.000000,0.000000,0.000000,0.000000,0.000000,mckettakatz1948_ch4,McKetta & Katz (1948),analytical_sampling,,,0.00184,y(H2O) mole fraction water in the V phase (Table II)
CH4_mckettakatz1948_ch4_002,CH4,310.9278,4.35059167,total,none,0,,0.000000,0.000000,0.000000,0.000000,0.000000,0.000000,mckettakatz1948_ch4,McKetta & Katz (1948),analytical_sampling,,,0.000838,y(H2O) mole fraction water in the Lh phase (Table II)
CH4_mckettakatz1948_ch4_003,CH4,310.9278,1.39274091,total,none,0,,0.000000,0.000000,0.000000,0.000000,0.000000,0.000000,mckettakatz1948_ch4,McKetta & Katz (1948),analytical_sampling,,,0.00508,y(H2O) mole fraction water in the V phase (Table II)
CH4_mckettakatz1948_ch4_004,CH4,310.9278,1.39274091,total,none,0,,0.000000,0.000000,0.000000,0.000000,0.000000,0.000000,mckettakatz1948_ch4,McKetta & Katz (1948),analytical_sampling,,,0.000654,y(H2O) mole fraction water in the Lh phase (Table II)
CH4_mckettakatz1948_ch4_005,CH4,310.9278,9.69402834,total,none,0,,0.000000,0.000000,0.000000,0.000000,0.000000,0.000000,mckettakatz1948_ch4,McKetta & Katz (1948),analytical_sampling,,,0.001028,y(H2O) mole fraction water in the V phase (Table II)
CH4_mckettakatz1948_ch4_006,CH4,310.9278,9.69402834,total,none,0,,0.000000,0.000000,0.000000,0.000000,0.000000,0.000000,mckettakatz1948_ch4,McKetta & Katz (1948),analytical_sampling,,,0.000864,y(H2O) mole fraction water in the Lh phase (Table II)
CH4_mckettakatz1948_ch4_007,CH4,310.9278,6.7499671,total,none,0,,0.000000,0.000000,0.000000,0.000000,0.000000,0.000000,mckettakatz1948_ch4,McKetta & Katz (1948),analytical_sampling,,,0.001315,y(H2O) mole fraction water in the V phase (Table II)
CH4_mckettakatz1948_ch4_008,CH4,310.9278,6.7499671,total,none,0,,0.000000,0.000000,0.000000,0.000000,0.000000,0.000000,mckettakatz1948_ch4,McKetta & Katz (1948),analytical_sampling,,,0.000871,y(H2O) mole fraction water in the Lh phase (Table II)
CH4_mckettakatz1948_ch4_009,CH4,310.9278,3.26811482,total,none,0,,0.000000,0.000000,0.000000,0.000000,0.000000,0.000000,mckettakatz1948_ch4,McKetta & Katz (1948),analytical_sampling,,,0.002315,y(H2O) mole fraction water in the V phase (Table II)
CH4_mckettakatz1948_ch4_010,CH4,310.9278,3.26811482,total,none,0,,0.000000,0.000000,0.000000,0.000000,0.000000,0.000000,mckettakatz1948_ch4,McKetta & Katz (1948),analytical_sampling,,,0.000809,y(H2O) mole fraction water in the Lh phase (Table II)
CH4_mckettakatz1948_ch4_011,CH4,310.9278,1.46168848,total,none,0,,0.000000,0.000000,0.000000,0.000000,0.000000,0.000000,mckettakatz1948_ch4,McKetta & Katz (1948),analytical_sampling,,,0.00485,y(H2O) mole fraction water in the V phase (Table II)
CH4_mckettakatz1948_ch4_012,CH4,310.9278,1.46168848,total,none,0,,0.000000,0.000000,0.000000,0.000000,0.000000,0.000000,mckettakatz1948_ch4,McKetta & Katz (1948),analytical_sampling,,,0.000692,y(H2O) mole fraction water in the Lh phase (Table II)
CH4_mckettakatz1948_ch4_013,CH4,310.9278,12.67256337,total,none,0,,0.000000,0.000000,0.000000,0.000000,0.000000,0.000000,mckettakatz1948_ch4,McKetta & Katz (1948),analytical_sampling,,,0.000858,y(H2O) mole fraction water in the V phase (Table II)
CH4_mckettakatz1948_ch4_014,CH4,310.9278,12.67256337,total,none,0,,0.000000,0.000000,0.000000,0.000000,0.000000,0.000000,mckettakatz1948_ch4,McKetta & Katz (1948),analytical_sampling,,,0.000824,y(H2O) mole fraction water in the Lh phase (Table II)
CH4_mckettakatz1948_ch4_015,CH4,310.9278,13.1000383,total,none,0,,0.000000,0.000000,0.000000,0.000000,0.000000,0.000000,mckettakatz1948_ch4,McKetta & Katz (1948),analytical_sampling,,,0.0008405,y(H2O) mole fraction water in the V phase (Table II)
CH4_mckettakatz1948_ch4_016,CH4,310.9278,13.1000383,total,none,0,,0.000000,0.000000,0.000000,0.000000,0.000000,0.000000,mckettakatz1948_ch4,McKetta & Katz (1948),analytical_sampling,,,0.000831,y(H2O) mole fraction water in the Lh phase (Table II)
CH4_mckettakatz1948_ch4_017,CH4,310.9278,13.16898587,total,none,0,,0.000000,0.000000,0.000000,0.000000,0.000000,0.000000,mckettakatz1948_ch4,McKetta & Katz (1948),analytical_sampling,,,0.000831,y(H2O) mole fraction water in the V phase (Table II)
CH4_mckettakatz1948_ch4_018,CH4,310.9278,13.16898587,total,none,0,,0.000000,0.000000,0.000000,0.000000,0.000000,0.000000,mckettakatz1948_ch4,McKetta & Katz (1948),analytical_sampling,,,0.000832,y(H2O) mole fraction water in the Lh phase (Table II)
CH4_mckettakatz1948_ch4_019,CH4,310.9278,13.18277538,total,none,0,,0.000000,0.000000,0.000000,0.000000,0.000000,0.000000,mckettakatz1948_ch4,McKetta & Katz (1948),analytical_sampling,,,0.000835,y(H2O) mole fraction water in the V phase (Table II)
CH4_mckettakatz1948_ch4_020,CH4,310.9278,13.18277538,total,none,0,,0.000000,0.000000,0.000000,0.000000,0.000000,0.000000,mckettakatz1948_ch4,McKetta & Katz (1948),analytical_sampling,,,0.000835,y(H2O) mole fraction water in the Lh phase (Table II)
CH4_mckettakatz1948_ch4_021,CH4,310.9278,12.96214316,total,none,0,,0.000000,0.000000,0.000000,0.000000,0.000000,0.000000,mckettakatz1948_ch4,McKetta & Katz (1948),analytical_sampling,,,0.000841,y(H2O) mole fraction water in the V phase (Table II)
CH4_mckettakatz1948_ch4_022,CH4,310.9278,12.96214316,total,none,0,,0.000000,0.000000,0.000000,0.000000,0.000000,0.000000,mckettakatz1948_ch4,McKetta & Katz (1948),analytical_sampling,,,0.000828,y(H2O) mole fraction water in the Lh phase (Table II)
CH4_mckettakatz1948_ch4_023,CH4,310.9278,8.41160354,total,none,0,,0.000000,0.000000,0.000000,0.000000,0.000000,0.000000,mckettakatz1948_ch4,McKetta & Katz (1948),analytical_sampling,,,0.00106,y(H2O) mole fraction water in the V phase (Table II)
CH4_mckettakatz1948_ch4_024,CH4,310.9278,8.41160354,total,none,0,,0.000000,0.000000,0.000000,0.000000,0.000000,0.000000,mckettakatz1948_ch4,McKetta & Katz (1948),analytical_sampling,,,0.00082,y(H2O) mole fraction water in the Lh phase (Table II)
CH4_mckettakatz1948_ch4_025,CH4,344.2611,11.60387603,total,none,0,,0.000000,0.000000,0.000000,0.000000,0.000000,0.000000,mckettakatz1948_ch4,McKetta & Katz (1948),analytical_sampling,,,0.0038,y(H2O) mole fraction water in the V phase (Table III)
CH4_mckettakatz1948_ch4_026,CH4,344.2611,11.60387603,total,none,0,,0.000000,0.000000,0.000000,0.000000,0.000000,0.000000,mckettakatz1948_ch4,McKetta & Katz (1948),analytical_sampling,,,0.0035,y(H2O) mole fraction water in the Lh phase (Table III)
CH4_mckettakatz1948_ch4_027,CH4,344.2611,10.1973456,total,none,0,,0.000000,0.000000,0.000000,0.000000,0.000000,0.000000,mckettakatz1948_ch4,McKetta & Katz (1948),analytical_sampling,,,0.004295,y(H2O) mole fraction water in the V phase (Table III)
CH4_mckettakatz1948_ch4_028,CH4,344.2611,10.1973456,total,none,0,,0.000000,0.000000,0.000000,0.000000,0.000000,0.000000,mckettakatz1948_ch4,McKetta & Katz (1948),analytical_sampling,,,0.0035,y(H2O) mole fraction water in the Lh phase (Table III)
CH4_mckettakatz1948_ch4_029,CH4,344.2611,7.04644165,total,none,0,,0.000000,0.000000,0.000000,0.000000,0.000000,0.000000,mckettakatz1948_ch4,McKetta & Katz (1948),analytical_sampling,,,0.00539,y(H2O) mole fraction water in the V phase (Table III)
CH4_mckettakatz1948_ch4_030,CH4,344.2611,7.04644165,total,none,0,,0.000000,0.000000,0.000000,0.000000,0.000000,0.000000,mckettakatz1948_ch4,McKetta & Katz (1948),analytical_sampling,,,0.00309,y(H2O) mole fraction water in the Lh phase (Table III)
CH4_mckettakatz1948_ch4_031,CH4,344.2611,3.68869499,total,none,0,,0.000000,0.000000,0.000000,0.000000,0.000000,0.000000,mckettakatz1948_ch4,McKetta & Katz (1948),analytical_sampling,,,0.0030,y(H2O) mole fraction water in the Lh phase (Table III)
CH4_mckettakatz1948_ch4_032,CH4,344.2611,1.32379334,total,none,0,,0.000000,0.000000,0.000000,0.000000,0.000000,0.000000,mckettakatz1948_ch4,McKetta & Katz (1948),analytical_sampling,,,0.02210,y(H2O) mole fraction water in the V phase (Table III)
CH4_mckettakatz1948_ch4_033,CH4,344.2611,1.32379334,total,none,0,,0.000000,0.000000,0.000000,0.000000,0.000000,0.000000,mckettakatz1948_ch4,McKetta & Katz (1948),analytical_sampling,,,0.00242,y(H2O) mole fraction water in the Lh phase (Table III)
CH4_mckettakatz1948_ch4_034,CH4,344.2611,11.27292769,total,none,0,,0.000000,0.000000,0.000000,0.000000,0.000000,0.000000,mckettakatz1948_ch4,McKetta & Katz (1948),analytical_sampling,,,0.00398,y(H2O) mole fraction water in the V phase (Table III)
CH4_mckettakatz1948_ch4_035,CH4,344.2611,11.27292769,total,none,0,,0.000000,0.000000,0.000000,0.000000,0.000000,0.000000,mckettakatz1948_ch4,McKetta & Katz (1948),analytical_sampling,,,0.00352,y(H2O) mole fraction water in the Lh phase (Table III)
CH4_mckettakatz1948_ch4_036,CH4,344.2611,11.92103485,total,none,0,,0.000000,0.000000,0.000000,0.000000,0.000000,0.000000,mckettakatz1948_ch4,McKetta & Katz (1948),analytical_sampling,,,0.00366,y(H2O) mole fraction water in the V phase (Table III)
CH4_mckettakatz1948_ch4_037,CH4,344.2611,11.92103485,total,none,0,,0.000000,0.000000,0.000000,0.000000,0.000000,0.000000,mckettakatz1948_ch4,McKetta & Katz (1948),analytical_sampling,,,0.00355,y(H2O) mole fraction water in the Lh phase (Table III)
CH4_mckettakatz1948_ch4_038,CH4,344.2611,7.24638961,total,none,0,,0.000000,0.000000,0.000000,0.000000,0.000000,0.000000,mckettakatz1948_ch4,McKetta & Katz (1948),analytical_sampling,,,0.00538,y(H2O) mole fraction water in the V phase (Table III)
CH4_mckettakatz1948_ch4_039,CH4,344.2611,7.24638961,total,none,0,,0.000000,0.000000,0.000000,0.000000,0.000000,0.000000,mckettakatz1948_ch4,McKetta & Katz (1948),analytical_sampling,,,0.00327,y(H2O) mole fraction water in the Lh phase (Table III)
CH4_mckettakatz1948_ch4_040,CH4,344.2611,12.38298357,total,none,0,,0.000000,0.000000,0.000000,0.000000,0.000000,0.000000,mckettakatz1948_ch4,McKetta & Katz (1948),analytical_sampling,,,0.00354,y(H2O) mole fraction water in the V phase (Table III)
CH4_mckettakatz1948_ch4_041,CH4,344.2611,12.38298357,total,none,0,,0.000000,0.000000,0.000000,0.000000,0.000000,0.000000,mckettakatz1948_ch4,McKetta & Katz (1948),analytical_sampling,,,0.00370,y(H2O) mole fraction water in the Lh phase (Table III)
CH4_mckettakatz1948_ch4_042,CH4,344.2611,4.16443323,total,none,0,,0.000000,0.000000,0.000000,0.000000,0.000000,0.000000,mckettakatz1948_ch4,McKetta & Katz (1948),analytical_sampling,,,0.00782,y(H2O) mole fraction water in the V phase (Table III)
CH4_mckettakatz1948_ch4_043,CH4,344.2611,4.16443323,total,none,0,,0.000000,0.000000,0.000000,0.000000,0.000000,0.000000,mckettakatz1948_ch4,McKetta & Katz (1948),analytical_sampling,,,0.00280,y(H2O) mole fraction water in the Lh phase (Table III)
CH4_mckettakatz1948_ch4_044,CH4,344.2611,12.47951017,total,none,0,,0.000000,0.000000,0.000000,0.000000,0.000000,0.000000,mckettakatz1948_ch4,McKetta & Katz (1948),analytical_sampling,,,0.00359,y(H2O) mole fraction water in the V phase (Table III)
CH4_mckettakatz1948_ch4_045,CH4,344.2611,12.47951017,total,none,0,,0.000000,0.000000,0.000000,0.000000,0.000000,0.000000,mckettakatz1948_ch4,McKetta & Katz (1948),analytical_sampling,,,0.00360,y(H2O) mole fraction water in the Lh phase (Table III)
CH4_mckettakatz1948_ch4_046,CH4,377.5944,8.55639344,total,none,0,,0.000000,0.000000,0.000000,0.000000,0.000000,0.000000,mckettakatz1948_ch4,McKetta & Katz (1948),analytical_sampling,,,0.01535,y(H2O) mole fraction water in the V phase (Table IV)
CH4_mckettakatz1948_ch4_047,CH4,377.5944,8.55639344,total,none,0,,0.000000,0.000000,0.000000,0.000000,0.000000,0.000000,mckettakatz1948_ch4,McKetta & Katz (1948),analytical_sampling,,,0.01238,y(H2O) mole fraction water in the Lh phase (Table IV)
CH4_mckettakatz1948_ch4_048,CH4,377.5944,9.07350021,total,none,0,,0.000000,0.000000,0.000000,0.000000,0.000000,0.000000,mckettakatz1948_ch4,McKetta & Katz (1948),analytical_sampling,,,0.01485,y(H2O) mole fraction water in the V phase (Table IV)
CH4_mckettakatz1948_ch4_049,CH4,377.5944,9.07350021,total,none,0,,0.000000,0.000000,0.000000,0.000000,0.000000,0.000000,mckettakatz1948_ch4,McKetta & Katz (1948),analytical_sampling,,,0.01255,y(H2O) mole fraction water in the Lh phase (Table IV)
CH4_mckettakatz1948_ch4_050,CH4,377.5944,7.34981096,total,none,0,,0.000000,0.000000,0.000000,0.000000,0.000000,0.000000,mckettakatz1948_ch4,McKetta & Katz (1948),analytical_sampling,,,0.01148,y(H2O) mole fraction water in the Lh phase (Table IV)
CH4_mckettakatz1948_ch4_051,CH4,377.5944,5.89501724,total,none,0,,0.000000,0.000000,0.000000,0.000000,0.000000,0.000000,mckettakatz1948_ch4,McKetta & Katz (1948),analytical_sampling,,,0.02145,y(H2O) mole fraction water in the V phase (Table IV)
CH4_mckettakatz1948_ch4_052,CH4,377.5944,5.89501724,total,none,0,,0.000000,0.000000,0.000000,0.000000,0.000000,0.000000,mckettakatz1948_ch4,McKetta & Katz (1948),analytical_sampling,,,0.01108,y(H2O) mole fraction water in the Lh phase (Table IV)
CH4_mckettakatz1948_ch4_053,CH4,377.5944,3.4473785,total,none,0,,0.000000,0.000000,0.000000,0.000000,0.000000,0.000000,mckettakatz1948_ch4,McKetta & Katz (1948),analytical_sampling,,,0.0324,y(H2O) mole fraction water in the V phase (Table IV)
CH4_mckettakatz1948_ch4_054,CH4,377.5944,3.4473785,total,none,0,,0.000000,0.000000,0.000000,0.000000,0.000000,0.000000,mckettakatz1948_ch4,McKetta & Katz (1948),analytical_sampling,,,0.0098,y(H2O) mole fraction water in the Lh phase (Table IV)
CH4_mckettakatz1948_ch4_055,CH4,377.5944,2.33042787,total,none,0,,0.000000,0.000000,0.000000,0.000000,0.000000,0.000000,mckettakatz1948_ch4,McKetta & Katz (1948),analytical_sampling,,,0.04365,y(H2O) mole fraction water in the V phase (Table IV)
CH4_mckettakatz1948_ch4_056,CH4,377.5944,2.33042787,total,none,0,,0.000000,0.000000,0.000000,0.000000,0.000000,0.000000,mckettakatz1948_ch4,McKetta & Katz (1948),analytical_sampling,,,0.00882,y(H2O) mole fraction water in the Lh phase (Table IV)
CH4_mckettakatz1948_ch4_057,CH4,377.5944,10.48003064,total,none,0,,0.000000,0.000000,0.000000,0.000000,0.000000,0.000000,mckettakatz1948_ch4,McKetta & Katz (1948),analytical_sampling,,,0.01298,y(H2O) mole fraction water in the V phase (Table IV)
CH4_mckettakatz1948_ch4_058,CH4,377.5944,10.48003064,total,none,0,,0.000000,0.000000,0.000000,0.000000,0.000000,0.000000,mckettakatz1948_ch4,McKetta & Katz (1948),analytical_sampling,,,0.01288,y(H2O) mole fraction water in the Lh phase (Table IV)
CH4_mckettakatz1948_ch4_059,CH4,377.5944,10.06634522,total,none,0,,0.000000,0.000000,0.000000,0.000000,0.000000,0.000000,mckettakatz1948_ch4,McKetta & Katz (1948),analytical_sampling,,,0.0136,y(H2O) mole fraction water in the V phase (Table IV)
CH4_mckettakatz1948_ch4_060,CH4,377.5944,10.06634522,total,none,0,,0.000000,0.000000,0.000000,0.000000,0.000000,0.000000,mckettakatz1948_ch4,McKetta & Katz (1948),analytical_sampling,,,0.01172,y(H2O) mole fraction water in the Lh phase (Table IV)
CH4_mckettakatz1948_ch4_061,CH4,377.5944,4.48848681,total,none,0,,0.000000,0.000000,0.000000,0.000000,0.000000,0.000000,mckettakatz1948_ch4,McKetta & Katz (1948),analytical_sampling,,,0.0287,y(H2O) mole fraction water in the V phase (Table IV)
CH4_mckettakatz1948_ch4_062,CH4,377.5944,4.48848681,total,none,0,,0.000000,0.000000,0.000000,0.000000,0.000000,0.000000,mckettakatz1948_ch4,McKetta & Katz (1948),analytical_sampling,,,0.102,y(H2O) mole fraction water in the Lh phase (Table IV)
CH4_mckettakatz1948_ch4_063,CH4,377.5944,2.07532186,total,none,0,,0.000000,0.000000,0.000000,0.000000,0.000000,0.000000,mckettakatz1948_ch4,McKetta & Katz (1948),analytical_sampling,,,0.0494,y(H2O) mole fraction water in the V phase (Table IV)
CH4_mckettakatz1948_ch4_064,CH4,377.5944,2.07532186,total,none,0,,0.000000,0.000000,0.000000,0.000000,0.000000,0.000000,mckettakatz1948_ch4,McKetta & Katz (1948),analytical_sampling,,,0.0088,y(H2O) mole fraction water in the Lh phase (Table IV)
CH4_mckettakatz1948_ch4_065,CH4,377.5944,10.33524074,total,none,0,,0.000000,0.000000,0.000000,0.000000,0.000000,0.000000,mckettakatz1948_ch4,McKetta & Katz (1948),analytical_sampling,,,0.01348,y(H2O) mole fraction water in the V phase (Table IV)
CH4_mckettakatz1948_ch4_066,CH4,377.5944,10.33524074,total,none,0,,0.000000,0.000000,0.000000,0.000000,0.000000,0.000000,mckettakatz1948_ch4,McKetta & Katz (1948),analytical_sampling,,,0.01276,y(H2O) mole fraction water in the Lh phase (Table IV)
CH4_mckettakatz1948_ch4_067,CH4,410.9278,4.5850134,total,none,0,,0.000000,0.000000,0.000000,0.000000,0.000000,0.000000,mckettakatz1948_ch4,McKetta & Katz (1948),analytical_sampling,,,0.0606,y(H2O) mole fraction water in the V phase (Table V)
CH4_mckettakatz1948_ch4_068,CH4,410.9278,4.5850134,total,none,0,,0.000000,0.000000,0.000000,0.000000,0.000000,0.000000,mckettakatz1948_ch4,McKetta & Katz (1948),analytical_sampling,,,0.0341,y(H2O) mole fraction water in the Lh phase (Table V)
CH4_mckettakatz1948_ch4_069,CH4,410.9278,6.17080751,total,none,0,,0.000000,0.000000,0.000000,0.000000,0.000000,0.000000,mckettakatz1948_ch4,McKetta & Katz (1948),analytical_sampling,,,0.0485,y(H2O) mole fraction water in the V phase (Table V)
CH4_mckettakatz1948_ch4_070,CH4,410.9278,6.17080751,total,none,0,,0.000000,0.000000,0.000000,0.000000,0.000000,0.000000,mckettakatz1948_ch4,McKetta & Katz (1948),analytical_sampling,,,0.04285,y(H2O) mole fraction water in the Lh phase (Table V)
CH4_mckettakatz1948_ch4_071,CH4,410.9278,4.96422504,total,none,0,,0.000000,0.000000,0.000000,0.000000,0.000000,0.000000,mckettakatz1948_ch4,McKetta & Katz (1948),analytical_sampling,,,0.05725,y(H2O) mole fraction water in the V phase (Table V)
CH4_mckettakatz1948_ch4_072,CH4,410.9278,4.96422504,total,none,0,,0.000000,0.000000,0.000000,0.000000,0.000000,0.000000,mckettakatz1948_ch4,McKetta & Katz (1948),analytical_sampling,,,0.03705,y(H2O) mole fraction water in the Lh phase (Table V)
CH4_mckettakatz1948_ch4_073,CH4,410.9278,3.4473785,total,none,0,,0.000000,0.000000,0.000000,0.000000,0.000000,0.000000,mckettakatz1948_ch4,McKetta & Katz (1948),analytical_sampling,,,0.0718,y(H2O) mole fraction water in the V phase (Table V)
CH4_mckettakatz1948_ch4_074,CH4,410.9278,3.4473785,total,none,0,,0.000000,0.000000,0.000000,0.000000,0.000000,0.000000,mckettakatz1948_ch4,McKetta & Katz (1948),analytical_sampling,,,0.0274,y(H2O) mole fraction water in the Lh phase (Table V)
CH4_mckettakatz1948_ch4_075,CH4,410.9278,6.53622964,total,none,0,,0.000000,0.000000,0.000000,0.000000,0.000000,0.000000,mckettakatz1948_ch4,McKetta & Katz (1948),analytical_sampling,,,0.0439,y(H2O) mole fraction water in the V phase (Table V)
CH4_mckettakatz1948_ch4_076,CH4,410.9278,6.53622964,total,none,0,,0.000000,0.000000,0.000000,0.000000,0.000000,0.000000,mckettakatz1948_ch4,McKetta & Katz (1948),analytical_sampling,,,0.0456,y(H2O) mole fraction water in the Lh phase (Table V)
CH4_mckettakatz1948_ch4_077,CH4,410.9278,5.55027938,total,none,0,,0.000000,0.000000,0.000000,0.000000,0.000000,0.000000,mckettakatz1948_ch4,McKetta & Katz (1948),analytical_sampling,,,0.0536,y(H2O) mole fraction water in the V phase (Table V)
CH4_mckettakatz1948_ch4_078,CH4,410.9278,5.55027938,total,none,0,,0.000000,0.000000,0.000000,0.000000,0.000000,0.000000,mckettakatz1948_ch4,McKetta & Katz (1948),analytical_sampling,,,0.03815,y(H2O) mole fraction water in the Lh phase (Table V)
CH4_mckettakatz1948_ch4_079,CH4,410.9278,4.19201226,total,none,0,,0.000000,0.000000,0.000000,0.000000,0.000000,0.000000,mckettakatz1948_ch4,McKetta & Katz (1948),analytical_sampling,,,0.066,y(H2O) mole fraction water in the V phase (Table V)
CH4_mckettakatz1948_ch4_080,CH4,410.9278,4.19201226,total,none,0,,0.000000,0.000000,0.000000,0.000000,0.000000,0.000000,mckettakatz1948_ch4,McKetta & Katz (1948),analytical_sampling,,,0.0318,y(H2O) mole fraction water in the Lh phase (Table V)
CH4_mckettakatz1948_ch4_081,CH4,310.9278,24.26954464,total,none,0,,0.000000,0.000000,0.000000,0.000000,0.000000,0.000000,mckettakatz1948_ch4,McKetta & Katz (1948),analytical_sampling,,,0.000656,y(H2O) mole fraction water in the Fh phase (Table VI)
CH4_mckettakatz1948_ch4_082,CH4,310.9278,20.65669197,total,none,0,,0.000000,0.000000,0.000000,0.000000,0.000000,0.000000,mckettakatz1948_ch4,McKetta & Katz (1948),analytical_sampling,,,0.00065,y(H2O) mole fraction water in the Fh phase (Table VI)
CH4_mckettakatz1948_ch4_083,CH4,310.9278,13.77572449,total,none,0,,0.000000,0.000000,0.000000,0.000000,0.000000,0.000000,mckettakatz1948_ch4,McKetta & Katz (1948),analytical_sampling,,,0.000804,y(H2O) mole fraction water in the Fh phase (Table VI)
CH4_mckettakatz1948_ch4_084,CH4,310.9278,20.65669197,total,none,0,,0.000000,0.000000,0.000000,0.000000,0.000000,0.000000,mckettakatz1948_ch4,McKetta & Katz (1948),analytical_sampling,,,0.000639,y(H2O) mole fraction water in the Fh phase (Table VI)
CH4_mckettakatz1948_ch4_085,CH4,344.2611,20.80837663,total,none,0,,0.000000,0.000000,0.000000,0.000000,0.000000,0.000000,mckettakatz1948_ch4,McKetta & Katz (1948),analytical_sampling,,,0.00274,y(H2O) mole fraction water in the Fh phase (Table VI)
CH4_mckettakatz1948_ch4_086,CH4,344.2611,14.12046234,total,none,0,,0.000000,0.000000,0.000000,0.000000,0.000000,0.000000,mckettakatz1948_ch4,McKetta & Katz (1948),analytical_sampling,,,0.00328,y(H2O) mole fraction water in the Fh phase (Table VI)
CH4_mckettakatz1948_ch4_087,CH4,344.2611,20.32574364,total,none,0,,0.000000,0.000000,0.000000,0.000000,0.000000,0.000000,mckettakatz1948_ch4,McKetta & Katz (1948),analytical_sampling,,,0.00270,y(H2O) mole fraction water in the Fh phase (Table VI)
CH4_mckettakatz1948_ch4_088,CH4,344.2611,13.70677692,total,none,0,,0.000000,0.000000,0.000000,0.000000,0.000000,0.000000,mckettakatz1948_ch4,McKetta & Katz (1948),analytical_sampling,,,0.00339,y(H2O) mole fraction water in the Fh phase (Table VI)
CH4_mckettakatz1948_ch4_089,CH4,344.2611,20.67048149,total,none,0,,0.000000,0.000000,0.000000,0.000000,0.000000,0.000000,mckettakatz1948_ch4,McKetta & Katz (1948),analytical_sampling,,,0.00254,y(H2O) mole fraction water in the Fh phase (Table VI)
CH4_mckettakatz1948_ch4_090,CH4,344.2611,13.72056643,total,none,0,,0.000000,0.000000,0.000000,0.000000,0.000000,0.000000,mckettakatz1948_ch4,McKetta & Katz (1948),analytical_sampling,,,0.00316,y(H2O) mole fraction water in the Fh phase (Table VI)
CH4_mckettakatz1948_ch4_091,CH4,377.5944,20.67048149,total,none,0,,0.000000,0.000000,0.000000,0.000000,0.000000,0.000000,mckettakatz1948_ch4,McKetta & Katz (1948),analytical_sampling,,,0.00795,y(H2O) mole fraction water in the Fh phase (Table VI)
CH4_mckettakatz1948_ch4_092,CH4,377.5944,13.78261924,total,none,0,,0.000000,0.000000,0.000000,0.000000,0.000000,0.000000,mckettakatz1948_ch4,McKetta & Katz (1948),analytical_sampling,,,0.01056,y(H2O) mole fraction water in the Fh phase (Table VI)
CH4_mckettakatz1948_ch4_093,CH4,377.5944,20.65669197,total,none,0,,0.000000,0.000000,0.000000,0.000000,0.000000,0.000000,mckettakatz1948_ch4,McKetta & Katz (1948),analytical_sampling,,,0.00718,y(H2O) mole fraction water in the Fh phase (Table VI)
CH4_mckettakatz1948_ch4_094,CH4,410.9278,20.67048149,total,none,0,,0.000000,0.000000,0.000000,0.000000,0.000000,0.000000,mckettakatz1948_ch4,McKetta & Katz (1948),analytical_sampling,,,0.0193,y(H2O) mole fraction water in the Fh phase (Table VI)
CH4_mckettakatz1948_ch4_095,CH4,410.9278,13.78261924,total,none,0,,0.000000,0.000000,0.000000,0.000000,0.000000,0.000000,mckettakatz1948_ch4,McKetta & Katz (1948),analytical_sampling,,,0.0253,y(H2O) mole fraction water in the Fh phase (Table VI)
CH4_mckettakatz1948_ch4_096,CH4,410.9278,20.67048149,total,none,0,,0.000000,0.000000,0.000000,0.000000,0.000000,0.000000,mckettakatz1948_ch4,McKetta & Katz (1948),analytical_sampling,,,0.0177,y(H2O) mole fraction water in the Fh phase (Table VI)
CH4_mohammadi2004_ch4_001,CH4,282.98,1.147,total,none,0,,0.000000,0.000000,0.000000,0.000000,0.000000,0.000000,mohammadi2004_ch4,Mohammadi et al. (2004),analytical_sampling,from_compilation,0.001143,0.001143,y_H2O mole fraction
CH4_mohammadi2004_ch4_002,CH4,283.08,1.005,total,none,0,,0.000000,0.000000,0.000000,0.000000,0.000000,0.000000,mohammadi2004_ch4,Mohammadi et al. (2004),analytical_sampling,from_compilation,0.00124,0.00124,y_H2O mole fraction
CH4_mohammadi2004_ch4_003,CH4,283.15,1.003,total,none,0,,0.000000,0.000000,0.000000,0.000000,0.000000,0.000000,mohammadi2004_ch4,Mohammadi et al. (2004),analytical_sampling,from_compilation,0.00126,0.00126,y_H2O mole fraction
CH4_mohammadi2004_ch4_004,CH4,288.11,1.0,total,none,0,,0.000000,0.000000,0.000000,0.000000,0.000000,0.000000,mohammadi2004_ch4,Mohammadi et al. (2004),analytical_sampling,from_compilation,0.00178,0.00178,y_H2O mole fraction
CH4_mohammadi2004_ch4_005,CH4,288.15,1.005,total,none,0,,0.000000,0.000000,0.000000,0.000000,0.000000,0.000000,mohammadi2004_ch4,Mohammadi et al. (2004),analytical_sampling,from_compilation,0.00177,0.00177,y_H2O mole fraction
CH4_mohammadi2004_ch4_006,CH4,293.01,0.51,total,none,0,,0.000000,0.000000,0.000000,0.000000,0.000000,0.000000,mohammadi2004_ch4,Mohammadi et al. (2004),analytical_sampling,from_compilation,0.00464,0.00464,y_H2O mole fraction
CH4_mohammadi2004_ch4_007,CH4,293.01,0.992,total,none,0,,0.000000,0.000000,0.000000,0.000000,0.000000,0.000000,mohammadi2004_ch4,Mohammadi et al. (2004),analytical_sampling,from_compilation,0.00241,0.00241,y_H2O mole fraction
CH4_mohammadi2004_ch4_008,CH4,293.01,2.051,total,none,0,,0.000000,0.000000,0.000000,0.000000,0.000000,0.000000,mohammadi2004_ch4,Mohammadi et al. (2004),analytical_sampling,from_compilation,0.00117,0.00117,y_H2O mole fraction
CH4_mohammadi2004_ch4_009,CH4,293.11,0.99,total,none,0,,0.000000,0.000000,0.000000,0.000000,0.000000,0.000000,mohammadi2004_ch4,Mohammadi et al. (2004),analytical_sampling,from_compilation,0.0024,0.0024,y_H2O mole fraction
CH4_mohammadi2004_ch4_010,CH4,297.97,0.563,total,none,0,,0.000000,0.000000,0.000000,0.000000,0.000000,0.000000,mohammadi2004_ch4,Mohammadi et al. (2004),analytical_sampling,from_compilation,0.00569,0.00569,y_H2O mole fraction
CH4_mohammadi2004_ch4_011,CH4,298.0,1.697,total,none,0,,0.000000,0.000000,0.000000,0.000000,0.000000,0.000000,mohammadi2004_ch4,Mohammadi et al. (2004),analytical_sampling,from_compilation,0.001959,0.001959,y_H2O mole fraction
CH4_mohammadi2004_ch4_012,CH4,298.01,0.608,total,none,0,,0.000000,0.000000,0.000000,0.000000,0.000000,0.000000,mohammadi2004_ch4,Mohammadi et al. (2004),analytical_sampling,from_compilation,0.005193,0.005193,y_H2O mole fraction
CH4_mohammadi2004_ch4_013,CH4,298.01,2.846,total,none,0,,0.000000,0.000000,0.000000,0.000000,0.000000,0.000000,mohammadi2004_ch4,Mohammadi et al. (2004),analytical_sampling,from_compilation,0.001218,0.001218,y_H2O mole fraction
CH4_mohammadi2004_ch4_014,CH4,298.11,1.01,total,none,0,,0.000000,0.000000,0.000000,0.000000,0.000000,0.000000,mohammadi2004_ch4,Mohammadi et al. (2004),analytical_sampling,from_compilation,0.00327,0.00327,y_H2O mole fraction
CH4_mohammadi2004_ch4_015,CH4,303.11,1.03,total,none,0,,0.000000,0.000000,0.000000,0.000000,0.000000,0.000000,mohammadi2004_ch4,Mohammadi et al. (2004),analytical_sampling,from_compilation,0.0044,0.0044,y_H2O mole fraction
CH4_mohammadi2004_ch4_016,CH4,308.11,0.99,total,none,0,,0.000000,0.000000,0.000000,0.000000,0.000000,0.000000,mohammadi2004_ch4,Mohammadi et al. (2004),analytical_sampling,from_compilation,0.00582,0.00582,y_H2O mole fraction
CH4_mohammadi2004_ch4_017,CH4,313.12,1.09,total,none,0,,0.000000,0.000000,0.000000,0.000000,0.000000,0.000000,mohammadi2004_ch4,Mohammadi et al. (2004),analytical_sampling,from_compilation,0.00734,0.00734,y_H2O mole fraction
CH4_olds1942_ch4_001,CH4,310.9278,13.7157401,total,none,0,,0.000000,0.000000,0.000000,0.000000,0.000000,0.000000,olds1942_ch4,"Olds, Sage & Lacey (1942)",analytical_sampling,,0.000671,0.671,"mole fraction of water in the dew-point gas, PRINTED as value x10^3 (Table I footnote b); banked mole fraction = printed x 1e-3"
CH4_olds1942_ch4_002,CH4,310.9278,13.48545522,total,none,0,,0.000000,0.000000,0.000000,0.000000,0.000000,0.000000,olds1942_ch4,"Olds, Sage & Lacey (1942)",analytical_sampling,,0.000671,0.671,"mole fraction of water in the dew-point gas, PRINTED as value x10^3 (Table I footnote b); banked mole fraction = printed x 1e-3"
CH4_olds1942_ch4_003,CH4,310.9278,20.86215573,total,none,0,,0.000000,0.000000,0.000000,0.000000,0.000000,0.000000,olds1942_ch4,"Olds, Sage & Lacey (1942)",analytical_sampling,,0.00063,0.630,"mole fraction of water in the dew-point gas, PRINTED as value x10^3 (Table I footnote b); banked mole fraction = printed x 1e-3"
CH4_olds1942_ch4_004,CH4,310.9278,20.81802929,total,none,0,,0.000000,0.000000,0.000000,0.000000,0.000000,0.000000,olds1942_ch4,"Olds, Sage & Lacey (1942)",analytical_sampling,,0.000645,0.645,"mole fraction of water in the dew-point gas, PRINTED as value x10^3 (Table I footnote b); banked mole fraction = printed x 1e-3"
CH4_olds1942_ch4_005,CH4,310.9278,8.61568835,total,none,0,,0.000000,0.000000,0.000000,0.000000,0.000000,0.000000,olds1942_ch4,"Olds, Sage & Lacey (1942)",analytical_sampling,,0.001467,1.467,"mole fraction of water in the dew-point gas, PRINTED as value x10^3 (Table I footnote b); banked mole fraction = printed x 1e-3"
CH4_olds1942_ch4_006,CH4,310.9278,8.31094009,total,none,0,,0.000000,0.000000,0.000000,0.000000,0.000000,0.000000,olds1942_ch4,"Olds, Sage & Lacey (1942)",analytical_sampling,,0.001278,1.278,"mole fraction of water in the dew-point gas, PRINTED as value x10^3 (Table I footnote b); banked mole fraction = printed x 1e-3"
CH4_olds1942_ch4_007,CH4,310.9278,41.7119009,total,none,0,,0.000000,0.000000,0.000000,0.000000,0.000000,0.000000,olds1942_ch4,"Olds, Sage & Lacey (1942)",analytical_sampling,,0.000484,0.484,"mole fraction of water in the dew-point gas, PRINTED as value x10^3 (Table I footnote b); banked mole fraction = printed x 1e-3"
CH4_olds1942_ch4_008,CH4,310.9278,34.66476977,total,none,0,,0.000000,0.000000,0.000000,0.000000,0.000000,0.000000,olds1942_ch4,"Olds, Sage & Lacey (1942)",analytical_sampling,,0.000506,0.506,"mole fraction of water in the dew-point gas, PRINTED as value x10^3 (Table I footnote b); banked mole fraction = printed x 1e-3"
CH4_olds1942_ch4_009,CH4,310.9278,27.91756057,total,none,0,,0.000000,0.000000,0.000000,0.000000,0.000000,0.000000,olds1942_ch4,"Olds, Sage & Lacey (1942)",analytical_sampling,,0.000423,0.423,"mole fraction of water in the dew-point gas, PRINTED as value x10^3 (Table I footnote b); banked mole fraction = printed x 1e-3"
CH4_olds1942_ch4_010,CH4,310.9278,62.3451507,total,none,0,,0.000000,0.000000,0.000000,0.000000,0.000000,0.000000,olds1942_ch4,"Olds, Sage & Lacey (1942)",analytical_sampling,,0.000408,0.408,"mole fraction of water in the dew-point gas, PRINTED as value x10^3 (Table I footnote b); banked mole fraction = printed x 1e-3"
CH4_olds1942_ch4_011,CH4,310.9278,55.36283028,total,none,0,,0.000000,0.000000,0.000000,0.000000,0.000000,0.000000,olds1942_ch4,"Olds, Sage & Lacey (1942)",analytical_sampling,,0.000427,0.427,"mole fraction of water in the dew-point gas, PRINTED as value x10^3 (Table I footnote b); banked mole fraction = printed x 1e-3"
CH4_olds1942_ch4_012,CH4,310.9278,48.52185239,total,none,0,,0.000000,0.000000,0.000000,0.000000,0.000000,0.000000,olds1942_ch4,"Olds, Sage & Lacey (1942)",analytical_sampling,,0.000423,0.423,"mole fraction of water in the dew-point gas, PRINTED as value x10^3 (Table I footnote b); banked mole fraction = printed x 1e-3"
CH4_olds1942_ch4_013,CH4,344.2611,68.15467295,total,none,0,,0.000000,0.000000,0.000000,0.000000,0.000000,0.000000,olds1942_ch4,"Olds, Sage & Lacey (1942)",analytical_sampling,,0.001692,1.692,"mole fraction of water in the dew-point gas, PRINTED as value x10^3 (Table I footnote b); banked mole fraction = printed x 1e-3"
CH4_olds1942_ch4_014,CH4,344.2611,41.79394851,total,none,0,,0.000000,0.000000,0.000000,0.000000,0.000000,0.000000,olds1942_ch4,"Olds, Sage & Lacey (1942)",analytical_sampling,,0.00189,1.890,"mole fraction of water in the dew-point gas, PRINTED as value x10^3 (Table I footnote b); banked mole fraction = printed x 1e-3"
CH4_olds1942_ch4_015,CH4,344.2611,35.15222909,total,none,0,,0.000000,0.000000,0.000000,0.000000,0.000000,0.000000,olds1942_ch4,"Olds, Sage & Lacey (1942)",analytical_sampling,,0.002128,2.128,"mole fraction of water in the dew-point gas, PRINTED as value x10^3 (Table I footnote b); banked mole fraction = printed x 1e-3"
CH4_olds1942_ch4_016,CH4,344.2611,28.20507194,total,none,0,,0.000000,0.000000,0.000000,0.000000,0.000000,0.000000,olds1942_ch4,"Olds, Sage & Lacey (1942)",analytical_sampling,,0.002301,2.301,"mole fraction of water in the dew-point gas, PRINTED as value x10^3 (Table I footnote b); banked mole fraction = printed x 1e-3"
CH4_olds1942_ch4_017,CH4,344.2611,21.06348263,total,none,0,,0.000000,0.000000,0.000000,0.000000,0.000000,0.000000,olds1942_ch4,"Olds, Sage & Lacey (1942)",analytical_sampling,,0.002721,2.721,"mole fraction of water in the dew-point gas, PRINTED as value x10^3 (Table I footnote b); banked mole fraction = printed x 1e-3"
CH4_olds1942_ch4_018,CH4,344.2611,14.39901052,total,none,0,,0.000000,0.000000,0.000000,0.000000,0.000000,0.000000,olds1942_ch4,"Olds, Sage & Lacey (1942)",analytical_sampling,,0.003394,3.394,"mole fraction of water in the dew-point gas, PRINTED as value x10^3 (Table I footnote b); banked mole fraction = printed x 1e-3"
CH4_olds1942_ch4_019,CH4,344.2611,9.64507557,total,none,0,,0.000000,0.000000,0.000000,0.000000,0.000000,0.000000,olds1942_ch4,"Olds, Sage & Lacey (1942)",analytical_sampling,,0.004503,4.503,"mole fraction of water in the dew-point gas, PRINTED as value x10^3 (Table I footnote b); banked mole fraction = printed x 1e-3"
CH4_olds1942_ch4_020,CH4,344.2611,6.28939734,total,none,0,,0.000000,0.000000,0.000000,0.000000,0.000000,0.000000,olds1942_ch4,"Olds, Sage & Lacey (1942)",analytical_sampling,,0.006417,6.417,"mole fraction of water in the dew-point gas, PRINTED as value x10^3 (Table I footnote b); banked mole fraction = printed x 1e-3"
CH4_olds1942_ch4_021,CH4,344.2611,2.67240781,total,none,0,,0.000000,0.000000,0.000000,0.000000,0.000000,0.000000,olds1942_ch4,"Olds, Sage & Lacey (1942)",analytical_sampling,,0.01335,13.35,"mole fraction of water in the dew-point gas, PRINTED as value x10^3 (Table I footnote b); banked mole fraction = printed x 1e-3"
CH4_olds1942_ch4_022,CH4,377.5944,27.90101315,total,none,0,,0.000000,0.000000,0.000000,0.000000,0.000000,0.000000,olds1942_ch4,"Olds, Sage & Lacey (1942)",analytical_sampling,,0.007123,7.123,"mole fraction of water in the dew-point gas, PRINTED as value x10^3 (Table I footnote b); banked mole fraction = printed x 1e-3"
CH4_olds1942_ch4_023,CH4,377.5944,20.92282959,total,none,0,,0.000000,0.000000,0.000000,0.000000,0.000000,0.000000,olds1942_ch4,"Olds, Sage & Lacey (1942)",analytical_sampling,,0.008459,8.459,"mole fraction of water in the dew-point gas, PRINTED as value x10^3 (Table I footnote b); banked mole fraction = printed x 1e-3"
CH4_olds1942_ch4_024,CH4,377.5944,13.81019827,total,none,0,,0.000000,0.000000,0.000000,0.000000,0.000000,0.000000,olds1942_ch4,"Olds, Sage & Lacey (1942)",analytical_sampling,,0.0112,11.20,"mole fraction of water in the dew-point gas, PRINTED as value x10^3 (Table I footnote b); banked mole fraction = printed x 1e-3"
CH4_olds1942_ch4_025,CH4,377.5944,6.59069822,total,none,0,,0.000000,0.000000,0.000000,0.000000,0.000000,0.000000,olds1942_ch4,"Olds, Sage & Lacey (1942)",analytical_sampling,,0.02069,20.69,"mole fraction of water in the dew-point gas, PRINTED as value x10^3 (Table I footnote b); banked mole fraction = printed x 1e-3"
CH4_olds1942_ch4_026,CH4,377.5944,68.38771573,total,none,0,,0.000000,0.000000,0.000000,0.000000,0.000000,0.000000,olds1942_ch4,"Olds, Sage & Lacey (1942)",analytical_sampling,,0.004722,4.722,"mole fraction of water in the dew-point gas, PRINTED as value x10^3 (Table I footnote b); banked mole fraction = printed x 1e-3"
CH4_olds1942_ch4_027,CH4,377.5944,62.33136118,total,none,0,,0.000000,0.000000,0.000000,0.000000,0.000000,0.000000,olds1942_ch4,"Olds, Sage & Lacey (1942)",analytical_sampling,,0.00462,4.620,"mole fraction of water in the dew-point gas, PRINTED as value x10^3 (Table I footnote b); banked mole fraction = printed x 1e-3"
CH4_olds1942_ch4_028,CH4,377.5944,54.72506526,total,none,0,,0.000000,0.000000,0.000000,0.000000,0.000000,0.000000,olds1942_ch4,"Olds, Sage & Lacey (1942)",analytical_sampling,,0.005238,5.238,"mole fraction of water in the dew-point gas, PRINTED as value x10^3 (Table I footnote b); banked mole fraction = printed x 1e-3"
CH4_olds1942_ch4_029,CH4,377.5944,48.2605411,total,none,0,,0.000000,0.000000,0.000000,0.000000,0.000000,0.000000,olds1942_ch4,"Olds, Sage & Lacey (1942)",analytical_sampling,,0.005336,5.336,"mole fraction of water in the dew-point gas, PRINTED as value x10^3 (Table I footnote b); banked mole fraction = printed x 1e-3"
CH4_olds1942_ch4_030,CH4,377.5944,41.78153794,total,none,0,,0.000000,0.000000,0.000000,0.000000,0.000000,0.000000,olds1942_ch4,"Olds, Sage & Lacey (1942)",analytical_sampling,,0.005788,5.788,"mole fraction of water in the dew-point gas, PRINTED as value x10^3 (Table I footnote b); banked mole fraction = printed x 1e-3"
CH4_olds1942_ch4_031,CH4,377.5944,35.41147195,total,none,0,,0.000000,0.000000,0.000000,0.000000,0.000000,0.000000,olds1942_ch4,"Olds, Sage & Lacey (1942)",analytical_sampling,,0.006253,6.253,"mole fraction of water in the dew-point gas, PRINTED as value x10^3 (Table I footnote b); banked mole fraction = printed x 1e-3"
CH4_olds1942_ch4_032,CH4,377.5944,62.2541399,total,none,0,,0.000000,0.000000,0.000000,0.000000,0.000000,0.000000,olds1942_ch4,"Olds, Sage & Lacey (1942)",analytical_sampling,,0.004882,4.882,"mole fraction of water in the dew-point gas, PRINTED as value x10^3 (Table I footnote b); banked mole fraction = printed x 1e-3"
CH4_olds1942_ch4_033,CH4,377.5944,55.87993706,total,none,0,,0.000000,0.000000,0.000000,0.000000,0.000000,0.000000,olds1942_ch4,"Olds, Sage & Lacey (1942)",analytical_sampling,,0.004943,4.943,"mole fraction of water in the dew-point gas, PRINTED as value x10^3 (Table I footnote b); banked mole fraction = printed x 1e-3"
CH4_olds1942_ch4_034,CH4,377.5944,9.31550618,total,none,0,,0.000000,0.000000,0.000000,0.000000,0.000000,0.000000,olds1942_ch4,"Olds, Sage & Lacey (1942)",analytical_sampling,,0.01545,15.45,"mole fraction of water in the dew-point gas, PRINTED as value x10^3 (Table I footnote b); banked mole fraction = printed x 1e-3"
CH4_olds1942_ch4_035,CH4,377.5944,2.98680873,total,none,0,,0.000000,0.000000,0.000000,0.000000,0.000000,0.000000,olds1942_ch4,"Olds, Sage & Lacey (1942)",analytical_sampling,,0.04281,42.81,"mole fraction of water in the dew-point gas, PRINTED as value x10^3 (Table I footnote b); banked mole fraction = printed x 1e-3"
CH4_olds1942_ch4_036,CH4,410.9278,68.86069606,total,none,0,,0.000000,0.000000,0.000000,0.000000,0.000000,0.000000,olds1942_ch4,"Olds, Sage & Lacey (1942)",analytical_sampling,,0.01206,12.06,"mole fraction of water in the dew-point gas, PRINTED as value x10^3 (Table I footnote b); banked mole fraction = printed x 1e-3"
CH4_olds1942_ch4_037,CH4,410.9278,62.20449765,total,none,0,,0.000000,0.000000,0.000000,0.000000,0.000000,0.000000,olds1942_ch4,"Olds, Sage & Lacey (1942)",analytical_sampling,,0.01253,12.53,"mole fraction of water in the dew-point gas, PRINTED as value x10^3 (Table I footnote b); banked mole fraction = printed x 1e-3"
CH4_olds1942_ch4_038,CH4,410.9278,55.46004636,total,none,0,,0.000000,0.000000,0.000000,0.000000,0.000000,0.000000,olds1942_ch4,"Olds, Sage & Lacey (1942)",analytical_sampling,,0.01345,13.45,"mole fraction of water in the dew-point gas, PRINTED as value x10^3 (Table I footnote b); banked mole fraction = printed x 1e-3"
CH4_olds1942_ch4_039,CH4,410.9278,48.33500447,total,none,0,,0.000000,0.000000,0.000000,0.000000,0.000000,0.000000,olds1942_ch4,"Olds, Sage & Lacey (1942)",analytical_sampling,,0.01437,14.37,"mole fraction of water in the dew-point gas, PRINTED as value x10^3 (Table I footnote b); banked mole fraction = printed x 1e-3"
CH4_olds1942_ch4_040,CH4,410.9278,42.10697047,total,none,0,,0.000000,0.000000,0.000000,0.000000,0.000000,0.000000,olds1942_ch4,"Olds, Sage & Lacey (1942)",analytical_sampling,,0.01545,15.45,"mole fraction of water in the dew-point gas, PRINTED as value x10^3 (Table I footnote b); banked mole fraction = printed x 1e-3"
CH4_olds1942_ch4_041,CH4,410.9278,35.58659878,total,none,0,,0.000000,0.000000,0.000000,0.000000,0.000000,0.000000,olds1942_ch4,"Olds, Sage & Lacey (1942)",analytical_sampling,,0.01671,16.71,"mole fraction of water in the dew-point gas, PRINTED as value x10^3 (Table I footnote b); banked mole fraction = printed x 1e-3"
CH4_olds1942_ch4_042,CH4,410.9278,28.16163497,total,none,0,,0.000000,0.000000,0.000000,0.000000,0.000000,0.000000,olds1942_ch4,"Olds, Sage & Lacey (1942)",analytical_sampling,,0.01898,18.98,"mole fraction of water in the dew-point gas, PRINTED as value x10^3 (Table I footnote b); banked mole fraction = printed x 1e-3"
CH4_olds1942_ch4_043,CH4,410.9278,14.06599376,total,none,0,,0.000000,0.000000,0.000000,0.000000,0.000000,0.000000,olds1942_ch4,"Olds, Sage & Lacey (1942)",analytical_sampling,,0.03152,31.52,"mole fraction of water in the dew-point gas, PRINTED as value x10^3 (Table I footnote b); banked mole fraction = printed x 1e-3"
CH4_olds1942_ch4_044,CH4,410.9278,9.86984465,total,none,0,,0.000000,0.000000,0.000000,0.000000,0.000000,0.000000,olds1942_ch4,"Olds, Sage & Lacey (1942)",analytical_sampling,,0.04145,41.45,"mole fraction of water in the dew-point gas, PRINTED as value x10^3 (Table I footnote b); banked mole fraction = printed x 1e-3"
CH4_olds1942_ch4_045,CH4,410.9278,6.5458823,total,none,0,,0.000000,0.000000,0.000000,0.000000,0.000000,0.000000,olds1942_ch4,"Olds, Sage & Lacey (1942)",analytical_sampling,,0.05899,58.99,"mole fraction of water in the dew-point gas, PRINTED as value x10^3 (Table I footnote b); banked mole fraction = printed x 1e-3"
CH4_olds1942_ch4_046,CH4,410.9278,3.40600996,total,none,0,,0.000000,0.000000,0.000000,0.000000,0.000000,0.000000,olds1942_ch4,"Olds, Sage & Lacey (1942)",analytical_sampling,,0.11083,110.83,"mole fraction of water in the dew-point gas, PRINTED as value x10^3 (Table I footnote b); banked mole fraction = printed x 1e-3"
CH4_olds1942_ch4_047,CH4,444.2611,34.57789583,total,none,0,,0.000000,0.000000,0.000000,0.000000,0.000000,0.000000,olds1942_ch4,"Olds, Sage & Lacey (1942)",analytical_sampling,,0.03835,38.35,"mole fraction of water in the dew-point gas, PRINTED as value x10^3 (Table I footnote b); banked mole fraction = printed x 1e-3"
CH4_olds1942_ch4_048,CH4,444.2611,28.15956654,total,none,0,,0.000000,0.000000,0.000000,0.000000,0.000000,0.000000,olds1942_ch4,"Olds, Sage & Lacey (1942)",analytical_sampling,,0.04384,43.84,"mole fraction of water in the dew-point gas, PRINTED as value x10^3 (Table I footnote b); banked mole fraction = printed x 1e-3"
CH4_olds1942_ch4_049,CH4,444.2611,21.1806935,total,none,0,,0.000000,0.000000,0.000000,0.000000,0.000000,0.000000,olds1942_ch4,"Olds, Sage & Lacey (1942)",analytical_sampling,,0.05362,53.62,"mole fraction of water in the dew-point gas, PRINTED as value x10^3 (Table I footnote b); banked mole fraction = printed x 1e-3"
CH4_olds1942_ch4_050,CH4,444.2611,14.23698373,total,none,0,,0.000000,0.000000,0.000000,0.000000,0.000000,0.000000,olds1942_ch4,"Olds, Sage & Lacey (1942)",analytical_sampling,,0.07106,71.06,"mole fraction of water in the dew-point gas, PRINTED as value x10^3 (Table I footnote b); banked mole fraction = printed x 1e-3"
CH4_olds1942_ch4_051,CH4,444.2611,8.7446203,total,none,0,,0.000000,0.000000,0.000000,0.000000,0.000000,0.000000,olds1942_ch4,"Olds, Sage & Lacey (1942)",analytical_sampling,,0.10935,109.35,"mole fraction of water in the dew-point gas, PRINTED as value x10^3 (Table I footnote b); banked mole fraction = printed x 1e-3"
CH4_olds1942_ch4_052,CH4,444.2611,3.44186269,total,none,0,,0.000000,0.000000,0.000000,0.000000,0.000000,0.000000,olds1942_ch4,"Olds, Sage & Lacey (1942)",analytical_sampling,,0.25334,253.34,"mole fraction of water in the dew-point gas, PRINTED as value x10^3 (Table I footnote b); banked mole fraction = printed x 1e-3"
CH4_olds1942_ch4_053,CH4,444.2611,68.87517505,total,none,0,,0.000000,0.000000,0.000000,0.000000,0.000000,0.000000,olds1942_ch4,"Olds, Sage & Lacey (1942)",analytical_sampling,,0.02616,26.16,"mole fraction of water in the dew-point gas, PRINTED as value x10^3 (Table I footnote b); banked mole fraction = printed x 1e-3"
CH4_olds1942_ch4_054,CH4,444.2611,62.44857205,total,none,0,,0.000000,0.000000,0.000000,0.000000,0.000000,0.000000,olds1942_ch4,"Olds, Sage & Lacey (1942)",analytical_sampling,,0.02765,27.65,"mole fraction of water in the dew-point gas, PRINTED as value x10^3 (Table I footnote b); banked mole fraction = printed x 1e-3"
CH4_olds1942_ch4_055,CH4,444.2611,55.75721038,total,none,0,,0.000000,0.000000,0.000000,0.000000,0.000000,0.000000,olds1942_ch4,"Olds, Sage & Lacey (1942)",analytical_sampling,,0.02971,29.71,"mole fraction of water in the dew-point gas, PRINTED as value x10^3 (Table I footnote b); banked mole fraction = printed x 1e-3"
CH4_olds1942_ch4_056,CH4,444.2611,48.76454783,total,none,0,,0.000000,0.000000,0.000000,0.000000,0.000000,0.000000,olds1942_ch4,"Olds, Sage & Lacey (1942)",analytical_sampling,,0.03154,31.54,"mole fraction of water in the dew-point gas, PRINTED as value x10^3 (Table I footnote b); banked mole fraction = printed x 1e-3"
CH4_olds1942_ch4_057,CH4,444.2611,41.87185926,total,none,0,,0.000000,0.000000,0.000000,0.000000,0.000000,0.000000,olds1942_ch4,"Olds, Sage & Lacey (1942)",analytical_sampling,,0.03457,34.57,"mole fraction of water in the dew-point gas, PRINTED as value x10^3 (Table I footnote b); banked mole fraction = printed x 1e-3"
CH4_olds1942_ch4_058,CH4,477.5944,34.80128596,total,none,0,,0.000000,0.000000,0.000000,0.000000,0.000000,0.000000,olds1942_ch4,"Olds, Sage & Lacey (1942)",analytical_sampling,,0.07961,79.61,"mole fraction of water in the dew-point gas, PRINTED as value x10^3 (Table I footnote b); banked mole fraction = printed x 1e-3"
CH4_olds1942_ch4_059,CH4,477.5944,20.79113973,total,none,0,,0.000000,0.000000,0.000000,0.000000,0.000000,0.000000,olds1942_ch4,"Olds, Sage & Lacey (1942)",analytical_sampling,,0.1136,113.60,"mole fraction of water in the dew-point gas, PRINTED as value x10^3 (Table I footnote b); banked mole fraction = printed x 1e-3"
CH4_olds1942_ch4_060,CH4,477.5944,14.04530948,total,none,0,,0.000000,0.000000,0.000000,0.000000,0.000000,0.000000,olds1942_ch4,"Olds, Sage & Lacey (1942)",analytical_sampling,,0.15418,154.18,"mole fraction of water in the dew-point gas, PRINTED as value x10^3 (Table I footnote b); banked mole fraction = printed x 1e-3"
CH4_olds1942_ch4_061,CH4,477.5944,8.82597844,total,none,0,,0.000000,0.000000,0.000000,0.000000,0.000000,0.000000,olds1942_ch4,"Olds, Sage & Lacey (1942)",analytical_sampling,,0.22827,228.27,"mole fraction of water in the dew-point gas, PRINTED as value x10^3 (Table I footnote b); banked mole fraction = printed x 1e-3"
CH4_olds1942_ch4_062,CH4,477.5944,6.41350296,total,none,0,,0.000000,0.000000,0.000000,0.000000,0.000000,0.000000,olds1942_ch4,"Olds, Sage & Lacey (1942)",analytical_sampling,,0.30267,302.67,"mole fraction of water in the dew-point gas, PRINTED as value x10^3 (Table I footnote b); banked mole fraction = printed x 1e-3"
CH4_olds1942_ch4_063,CH4,477.5944,3.36326246,total,none,0,,0.000000,0.000000,0.000000,0.000000,0.000000,0.000000,olds1942_ch4,"Olds, Sage & Lacey (1942)",analytical_sampling,,0.55557,555.57,"mole fraction of water in the dew-point gas, PRINTED as value x10^3 (Table I footnote b); banked mole fraction = printed x 1e-3"
CH4_olds1942_ch4_064,CH4,477.5944,68.73383253,total,none,0,,0.000000,0.000000,0.000000,0.000000,0.000000,0.000000,olds1942_ch4,"Olds, Sage & Lacey (1942)",analytical_sampling,,0.05328,53.28,"mole fraction of water in the dew-point gas, PRINTED as value x10^3 (Table I footnote b); banked mole fraction = printed x 1e-3"
CH4_olds1942_ch4_065,CH4,477.5944,62.58026191,total,none,0,,0.000000,0.000000,0.000000,0.000000,0.000000,0.000000,olds1942_ch4,"Olds, Sage & Lacey (1942)",analytical_sampling,,0.0563,56.30,"mole fraction of water in the dew-point gas, PRINTED as value x10^3 (Table I footnote b); banked mole fraction = printed x 1e-3"
CH4_olds1942_ch4_066,CH4,477.5944,55.6744733,total,none,0,,0.000000,0.000000,0.000000,0.000000,0.000000,0.000000,olds1942_ch4,"Olds, Sage & Lacey (1942)",analytical_sampling,,0.06082,60.82,"mole fraction of water in the dew-point gas, PRINTED as value x10^3 (Table I footnote b); banked mole fraction = printed x 1e-3"
CH4_olds1942_ch4_067,CH4,477.5944,48.52598924,total,none,0,,0.000000,0.000000,0.000000,0.000000,0.000000,0.000000,olds1942_ch4,"Olds, Sage & Lacey (1942)",analytical_sampling,,0.06519,65.19,"mole fraction of water in the dew-point gas, PRINTED as value x10^3 (Table I footnote b); banked mole fraction = printed x 1e-3"
CH4_olds1942_ch4_068,CH4,477.5944,41.43197376,total,none,0,,0.000000,0.000000,0.000000,0.000000,0.000000,0.000000,olds1942_ch4,"Olds, Sage & Lacey (1942)",analytical_sampling,,0.07024,70.24,"mole fraction of water in the dew-point gas, PRINTED as value x10^3 (Table I footnote b); banked mole fraction = printed x 1e-3"
CH4_olds1942_ch4_069,CH4,510.9278,53.94319982,total,none,0,,0.000000,0.000000,0.000000,0.000000,0.000000,0.000000,olds1942_ch4,"Olds, Sage & Lacey (1942)",analytical_sampling,,0.11189,111.89,"mole fraction of water in the dew-point gas, PRINTED as value x10^3 (Table I footnote b); banked mole fraction = printed x 1e-3"
CH4_olds1942_ch4_070,CH4,510.9278,62.49959325,total,none,0,,0.000000,0.000000,0.000000,0.000000,0.000000,0.000000,olds1942_ch4,"Olds, Sage & Lacey (1942)",analytical_sampling,,0.10641,106.41,"mole fraction of water in the dew-point gas, PRINTED as value x10^3 (Table I footnote b); banked mole fraction = printed x 1e-3"
CH4_olds1942_ch4_071,CH4,510.9278,48.53219452,total,none,0,,0.000000,0.000000,0.000000,0.000000,0.000000,0.000000,olds1942_ch4,"Olds, Sage & Lacey (1942)",analytical_sampling,,0.12391,123.91,"mole fraction of water in the dew-point gas, PRINTED as value x10^3 (Table I footnote b); banked mole fraction = printed x 1e-3"
CH4_olds1942_ch4_072,CH4,510.9278,41.69328505,total,none,0,,0.000000,0.000000,0.000000,0.000000,0.000000,0.000000,olds1942_ch4,"Olds, Sage & Lacey (1942)",analytical_sampling,,0.13388,133.88,"mole fraction of water in the dew-point gas, PRINTED as value x10^3 (Table I footnote b); banked mole fraction = printed x 1e-3"
CH4_olds1942_ch4_073,CH4,510.9278,35.6031462,total,none,0,,0.000000,0.000000,0.000000,0.000000,0.000000,0.000000,olds1942_ch4,"Olds, Sage & Lacey (1942)",analytical_sampling,,0.14889,148.89,"mole fraction of water in the dew-point gas, PRINTED as value x10^3 (Table I footnote b); banked mole fraction = printed x 1e-3"
CH4_olds1942_ch4_074,CH4,510.9278,27.68520726,total,none,0,,0.000000,0.000000,0.000000,0.000000,0.000000,0.000000,olds1942_ch4,"Olds, Sage & Lacey (1942)",analytical_sampling,,0.17565,175.65,"mole fraction of water in the dew-point gas, PRINTED as value x10^3 (Table I footnote b); banked mole fraction = printed x 1e-3"
CH4_olds1942_ch4_075,CH4,510.9278,21.00625615,total,none,0,,0.000000,0.000000,0.000000,0.000000,0.000000,0.000000,olds1942_ch4,"Olds, Sage & Lacey (1942)",analytical_sampling,,0.21287,212.87,"mole fraction of water in the dew-point gas, PRINTED as value x10^3 (Table I footnote b); banked mole fraction = printed x 1e-3"
CH4_olds1942_ch4_076,CH4,510.9278,14.43900011,total,none,0,,0.000000,0.000000,0.000000,0.000000,0.000000,0.000000,olds1942_ch4,"Olds, Sage & Lacey (1942)",analytical_sampling,,0.2851,285.10,"mole fraction of water in the dew-point gas, PRINTED as value x10^3 (Table I footnote b); banked mole fraction = printed x 1e-3"
CH4_olds1942_ch4_077,CH4,510.9278,9.50993833,total,none,0,,0.000000,0.000000,0.000000,0.000000,0.000000,0.000000,olds1942_ch4,"Olds, Sage & Lacey (1942)",analytical_sampling,,0.40033,400.33,"mole fraction of water in the dew-point gas, PRINTED as value x10^3 (Table I footnote b); banked mole fraction = printed x 1e-3"
CH4_olds1942_ch4_078,CH4,510.9278,5.31792607,total,none,0,,0.000000,0.000000,0.000000,0.000000,0.000000,0.000000,olds1942_ch4,"Olds, Sage & Lacey (1942)",analytical_sampling,,0.65459,654.59,"mole fraction of water in the dew-point gas, PRINTED as value x10^3 (Table I footnote b); banked mole fraction = printed x 1e-3"
CH4_qin2008_ch4_001,CH4,323.0,30.1,total,none,0,,0.000000,0.000000,0.000000,0.000000,0.000000,0.000000,qin2008_ch4,Qin et al. (2008),analytical_sampling,from_compilation,0.001,0.001,y_H2O mole fraction
CH4_qin2008_ch4_002,CH4,323.0,49.5,total,none,0,,0.000000,0.000000,0.000000,0.000000,0.000000,0.000000,qin2008_ch4,Qin et al. (2008),analytical_sampling,from_compilation,0.0008,0.0008,y_H2O mole fraction
CH4_qin2008_ch4_003,CH4,375.0,10.9,total,none,0,,0.000000,0.000000,0.000000,0.000000,0.000000,0.000000,qin2008_ch4,Qin et al. (2008),analytical_sampling,from_compilation,0.0131,0.0131,y_H2O mole fraction
CH4_qin2008_ch4_004,CH4,375.0,20.6,total,none,0,,0.000000,0.000000,0.000000,0.000000,0.000000,0.000000,qin2008_ch4,Qin et al. (2008),analytical_sampling,from_compilation,0.0084,0.0084,y_H2O mole fraction
CH4_qin2008_ch4_005,CH4,375.0,30.2,total,none,0,,0.000000,0.000000,0.000000,0.000000,0.000000,0.000000,qin2008_ch4,Qin et al. (2008),analytical_sampling,from_compilation,0.0066,0.0066,y_H2O mole fraction
CH4_qin2008_ch4_006,CH4,375.0,40.2,total,none,0,,0.000000,0.000000,0.000000,0.000000,0.000000,0.000000,qin2008_ch4,Qin et al. (2008),analytical_sampling,from_compilation,0.0057,0.0057,y_H2O mole fraction
CH4_qin2008_ch4_007,CH4,375.0,49.9,total,none,0,,0.000000,0.000000,0.000000,0.000000,0.000000,0.000000,qin2008_ch4,Qin et al. (2008),analytical_sampling,from_compilation,0.0052,0.0052,y_H2O mole fraction
CH4_rigbyprausnitz1968_ch4_001,CH4,298.15,2.35377975,total,none,0,,0.000000,0.000000,0.000000,0.000000,0.000000,0.000000,rigbyprausnitz1968_ch4,Rigby & Prausnitz (1968),gravimetric,,,0.001483,"Mole fraction of water in the compressed-gas VAPOR phase, y1 (exptl, measured); col header 'y1, exptl' (Table I: Solubility of Water in Compressed Gases, printed p.332). VAPOR-PHASE water-content composition (water's solubility in compressed CH4), NOT CH4's solubility in liquid water."
CH4_rigbyprausnitz1968_ch4_002,CH4,298.15,3.05089575,total,none,0,,0.000000,0.000000,0.000000,0.000000,0.000000,0.000000,rigbyprausnitz1968_ch4,Rigby & Prausnitz (1968),gravimetric,,,0.001175,"Mole fraction of water in the compressed-gas VAPOR phase, y1 (exptl, measured); col header 'y1, exptl' (Table I: Solubility of Water in Compressed Gases, printed p.332). VAPOR-PHASE water-content composition (water's solubility in compressed CH4), NOT CH4's solubility in liquid water."
CH4_rigbyprausnitz1968_ch4_003,CH4,298.15,4.0550265,total,none,0,,0.000000,0.000000,0.000000,0.000000,0.000000,0.000000,rigbyprausnitz1968_ch4,Rigby & Prausnitz (1968),gravimetric,,,0.000915,"Mole fraction of water in the compressed-gas VAPOR phase, y1 (exptl, measured); col header 'y1, exptl' (Table I: Solubility of Water in Compressed Gases, printed p.332). VAPOR-PHASE water-content composition (water's solubility in compressed CH4), NOT CH4's solubility in liquid water."
CH4_rigbyprausnitz1968_ch4_004,CH4,323.15,3.01441875,total,none,0,,0.000000,0.000000,0.000000,0.000000,0.000000,0.000000,rigbyprausnitz1968_ch4,Rigby & Prausnitz (1968),gravimetric,,,0.004474,"Mole fraction of water in the compressed-gas VAPOR phase, y1 (exptl, measured); col header 'y1, exptl' (Table I: Solubility of Water in Compressed Gases, printed p.332). VAPOR-PHASE water-content composition (water's solubility in compressed CH4), NOT CH4's solubility in liquid water."
CH4_rigbyprausnitz1968_ch4_005,CH4,323.15,4.83826875,total,none,0,,0.000000,0.000000,0.000000,0.000000,0.000000,0.000000,rigbyprausnitz1968_ch4,Rigby & Prausnitz (1968),gravimetric,,,0.002921,"Mole fraction of water in the compressed-gas VAPOR phase, y1 (exptl, measured); col header 'y1, exptl' (Table I: Solubility of Water in Compressed Gases, printed p.332). VAPOR-PHASE water-content composition (water's solubility in compressed CH4), NOT CH4's solubility in liquid water."
CH4_rigbyprausnitz1968_ch4_006,CH4,323.15,6.817146,total,none,0,,0.000000,0.000000,0.000000,0.000000,0.000000,0.000000,rigbyprausnitz1968_ch4,Rigby & Prausnitz (1968),gravimetric,,,0.002185,"Mole fraction of water in the compressed-gas VAPOR phase, y1 (exptl, measured); col header 'y1, exptl' (Table I: Solubility of Water in Compressed Gases, printed p.332). VAPOR-PHASE water-content composition (water's solubility in compressed CH4), NOT CH4's solubility in liquid water."
CH4_rigbyprausnitz1968_ch4_007,CH4,348.15,3.12081,total,none,0,,0.000000,0.000000,0.000000,0.000000,0.000000,0.000000,rigbyprausnitz1968_ch4,Rigby & Prausnitz (1968),gravimetric,,,0.01335,"Mole fraction of water in the compressed-gas VAPOR phase, y1 (exptl, measured); col header 'y1, exptl' (Table I: Solubility of Water in Compressed Gases, printed p.332). VAPOR-PHASE water-content composition (water's solubility in compressed CH4), NOT CH4's solubility in liquid water."
CH4_rigbyprausnitz1968_ch4_008,CH4,348.15,5.47256325,total,none,0,,0.000000,0.000000,0.000000,0.000000,0.000000,0.000000,rigbyprausnitz1968_ch4,Rigby & Prausnitz (1968),gravimetric,,,0.00803,"Mole fraction of water in the compressed-gas VAPOR phase, y1 (exptl, measured); col header 'y1, exptl' (Table I: Solubility of Water in Compressed Gases, printed p.332). VAPOR-PHASE water-content composition (water's solubility in compressed CH4), NOT CH4's solubility in liquid water."
CH4_rigbyprausnitz1968_ch4_009,CH4,348.15,6.72696675,total,none,0,,0.000000,0.000000,0.000000,0.000000,0.000000,0.000000,rigbyprausnitz1968_ch4,Rigby & Prausnitz (1968),gravimetric,,,0.00671,"Mole fraction of water in the compressed-gas VAPOR phase, y1 (exptl, measured); col header 'y1, exptl' (Table I: Solubility of Water in Compressed Gases, printed p.332). VAPOR-PHASE water-content composition (water's solubility in compressed CH4), NOT CH4's solubility in liquid water."
CH4_rigbyprausnitz1968_ch4_010,CH4,373.15,5.7410745,total,none,0,,0.000000,0.000000,0.000000,0.000000,0.000000,0.000000,rigbyprausnitz1968_ch4,Rigby & Prausnitz (1968),gravimetric,,,0.01992,"Mole fraction of water in the compressed-gas VAPOR phase, y1 (exptl, measured); col header 'y1, exptl' (Table I: Solubility of Water in Compressed Gases, printed p.332). VAPOR-PHASE water-content composition (water's solubility in compressed CH4), NOT CH4's solubility in liquid water."
CH4_rigbyprausnitz1968_ch4_011,CH4,373.15,7.18900875,total,none,0,,0.000000,0.000000,0.000000,0.000000,0.000000,0.000000,rigbyprausnitz1968_ch4,Rigby & Prausnitz (1968),gravimetric,,,0.01643,"Mole fraction of water in the compressed-gas VAPOR phase, y1 (exptl, measured); col header 'y1, exptl' (Table I: Solubility of Water in Compressed Gases, printed p.332). VAPOR-PHASE water-content composition (water's solubility in compressed CH4), NOT CH4's solubility in liquid water."
CH4_rigbyprausnitz1968_ch4_012,CH4,373.15,9.34723125,total,none,0,,0.000000,0.000000,0.000000,0.000000,0.000000,0.000000,rigbyprausnitz1968_ch4,Rigby & Prausnitz (1968),gravimetric,,,0.01309,"Mole fraction of water in the compressed-gas VAPOR phase, y1 (exptl, measured); col header 'y1, exptl' (Table I: Solubility of Water in Compressed Gases, printed p.332). VAPOR-PHASE water-content composition (water's solubility in compressed CH4), NOT CH4's solubility in liquid water."
CH4_tabasinejad2011_ch4_001,CH4,422.7,3.67,total,none,0,,0.000000,0.000000,0.000000,0.000000,0.000000,0.000000,tabasinejad2011_ch4,"Tabasinejad, Moore, Mehta, Van Fraassen & Barzin (2011, IECR)",gravimetric,,0.1387,13.87 ± 1.07,"mol % water in gas phase (measured, x100 mole fraction)"
CH4_tabasinejad2011_ch4_002,CH4,422.7,7.18,total,none,0,,0.000000,0.000000,0.000000,0.000000,0.000000,0.000000,tabasinejad2011_ch4,"Tabasinejad, Moore, Mehta, Van Fraassen & Barzin (2011, IECR)",gravimetric,,0.0756,7.56 ± 0.35,"mol % water in gas phase (measured, x100 mole fraction)"
CH4_tabasinejad2011_ch4_003,CH4,422.7,14.24,total,none,0,,0.000000,0.000000,0.000000,0.000000,0.000000,0.000000,tabasinejad2011_ch4,"Tabasinejad, Moore, Mehta, Van Fraassen & Barzin (2011, IECR)",gravimetric,,0.0416,4.16 ± 0.13,"mol % water in gas phase (measured, x100 mole fraction)"
CH4_tabasinejad2011_ch4_004,CH4,422.7,21.26,total,none,0,,0.000000,0.000000,0.000000,0.000000,0.000000,0.000000,tabasinejad2011_ch4,"Tabasinejad, Moore, Mehta, Van Fraassen & Barzin (2011, IECR)",gravimetric,,0.0313,3.13 ± 0.08,"mol % water in gas phase (measured, x100 mole fraction)"
CH4_tabasinejad2011_ch4_005,CH4,422.7,27.91,total,none,0,,0.000000,0.000000,0.000000,0.000000,0.000000,0.000000,tabasinejad2011_ch4,"Tabasinejad, Moore, Mehta, Van Fraassen & Barzin (2011, IECR)",gravimetric,,0.0263,2.63 ± 0.06,"mol % water in gas phase (measured, x100 mole fraction)"
CH4_tabasinejad2011_ch4_006,CH4,422.7,35.32,total,none,0,,0.000000,0.000000,0.000000,0.000000,0.000000,0.000000,tabasinejad2011_ch4,"Tabasinejad, Moore, Mehta, Van Fraassen & Barzin (2011, IECR)",gravimetric,,0.0226,2.26 ± 0.05,"mol % water in gas phase (measured, x100 mole fraction)"
CH4_tabasinejad2011_ch4_007,CH4,422.7,41.62,total,none,0,,0.000000,0.000000,0.000000,0.000000,0.000000,0.000000,tabasinejad2011_ch4,"Tabasinejad, Moore, Mehta, Van Fraassen & Barzin (2011, IECR)",gravimetric,,0.0208,2.08 ± 0.04,"mol % water in gas phase (measured, x100 mole fraction)"
CH4_tabasinejad2011_ch4_008,CH4,422.7,68.66,total,none,0,,0.000000,0.000000,0.000000,0.000000,0.000000,0.000000,tabasinejad2011_ch4,"Tabasinejad, Moore, Mehta, Van Fraassen & Barzin (2011, IECR)",gravimetric,,0.0167,1.67 ± 0.03,"mol % water in gas phase (measured, x100 mole fraction)"
CH4_tabasinejad2011_ch4_009,CH4,422.7,107.03,total,none,0,,0.000000,0.000000,0.000000,0.000000,0.000000,0.000000,tabasinejad2011_ch4,"Tabasinejad, Moore, Mehta, Van Fraassen & Barzin (2011, IECR)",gravimetric,,0.0126,1.26 ± 0.03,"mol % water in gas phase (measured, x100 mole fraction)"
CH4_tabasinejad2011_ch4_010,CH4,444.1,3.87,total,none,0,,0.000000,0.000000,0.000000,0.000000,0.000000,0.000000,tabasinejad2011_ch4,"Tabasinejad, Moore, Mehta, Van Fraassen & Barzin (2011, IECR)",gravimetric,,0.2304,23.04 ± 1.61,"mol % water in gas phase (measured, x100 mole fraction)"
CH4_tabasinejad2011_ch4_011,CH4,444.1,7.31,total,none,0,,0.000000,0.000000,0.000000,0.000000,0.000000,0.000000,tabasinejad2011_ch4,"Tabasinejad, Moore, Mehta, Van Fraassen & Barzin (2011, IECR)",gravimetric,,0.1304,13.04 ± 0.52,"mol % water in gas phase (measured, x100 mole fraction)"
CH4_tabasinejad2011_ch4_012,CH4,444.1,14.6,total,none,0,,0.000000,0.000000,0.000000,0.000000,0.000000,0.000000,tabasinejad2011_ch4,"Tabasinejad, Moore, Mehta, Van Fraassen & Barzin (2011, IECR)",gravimetric,,0.073,7.30 ± 0.17,"mol % water in gas phase (measured, x100 mole fraction)"
CH4_tabasinejad2011_ch4_013,CH4,444.1,19.83,total,none,0,,0.000000,0.000000,0.000000,0.000000,0.000000,0.000000,tabasinejad2011_ch4,"Tabasinejad, Moore, Mehta, Van Fraassen & Barzin (2011, IECR)",gravimetric,,0.0565,5.65 ± 0.11,"mol % water in gas phase (measured, x100 mole fraction)"
CH4_tabasinejad2011_ch4_014,CH4,444.1,27.86,total,none,0,,0.000000,0.000000,0.000000,0.000000,0.000000,0.000000,tabasinejad2011_ch4,"Tabasinejad, Moore, Mehta, Van Fraassen & Barzin (2011, IECR)",gravimetric,,0.0437,4.37 ± 0.08,"mol % water in gas phase (measured, x100 mole fraction)"
CH4_tabasinejad2011_ch4_015,CH4,444.1,34.53,total,none,0,,0.000000,0.000000,0.000000,0.000000,0.000000,0.000000,tabasinejad2011_ch4,"Tabasinejad, Moore, Mehta, Van Fraassen & Barzin (2011, IECR)",gravimetric,,0.0381,3.81 ± 0.06,"mol % water in gas phase (measured, x100 mole fraction)"
CH4_tabasinejad2011_ch4_016,CH4,444.1,40.36,total,none,0,,0.000000,0.000000,0.000000,0.000000,0.000000,0.000000,tabasinejad2011_ch4,"Tabasinejad, Moore, Mehta, Van Fraassen & Barzin (2011, IECR)",gravimetric,,0.0347,3.47 ± 0.05,"mol % water in gas phase (measured, x100 mole fraction)"
CH4_tabasinejad2011_ch4_017,CH4,444.1,69.29,total,none,0,,0.000000,0.000000,0.000000,0.000000,0.000000,0.000000,tabasinejad2011_ch4,"Tabasinejad, Moore, Mehta, Van Fraassen & Barzin (2011, IECR)",gravimetric,,0.0269,2.69 ± 0.03,"mol % water in gas phase (measured, x100 mole fraction)"
CH4_tabasinejad2011_ch4_018,CH4,444.1,96.24,total,none,0,,0.000000,0.000000,0.000000,0.000000,0.000000,0.000000,tabasinejad2011_ch4,"Tabasinejad, Moore, Mehta, Van Fraassen & Barzin (2011, IECR)",gravimetric,,0.0244,2.44 ± 0.03,"mol % water in gas phase (measured, x100 mole fraction)"
CH4_tabasinejad2011_ch4_019,CH4,444.1,133.39,total,none,0,,0.000000,0.000000,0.000000,0.000000,0.000000,0.000000,tabasinejad2011_ch4,"Tabasinejad, Moore, Mehta, Van Fraassen & Barzin (2011, IECR)",gravimetric,,0.0219,2.19 ± 0.02,"mol % water in gas phase (measured, x100 mole fraction)"
CH4_tabasinejad2011_ch4_020,CH4,461.6,4.1,total,none,0,,0.000000,0.000000,0.000000,0.000000,0.000000,0.000000,tabasinejad2011_ch4,"Tabasinejad, Moore, Mehta, Van Fraassen & Barzin (2011, IECR)",gravimetric,,0.3357,33.57 ± 2.21,"mol % water in gas phase (measured, x100 mole fraction)"
CH4_tabasinejad2011_ch4_021,CH4,461.6,7.65,total,none,0,,0.000000,0.000000,0.000000,0.000000,0.000000,0.000000,tabasinejad2011_ch4,"Tabasinejad, Moore, Mehta, Van Fraassen & Barzin (2011, IECR)",gravimetric,,0.1921,19.21 ± 0.74,"mol % water in gas phase (measured, x100 mole fraction)"
CH4_tabasinejad2011_ch4_022,CH4,461.6,14.66,total,none,0,,0.000000,0.000000,0.000000,0.000000,0.000000,0.000000,tabasinejad2011_ch4,"Tabasinejad, Moore, Mehta, Van Fraassen & Barzin (2011, IECR)",gravimetric,,0.1107,11.07 ± 0.25,"mol % water in gas phase (measured, x100 mole fraction)"
CH4_tabasinejad2011_ch4_023,CH4,461.6,21.62,total,none,0,,0.000000,0.000000,0.000000,0.000000,0.000000,0.000000,tabasinejad2011_ch4,"Tabasinejad, Moore, Mehta, Van Fraassen & Barzin (2011, IECR)",gravimetric,,0.0815,8.15 ± 0.14,"mol % water in gas phase (measured, x100 mole fraction)"
CH4_tabasinejad2011_ch4_024,CH4,461.6,29.29,total,none,0,,0.000000,0.000000,0.000000,0.000000,0.000000,0.000000,tabasinejad2011_ch4,"Tabasinejad, Moore, Mehta, Van Fraassen & Barzin (2011, IECR)",gravimetric,,0.0644,6.44 ± 0.09,"mol % water in gas phase (measured, x100 mole fraction)"
CH4_tabasinejad2011_ch4_025,CH4,461.6,36.62,total,none,0,,0.000000,0.000000,0.000000,0.000000,0.000000,0.000000,tabasinejad2011_ch4,"Tabasinejad, Moore, Mehta, Van Fraassen & Barzin (2011, IECR)",gravimetric,,0.0549,5.49 ± 0.07,"mol % water in gas phase (measured, x100 mole fraction)"
CH4_tabasinejad2011_ch4_026,CH4,461.6,42.33,total,none,0,,0.000000,0.000000,0.000000,0.000000,0.000000,0.000000,tabasinejad2011_ch4,"Tabasinejad, Moore, Mehta, Van Fraassen & Barzin (2011, IECR)",gravimetric,,0.0509,5.09 ± 0.06,"mol % water in gas phase (measured, x100 mole fraction)"
CH4_tabasinejad2011_ch4_027,CH4,461.6,68.37,total,none,0,,0.000000,0.000000,0.000000,0.000000,0.000000,0.000000,tabasinejad2011_ch4,"Tabasinejad, Moore, Mehta, Van Fraassen & Barzin (2011, IECR)",gravimetric,,0.0402,4.02 ± 0.04,"mol % water in gas phase (measured, x100 mole fraction)"
CH4_tabasinejad2011_ch4_028,CH4,461.6,102.15,total,none,0,,0.000000,0.000000,0.000000,0.000000,0.000000,0.000000,tabasinejad2011_ch4,"Tabasinejad, Moore, Mehta, Van Fraassen & Barzin (2011, IECR)",gravimetric,,0.0357,3.57 ± 0.03,"mol % water in gas phase (measured, x100 mole fraction)"
CH4_tabasinejad2011_ch4_029,CH4,461.6,121.13,total,none,0,,0.000000,0.000000,0.000000,0.000000,0.000000,0.000000,tabasinejad2011_ch4,"Tabasinejad, Moore, Mehta, Van Fraassen & Barzin (2011, IECR)",gravimetric,,0.033,3.30 ± 0.03,"mol % water in gas phase (measured, x100 mole fraction)"
CH4_tabasinejad2011_ch4_030,CH4,483.15,7.4,total,none,0,,0.000000,0.000000,0.000000,0.000000,0.000000,0.000000,tabasinejad2011_ch4,"Tabasinejad, Moore, Mehta, Van Fraassen & Barzin (2011, IECR)",gravimetric,,0.3037,30.37 ± 1.17,"mol % water in gas phase (measured, x100 mole fraction)"
CH4_tabasinejad2011_ch4_031,CH4,483.15,7.78,total,none,0,,0.000000,0.000000,0.000000,0.000000,0.000000,0.000000,tabasinejad2011_ch4,"Tabasinejad, Moore, Mehta, Van Fraassen & Barzin (2011, IECR)",gravimetric,,0.2943,29.43 ± 1.08,"mol % water in gas phase (measured, x100 mole fraction)"
CH4_tabasinejad2011_ch4_032,CH4,483.15,14.85,total,none,0,,0.000000,0.000000,0.000000,0.000000,0.000000,0.000000,tabasinejad2011_ch4,"Tabasinejad, Moore, Mehta, Van Fraassen & Barzin (2011, IECR)",gravimetric,,0.1721,17.21 ± 0.36,"mol % water in gas phase (measured, x100 mole fraction)"
CH4_tabasinejad2011_ch4_033,CH4,483.15,21.17,total,none,0,,0.000000,0.000000,0.000000,0.000000,0.000000,0.000000,tabasinejad2011_ch4,"Tabasinejad, Moore, Mehta, Van Fraassen & Barzin (2011, IECR)",gravimetric,,0.1341,13.41 ± 0.21,"mol % water in gas phase (measured, x100 mole fraction)"
CH4_tabasinejad2011_ch4_034,CH4,483.15,29.47,total,none,0,,0.000000,0.000000,0.000000,0.000000,0.000000,0.000000,tabasinejad2011_ch4,"Tabasinejad, Moore, Mehta, Van Fraassen & Barzin (2011, IECR)",gravimetric,,0.104,10.40 ± 0.13,"mol % water in gas phase (measured, x100 mole fraction)"
CH4_tabasinejad2011_ch4_035,CH4,483.15,37.06,total,none,0,,0.000000,0.000000,0.000000,0.000000,0.000000,0.000000,tabasinejad2011_ch4,"Tabasinejad, Moore, Mehta, Van Fraassen & Barzin (2011, IECR)",gravimetric,,0.0913,9.13 ± 0.10,"mol % water in gas phase (measured, x100 mole fraction)"
CH4_tabasinejad2011_ch4_036,CH4,483.15,45.66,total,none,0,,0.000000,0.000000,0.000000,0.000000,0.000000,0.000000,tabasinejad2011_ch4,"Tabasinejad, Moore, Mehta, Van Fraassen & Barzin (2011, IECR)",gravimetric,,0.0767,7.67 ± 0.07,"mol % water in gas phase (measured, x100 mole fraction)"
CH4_tabasinejad2011_ch4_037,CH4,483.15,73.3,total,none,0,,0.000000,0.000000,0.000000,0.000000,0.000000,0.000000,tabasinejad2011_ch4,"Tabasinejad, Moore, Mehta, Van Fraassen & Barzin (2011, IECR)",gravimetric,,0.0568,5.68 ± 0.05,"mol % water in gas phase (measured, x100 mole fraction)"
CH4_tabasinejad2011_ch4_038,CH4,483.15,104.08,total,none,0,,0.000000,0.000000,0.000000,0.000000,0.000000,0.000000,tabasinejad2011_ch4,"Tabasinejad, Moore, Mehta, Van Fraassen & Barzin (2011, IECR)",gravimetric,,0.0528,5.28 ± 0.04,"mol % water in gas phase (measured, x100 mole fraction)"
CH4_yarrison2006_ch4_001,CH4,311.0,3.45,total,none,0,,0.000000,0.000000,0.000000,0.000000,0.000000,0.000000,yarrison2006_ch4,Yarrison et al. (2006),pending,from_compilation,0.002209,0.002209,y_H2O mole fraction
CH4_yarrison2006_ch4_002,CH4,311.0,6.89,total,none,0,,0.000000,0.000000,0.000000,0.000000,0.000000,0.000000,yarrison2006_ch4,Yarrison et al. (2006),pending,from_compilation,0.001248,0.001248,y_H2O mole fraction
CH4_yarrison2006_ch4_003,CH4,311.0,20.68,total,none,0,,0.000000,0.000000,0.000000,0.000000,0.000000,0.000000,yarrison2006_ch4,Yarrison et al. (2006),pending,from_compilation,0.0007,0.0007,y_H2O mole fraction
CH4_yarrison2006_ch4_004,CH4,311.0,41.37,total,none,0,,0.000000,0.000000,0.000000,0.000000,0.000000,0.000000,yarrison2006_ch4,Yarrison et al. (2006),pending,from_compilation,0.000564,0.000564,y_H2O mole fraction
CH4_yarrison2006_ch4_005,CH4,313.0,62.05,total,none,0,,0.000000,0.000000,0.000000,0.000000,0.000000,0.000000,yarrison2006_ch4,Yarrison et al. (2006),pending,from_compilation,0.00049,0.00049,y_H2O mole fraction
CH4_yarrison2006_ch4_006,CH4,313.0,75.84,total,none,0,,0.000000,0.000000,0.000000,0.000000,0.000000,0.000000,yarrison2006_ch4,Yarrison et al. (2006),pending,from_compilation,0.000472,0.000472,y_H2O mole fraction
CH4_yarrison2006_ch4_007,CH4,313.0,89.63,total,none,0,,0.000000,0.000000,0.000000,0.000000,0.000000,0.000000,yarrison2006_ch4,Yarrison et al. (2006),pending,from_compilation,0.000467,0.000467,y_H2O mole fraction
CH4_yarrison2006_ch4_008,CH4,367.0,3.45,total,none,0,,0.000000,0.000000,0.000000,0.000000,0.000000,0.000000,yarrison2006_ch4,Yarrison et al. (2006),pending,from_compilation,0.02354,0.02354,y_H2O mole fraction
CH4_yarrison2006_ch4_009,CH4,367.0,6.89,total,none,0,,0.000000,0.000000,0.000000,0.000000,0.000000,0.000000,yarrison2006_ch4,Yarrison et al. (2006),pending,from_compilation,0.01325,0.01325,y_H2O mole fraction
CH4_yarrison2006_ch4_010,CH4,367.0,20.68,total,none,0,,0.000000,0.000000,0.000000,0.000000,0.000000,0.000000,yarrison2006_ch4,Yarrison et al. (2006),pending,from_compilation,0.00656,0.00656,y_H2O mole fraction
CH4_yarrison2006_ch4_011,CH4,367.0,41.37,total,none,0,,0.000000,0.000000,0.000000,0.000000,0.000000,0.000000,yarrison2006_ch4,Yarrison et al. (2006),pending,from_compilation,0.00396,0.00396,y_H2O mole fraction
CH4_yarrison2006_ch4_012,CH4,367.0,62.05,total,none,0,,0.000000,0.000000,0.000000,0.000000,0.000000,0.000000,yarrison2006_ch4,Yarrison et al. (2006),pending,from_compilation,0.00344,0.00344,y_H2O mole fraction
CH4_yarrison2006_ch4_013,CH4,367.0,75.84,total,none,0,,0.000000,0.000000,0.000000,0.000000,0.000000,0.000000,yarrison2006_ch4,Yarrison et al. (2006),pending,from_compilation,0.00313,0.00313,y_H2O mole fraction
CH4_yarrison2006_ch4_014,CH4,367.0,89.63,total,none,0,,0.000000,0.000000,0.000000,0.000000,0.000000,0.000000,yarrison2006_ch4,Yarrison et al. (2006),pending,from_compilation,0.00288,0.00288,y_H2O mole fraction
CH4_yarrison2006_ch4_015,CH4,423.0,3.45,total,none,0,,0.000000,0.000000,0.000000,0.000000,0.000000,0.000000,yarrison2006_ch4,Yarrison et al. (2006),pending,from_compilation,0.1246,0.1246,y_H2O mole fraction
CH4_yarrison2006_ch4_016,CH4,423.0,6.89,total,none,0,,0.000000,0.000000,0.000000,0.000000,0.000000,0.000000,yarrison2006_ch4,Yarrison et al. (2006),pending,from_compilation,0.0746,0.0746,y_H2O mole fraction
CH4_yarrison2006_ch4_017,CH4,423.0,20.68,total,none,0,,0.000000,0.000000,0.000000,0.000000,0.000000,0.000000,yarrison2006_ch4,Yarrison et al. (2006),pending,from_compilation,0.0316,0.0316,y_H2O mole fraction
CH4_yarrison2006_ch4_018,CH4,423.0,41.37,total,none,0,,0.000000,0.000000,0.000000,0.000000,0.000000,0.000000,yarrison2006_ch4,Yarrison et al. (2006),pending,from_compilation,0.0204,0.0204,y_H2O mole fraction
CH4_yarrison2006_ch4_019,CH4,423.0,62.05,total,none,0,,0.000000,0.000000,0.000000,0.000000,0.000000,0.000000,yarrison2006_ch4,Yarrison et al. (2006),pending,from_compilation,0.0165,0.0165,y_H2O mole fraction
CH4_yarrison2006_ch4_020,CH4,423.0,75.84,total,none,0,,0.000000,0.000000,0.000000,0.000000,0.000000,0.000000,yarrison2006_ch4,Yarrison et al. (2006),pending,from_compilation,0.0143,0.0143,y_H2O mole fraction
CH4_yarrison2006_ch4_021,CH4,423.0,89.63,total,none,0,,0.000000,0.000000,0.000000,0.000000,0.000000,0.000000,yarrison2006_ch4,Yarrison et al. (2006),pending,from_compilation,0.0137,0.0137,y_H2O mole fraction
CH4_yarrison2006_ch4_022,CH4,467.0,3.45,total,none,0,,0.000000,0.000000,0.000000,0.000000,0.000000,0.000000,yarrison2006_ch4,Yarrison et al. (2006),pending,from_compilation,0.415,0.415,y_H2O mole fraction
CH4_yarrison2006_ch4_023,CH4,467.0,6.89,total,none,0,,0.000000,0.000000,0.000000,0.000000,0.000000,0.000000,yarrison2006_ch4,Yarrison et al. (2006),pending,from_compilation,0.224,0.224,y_H2O mole fraction
CH4_yarrison2006_ch4_024,CH4,467.0,20.68,total,none,0,,0.000000,0.000000,0.000000,0.000000,0.000000,0.000000,yarrison2006_ch4,Yarrison et al. (2006),pending,from_compilation,0.084,0.084,y_H2O mole fraction
CH4_yarrison2006_ch4_025,CH4,467.0,41.37,total,none,0,,0.000000,0.000000,0.000000,0.000000,0.000000,0.000000,yarrison2006_ch4,Yarrison et al. (2006),pending,from_compilation,0.06,0.06,y_H2O mole fraction
CH4_yarrison2006_ch4_026,CH4,467.0,62.05,total,none,0,,0.000000,0.000000,0.000000,0.000000,0.000000,0.000000,yarrison2006_ch4,Yarrison et al. (2006),pending,from_compilation,0.046,0.046,y_H2O mole fraction
CH4_yarrison2006_ch4_027,CH4,467.0,75.84,total,none,0,,0.000000,0.000000,0.000000,0.000000,0.000000,0.000000,yarrison2006_ch4,Yarrison et al. (2006),pending,from_compilation,0.04,0.04,y_H2O mole fraction
CH4_yarrison2006_ch4_028,CH4,467.0,96.53,total,none,0,,0.000000,0.000000,0.000000,0.000000,0.000000,0.000000,yarrison2006_ch4,Yarrison et al. (2006),pending,from_compilation,0.035,0.035,y_H2O mole fraction
CH4_yarrison2006_ch4_029,CH4,467.0,110.32,total,none,0,,0.000000,0.000000,0.000000,0.000000,0.000000,0.000000,yarrison2006_ch4,Yarrison et al. (2006),pending,from_compilation,0.033,0.033,y_H2O mole fraction
CH4_yarrison2006_ch4_030,CH4,478.0,3.45,total,none,0,,0.000000,0.000000,0.000000,0.000000,0.000000,0.000000,yarrison2006_ch4,Yarrison et al. (2006),pending,from_compilation,0.546,0.546,y_H2O mole fraction
CH4_yarrison2006_ch4_031,CH4,478.0,6.89,total,none,0,,0.000000,0.000000,0.000000,0.000000,0.000000,0.000000,yarrison2006_ch4,Yarrison et al. (2006),pending,from_compilation,0.295,0.295,y_H2O mole fraction
CH4_yarrison2006_ch4_032,CH4,478.0,20.68,total,none,0,,0.000000,0.000000,0.000000,0.000000,0.000000,0.000000,yarrison2006_ch4,Yarrison et al. (2006),pending,from_compilation,0.113,0.113,y_H2O mole fraction
CH4_yarrison2006_ch4_033,CH4,478.0,41.37,total,none,0,,0.000000,0.000000,0.000000,0.000000,0.000000,0.000000,yarrison2006_ch4,Yarrison et al. (2006),pending,from_compilation,0.07,0.07,y_H2O mole fraction
CH4_yarrison2006_ch4_034,CH4,478.0,62.05,total,none,0,,0.000000,0.000000,0.000000,0.000000,0.000000,0.000000,yarrison2006_ch4,Yarrison et al. (2006),pending,from_compilation,0.057,0.057,y_H2O mole fraction
CH4_yarrison2006_ch4_035,CH4,478.0,75.84,total,none,0,,0.000000,0.000000,0.000000,0.000000,0.000000,0.000000,yarrison2006_ch4,Yarrison et al. (2006),pending,from_compilation,0.051,0.051,y_H2O mole fraction
CH4_yarrison2006_ch4_036,CH4,478.0,96.53,total,none,0,,0.000000,0.000000,0.000000,0.000000,0.000000,0.000000,yarrison2006_ch4,Yarrison et al. (2006),pending,from_compilation,0.0494,0.0494,y_H2O mole fraction
CH4_yarrison2006_ch4_037,CH4,478.0,110.32,total,none,0,,0.000000,0.000000,0.000000,0.000000,0.000000,0.000000,yarrison2006_ch4,Yarrison et al. (2006),pending,from_compilation,0.0455,0.0455,y_H2O mole fraction
CH4_yokoyama1988_ch4_007,CH4,298.0,3.0,total,none,0,,0.000000,0.000000,0.000000,0.000000,0.000000,0.000000,yokoyama1988_ch4,Yokoyama et al. (1988),analytical_sampling,from_compilation,0.003241,0.003241,y_H2O mole fraction
CH4_yokoyama1988_ch4_008,CH4,298.0,5.0,total,none,0,,0.000000,0.000000,0.000000,0.000000,0.000000,0.000000,yokoyama1988_ch4,Yokoyama et al. (1988),analytical_sampling,from_compilation,0.002035,0.002035,y_H2O mole fraction
CH4_yokoyama1988_ch4_009,CH4,298.0,8.0,total,none,0,,0.000000,0.000000,0.000000,0.000000,0.000000,0.000000,yokoyama1988_ch4,Yokoyama et al. (1988),analytical_sampling,from_compilation,0.001182,0.001182,y_H2O mole fraction
CH4_yokoyama1988_ch4_010,CH4,323.0,3.0,total,none,0,,0.000000,0.000000,0.000000,0.000000,0.000000,0.000000,yokoyama1988_ch4,Yokoyama et al. (1988),analytical_sampling,from_compilation,0.01217,0.01217,y_H2O mole fraction
CH4_yokoyama1988_ch4_011,CH4,323.0,5.0,total,none,0,,0.000000,0.000000,0.000000,0.000000,0.000000,0.000000,yokoyama1988_ch4,Yokoyama et al. (1988),analytical_sampling,from_compilation,0.007617,0.007617,y_H2O mole fraction
CH4_yokoyama1988_ch4_012,CH4,323.0,8.0,total,none,0,,0.000000,0.000000,0.000000,0.000000,0.000000,0.000000,yokoyama1988_ch4,Yokoyama et al. (1988),analytical_sampling,from_compilation,0.00576,0.00576,y_H2O mole fraction
CO2_bambergeretal2000_co2_030,CO2,323,4.1,total,,,,,,,,,,bambergeretal2000_co2,Bamberger et al. (2000),unstated,from_compilation,0.0046,0.0046,y_H2O mole fraction
CO2_bambergeretal2000_co2_031,CO2,323,5.1,total,,,,,,,,,,bambergeretal2000_co2,Bamberger et al. (2000),unstated,from_compilation,0.0036,0.0036,y_H2O mole fraction
CO2_bambergeretal2000_co2_032,CO2,323,6.1,total,,,,,,,,,,bambergeretal2000_co2,Bamberger et al. (2000),unstated,from_compilation,0.0037,0.0037,y_H2O mole fraction
CO2_bambergeretal2000_co2_033,CO2,323,7.1,total,,,,,,,,,,bambergeretal2000_co2,Bamberger et al. (2000),unstated,from_compilation,0.0034,0.0034,y_H2O mole fraction
CO2_bambergeretal2000_co2_034,CO2,323,8.1,total,,,,,,,,,,bambergeretal2000_co2,Bamberger et al. (2000),unstated,from_compilation,0.0034,0.0034,y_H2O mole fraction
CO2_bambergeretal2000_co2_035,CO2,323,9.1,total,,,,,,,,,,bambergeretal2000_co2,Bamberger et al. (2000),unstated,from_compilation,0.0041,0.0041,y_H2O mole fraction
CO2_bambergeretal2000_co2_036,CO2,323,10.1,total,,,,,,,,,,bambergeretal2000_co2,Bamberger et al. (2000),unstated,from_compilation,0.0045,0.0045,y_H2O mole fraction
CO2_bambergeretal2000_co2_037,CO2,323,11.1,total,,,,,,,,,,bambergeretal2000_co2,Bamberger et al. (2000),unstated,from_compilation,0.005,0.005,y_H2O mole fraction
CO2_bambergeretal2000_co2_038,CO2,323,12.1,total,,,,,,,,,,bambergeretal2000_co2,Bamberger et al. (2000),unstated,from_compilation,0.0055,0.0055,y_H2O mole fraction
CO2_bambergeretal2000_co2_039,CO2,323,14.1,total,,,,,,,,,,bambergeretal2000_co2,Bamberger et al. (2000),unstated,from_compilation,0.0061,0.0061,y_H2O mole fraction
CO2_bambergeretal2000_co2_040,CO2,333,4.1,total,,,,,,,,,,bambergeretal2000_co2,Bamberger et al. (2000),unstated,from_compilation,0.0066,0.0066,y_H2O mole fraction
CO2_bambergeretal2000_co2_041,CO2,333,5.1,total,,,,,,,,,,bambergeretal2000_co2,Bamberger et al. (2000),unstated,from_compilation,0.0055,0.0055,y_H2O mole fraction
CO2_bambergeretal2000_co2_042,CO2,333,6.1,total,,,,,,,,,,bambergeretal2000_co2,Bamberger et al. (2000),unstated,from_compilation,0.0055,0.0055,y_H2O mole fraction
CO2_bambergeretal2000_co2_043,CO2,333,7.1,total,,,,,,,,,,bambergeretal2000_co2,Bamberger et al. (2000),unstated,from_compilation,0.0051,0.0051,y_H2O mole fraction
CO2_bambergeretal2000_co2_044,CO2,333,8.1,total,,,,,,,,,,bambergeretal2000_co2,Bamberger et al. (2000),unstated,from_compilation,0.005,0.005,y_H2O mole fraction
CO2_bambergeretal2000_co2_045,CO2,333,9.1,total,,,,,,,,,,bambergeretal2000_co2,Bamberger et al. (2000),unstated,from_compilation,0.0047,0.0047,y_H2O mole fraction
CO2_bambergeretal2000_co2_046,CO2,333,10.1,total,,,,,,,,,,bambergeretal2000_co2,Bamberger et al. (2000),unstated,from_compilation,0.0049,0.0049,y_H2O mole fraction
CO2_bambergeretal2000_co2_047,CO2,333,11.1,total,,,,,,,,,,bambergeretal2000_co2,Bamberger et al. (2000),unstated,from_compilation,0.0053,0.0053,y_H2O mole fraction
CO2_bambergeretal2000_co2_048,CO2,333,12.1,total,,,,,,,,,,bambergeretal2000_co2,Bamberger et al. (2000),unstated,from_compilation,0.0058,0.0058,y_H2O mole fraction
CO2_bambergeretal2000_co2_049,CO2,333,14.1,total,,,,,,,,,,bambergeretal2000_co2,Bamberger et al. (2000),unstated,from_compilation,0.0078,0.0078,y_H2O mole fraction
CO2_bambergeretal2000_co2_050,CO2,353,4.1,total,,,,,,,,,,bambergeretal2000_co2,Bamberger et al. (2000),unstated,from_compilation,0.0143,0.0143,y_H2O mole fraction
CO2_bambergeretal2000_co2_051,CO2,353,6.1,total,,,,,,,,,,bambergeretal2000_co2,Bamberger et al. (2000),unstated,from_compilation,0.0109,0.0109,y_H2O mole fraction
CO2_bambergeretal2000_co2_052,CO2,353,7.1,total,,,,,,,,,,bambergeretal2000_co2,Bamberger et al. (2000),unstated,from_compilation,0.0104,0.0104,y_H2O mole fraction
CO2_bambergeretal2000_co2_053,CO2,353,8.1,total,,,,,,,,,,bambergeretal2000_co2,Bamberger et al. (2000),unstated,from_compilation,0.0097,0.0097,y_H2O mole fraction
CO2_bambergeretal2000_co2_054,CO2,353,9.1,total,,,,,,,,,,bambergeretal2000_co2,Bamberger et al. (2000),unstated,from_compilation,0.0092,0.0092,y_H2O mole fraction
CO2_bambergeretal2000_co2_055,CO2,353,10.1,total,,,,,,,,,,bambergeretal2000_co2,Bamberger et al. (2000),unstated,from_compilation,0.0093,0.0093,y_H2O mole fraction
CO2_bambergeretal2000_co2_056,CO2,353,11.1,total,,,,,,,,,,bambergeretal2000_co2,Bamberger et al. (2000),unstated,from_compilation,0.009,0.009,y_H2O mole fraction
CO2_bambergeretal2000_co2_057,CO2,353,12.1,total,,,,,,,,,,bambergeretal2000_co2,Bamberger et al. (2000),unstated,from_compilation,0.0096,0.0096,y_H2O mole fraction
CO2_bambergeretal2000_co2_058,CO2,353,14.1,total,,,,,,,,,,bambergeretal2000_co2,Bamberger et al. (2000),unstated,from_compilation,0.01,0.01,y_H2O mole fraction
CO2_brionesetal1987_co2_009,CO2,323,6.82,total,,,,,,,,,,brionesetal1987_co2,Briones et al. (1987),unstated,from_compilation,0.00339,0.00339,y_H2O mole fraction
CO2_brionesetal1987_co2_010,CO2,323,7.53,total,,,,,,,,,,brionesetal1987_co2,Briones et al. (1987),unstated,from_compilation,0.00345,0.00345,y_H2O mole fraction
CO2_brionesetal1987_co2_011,CO2,323,8.72,total,,,,,,,,,,brionesetal1987_co2,Briones et al. (1987),unstated,from_compilation,0.00364,0.00364,y_H2O mole fraction
CO2_brionesetal1987_co2_012,CO2,323,10.13,total,,,,,,,,,,brionesetal1987_co2,Briones et al. (1987),unstated,from_compilation,0.00436,0.00436,y_H2O mole fraction
CO2_brionesetal1987_co2_013,CO2,323,12.21,total,,,,,,,,,,brionesetal1987_co2,Briones et al. (1987),unstated,from_compilation,0.00543,0.00543,y_H2O mole fraction
CO2_brionesetal1987_co2_014,CO2,323,14.75,total,,,,,,,,,,brionesetal1987_co2,Briones et al. (1987),unstated,from_compilation,0.00608,0.00608,y_H2O mole fraction
CO2_brionesetal1987_co2_015,CO2,323,17.68,total,,,,,,,,,,brionesetal1987_co2,Briones et al. (1987),unstated,from_compilation,0.00643,0.00643,y_H2O mole fraction
CO2_coanking1971_co2_001,CO2,298.15,2.26968,total,,,,,,,,,,coanking1971_co2,Coan & King (1971),gravimetric,,0.00195,0.00195,mole fraction water in CO2-rich vapor phase (Y2)
CO2_coanking1971_co2_002,CO2,298.15,2.97896,total,,,,,,,,,,coanking1971_co2,Coan & King (1971),gravimetric,,0.00163,0.00163,mole fraction water in CO2-rich vapor phase (Y2)
CO2_coanking1971_co2_003,CO2,298.15,2.99922,total,,,,,,,,,,coanking1971_co2,Coan & King (1971),gravimetric,,0.00167,0.00167,mole fraction water in CO2-rich vapor phase (Y2)
CO2_coanking1971_co2_004,CO2,298.15,3.72876,total,,,,,,,,,,coanking1971_co2,Coan & King (1971),gravimetric,,0.00145,0.00145,mole fraction water in CO2-rich vapor phase (Y2)
CO2_coanking1971_co2_005,CO2,298.15,3.73889,total,,,,,,,,,,coanking1971_co2,Coan & King (1971),gravimetric,,0.00149,0.00149,mole fraction water in CO2-rich vapor phase (Y2)
CO2_coanking1971_co2_006,CO2,323.15,1.73266,total,,,,,,,,,,coanking1971_co2,Coan & King (1971),gravimetric,,0.00841,0.00841,mole fraction water in CO2-rich vapor phase (Y2)
CO2_coanking1971_co2_007,CO2,323.15,2.55339,total,,,,,,,,,,coanking1971_co2,Coan & King (1971),gravimetric,,0.00595,0.00595,mole fraction water in CO2-rich vapor phase (Y2)
CO2_coanking1971_co2_008,CO2,323.15,2.58379,total,,,,,,,,,,coanking1971_co2,Coan & King (1971),gravimetric,,0.00598,0.00598,mole fraction water in CO2-rich vapor phase (Y2)
CO2_coanking1971_co2_009,CO2,323.15,3.63757,total,,,,,,,,,,coanking1971_co2,Coan & King (1971),gravimetric,,0.00466,0.00466,mole fraction water in CO2-rich vapor phase (Y2)
CO2_coanking1971_co2_010,CO2,323.15,3.63757,total,,,,,,,,,,coanking1971_co2,Coan & King (1971),gravimetric,,0.00463,0.00463,mole fraction water in CO2-rich vapor phase (Y2)
CO2_coanking1971_co2_011,CO2,323.15,4.63055,total,,,,,,,,,,coanking1971_co2,Coan & King (1971),gravimetric,,0.00396,0.00396,mole fraction water in CO2-rich vapor phase (Y2)
CO2_coanking1971_co2_012,CO2,348.15,2.33047,total,,,,,,,,,,coanking1971_co2,Coan & King (1971),gravimetric,,0.02,0.0200,mole fraction water in CO2-rich vapor phase (Y2)
CO2_coanking1971_co2_013,CO2,348.15,3.73889,total,,,,,,,,,,coanking1971_co2,Coan & King (1971),gravimetric,,0.0125,0.0125,mole fraction water in CO2-rich vapor phase (Y2)
CO2_coanking1971_co2_014,CO2,348.15,3.74903,total,,,,,,,,,,coanking1971_co2,Coan & King (1971),gravimetric,,0.0126,0.0126,mole fraction water in CO2-rich vapor phase (Y2)
CO2_coanking1971_co2_015,CO2,348.15,5.12704,total,,,,,,,,,,coanking1971_co2,Coan & King (1971),gravimetric,,0.0104,0.0104,mole fraction water in CO2-rich vapor phase (Y2)
CO2_coanking1971_co2_016,CO2,348.15,5.14731,total,,,,,,,,,,coanking1971_co2,Coan & King (1971),gravimetric,,0.0102,0.0102,mole fraction water in CO2-rich vapor phase (Y2)
CO2_coanking1971_co2_017,CO2,373.15,3.6781,total,,,,,,,,,,coanking1971_co2,Coan & King (1971),gravimetric,,0.0328,0.0328,mole fraction water in CO2-rich vapor phase (Y2)
CO2_coanking1971_co2_018,CO2,373.15,3.71863,total,,,,,,,,,,coanking1971_co2,Coan & King (1971),gravimetric,,0.0323,0.0323,mole fraction water in CO2-rich vapor phase (Y2)
CO2_coanking1971_co2_019,CO2,373.15,4.47857,total,,,,,,,,,,coanking1971_co2,Coan & King (1971),gravimetric,,0.0277,0.0277,mole fraction water in CO2-rich vapor phase (Y2)
CO2_coanking1971_co2_020,CO2,373.15,4.47857,total,,,,,,,,,,coanking1971_co2,Coan & King (1971),gravimetric,,0.0274,0.0274,mole fraction water in CO2-rich vapor phase (Y2)
CO2_coanking1971_co2_021,CO2,373.15,5.14731,total,,,,,,,,,,coanking1971_co2,Coan & King (1971),gravimetric,,0.0248,0.0248,mole fraction water in CO2-rich vapor phase (Y2)
CO2_coanking1971_co2_022,CO2,373.15,5.14731,total,,,,,,,,,,coanking1971_co2,Coan & King (1971),gravimetric,,0.0251,0.0251,mole fraction water in CO2-rich vapor phase (Y2)
CO2_dohrnetal1993_co2_003,CO2,323,10.1,total,,,,,,,,,,dohrnetal1993_co2,Dohrn et al. (1993),unstated,from_compilation,0.00547,0.00547,y_H2O mole fraction
CO2_dohrnetal1993_co2_004,CO2,323,20.1,total,,,,,,,,,,dohrnetal1993_co2,Dohrn et al. (1993),unstated,from_compilation,0.00682,0.00682,y_H2O mole fraction
CO2_dohrnetal1993_co2_005,CO2,323,30.1,total,,,,,,,,,,dohrnetal1993_co2,Dohrn et al. (1993),unstated,from_compilation,0.00782,0.00782,y_H2O mole fraction
CO2_dsouza1988_co2_001,CO2,323,10.13,total,,,,,,,,,,dsouza1988_co2,D'Souza et al. (1988),unstated,from_compilation,0.0055,0.0055,y_H2O mole fraction
CO2_dsouza1988_co2_002,CO2,323,15.2,total,,,,,,,,,,dsouza1988_co2,D'Souza et al. (1988),unstated,from_compilation,0.0079,0.0079,y_H2O mole fraction
CO2_dsouza1988_co2_003,CO2,348,10.13,total,,,,,,,,,,dsouza1988_co2,D'Souza et al. (1988),unstated,from_compilation,0.0074,0.0074,y_H2O mole fraction
CO2_dsouza1988_co2_004,CO2,348,15.2,total,,,,,,,,,,dsouza1988_co2,D'Souza et al. (1988),unstated,from_compilation,0.009,0.009,y_H2O mole fraction
CO2_hou2013_co2_147,CO2,323.15,2.92,total,,,,,,,,,,hou2013_co2,"Hou et al. (2013, JSF 78)",chromatography,from_compilation,0.00391,0.00391,y_H2O mole fraction
CO2_hou2013_co2_148,CO2,323.15,3.027,total,,,,,,,,,,hou2013_co2,"Hou et al. (2013, JSF 78)",chromatography,from_compilation,0.0034,0.0034,y_H2O mole fraction
CO2_hou2013_co2_149,CO2,323.15,5.895,total,,,,,,,,,,hou2013_co2,"Hou et al. (2013, JSF 78)",chromatography,from_compilation,0.00241,0.00241,y_H2O mole fraction
CO2_hou2013_co2_150,CO2,323.15,5.959,total,,,,,,,,,,hou2013_co2,"Hou et al. (2013, JSF 78)",chromatography,from_compilation,0.00199,0.00199,y_H2O mole fraction
CO2_hou2013_co2_151,CO2,323.15,8.88,total,,,,,,,,,,hou2013_co2,"Hou et al. (2013, JSF 78)",chromatography,from_compilation,0.00222,0.00222,y_H2O mole fraction
CO2_hou2013_co2_152,CO2,323.15,8.998,total,,,,,,,,,,hou2013_co2,"Hou et al. (2013, JSF 78)",chromatography,from_compilation,0.00177,0.00177,y_H2O mole fraction
CO2_hou2013_co2_153,CO2,323.15,11.774,total,,,,,,,,,,hou2013_co2,"Hou et al. (2013, JSF 78)",chromatography,from_compilation,0.00272,0.00272,y_H2O mole fraction
CO2_hou2013_co2_154,CO2,323.15,12.084,total,,,,,,,,,,hou2013_co2,"Hou et al. (2013, JSF 78)",chromatography,from_compilation,0.00247,0.00247,y_H2O mole fraction
CO2_hou2013_co2_155,CO2,323.15,15.036,total,,,,,,,,,,hou2013_co2,"Hou et al. (2013, JSF 78)",chromatography,from_compilation,0.00362,0.00362,y_H2O mole fraction
CO2_hou2013_co2_156,CO2,323.15,15.062,total,,,,,,,,,,hou2013_co2,"Hou et al. (2013, JSF 78)",chromatography,from_compilation,0.0038,0.0038,y_H2O mole fraction
CO2_hou2013_co2_157,CO2,323.15,18.078,total,,,,,,,,,,hou2013_co2,"Hou et al. (2013, JSF 78)",chromatography,from_compilation,0.00413,0.00413,y_H2O mole fraction
CO2_hou2013_co2_158,CO2,323.15,18.184,total,,,,,,,,,,hou2013_co2,"Hou et al. (2013, JSF 78)",chromatography,from_compilation,0.00402,0.00402,y_H2O mole fraction
CO2_hou2013_co2_159,CO2,373.15,2.945,total,,,,,,,,,,hou2013_co2,"Hou et al. (2013, JSF 78)",chromatography,from_compilation,0.03088,0.03088,y_H2O mole fraction
CO2_hou2013_co2_160,CO2,373.15,3.025,total,,,,,,,,,,hou2013_co2,"Hou et al. (2013, JSF 78)",chromatography,from_compilation,0.01649,0.01649,y_H2O mole fraction
CO2_hou2013_co2_161,CO2,373.15,6.023,total,,,,,,,,,,hou2013_co2,"Hou et al. (2013, JSF 78)",chromatography,from_compilation,0.00944,0.00944,y_H2O mole fraction
CO2_hou2013_co2_162,CO2,373.15,6.08,total,,,,,,,,,,hou2013_co2,"Hou et al. (2013, JSF 78)",chromatography,from_compilation,0.01244,0.01244,y_H2O mole fraction
CO2_hou2013_co2_163,CO2,373.15,8.978,total,,,,,,,,,,hou2013_co2,"Hou et al. (2013, JSF 78)",chromatography,from_compilation,0.00844,0.00844,y_H2O mole fraction
CO2_hou2013_co2_164,CO2,373.15,9.071,total,,,,,,,,,,hou2013_co2,"Hou et al. (2013, JSF 78)",chromatography,from_compilation,0.01166,0.01166,y_H2O mole fraction
CO2_hou2013_co2_165,CO2,373.15,12.032,total,,,,,,,,,,hou2013_co2,"Hou et al. (2013, JSF 78)",chromatography,from_compilation,0.00767,0.00767,y_H2O mole fraction
CO2_hou2013_co2_166,CO2,373.15,12.032,total,,,,,,,,,,hou2013_co2,"Hou et al. (2013, JSF 78)",chromatography,from_compilation,0.0107,0.0107,y_H2O mole fraction
CO2_hou2013_co2_167,CO2,373.15,14.874,total,,,,,,,,,,hou2013_co2,"Hou et al. (2013, JSF 78)",chromatography,from_compilation,0.0122,0.0122,y_H2O mole fraction
CO2_hou2013_co2_168,CO2,373.15,15.103,total,,,,,,,,,,hou2013_co2,"Hou et al. (2013, JSF 78)",chromatography,from_compilation,0.00938,0.00938,y_H2O mole fraction
CO2_hou2013_co2_169,CO2,373.15,17.883,total,,,,,,,,,,hou2013_co2,"Hou et al. (2013, JSF 78)",chromatography,from_compilation,0.01266,0.01266,y_H2O mole fraction
CO2_hou2013_co2_170,CO2,373.15,18.215,total,,,,,,,,,,hou2013_co2,"Hou et al. (2013, JSF 78)",chromatography,from_compilation,0.01038,0.01038,y_H2O mole fraction
CO2_hou2013_co2_171,CO2,423.15,2.745,total,,,,,,,,,,hou2013_co2,"Hou et al. (2013, JSF 78)",chromatography,from_compilation,0.18882,0.18882,y_H2O mole fraction
CO2_hou2013_co2_172,CO2,423.15,2.908,total,,,,,,,,,,hou2013_co2,"Hou et al. (2013, JSF 78)",chromatography,from_compilation,0.16007,0.16007,y_H2O mole fraction
CO2_hou2013_co2_173,CO2,423.15,5.957,total,,,,,,,,,,hou2013_co2,"Hou et al. (2013, JSF 78)",chromatography,from_compilation,0.08999,0.08999,y_H2O mole fraction
CO2_hou2013_co2_174,CO2,423.15,6.074,total,,,,,,,,,,hou2013_co2,"Hou et al. (2013, JSF 78)",chromatography,from_compilation,0.10112,0.10112,y_H2O mole fraction
CO2_hou2013_co2_175,CO2,423.15,8.889,total,,,,,,,,,,hou2013_co2,"Hou et al. (2013, JSF 78)",chromatography,from_compilation,0.07575,0.07575,y_H2O mole fraction
CO2_hou2013_co2_176,CO2,423.15,8.984,total,,,,,,,,,,hou2013_co2,"Hou et al. (2013, JSF 78)",chromatography,from_compilation,0.0648,0.0648,y_H2O mole fraction
CO2_hou2013_co2_177,CO2,423.15,11.957,total,,,,,,,,,,hou2013_co2,"Hou et al. (2013, JSF 78)",chromatography,from_compilation,0.06225,0.06225,y_H2O mole fraction
CO2_hou2013_co2_178,CO2,423.15,12.035,total,,,,,,,,,,hou2013_co2,"Hou et al. (2013, JSF 78)",chromatography,from_compilation,0.05495,0.05495,y_H2O mole fraction
CO2_hou2013_co2_179,CO2,423.15,14.958,total,,,,,,,,,,hou2013_co2,"Hou et al. (2013, JSF 78)",chromatography,from_compilation,0.05455,0.05455,y_H2O mole fraction
CO2_hou2013_co2_180,CO2,423.15,14.991,total,,,,,,,,,,hou2013_co2,"Hou et al. (2013, JSF 78)",chromatography,from_compilation,0.04767,0.04767,y_H2O mole fraction
CO2_hou2013_co2_181,CO2,423.15,17.858,total,,,,,,,,,,hou2013_co2,"Hou et al. (2013, JSF 78)",chromatography,from_compilation,0.05094,0.05094,y_H2O mole fraction
CO2_hou2013_co2_182,CO2,423.15,18.12,total,,,,,,,,,,hou2013_co2,"Hou et al. (2013, JSF 78)",chromatography,from_compilation,0.04322,0.04322,y_H2O mole fraction
CO2_hou2013_co2_183,CO2,323.15,2.782,total,,,,,,,,,,hou2013_co2,"Hou et al. (2013, JSF 78)",chromatography,from_compilation,0.00363,0.00363,y_H2O mole fraction
CO2_hou2013_co2_184,CO2,323.15,2.983,total,,,,,,,,,,hou2013_co2,"Hou et al. (2013, JSF 78)",chromatography,from_compilation,0.00294,0.00294,y_H2O mole fraction
CO2_hou2013_co2_185,CO2,323.15,5.739,total,,,,,,,,,,hou2013_co2,"Hou et al. (2013, JSF 78)",chromatography,from_compilation,0.00233,0.00233,y_H2O mole fraction
CO2_hou2013_co2_186,CO2,323.15,5.954,total,,,,,,,,,,hou2013_co2,"Hou et al. (2013, JSF 78)",chromatography,from_compilation,0.00191,0.00191,y_H2O mole fraction
CO2_hou2013_co2_187,CO2,323.15,8.73,total,,,,,,,,,,hou2013_co2,"Hou et al. (2013, JSF 78)",chromatography,from_compilation,0.00218,0.00218,y_H2O mole fraction
CO2_hou2013_co2_188,CO2,323.15,8.953,total,,,,,,,,,,hou2013_co2,"Hou et al. (2013, JSF 78)",chromatography,from_compilation,0.00164,0.00164,y_H2O mole fraction
CO2_hou2013_co2_189,CO2,323.15,11.773,total,,,,,,,,,,hou2013_co2,"Hou et al. (2013, JSF 78)",chromatography,from_compilation,0.00266,0.00266,y_H2O mole fraction
CO2_hou2013_co2_190,CO2,323.15,12.017,total,,,,,,,,,,hou2013_co2,"Hou et al. (2013, JSF 78)",chromatography,from_compilation,0.0024,0.0024,y_H2O mole fraction
CO2_hou2013_co2_191,CO2,323.15,14.959,total,,,,,,,,,,hou2013_co2,"Hou et al. (2013, JSF 78)",chromatography,from_compilation,0.00349,0.00349,y_H2O mole fraction
CO2_hou2013_co2_192,CO2,323.15,15.02,total,,,,,,,,,,hou2013_co2,"Hou et al. (2013, JSF 78)",chromatography,from_compilation,0.00374,0.00374,y_H2O mole fraction
CO2_hou2013_co2_193,CO2,323.15,17.954,total,,,,,,,,,,hou2013_co2,"Hou et al. (2013, JSF 78)",chromatography,from_compilation,0.00391,0.00391,y_H2O mole fraction
CO2_hou2013_co2_194,CO2,323.15,18.211,total,,,,,,,,,,hou2013_co2,"Hou et al. (2013, JSF 78)",chromatography,from_compilation,0.00409,0.00409,y_H2O mole fraction
CO2_hou2013_co2_195,CO2,373.15,2.613,total,,,,,,,,,,hou2013_co2,"Hou et al. (2013, JSF 78)",chromatography,from_compilation,0.02903,0.02903,y_H2O mole fraction
CO2_hou2013_co2_196,CO2,373.15,2.951,total,,,,,,,,,,hou2013_co2,"Hou et al. (2013, JSF 78)",chromatography,from_compilation,0.01419,0.01419,y_H2O mole fraction
CO2_hou2013_co2_197,CO2,373.15,5.742,total,,,,,,,,,,hou2013_co2,"Hou et al. (2013, JSF 78)",chromatography,from_compilation,0.01172,0.01172,y_H2O mole fraction
CO2_hou2013_co2_198,CO2,373.15,6.068,total,,,,,,,,,,hou2013_co2,"Hou et al. (2013, JSF 78)",chromatography,from_compilation,0.00902,0.00902,y_H2O mole fraction
CO2_hou2013_co2_199,CO2,373.15,8.789,total,,,,,,,,,,hou2013_co2,"Hou et al. (2013, JSF 78)",chromatography,from_compilation,0.01064,0.01064,y_H2O mole fraction
CO2_hou2013_co2_200,CO2,373.15,8.916,total,,,,,,,,,,hou2013_co2,"Hou et al. (2013, JSF 78)",chromatography,from_compilation,0.00811,0.00811,y_H2O mole fraction
CO2_hou2013_co2_201,CO2,373.15,11.867,total,,,,,,,,,,hou2013_co2,"Hou et al. (2013, JSF 78)",chromatography,from_compilation,0.00955,0.00955,y_H2O mole fraction
CO2_hou2013_co2_202,CO2,373.15,12.003,total,,,,,,,,,,hou2013_co2,"Hou et al. (2013, JSF 78)",chromatography,from_compilation,0.00742,0.00742,y_H2O mole fraction
CO2_hou2013_co2_203,CO2,373.15,14.921,total,,,,,,,,,,hou2013_co2,"Hou et al. (2013, JSF 78)",chromatography,from_compilation,0.01083,0.01083,y_H2O mole fraction
CO2_hou2013_co2_204,CO2,373.15,14.924,total,,,,,,,,,,hou2013_co2,"Hou et al. (2013, JSF 78)",chromatography,from_compilation,0.00847,0.00847,y_H2O mole fraction
CO2_hou2013_co2_205,CO2,373.15,18.013,total,,,,,,,,,,hou2013_co2,"Hou et al. (2013, JSF 78)",chromatography,from_compilation,0.01156,0.01156,y_H2O mole fraction
CO2_hou2013_co2_206,CO2,373.15,18.162,total,,,,,,,,,,hou2013_co2,"Hou et al. (2013, JSF 78)",chromatography,from_compilation,0.00945,0.00945,y_H2O mole fraction
CO2_hou2013_co2_207,CO2,423.15,2.643,total,,,,,,,,,,hou2013_co2,"Hou et al. (2013, JSF 78)",chromatography,from_compilation,0.18559,0.18559,y_H2O mole fraction
CO2_hou2013_co2_208,CO2,423.15,3.093,total,,,,,,,,,,hou2013_co2,"Hou et al. (2013, JSF 78)",chromatography,from_compilation,0.15439,0.15439,y_H2O mole fraction
CO2_hou2013_co2_209,CO2,423.15,5.766,total,,,,,,,,,,hou2013_co2,"Hou et al. (2013, JSF 78)",chromatography,from_compilation,0.10155,0.10155,y_H2O mole fraction
CO2_hou2013_co2_210,CO2,423.15,5.816,total,,,,,,,,,,hou2013_co2,"Hou et al. (2013, JSF 78)",chromatography,from_compilation,0.08669,0.08669,y_H2O mole fraction
CO2_hou2013_co2_211,CO2,423.15,8.6,total,,,,,,,,,,hou2013_co2,"Hou et al. (2013, JSF 78)",chromatography,from_compilation,0.07567,0.07567,y_H2O mole fraction
CO2_hou2013_co2_212,CO2,423.15,8.857,total,,,,,,,,,,hou2013_co2,"Hou et al. (2013, JSF 78)",chromatography,from_compilation,0.06268,0.06268,y_H2O mole fraction
CO2_hou2013_co2_213,CO2,423.15,11.604,total,,,,,,,,,,hou2013_co2,"Hou et al. (2013, JSF 78)",chromatography,from_compilation,0.06231,0.06231,y_H2O mole fraction
CO2_hou2013_co2_214,CO2,423.15,11.922,total,,,,,,,,,,hou2013_co2,"Hou et al. (2013, JSF 78)",chromatography,from_compilation,0.0531,0.0531,y_H2O mole fraction
CO2_hou2013_co2_215,CO2,423.15,14.881,total,,,,,,,,,,hou2013_co2,"Hou et al. (2013, JSF 78)",chromatography,from_compilation,0.05364,0.05364,y_H2O mole fraction
CO2_hou2013_co2_216,CO2,423.15,14.979,total,,,,,,,,,,hou2013_co2,"Hou et al. (2013, JSF 78)",chromatography,from_compilation,0.04672,0.04672,y_H2O mole fraction
CO2_hou2013_co2_217,CO2,423.15,17.794,total,,,,,,,,,,hou2013_co2,"Hou et al. (2013, JSF 78)",chromatography,from_compilation,0.05022,0.05022,y_H2O mole fraction
CO2_hou2013_co2_218,CO2,423.15,18.079,total,,,,,,,,,,hou2013_co2,"Hou et al. (2013, JSF 78)",chromatography,from_compilation,0.04304,0.04304,y_H2O mole fraction
CO2_hou2013jsf73water_co2_043,CO2,298,1.66,total,,,,,,,,,,hou2013jsf73water_co2,"Hou et al. (2013, JSF 73)",chromatography,from_compilation,0.00268,0.00268,y_H2O mole fraction
CO2_hou2013jsf73water_co2_044,CO2,298,3.26,total,,,,,,,,,,hou2013jsf73water_co2,"Hou et al. (2013, JSF 73)",chromatography,from_compilation,0.0016,0.0016,y_H2O mole fraction
CO2_hou2013jsf73water_co2_045,CO2,298,6.39,total,,,,,,,,,,hou2013jsf73water_co2,"Hou et al. (2013, JSF 73)",chromatography,from_compilation,0.00194,0.00194,y_H2O mole fraction
CO2_hou2013jsf73water_co2_046,CO2,323,2.98,total,,,,,,,,,,hou2013jsf73water_co2,"Hou et al. (2013, JSF 73)",chromatography,from_compilation,0.00507,0.00507,y_H2O mole fraction
CO2_hou2013jsf73water_co2_047,CO2,323,7.41,total,,,,,,,,,,hou2013jsf73water_co2,"Hou et al. (2013, JSF 73)",chromatography,from_compilation,0.0035,0.0035,y_H2O mole fraction
CO2_hou2013jsf73water_co2_048,CO2,323,10.02,total,,,,,,,,,,hou2013jsf73water_co2,"Hou et al. (2013, JSF 73)",chromatography,from_compilation,0.00403,0.00403,y_H2O mole fraction
CO2_hou2013jsf73water_co2_049,CO2,323,12.97,total,,,,,,,,,,hou2013jsf73water_co2,"Hou et al. (2013, JSF 73)",chromatography,from_compilation,0.00533,0.00533,y_H2O mole fraction
CO2_hou2013jsf73water_co2_050,CO2,323,17.53,total,,,,,,,,,,hou2013jsf73water_co2,"Hou et al. (2013, JSF 73)",chromatography,from_compilation,0.00614,0.00614,y_H2O mole fraction
CO2_hou2013jsf73water_co2_051,CO2,348,1.1,total,,,,,,,,,,hou2013jsf73water_co2,"Hou et al. (2013, JSF 73)",chromatography,from_compilation,0.03132,0.03132,y_H2O mole fraction
CO2_hou2013jsf73water_co2_052,CO2,348,2.92,total,,,,,,,,,,hou2013jsf73water_co2,"Hou et al. (2013, JSF 73)",chromatography,from_compilation,0.01422,0.01422,y_H2O mole fraction
CO2_hou2013jsf73water_co2_053,CO2,348,7.12,total,,,,,,,,,,hou2013jsf73water_co2,"Hou et al. (2013, JSF 73)",chromatography,from_compilation,0.00845,0.00845,y_H2O mole fraction
CO2_hou2013jsf73water_co2_054,CO2,348,10.17,total,,,,,,,,,,hou2013jsf73water_co2,"Hou et al. (2013, JSF 73)",chromatography,from_compilation,0.00805,0.00805,y_H2O mole fraction
CO2_hou2013jsf73water_co2_055,CO2,348,13.28,total,,,,,,,,,,hou2013jsf73water_co2,"Hou et al. (2013, JSF 73)",chromatography,from_compilation,0.00836,0.00836,y_H2O mole fraction
CO2_hou2013jsf73water_co2_056,CO2,348,16.92,total,,,,,,,,,,hou2013jsf73water_co2,"Hou et al. (2013, JSF 73)",chromatography,from_compilation,0.00996,0.00996,y_H2O mole fraction
CO2_hou2013jsf73water_co2_057,CO2,373,1.11,total,,,,,,,,,,hou2013jsf73water_co2,"Hou et al. (2013, JSF 73)",chromatography,from_compilation,0.08802,0.08802,y_H2O mole fraction
CO2_hou2013jsf73water_co2_058,CO2,373,2.42,total,,,,,,,,,,hou2013jsf73water_co2,"Hou et al. (2013, JSF 73)",chromatography,from_compilation,0.04691,0.04691,y_H2O mole fraction
CO2_hou2013jsf73water_co2_059,CO2,373,7.09,total,,,,,,,,,,hou2013jsf73water_co2,"Hou et al. (2013, JSF 73)",chromatography,from_compilation,0.02102,0.02102,y_H2O mole fraction
CO2_hou2013jsf73water_co2_060,CO2,373,10.24,total,,,,,,,,,,hou2013jsf73water_co2,"Hou et al. (2013, JSF 73)",chromatography,from_compilation,0.01747,0.01747,y_H2O mole fraction
CO2_hou2013jsf73water_co2_061,CO2,373,13.35,total,,,,,,,,,,hou2013jsf73water_co2,"Hou et al. (2013, JSF 73)",chromatography,from_compilation,0.01675,0.01675,y_H2O mole fraction
CO2_hou2013jsf73water_co2_062,CO2,373,17.07,total,,,,,,,,,,hou2013jsf73water_co2,"Hou et al. (2013, JSF 73)",chromatography,from_compilation,0.01712,0.01712,y_H2O mole fraction
CO2_hou2013jsf73water_co2_063,CO2,423,1.43,total,,,,,,,,,,hou2013jsf73water_co2,"Hou et al. (2013, JSF 73)",chromatography,from_compilation,0.3464,0.3464,y_H2O mole fraction
CO2_hou2013jsf73water_co2_064,CO2,423,2.99,total,,,,,,,,,,hou2013jsf73water_co2,"Hou et al. (2013, JSF 73)",chromatography,from_compilation,0.18927,0.18927,y_H2O mole fraction
CO2_hou2013jsf73water_co2_065,CO2,423,7.2,total,,,,,,,,,,hou2013jsf73water_co2,"Hou et al. (2013, JSF 73)",chromatography,from_compilation,0.09452,0.09452,y_H2O mole fraction
CO2_hou2013jsf73water_co2_066,CO2,423,10.01,total,,,,,,,,,,hou2013jsf73water_co2,"Hou et al. (2013, JSF 73)",chromatography,from_compilation,0.07499,0.07499,y_H2O mole fraction
CO2_hou2013jsf73water_co2_067,CO2,423,13.42,total,,,,,,,,,,hou2013jsf73water_co2,"Hou et al. (2013, JSF 73)",chromatography,from_compilation,0.06368,0.06368,y_H2O mole fraction
CO2_hou2013jsf73water_co2_068,CO2,423,17.35,total,,,,,,,,,,hou2013jsf73water_co2,"Hou et al. (2013, JSF 73)",chromatography,from_compilation,0.05661,0.05661,y_H2O mole fraction
CO2_hou2013jsf73water_co2_069,CO2,448,1.33,total,,,,,,,,,,hou2013jsf73water_co2,"Hou et al. (2013, JSF 73)",chromatography,from_compilation,0.70431,0.70431,y_H2O mole fraction
CO2_hou2013jsf73water_co2_070,CO2,448,3.66,total,,,,,,,,,,hou2013jsf73water_co2,"Hou et al. (2013, JSF 73)",chromatography,from_compilation,0.29,0.29,y_H2O mole fraction
CO2_hou2013jsf73water_co2_071,CO2,448,7.57,total,,,,,,,,,,hou2013jsf73water_co2,"Hou et al. (2013, JSF 73)",chromatography,from_compilation,0.15731,0.15731,y_H2O mole fraction
CO2_hou2013jsf73water_co2_072,CO2,448,10.5,total,,,,,,,,,,hou2013jsf73water_co2,"Hou et al. (2013, JSF 73)",chromatography,from_compilation,0.11921,0.11921,y_H2O mole fraction
CO2_hou2013jsf73water_co2_073,CO2,448,13.44,total,,,,,,,,,,hou2013jsf73water_co2,"Hou et al. (2013, JSF 73)",chromatography,from_compilation,0.10667,0.10667,y_H2O mole fraction
CO2_hou2013jsf73water_co2_074,CO2,448,17.46,total,,,,,,,,,,hou2013jsf73water_co2,"Hou et al. (2013, JSF 73)",chromatography,from_compilation,0.10175,0.10175,y_H2O mole fraction
CO2_jacksonbowmanfulton1995_co2_001,CO2,323.15,34.48,total,,,,,,,,,,jacksonbowmanfulton1995_co2,"Jackson, Bowman & Fulton (1995)",other,,0.0075,0.75,"mol% H2O in CO2-rich (near-critical/supercritical) phase, measured by near-IR"
CO2_jacksonbowmanfulton1995_co2_002,CO2,348.15,34.48,total,,,,,,,,,,jacksonbowmanfulton1995_co2,"Jackson, Bowman & Fulton (1995)",other,,0.0133,1.33,"mol% H2O in CO2-rich (near-critical/supercritical) phase, measured by near-IR"
CO2_jooss2025_co2_001,CO2,308.14,1,total,,,,,,,,,,jooss2025_co2,Jooss et al. (2025),chromatography,,0.00636,0.636%,"y_w = mole fraction H2O in CO2-rich (gas/carbonic) phase, mol%"
CO2_jooss2025_co2_002,CO2,308.14,2,total,,,,,,,,,,jooss2025_co2,Jooss et al. (2025),chromatography,,0.00345,0.345%,"y_w = mole fraction H2O in CO2-rich (gas/carbonic) phase, mol%"
CO2_jooss2025_co2_003,CO2,308.13,4,total,,,,,,,,,,jooss2025_co2,Jooss et al. (2025),chromatography,,0.0022,0.220%,"y_w = mole fraction H2O in CO2-rich (gas/carbonic) phase, mol%"
CO2_jooss2025_co2_004,CO2,308.13,6,total,,,,,,,,,,jooss2025_co2,Jooss et al. (2025),chromatography,,0.00205,0.205%,"y_w = mole fraction H2O in CO2-rich (gas/carbonic) phase, mol%"
CO2_jooss2025_co2_005,CO2,308.13,7,total,,,,,,,,,,jooss2025_co2,Jooss et al. (2025),chromatography,,0.00209,0.209%,"y_w = mole fraction H2O in CO2-rich (gas/carbonic) phase, mol%"
CO2_jooss2025_co2_006,CO2,308.15,8,total,,,,,,,,,,jooss2025_co2,Jooss et al. (2025),chromatography,,0.00291,0.291%,"y_w = mole fraction H2O in CO2-rich (gas/carbonic) phase, mol%"
CO2_jooss2025_co2_007,CO2,308.13,9,total,,,,,,,,,,jooss2025_co2,Jooss et al. (2025),chromatography,,0.0038,0.380%,"y_w = mole fraction H2O in CO2-rich (gas/carbonic) phase, mol%"
CO2_jooss2025_co2_008,CO2,308.13,19,total,,,,,,,,,,jooss2025_co2,Jooss et al. (2025),chromatography,,0.00467,0.467%,"y_w = mole fraction H2O in CO2-rich (gas/carbonic) phase, mol%"
CO2_jooss2025_co2_009,CO2,308.15,30,total,,,,,,,,,,jooss2025_co2,Jooss et al. (2025),chromatography,,0.00492,0.492%,"y_w = mole fraction H2O in CO2-rich (gas/carbonic) phase, mol%"
CO2_jooss2025_co2_010,CO2,323.15,1,total,,,,,,,,,,jooss2025_co2,Jooss et al. (2025),chromatography,,0.01363,1.363%,"y_w = mole fraction H2O in CO2-rich (gas/carbonic) phase, mol%"
CO2_jooss2025_co2_011,CO2,323.33,3.5,total,,,,,,,,,,jooss2025_co2,Jooss et al. (2025),chromatography,,0.00468,0.468%,"y_w = mole fraction H2O in CO2-rich (gas/carbonic) phase, mol%"
CO2_jooss2025_co2_012,CO2,323.34,6,total,,,,,,,,,,jooss2025_co2,Jooss et al. (2025),chromatography,,0.00348,0.348%,"y_w = mole fraction H2O in CO2-rich (gas/carbonic) phase, mol%"
CO2_jooss2025_co2_013,CO2,323.34,7.3,total,,,,,,,,,,jooss2025_co2,Jooss et al. (2025),chromatography,,0.00345,0.345%,"y_w = mole fraction H2O in CO2-rich (gas/carbonic) phase, mol%"
CO2_jooss2025_co2_014,CO2,323.34,7.8,total,,,,,,,,,,jooss2025_co2,Jooss et al. (2025),chromatography,,0.00333,0.333%,"y_w = mole fraction H2O in CO2-rich (gas/carbonic) phase, mol%"
CO2_jooss2025_co2_015,CO2,323.34,8.4,total,,,,,,,,,,jooss2025_co2,Jooss et al. (2025),chromatography,,0.00347,0.347%,"y_w = mole fraction H2O in CO2-rich (gas/carbonic) phase, mol%"
CO2_jooss2025_co2_016,CO2,323.35,12,total,,,,,,,,,,jooss2025_co2,Jooss et al. (2025),chromatography,,0.00527,0.527%,"y_w = mole fraction H2O in CO2-rich (gas/carbonic) phase, mol%"
CO2_jooss2025_co2_017,CO2,323.34,17.5,total,,,,,,,,,,jooss2025_co2,Jooss et al. (2025),chromatography,,0.00637,0.637%,"y_w = mole fraction H2O in CO2-rich (gas/carbonic) phase, mol%"
CO2_jooss2025_co2_018,CO2,323.16,42,total,,,,,,,,,,jooss2025_co2,Jooss et al. (2025),chromatography,,0.00724,0.724%,"y_w = mole fraction H2O in CO2-rich (gas/carbonic) phase, mol%"
CO2_jooss2025_co2_019,CO2,338.15,1,total,,,,,,,,,,jooss2025_co2,Jooss et al. (2025),chromatography,,0.02622,2.622%,"y_w = mole fraction H2O in CO2-rich (gas/carbonic) phase, mol%"
CO2_jooss2025_co2_020,CO2,338.15,2,total,,,,,,,,,,jooss2025_co2,Jooss et al. (2025),chromatography,,0.01399,1.399%,"y_w = mole fraction H2O in CO2-rich (gas/carbonic) phase, mol%"
CO2_jooss2025_co2_021,CO2,338.15,6,total,,,,,,,,,,jooss2025_co2,Jooss et al. (2025),chromatography,,0.00644,0.644%,"y_w = mole fraction H2O in CO2-rich (gas/carbonic) phase, mol%"
CO2_jooss2025_co2_022,CO2,338.15,9,total,,,,,,,,,,jooss2025_co2,Jooss et al. (2025),chromatography,,0.00579,0.579%,"y_w = mole fraction H2O in CO2-rich (gas/carbonic) phase, mol%"
CO2_jooss2025_co2_023,CO2,338.16,11,total,,,,,,,,,,jooss2025_co2,Jooss et al. (2025),chromatography,,0.00615,0.615%,"y_w = mole fraction H2O in CO2-rich (gas/carbonic) phase, mol%"
CO2_jooss2025_co2_024,CO2,338.15,17,total,,,,,,,,,,jooss2025_co2,Jooss et al. (2025),chromatography,,0.00833,0.833%,"y_w = mole fraction H2O in CO2-rich (gas/carbonic) phase, mol%"
CO2_jooss2025_co2_025,CO2,338.14,27,total,,,,,,,,,,jooss2025_co2,Jooss et al. (2025),chromatography,,0.00968,0.968%,"y_w = mole fraction H2O in CO2-rich (gas/carbonic) phase, mol%"
CO2_jooss2025_co2_026,CO2,338.14,42,total,,,,,,,,,,jooss2025_co2,Jooss et al. (2025),chromatography,,0.01028,1.028%,"y_w = mole fraction H2O in CO2-rich (gas/carbonic) phase, mol%"
CO2_jooss2025_co2_027,CO2,338.14,52,total,,,,,,,,,,jooss2025_co2,Jooss et al. (2025),chromatography,,0.01048,1.048%,"y_w = mole fraction H2O in CO2-rich (gas/carbonic) phase, mol%"
CO2_jooss2025_co2_028,CO2,358.16,1,total,,,,,,,,,,jooss2025_co2,Jooss et al. (2025),chromatography,,0.06055,6.055%,"y_w = mole fraction H2O in CO2-rich (gas/carbonic) phase, mol%"
CO2_jooss2025_co2_029,CO2,358.16,2,total,,,,,,,,,,jooss2025_co2,Jooss et al. (2025),chromatography,,0.03178,3.178%,"y_w = mole fraction H2O in CO2-rich (gas/carbonic) phase, mol%"
CO2_jooss2025_co2_030,CO2,358.15,6,total,,,,,,,,,,jooss2025_co2,Jooss et al. (2025),chromatography,,0.01358,1.358%,"y_w = mole fraction H2O in CO2-rich (gas/carbonic) phase, mol%"
CO2_jooss2025_co2_031,CO2,358.16,10,total,,,,,,,,,,jooss2025_co2,Jooss et al. (2025),chromatography,,0.01115,1.115%,"y_w = mole fraction H2O in CO2-rich (gas/carbonic) phase, mol%"
CO2_jooss2025_co2_032,CO2,358.16,14,total,,,,,,,,,,jooss2025_co2,Jooss et al. (2025),chromatography,,0.01141,1.141%,"y_w = mole fraction H2O in CO2-rich (gas/carbonic) phase, mol%"
CO2_jooss2025_co2_033,CO2,358.16,19,total,,,,,,,,,,jooss2025_co2,Jooss et al. (2025),chromatography,,0.01297,1.297%,"y_w = mole fraction H2O in CO2-rich (gas/carbonic) phase, mol%"
CO2_jooss2025_co2_034,CO2,358.16,27,total,,,,,,,,,,jooss2025_co2,Jooss et al. (2025),chromatography,,0.0146,1.460%,"y_w = mole fraction H2O in CO2-rich (gas/carbonic) phase, mol%"
CO2_jooss2025_co2_035,CO2,358.17,42,total,,,,,,,,,,jooss2025_co2,Jooss et al. (2025),chromatography,,0.0157,1.570%,"y_w = mole fraction H2O in CO2-rich (gas/carbonic) phase, mol%"
CO2_jooss2025_co2_036,CO2,358.16,70,total,,,,,,,,,,jooss2025_co2,Jooss et al. (2025),chromatography,,0.01653,1.653%,"y_w = mole fraction H2O in CO2-rich (gas/carbonic) phase, mol%"
CO2_jooss2025_co2_037,CO2,368.17,1,total,,,,,,,,,,jooss2025_co2,Jooss et al. (2025),chromatography,,0.08852,8.852%,"y_w = mole fraction H2O in CO2-rich (gas/carbonic) phase, mol%"
CO2_jooss2025_co2_038,CO2,368.17,2,total,,,,,,,,,,jooss2025_co2,Jooss et al. (2025),chromatography,,0.04633,4.633%,"y_w = mole fraction H2O in CO2-rich (gas/carbonic) phase, mol%"
CO2_jooss2025_co2_039,CO2,368.17,4,total,,,,,,,,,,jooss2025_co2,Jooss et al. (2025),chromatography,,0.02552,2.552%,"y_w = mole fraction H2O in CO2-rich (gas/carbonic) phase, mol%"
CO2_jooss2025_co2_040,CO2,368.17,10,total,,,,,,,,,,jooss2025_co2,Jooss et al. (2025),chromatography,,0.01486,1.486%,"y_w = mole fraction H2O in CO2-rich (gas/carbonic) phase, mol%"
CO2_jooss2025_co2_041,CO2,368.17,13,total,,,,,,,,,,jooss2025_co2,Jooss et al. (2025),chromatography,,0.01436,1.436%,"y_w = mole fraction H2O in CO2-rich (gas/carbonic) phase, mol%"
CO2_jooss2025_co2_042,CO2,368.17,18,total,,,,,,,,,,jooss2025_co2,Jooss et al. (2025),chromatography,,0.01541,1.541%,"y_w = mole fraction H2O in CO2-rich (gas/carbonic) phase, mol%"
CO2_jooss2025_co2_043,CO2,368.18,27,total,,,,,,,,,,jooss2025_co2,Jooss et al. (2025),chromatography,,0.01686,1.686%,"y_w = mole fraction H2O in CO2-rich (gas/carbonic) phase, mol%"
CO2_jooss2025_co2_044,CO2,368.2,42,total,,,,,,,,,,jooss2025_co2,Jooss et al. (2025),chromatography,,0.01922,1.922%,"y_w = mole fraction H2O in CO2-rich (gas/carbonic) phase, mol%"
CO2_jooss2025_co2_045,CO2,368.2,70,total,,,,,,,,,,jooss2025_co2,Jooss et al. (2025),chromatography,,0.02049,2.049%,"y_w = mole fraction H2O in CO2-rich (gas/carbonic) phase, mol%"
CO2_jooss2025_co2_046,CO2,393.17,2,total,,,,,,,,,,jooss2025_co2,Jooss et al. (2025),chromatography,,0.10842,10.842%,"y_w = mole fraction H2O in CO2-rich (gas/carbonic) phase, mol%"
CO2_jooss2025_co2_047,CO2,393.16,4,total,,,,,,,,,,jooss2025_co2,Jooss et al. (2025),chromatography,,0.05873,5.873%,"y_w = mole fraction H2O in CO2-rich (gas/carbonic) phase, mol%"
CO2_jooss2025_co2_048,CO2,393.15,8,total,,,,,,,,,,jooss2025_co2,Jooss et al. (2025),chromatography,,0.03551,3.551%,"y_w = mole fraction H2O in CO2-rich (gas/carbonic) phase, mol%"
CO2_jooss2025_co2_049,CO2,393.17,11,total,,,,,,,,,,jooss2025_co2,Jooss et al. (2025),chromatography,,0.0301,3.010%,"y_w = mole fraction H2O in CO2-rich (gas/carbonic) phase, mol%"
CO2_jooss2025_co2_050,CO2,393.16,16,total,,,,,,,,,,jooss2025_co2,Jooss et al. (2025),chromatography,,0.0273,2.730%,"y_w = mole fraction H2O in CO2-rich (gas/carbonic) phase, mol%"
CO2_jooss2025_co2_051,CO2,393.16,22,total,,,,,,,,,,jooss2025_co2,Jooss et al. (2025),chromatography,,0.02791,2.791%,"y_w = mole fraction H2O in CO2-rich (gas/carbonic) phase, mol%"
CO2_jooss2025_co2_052,CO2,393.16,27,total,,,,,,,,,,jooss2025_co2,Jooss et al. (2025),chromatography,,0.02908,2.908%,"y_w = mole fraction H2O in CO2-rich (gas/carbonic) phase, mol%"
CO2_jooss2025_co2_053,CO2,393.21,42,total,,,,,,,,,,jooss2025_co2,Jooss et al. (2025),chromatography,,0.03115,3.115%,"y_w = mole fraction H2O in CO2-rich (gas/carbonic) phase, mol%"
CO2_jooss2025_co2_054,CO2,393.22,70,total,,,,,,,,,,jooss2025_co2,Jooss et al. (2025),chromatography,,0.03347,3.347%,"y_w = mole fraction H2O in CO2-rich (gas/carbonic) phase, mol%"
CO2_jooss2025_co2_055,CO2,323.15,1,partial_CO2,,,,,,,,,,jooss2025_co2,Jooss et al. (2025),chromatography,,0.01262,1.262%,"y_w = mole fraction H2O in CO2-rich (gas/carbonic) phase, mol%"
CO2_jooss2025_co2_056,CO2,323.16,2.8,total,,,,,,,,,,jooss2025_co2,Jooss et al. (2025),chromatography,,0.00495,0.495%,"y_w = mole fraction H2O in CO2-rich (gas/carbonic) phase, mol%"
CO2_jooss2025_co2_057,CO2,323.16,3.5,total,,,,,,,,,,jooss2025_co2,Jooss et al. (2025),chromatography,,0.00424,0.424%,"y_w = mole fraction H2O in CO2-rich (gas/carbonic) phase, mol%"
CO2_jooss2025_co2_058,CO2,323.15,6,total,,,,,,,,,,jooss2025_co2,Jooss et al. (2025),chromatography,,0.00308,0.308%,"y_w = mole fraction H2O in CO2-rich (gas/carbonic) phase, mol%"
CO2_jooss2025_co2_059,CO2,323.16,7.3,total,,,,,,,,,,jooss2025_co2,Jooss et al. (2025),chromatography,,0.00291,0.291%,"y_w = mole fraction H2O in CO2-rich (gas/carbonic) phase, mol%"
CO2_jooss2025_co2_060,CO2,323.16,8.4,total,,,,,,,,,,jooss2025_co2,Jooss et al. (2025),chromatography,,0.00305,0.305%,"y_w = mole fraction H2O in CO2-rich (gas/carbonic) phase, mol%"
CO2_jooss2025_co2_061,CO2,323.16,12,total,,,,,,,,,,jooss2025_co2,Jooss et al. (2025),chromatography,,0.0046,0.460%,"y_w = mole fraction H2O in CO2-rich (gas/carbonic) phase, mol%"
CO2_jooss2025_co2_062,CO2,323.16,17.5,total,,,,,,,,,,jooss2025_co2,Jooss et al. (2025),chromatography,,0.00536,0.536%,"y_w = mole fraction H2O in CO2-rich (gas/carbonic) phase, mol%"
CO2_jooss2025_co2_063,CO2,323.15,42,total,,,,,,,,,,jooss2025_co2,Jooss et al. (2025),chromatography,,0.00634,0.634%,"y_w = mole fraction H2O in CO2-rich (gas/carbonic) phase, mol%"
CO2_jooss2025_co2_064,CO2,358.14,1,partial_CO2,,,,,,,,,,jooss2025_co2,Jooss et al. (2025),chromatography,,0.05822,5.822%,"y_w = mole fraction H2O in CO2-rich (gas/carbonic) phase, mol%"
CO2_jooss2025_co2_065,CO2,358.14,2,total,,,,,,,,,,jooss2025_co2,Jooss et al. (2025),chromatography,,0.03068,3.068%,"y_w = mole fraction H2O in CO2-rich (gas/carbonic) phase, mol%"
CO2_jooss2025_co2_066,CO2,358.13,6,total,,,,,,,,,,jooss2025_co2,Jooss et al. (2025),chromatography,,0.01298,1.298%,"y_w = mole fraction H2O in CO2-rich (gas/carbonic) phase, mol%"
CO2_jooss2025_co2_067,CO2,358.14,10,total,,,,,,,,,,jooss2025_co2,Jooss et al. (2025),chromatography,,0.01043,1.043%,"y_w = mole fraction H2O in CO2-rich (gas/carbonic) phase, mol%"
CO2_jooss2025_co2_068,CO2,358.14,14,total,,,,,,,,,,jooss2025_co2,Jooss et al. (2025),chromatography,,0.0107,1.070%,"y_w = mole fraction H2O in CO2-rich (gas/carbonic) phase, mol%"
CO2_jooss2025_co2_069,CO2,358.14,19,total,,,,,,,,,,jooss2025_co2,Jooss et al. (2025),chromatography,,0.01217,1.217%,"y_w = mole fraction H2O in CO2-rich (gas/carbonic) phase, mol%"
CO2_jooss2025_co2_070,CO2,358.14,27,total,,,,,,,,,,jooss2025_co2,Jooss et al. (2025),chromatography,,0.0136,1.360%,"y_w = mole fraction H2O in CO2-rich (gas/carbonic) phase, mol%"
CO2_jooss2025_co2_071,CO2,358.14,42,total,,,,,,,,,,jooss2025_co2,Jooss et al. (2025),chromatography,,0.01477,1.477%,"y_w = mole fraction H2O in CO2-rich (gas/carbonic) phase, mol%"
CO2_jooss2025_co2_072,CO2,358.15,70,total,,,,,,,,,,jooss2025_co2,Jooss et al. (2025),chromatography,,0.01576,1.576%,"y_w = mole fraction H2O in CO2-rich (gas/carbonic) phase, mol%"
CO2_jooss2025_co2_073,CO2,358.2,1,partial_CO2,,,,,,,,,,jooss2025_co2,Jooss et al. (2025),chromatography,,0.05479,5.479%,"y_w = mole fraction H2O in CO2-rich (gas/carbonic) phase, mol%"
CO2_jooss2025_co2_074,CO2,358.2,2,total,,,,,,,,,,jooss2025_co2,Jooss et al. (2025),chromatography,,0.02857,2.857%,"y_w = mole fraction H2O in CO2-rich (gas/carbonic) phase, mol%"
CO2_jooss2025_co2_075,CO2,358.12,6,total,,,,,,,,,,jooss2025_co2,Jooss et al. (2025),chromatography,,0.01185,1.185%,"y_w = mole fraction H2O in CO2-rich (gas/carbonic) phase, mol%"
CO2_jooss2025_co2_076,CO2,358.12,10,total,,,,,,,,,,jooss2025_co2,Jooss et al. (2025),chromatography,,0.00952,0.952%,"y_w = mole fraction H2O in CO2-rich (gas/carbonic) phase, mol%"
CO2_jooss2025_co2_077,CO2,358.12,14,total,,,,,,,,,,jooss2025_co2,Jooss et al. (2025),chromatography,,0.00966,0.966%,"y_w = mole fraction H2O in CO2-rich (gas/carbonic) phase, mol%"
CO2_jooss2025_co2_078,CO2,358.12,19,total,,,,,,,,,,jooss2025_co2,Jooss et al. (2025),chromatography,,0.01112,1.112%,"y_w = mole fraction H2O in CO2-rich (gas/carbonic) phase, mol%"
CO2_jooss2025_co2_079,CO2,358.15,27,total,,,,,,,,,,jooss2025_co2,Jooss et al. (2025),chromatography,,0.01256,1.256%,"y_w = mole fraction H2O in CO2-rich (gas/carbonic) phase, mol%"
CO2_jooss2025_co2_080,CO2,358.15,42,total,,,,,,,,,,jooss2025_co2,Jooss et al. (2025),chromatography,,0.01368,1.368%,"y_w = mole fraction H2O in CO2-rich (gas/carbonic) phase, mol%"
CO2_jooss2025_co2_081,CO2,358.13,70,total,,,,,,,,,,jooss2025_co2,Jooss et al. (2025),chromatography,,0.0147,1.470%,"y_w = mole fraction H2O in CO2-rich (gas/carbonic) phase, mol%"
CO2_jooss2025_co2_082,CO2,393.18,2,total,,,,,,,,,,jooss2025_co2,Jooss et al. (2025),chromatography,,0.0986,9.860%,"y_w = mole fraction H2O in CO2-rich (gas/carbonic) phase, mol%"
CO2_jooss2025_co2_083,CO2,393.18,4,total,,,,,,,,,,jooss2025_co2,Jooss et al. (2025),chromatography,,0.0535,5.350%,"y_w = mole fraction H2O in CO2-rich (gas/carbonic) phase, mol%"
CO2_jooss2025_co2_084,CO2,393.17,8,total,,,,,,,,,,jooss2025_co2,Jooss et al. (2025),chromatography,,0.03192,3.192%,"y_w = mole fraction H2O in CO2-rich (gas/carbonic) phase, mol%"
CO2_jooss2025_co2_085,CO2,393.18,11,total,,,,,,,,,,jooss2025_co2,Jooss et al. (2025),chromatography,,0.02696,2.696%,"y_w = mole fraction H2O in CO2-rich (gas/carbonic) phase, mol%"
CO2_jooss2025_co2_086,CO2,393.17,16,total,,,,,,,,,,jooss2025_co2,Jooss et al. (2025),chromatography,,0.02456,2.456%,"y_w = mole fraction H2O in CO2-rich (gas/carbonic) phase, mol%"
CO2_jooss2025_co2_087,CO2,393.15,21.5,total,,,,,,,,,,jooss2025_co2,Jooss et al. (2025),chromatography,,0.02459,2.459%,"y_w = mole fraction H2O in CO2-rich (gas/carbonic) phase, mol%"
CO2_jooss2025_co2_088,CO2,393.18,27,total,,,,,,,,,,jooss2025_co2,Jooss et al. (2025),chromatography,,0.02606,2.606%,"y_w = mole fraction H2O in CO2-rich (gas/carbonic) phase, mol%"
CO2_jooss2025_co2_089,CO2,393.18,42,total,,,,,,,,,,jooss2025_co2,Jooss et al. (2025),chromatography,,0.02759,2.759%,"y_w = mole fraction H2O in CO2-rich (gas/carbonic) phase, mol%"
CO2_jooss2025_co2_090,CO2,393.19,70,total,,,,,,,,,,jooss2025_co2,Jooss et al. (2025),chromatography,,0.02924,2.924%,"y_w = mole fraction H2O in CO2-rich (gas/carbonic) phase, mol%"
CO2_king1992_co2_031,CO2,293.15,7.09,total,,,,,,,,,,king1992_co2,King et al. (1992),analytical_sampling,,0.00272,2.72,"yw^c x10^3 = moles H2O per thousand moles of fluid (CO2-rich phase), as printed"
CO2_king1992_co2_032,CO2,298.15,7.09,total,,,,,,,,,,king1992_co2,King et al. (1992),analytical_sampling,,0.00307,3.07,"yw^c x10^3 = moles H2O per thousand moles of fluid (CO2-rich phase), as printed"
CO2_king1992_co2_033,CO2,288.15,7.6,total,,,,,,,,,,king1992_co2,King et al. (1992),analytical_sampling,,0.00235,2.35,"yw^c x10^3 = moles H2O per thousand moles of fluid (CO2-rich phase), as printed"
CO2_king1992_co2_034,CO2,293.15,7.6,total,,,,,,,,,,king1992_co2,King et al. (1992),analytical_sampling,,0.00276,2.76,"yw^c x10^3 = moles H2O per thousand moles of fluid (CO2-rich phase), as printed"
CO2_king1992_co2_035,CO2,298.15,7.6,total,,,,,,,,,,king1992_co2,King et al. (1992),analytical_sampling,,0.00309,3.09,"yw^c x10^3 = moles H2O per thousand moles of fluid (CO2-rich phase), as printed"
CO2_king1992_co2_036,CO2,293.15,8.11,total,,,,,,,,,,king1992_co2,King et al. (1992),analytical_sampling,,0.00278,2.78,"yw^c x10^3 = moles H2O per thousand moles of fluid (CO2-rich phase), as printed"
CO2_king1992_co2_037,CO2,298.15,9.12,total,,,,,,,,,,king1992_co2,King et al. (1992),analytical_sampling,,0.00314,3.14,"yw^c x10^3 = moles H2O per thousand moles of fluid (CO2-rich phase), as printed"
CO2_king1992_co2_038,CO2,308.15,9.12,total,,,,,,,,,,king1992_co2,King et al. (1992),analytical_sampling,,0.00384,3.84,"yw^c x10^3 = moles H2O per thousand moles of fluid (CO2-rich phase), as printed"
CO2_king1992_co2_039,CO2,288.15,10.13,total,,,,,,,,,,king1992_co2,King et al. (1992),analytical_sampling,,0.00241,2.41,"yw^c x10^3 = moles H2O per thousand moles of fluid (CO2-rich phase), as printed"
CO2_king1992_co2_040,CO2,293.15,10.13,total,,,,,,,,,,king1992_co2,King et al. (1992),analytical_sampling,,0.00293,2.93,"yw^c x10^3 = moles H2O per thousand moles of fluid (CO2-rich phase), as printed"
CO2_king1992_co2_041,CO2,298.15,10.13,total,,,,,,,,,,king1992_co2,King et al. (1992),analytical_sampling,,0.00327,3.27,"yw^c x10^3 = moles H2O per thousand moles of fluid (CO2-rich phase), as printed"
CO2_king1992_co2_042,CO2,308.15,10.13,total,,,,,,,,,,king1992_co2,King et al. (1992),analytical_sampling,,0.00407,4.07,"yw^c x10^3 = moles H2O per thousand moles of fluid (CO2-rich phase), as printed"
CO2_king1992_co2_043,CO2,313.15,10.13,total,,,,,,,,,,king1992_co2,King et al. (1992),analytical_sampling,,0.00428,4.28,"yw^c x10^3 = moles H2O per thousand moles of fluid (CO2-rich phase), as printed"
CO2_king1992_co2_044,CO2,298.15,11.15,total,,,,,,,,,,king1992_co2,King et al. (1992),analytical_sampling,,0.00337,3.37,"yw^c x10^3 = moles H2O per thousand moles of fluid (CO2-rich phase), as printed"
CO2_king1992_co2_045,CO2,308.15,11.15,total,,,,,,,,,,king1992_co2,King et al. (1992),analytical_sampling,,0.00414,4.14,"yw^c x10^3 = moles H2O per thousand moles of fluid (CO2-rich phase), as printed"
CO2_king1992_co2_046,CO2,313.15,11.15,total,,,,,,,,,,king1992_co2,King et al. (1992),analytical_sampling,,0.0044,4.40,"yw^c x10^3 = moles H2O per thousand moles of fluid (CO2-rich phase), as printed"
CO2_king1992_co2_047,CO2,288.15,12.67,total,,,,,,,,,,king1992_co2,King et al. (1992),analytical_sampling,,0.00255,2.55,"yw^c x10^3 = moles H2O per thousand moles of fluid (CO2-rich phase), as printed"
CO2_king1992_co2_048,CO2,293.15,12.67,total,,,,,,,,,,king1992_co2,King et al. (1992),analytical_sampling,,0.00287,2.87,"yw^c x10^3 = moles H2O per thousand moles of fluid (CO2-rich phase), as printed"
CO2_king1992_co2_049,CO2,298.15,12.67,total,,,,,,,,,,king1992_co2,King et al. (1992),analytical_sampling,,0.00341,3.41,"yw^c x10^3 = moles H2O per thousand moles of fluid (CO2-rich phase), as printed"
CO2_king1992_co2_050,CO2,308.15,12.67,total,,,,,,,,,,king1992_co2,King et al. (1992),analytical_sampling,,0.00435,4.35,"yw^c x10^3 = moles H2O per thousand moles of fluid (CO2-rich phase), as printed"
CO2_king1992_co2_051,CO2,313.15,12.67,total,,,,,,,,,,king1992_co2,King et al. (1992),analytical_sampling,,0.00467,4.67,"yw^c x10^3 = moles H2O per thousand moles of fluid (CO2-rich phase), as printed"
CO2_king1992_co2_052,CO2,308.15,13.68,total,,,,,,,,,,king1992_co2,King et al. (1992),analytical_sampling,,0.0044,4.40,"yw^c x10^3 = moles H2O per thousand moles of fluid (CO2-rich phase), as printed"
CO2_king1992_co2_053,CO2,293.15,14.19,total,,,,,,,,,,king1992_co2,King et al. (1992),analytical_sampling,,0.00307,3.07,"yw^c x10^3 = moles H2O per thousand moles of fluid (CO2-rich phase), as printed"
CO2_king1992_co2_054,CO2,298.15,14.19,total,,,,,,,,,,king1992_co2,King et al. (1992),analytical_sampling,,0.00344,3.44,"yw^c x10^3 = moles H2O per thousand moles of fluid (CO2-rich phase), as printed"
CO2_king1992_co2_055,CO2,288.15,15.2,total,,,,,,,,,,king1992_co2,King et al. (1992),analytical_sampling,,0.00262,2.62,"yw^c x10^3 = moles H2O per thousand moles of fluid (CO2-rich phase), as printed"
CO2_king1992_co2_056,CO2,293.15,15.2,total,,,,,,,,,,king1992_co2,King et al. (1992),analytical_sampling,,0.0032,3.20,"yw^c x10^3 = moles H2O per thousand moles of fluid (CO2-rich phase), as printed"
CO2_king1992_co2_057,CO2,298.15,15.2,total,,,,,,,,,,king1992_co2,King et al. (1992),analytical_sampling,,0.00354,3.54,"yw^c x10^3 = moles H2O per thousand moles of fluid (CO2-rich phase), as printed"
CO2_king1992_co2_058,CO2,308.15,15.2,total,,,,,,,,,,king1992_co2,King et al. (1992),analytical_sampling,,0.00457,4.57,"yw^c x10^3 = moles H2O per thousand moles of fluid (CO2-rich phase), as printed"
CO2_king1992_co2_059,CO2,313.15,15.2,total,,,,,,,,,,king1992_co2,King et al. (1992),analytical_sampling,,0.00507,5.07,"yw^c x10^3 = moles H2O per thousand moles of fluid (CO2-rich phase), as printed"
CO2_king1992_co2_060,CO2,288.15,17.73,total,,,,,,,,,,king1992_co2,King et al. (1992),analytical_sampling,,0.00272,2.72,"yw^c x10^3 = moles H2O per thousand moles of fluid (CO2-rich phase), as printed"
CO2_king1992_co2_061,CO2,293.15,17.73,total,,,,,,,,,,king1992_co2,King et al. (1992),analytical_sampling,,0.00322,3.22,"yw^c x10^3 = moles H2O per thousand moles of fluid (CO2-rich phase), as printed"
CO2_king1992_co2_062,CO2,298.15,17.73,total,,,,,,,,,,king1992_co2,King et al. (1992),analytical_sampling,,0.00369,3.69,"yw^c x10^3 = moles H2O per thousand moles of fluid (CO2-rich phase), as printed"
CO2_king1992_co2_063,CO2,313.15,17.73,total,,,,,,,,,,king1992_co2,King et al. (1992),analytical_sampling,,0.00543,5.43,"yw^c x10^3 = moles H2O per thousand moles of fluid (CO2-rich phase), as printed"
CO2_king1992_co2_064,CO2,288.15,20.27,total,,,,,,,,,,king1992_co2,King et al. (1992),analytical_sampling,,0.0028,2.80,"yw^c x10^3 = moles H2O per thousand moles of fluid (CO2-rich phase), as printed"
CO2_king1992_co2_065,CO2,293.15,20.27,total,,,,,,,,,,king1992_co2,King et al. (1992),analytical_sampling,,0.00334,3.34,"yw^c x10^3 = moles H2O per thousand moles of fluid (CO2-rich phase), as printed"
CO2_king1992_co2_066,CO2,298.15,20.27,total,,,,,,,,,,king1992_co2,King et al. (1992),analytical_sampling,,0.00378,3.78,"yw^c x10^3 = moles H2O per thousand moles of fluid (CO2-rich phase), as printed"
CO2_king1992_co2_067,CO2,308.15,20.27,total,,,,,,,,,,king1992_co2,King et al. (1992),analytical_sampling,,0.00498,4.98,"yw^c x10^3 = moles H2O per thousand moles of fluid (CO2-rich phase), as printed"
CO2_king1992_co2_068,CO2,313.15,20.27,total,,,,,,,,,,king1992_co2,King et al. (1992),analytical_sampling,,0.0058,5.80,"yw^c x10^3 = moles H2O per thousand moles of fluid (CO2-rich phase), as printed"
CO2_meyer2015_co2_001,CO2,283,0.5,total,,,,,,,,,,meyer2015_co2,Meyer et al. (2015),pending,from_compilation,0.0026064,0.0026064,y_H2O mole fraction
CO2_meyer2015_co2_002,CO2,283,1,total,,,,,,,,,,meyer2015_co2,Meyer et al. (2015),pending,from_compilation,0.0013886,0.0013886,y_H2O mole fraction
CO2_meyer2015_co2_003,CO2,283,1.5,total,,,,,,,,,,meyer2015_co2,Meyer et al. (2015),pending,from_compilation,0.0009925,0.0009925,y_H2O mole fraction
CO2_meyer2015_co2_004,CO2,283,2,total,,,,,,,,,,meyer2015_co2,Meyer et al. (2015),pending,from_compilation,0.0008016,0.0008016,y_H2O mole fraction
CO2_meyer2015_co2_005,CO2,283,2.5,total,,,,,,,,,,meyer2015_co2,Meyer et al. (2015),pending,from_compilation,0.0006944,0.0006944,y_H2O mole fraction
CO2_meyer2015_co2_006,CO2,283,3,total,,,,,,,,,,meyer2015_co2,Meyer et al. (2015),pending,from_compilation,0.0006293,0.0006293,y_H2O mole fraction
CO2_meyer2015_co2_007,CO2,283,3.5,total,,,,,,,,,,meyer2015_co2,Meyer et al. (2015),pending,from_compilation,0.0005916,0.0005916,y_H2O mole fraction
CO2_meyer2015_co2_008,CO2,283,4,total,,,,,,,,,,meyer2015_co2,Meyer et al. (2015),pending,from_compilation,0.0005812,0.0005812,y_H2O mole fraction
CO2_meyer2015_co2_009,CO2,293,0.5,total,,,,,,,,,,meyer2015_co2,Meyer et al. (2015),pending,from_compilation,0.0054788,0.0054788,y_H2O mole fraction
CO2_meyer2015_co2_010,CO2,293,1,total,,,,,,,,,,meyer2015_co2,Meyer et al. (2015),pending,from_compilation,0.0028883,0.0028883,y_H2O mole fraction
CO2_meyer2015_co2_011,CO2,293,1.5,total,,,,,,,,,,meyer2015_co2,Meyer et al. (2015),pending,from_compilation,0.0020413,0.0020413,y_H2O mole fraction
CO2_meyer2015_co2_012,CO2,293,2,total,,,,,,,,,,meyer2015_co2,Meyer et al. (2015),pending,from_compilation,0.0016239,0.0016239,y_H2O mole fraction
CO2_meyer2015_co2_013,CO2,293,2.5,total,,,,,,,,,,meyer2015_co2,Meyer et al. (2015),pending,from_compilation,0.0013849,0.0013849,y_H2O mole fraction
CO2_meyer2015_co2_014,CO2,293,3,total,,,,,,,,,,meyer2015_co2,Meyer et al. (2015),pending,from_compilation,0.0012332,0.0012332,y_H2O mole fraction
CO2_meyer2015_co2_015,CO2,293,3.5,total,,,,,,,,,,meyer2015_co2,Meyer et al. (2015),pending,from_compilation,0.0011338,0.0011338,y_H2O mole fraction
CO2_meyer2015_co2_016,CO2,293,4,total,,,,,,,,,,meyer2015_co2,Meyer et al. (2015),pending,from_compilation,0.0010738,0.0010738,y_H2O mole fraction
CO2_meyer2015_co2_017,CO2,293,4.5,total,,,,,,,,,,meyer2015_co2,Meyer et al. (2015),pending,from_compilation,0.0010445,0.0010445,y_H2O mole fraction
CO2_meyer2015_co2_018,CO2,293,5,total,,,,,,,,,,meyer2015_co2,Meyer et al. (2015),pending,from_compilation,0.0010244,0.0010244,y_H2O mole fraction
CO2_meyer2015_co2_019,CO2,304,0.5,total,,,,,,,,,,meyer2015_co2,Meyer et al. (2015),pending,from_compilation,0.0088966,0.0088966,y_H2O mole fraction
CO2_meyer2015_co2_020,CO2,304,1,total,,,,,,,,,,meyer2015_co2,Meyer et al. (2015),pending,from_compilation,0.0046867,0.0046867,y_H2O mole fraction
CO2_meyer2015_co2_021,CO2,304,1.5,total,,,,,,,,,,meyer2015_co2,Meyer et al. (2015),pending,from_compilation,0.0032833,0.0032833,y_H2O mole fraction
CO2_meyer2015_co2_022,CO2,304,2,total,,,,,,,,,,meyer2015_co2,Meyer et al. (2015),pending,from_compilation,0.0026054,0.0026054,y_H2O mole fraction
CO2_meyer2015_co2_023,CO2,304,2.5,total,,,,,,,,,,meyer2015_co2,Meyer et al. (2015),pending,from_compilation,0.0022033,0.0022033,y_H2O mole fraction
CO2_meyer2015_co2_024,CO2,304,3,total,,,,,,,,,,meyer2015_co2,Meyer et al. (2015),pending,from_compilation,0.0019371,0.0019371,y_H2O mole fraction
CO2_meyer2015_co2_025,CO2,304,3.5,total,,,,,,,,,,meyer2015_co2,Meyer et al. (2015),pending,from_compilation,0.0017714,0.0017714,y_H2O mole fraction
CO2_meyer2015_co2_026,CO2,304,4,total,,,,,,,,,,meyer2015_co2,Meyer et al. (2015),pending,from_compilation,0.001665,0.001665,y_H2O mole fraction
CO2_meyer2015_co2_027,CO2,304,4.5,total,,,,,,,,,,meyer2015_co2,Meyer et al. (2015),pending,from_compilation,0.0015719,0.0015719,y_H2O mole fraction
CO2_meyer2015_co2_028,CO2,304,5,total,,,,,,,,,,meyer2015_co2,Meyer et al. (2015),pending,from_compilation,0.0015022,0.0015022,y_H2O mole fraction
CO2_meyer2015_co2_029,CO2,313,0.5,total,,,,,,,,,,meyer2015_co2,Meyer et al. (2015),pending,from_compilation,0.01534,0.01534,y_H2O mole fraction
CO2_meyer2015_co2_030,CO2,313,1,total,,,,,,,,,,meyer2015_co2,Meyer et al. (2015),pending,from_compilation,0.0080707,0.0080707,y_H2O mole fraction
CO2_meyer2015_co2_031,CO2,313,1.5,total,,,,,,,,,,meyer2015_co2,Meyer et al. (2015),pending,from_compilation,0.0056219,0.0056219,y_H2O mole fraction
CO2_meyer2015_co2_032,CO2,313,2,total,,,,,,,,,,meyer2015_co2,Meyer et al. (2015),pending,from_compilation,0.0044139,0.0044139,y_H2O mole fraction
CO2_meyer2015_co2_033,CO2,313,2.5,total,,,,,,,,,,meyer2015_co2,Meyer et al. (2015),pending,from_compilation,0.0037211,0.0037211,y_H2O mole fraction
CO2_meyer2015_co2_034,CO2,313,3,total,,,,,,,,,,meyer2015_co2,Meyer et al. (2015),pending,from_compilation,0.0032649,0.0032649,y_H2O mole fraction
CO2_meyer2015_co2_035,CO2,313,3.5,total,,,,,,,,,,meyer2015_co2,Meyer et al. (2015),pending,from_compilation,0.002937,0.002937,y_H2O mole fraction
CO2_meyer2015_co2_036,CO2,313,4,total,,,,,,,,,,meyer2015_co2,Meyer et al. (2015),pending,from_compilation,0.002732,0.002732,y_H2O mole fraction
CO2_meyer2015_co2_037,CO2,313,4.5,total,,,,,,,,,,meyer2015_co2,Meyer et al. (2015),pending,from_compilation,0.0025664,0.0025664,y_H2O mole fraction
CO2_meyer2015_co2_038,CO2,313,5,total,,,,,,,,,,meyer2015_co2,Meyer et al. (2015),pending,from_compilation,0.0024569,0.0024569,y_H2O mole fraction
CO2_meyer2015_co2_039,CO2,333,0.5,total,,,,,,,,,,meyer2015_co2,Meyer et al. (2015),pending,from_compilation,0.041504,0.041504,y_H2O mole fraction
CO2_meyer2015_co2_040,CO2,333,1,total,,,,,,,,,,meyer2015_co2,Meyer et al. (2015),pending,from_compilation,0.021461,0.021461,y_H2O mole fraction
CO2_meyer2015_co2_041,CO2,333,1.5,total,,,,,,,,,,meyer2015_co2,Meyer et al. (2015),pending,from_compilation,0.014798,0.014798,y_H2O mole fraction
CO2_meyer2015_co2_042,CO2,333,2,total,,,,,,,,,,meyer2015_co2,Meyer et al. (2015),pending,from_compilation,0.011514,0.011514,y_H2O mole fraction
CO2_meyer2015_co2_043,CO2,333,2.5,total,,,,,,,,,,meyer2015_co2,Meyer et al. (2015),pending,from_compilation,0.0095623,0.0095623,y_H2O mole fraction
CO2_meyer2015_co2_044,CO2,333,3,total,,,,,,,,,,meyer2015_co2,Meyer et al. (2015),pending,from_compilation,0.0082871,0.0082871,y_H2O mole fraction
CO2_meyer2015_co2_045,CO2,333,3.5,total,,,,,,,,,,meyer2015_co2,Meyer et al. (2015),pending,from_compilation,0.0073862,0.0073862,y_H2O mole fraction
CO2_meyer2015_co2_046,CO2,333,4,total,,,,,,,,,,meyer2015_co2,Meyer et al. (2015),pending,from_compilation,0.0067515,0.0067515,y_H2O mole fraction
CO2_meyer2015_co2_047,CO2,333,4.5,total,,,,,,,,,,meyer2015_co2,Meyer et al. (2015),pending,from_compilation,0.0062355,0.0062355,y_H2O mole fraction
CO2_meyer2015_co2_048,CO2,333,5,total,,,,,,,,,,meyer2015_co2,Meyer et al. (2015),pending,from_compilation,0.0058609,0.0058609,y_H2O mole fraction
CO2_meyer2015_co2_049,CO2,353,0.5,total,,,,,,,,,,meyer2015_co2,Meyer et al. (2015),pending,from_compilation,0.097482,0.097482,y_H2O mole fraction
CO2_meyer2015_co2_050,CO2,353,1,total,,,,,,,,,,meyer2015_co2,Meyer et al. (2015),pending,from_compilation,0.050406,0.050406,y_H2O mole fraction
CO2_meyer2015_co2_051,CO2,353,1.5,total,,,,,,,,,,meyer2015_co2,Meyer et al. (2015),pending,from_compilation,0.034562,0.034562,y_H2O mole fraction
CO2_meyer2015_co2_052,CO2,353,2,total,,,,,,,,,,meyer2015_co2,Meyer et al. (2015),pending,from_compilation,0.026675,0.026675,y_H2O mole fraction
CO2_meyer2015_co2_053,CO2,353,2.5,total,,,,,,,,,,meyer2015_co2,Meyer et al. (2015),pending,from_compilation,0.021942,0.021942,y_H2O mole fraction
CO2_meyer2015_co2_054,CO2,353,3,total,,,,,,,,,,meyer2015_co2,Meyer et al. (2015),pending,from_compilation,0.018871,0.018871,y_H2O mole fraction
CO2_meyer2015_co2_055,CO2,353,3.5,total,,,,,,,,,,meyer2015_co2,Meyer et al. (2015),pending,from_compilation,0.016681,0.016681,y_H2O mole fraction
CO2_meyer2015_co2_056,CO2,353,4,total,,,,,,,,,,meyer2015_co2,Meyer et al. (2015),pending,from_compilation,0.015051,0.015051,y_H2O mole fraction
CO2_meyer2015_co2_057,CO2,353,4.5,total,,,,,,,,,,meyer2015_co2,Meyer et al. (2015),pending,from_compilation,0.013793,0.013793,y_H2O mole fraction
CO2_meyer2015_co2_058,CO2,353,5,total,,,,,,,,,,meyer2015_co2,Meyer et al. (2015),pending,from_compilation,0.012819,0.012819,y_H2O mole fraction
CO2_muller1988_co2_050,CO2,373,0.6,total,,,,,,,,,,muller1988_co2,Muller et al. (1988),analytical_sampling,from_compilation,0.155,0.155,y_H2O mole fraction
CO2_muller1988_co2_051,CO2,373,0.92,total,,,,,,,,,,muller1988_co2,Muller et al. (1988),analytical_sampling,from_compilation,0.107,0.107,y_H2O mole fraction
CO2_muller1988_co2_052,CO2,373,1.19,total,,,,,,,,,,muller1988_co2,Muller et al. (1988),analytical_sampling,from_compilation,0.077,0.077,y_H2O mole fraction
CO2_muller1988_co2_053,CO2,373,1.45,total,,,,,,,,,,muller1988_co2,Muller et al. (1988),analytical_sampling,from_compilation,0.069,0.069,y_H2O mole fraction
CO2_muller1988_co2_054,CO2,373,1.82,total,,,,,,,,,,muller1988_co2,Muller et al. (1988),analytical_sampling,from_compilation,0.054,0.054,y_H2O mole fraction
CO2_muller1988_co2_055,CO2,373,2.31,total,,,,,,,,,,muller1988_co2,Muller et al. (1988),analytical_sampling,from_compilation,0.045,0.045,y_H2O mole fraction
CO2_muller1988_co2_056,CO2,393,0.6,total,,,,,,,,,,muller1988_co2,Muller et al. (1988),analytical_sampling,from_compilation,0.337,0.337,y_H2O mole fraction
CO2_muller1988_co2_057,CO2,393,0.94,total,,,,,,,,,,muller1988_co2,Muller et al. (1988),analytical_sampling,from_compilation,0.205,0.205,y_H2O mole fraction
CO2_muller1988_co2_058,CO2,393,1.27,total,,,,,,,,,,muller1988_co2,Muller et al. (1988),analytical_sampling,from_compilation,0.16,0.16,y_H2O mole fraction
CO2_muller1988_co2_059,CO2,393,1.63,total,,,,,,,,,,muller1988_co2,Muller et al. (1988),analytical_sampling,from_compilation,0.122,0.122,y_H2O mole fraction
CO2_muller1988_co2_060,CO2,393,2,total,,,,,,,,,,muller1988_co2,Muller et al. (1988),analytical_sampling,from_compilation,0.102,0.102,y_H2O mole fraction
CO2_muller1988_co2_061,CO2,393,2.41,total,,,,,,,,,,muller1988_co2,Muller et al. (1988),analytical_sampling,from_compilation,0.083,0.083,y_H2O mole fraction
CO2_muller1988_co2_062,CO2,393,2.85,total,,,,,,,,,,muller1988_co2,Muller et al. (1988),analytical_sampling,from_compilation,0.074,0.074,y_H2O mole fraction
CO2_muller1988_co2_063,CO2,413,0.65,total,,,,,,,,,,muller1988_co2,Muller et al. (1988),analytical_sampling,from_compilation,0.569,0.569,y_H2O mole fraction
CO2_muller1988_co2_064,CO2,413,0.93,total,,,,,,,,,,muller1988_co2,Muller et al. (1988),analytical_sampling,from_compilation,0.406,0.406,y_H2O mole fraction
CO2_muller1988_co2_065,CO2,413,1.19,total,,,,,,,,,,muller1988_co2,Muller et al. (1988),analytical_sampling,from_compilation,0.317,0.317,y_H2O mole fraction
CO2_muller1988_co2_066,CO2,413,1.6,total,,,,,,,,,,muller1988_co2,Muller et al. (1988),analytical_sampling,from_compilation,0.242,0.242,y_H2O mole fraction
CO2_muller1988_co2_067,CO2,413,2.01,total,,,,,,,,,,muller1988_co2,Muller et al. (1988),analytical_sampling,from_compilation,0.2,0.2,y_H2O mole fraction
CO2_muller1988_co2_068,CO2,413,2.49,total,,,,,,,,,,muller1988_co2,Muller et al. (1988),analytical_sampling,from_compilation,0.161,0.161,y_H2O mole fraction
CO2_muller1988_co2_069,CO2,413,3.25,total,,,,,,,,,,muller1988_co2,Muller et al. (1988),analytical_sampling,from_compilation,0.128,0.128,y_H2O mole fraction
CO2_muller1988_co2_070,CO2,433,0.88,total,,,,,,,,,,muller1988_co2,Muller et al. (1988),analytical_sampling,from_compilation,0.736,0.736,y_H2O mole fraction
CO2_muller1988_co2_071,CO2,433,1.14,total,,,,,,,,,,muller1988_co2,Muller et al. (1988),analytical_sampling,from_compilation,0.579,0.579,y_H2O mole fraction
CO2_muller1988_co2_072,CO2,433,1.42,total,,,,,,,,,,muller1988_co2,Muller et al. (1988),analytical_sampling,from_compilation,0.476,0.476,y_H2O mole fraction
CO2_muller1988_co2_073,CO2,433,1.78,total,,,,,,,,,,muller1988_co2,Muller et al. (1988),analytical_sampling,from_compilation,0.388,0.388,y_H2O mole fraction
CO2_muller1988_co2_074,CO2,433,2.18,total,,,,,,,,,,muller1988_co2,Muller et al. (1988),analytical_sampling,from_compilation,0.323,0.323,y_H2O mole fraction
CO2_muller1988_co2_075,CO2,433,2.56,total,,,,,,,,,,muller1988_co2,Muller et al. (1988),analytical_sampling,from_compilation,0.275,0.275,y_H2O mole fraction
CO2_muller1988_co2_076,CO2,433,3.48,total,,,,,,,,,,muller1988_co2,Muller et al. (1988),analytical_sampling,from_compilation,0.211,0.211,y_H2O mole fraction
CO2_muller1988_co2_077,CO2,453,1.44,total,,,,,,,,,,muller1988_co2,Muller et al. (1988),analytical_sampling,from_compilation,0.728,0.728,y_H2O mole fraction
CO2_muller1988_co2_078,CO2,453,2.1,total,,,,,,,,,,muller1988_co2,Muller et al. (1988),analytical_sampling,from_compilation,0.522,0.522,y_H2O mole fraction
CO2_muller1988_co2_079,CO2,453,2.62,total,,,,,,,,,,muller1988_co2,Muller et al. (1988),analytical_sampling,from_compilation,0.431,0.431,y_H2O mole fraction
CO2_muller1988_co2_080,CO2,453,3.28,total,,,,,,,,,,muller1988_co2,Muller et al. (1988),analytical_sampling,from_compilation,0.359,0.359,y_H2O mole fraction
CO2_muller1988_co2_081,CO2,453,4.07,total,,,,,,,,,,muller1988_co2,Muller et al. (1988),analytical_sampling,from_compilation,0.3,0.3,y_H2O mole fraction
CO2_muller1988_co2_082,CO2,453,4.91,total,,,,,,,,,,muller1988_co2,Muller et al. (1988),analytical_sampling,from_compilation,0.257,0.257,y_H2O mole fraction
CO2_muller1988_co2_083,CO2,453,6.27,total,,,,,,,,,,muller1988_co2,Muller et al. (1988),analytical_sampling,from_compilation,0.207,0.207,y_H2O mole fraction
CO2_muller1988_co2_084,CO2,473,2,total,,,,,,,,,,muller1988_co2,Muller et al. (1988),analytical_sampling,from_compilation,0.767,0.767,y_H2O mole fraction
CO2_muller1988_co2_085,CO2,473,2.49,total,,,,,,,,,,muller1988_co2,Muller et al. (1988),analytical_sampling,from_compilation,0.629,0.629,y_H2O mole fraction
CO2_muller1988_co2_086,CO2,473,3.1,total,,,,,,,,,,muller1988_co2,Muller et al. (1988),analytical_sampling,from_compilation,0.514,0.514,y_H2O mole fraction
CO2_muller1988_co2_087,CO2,473,3.76,total,,,,,,,,,,muller1988_co2,Muller et al. (1988),analytical_sampling,from_compilation,0.426,0.426,y_H2O mole fraction
CO2_muller1988_co2_088,CO2,473,4.57,total,,,,,,,,,,muller1988_co2,Muller et al. (1988),analytical_sampling,from_compilation,0.365,0.365,y_H2O mole fraction
CO2_muller1988_co2_089,CO2,473,6.04,total,,,,,,,,,,muller1988_co2,Muller et al. (1988),analytical_sampling,from_compilation,0.292,0.292,y_H2O mole fraction
CO2_muller1988_co2_090,CO2,473,7.8,total,,,,,,,,,,muller1988_co2,Muller et al. (1988),analytical_sampling,from_compilation,0.244,0.244,y_H2O mole fraction
CO2_sakoetal1991_co2_002,CO2,348,10.34,total,,,,,,,,,,sakoetal1991_co2,Sako et al. (1991),unstated,from_compilation,0.0063,0.0063,y_H2O mole fraction
CO2_sakoetal1991_co2_003,CO2,348,15.31,total,,,,,,,,,,sakoetal1991_co2,Sako et al. (1991),unstated,from_compilation,0.0075,0.0075,y_H2O mole fraction
CO2_sakoetal1991_co2_004,CO2,348,20.94,total,,,,,,,,,,sakoetal1991_co2,Sako et al. (1991),unstated,from_compilation,0.0084,0.0084,y_H2O mole fraction
CO2_sakoetal1991_co2_005,CO2,423,10.18,total,,,,,,,,,,sakoetal1991_co2,Sako et al. (1991),unstated,from_compilation,0.0607,0.0607,y_H2O mole fraction
CO2_sakoetal1991_co2_006,CO2,423,12.65,total,,,,,,,,,,sakoetal1991_co2,Sako et al. (1991),unstated,from_compilation,0.0523,0.0523,y_H2O mole fraction
CO2_sakoetal1991_co2_007,CO2,423,14.81,total,,,,,,,,,,sakoetal1991_co2,Sako et al. (1991),unstated,from_compilation,0.0507,0.0507,y_H2O mole fraction
CO2_sakoetal1991_co2_008,CO2,423,17.45,total,,,,,,,,,,sakoetal1991_co2,Sako et al. (1991),unstated,from_compilation,0.0464,0.0464,y_H2O mole fraction
CO2_sakoetal1991_co2_009,CO2,423,19.72,total,,,,,,,,,,sakoetal1991_co2,Sako et al. (1991),unstated,from_compilation,0.0474,0.0474,y_H2O mole fraction
CO2_songkobayashi1987_co2_001,CO2,251.75,0.689476,partial_CO2,,,,,,,,,,songkobayashi1987_co2,Song & Kobayashi (1987),analytical_sampling,,0.00018,0.1800,"f_L x 10^3, mole fraction H2O in CO2-rich phase (liquid or gas as noted)"
CO2_songkobayashi1987_co2_002,CO2,254.15,0.689476,partial_CO2,,,,,,,,,,songkobayashi1987_co2,Song & Kobayashi (1987),analytical_sampling,,0.000219,0.2190,"f_L x 10^3, mole fraction H2O in CO2-rich phase (liquid or gas as noted)"
CO2_songkobayashi1987_co2_003,CO2,265.15,0.689476,partial_CO2,,,,,,,,,,songkobayashi1987_co2,Song & Kobayashi (1987),analytical_sampling,,0.000557,0.5570,"f_L x 10^3, mole fraction H2O in CO2-rich phase (liquid or gas as noted)"
CO2_songkobayashi1987_co2_004,CO2,294.25,0.689476,total,,,,,,,,,,songkobayashi1987_co2,Song & Kobayashi (1987),analytical_sampling,,0.0043276,4.3276,"f_L x 10^3, mole fraction H2O in CO2-rich phase (liquid or gas as noted)"
CO2_songkobayashi1987_co2_005,CO2,255.15,1.37895,total,,,,,,,,,,songkobayashi1987_co2,Song & Kobayashi (1987),analytical_sampling,,0.0001142,0.1142,"f_L x 10^3, mole fraction H2O in CO2-rich phase (liquid or gas as noted)"
CO2_songkobayashi1987_co2_006,CO2,257.95,1.37895,total,,,,,,,,,,songkobayashi1987_co2,Song & Kobayashi (1987),analytical_sampling,,0.0001471,0.1471,"f_L x 10^3, mole fraction H2O in CO2-rich phase (liquid or gas as noted)"
CO2_songkobayashi1987_co2_007,CO2,262.15,1.37895,total,,,,,,,,,,songkobayashi1987_co2,Song & Kobayashi (1987),analytical_sampling,,0.0002201,0.2201,"f_L x 10^3, mole fraction H2O in CO2-rich phase (liquid or gas as noted)"
CO2_songkobayashi1987_co2_008,CO2,271.15,1.37895,total,,,,,,,,,,songkobayashi1987_co2,Song & Kobayashi (1987),analytical_sampling,,0.0004885,0.4885,"f_L x 10^3, mole fraction H2O in CO2-rich phase (liquid or gas as noted)"
CO2_songkobayashi1987_co2_009,CO2,275.15,1.37895,total,,,,,,,,,,songkobayashi1987_co2,Song & Kobayashi (1987),analytical_sampling,,0.0006836,0.6836,"f_L x 10^3, mole fraction H2O in CO2-rich phase (liquid or gas as noted)"
CO2_songkobayashi1987_co2_010,CO2,273.15,2.06843,total,,,,,,,,,,songkobayashi1987_co2,Song & Kobayashi (1987),analytical_sampling,,0.0002775,0.2775,"f_L x 10^3, mole fraction H2O in CO2-rich phase (liquid or gas as noted)"
CO2_songkobayashi1987_co2_011,CO2,275.65,2.06843,total,,,,,,,,,,songkobayashi1987_co2,Song & Kobayashi (1987),analytical_sampling,,0.0004368,0.4368,"f_L x 10^3, mole fraction H2O in CO2-rich phase (liquid or gas as noted)"
CO2_songkobayashi1987_co2_012,CO2,288.71,2.06843,total,,,,,,,,,,songkobayashi1987_co2,Song & Kobayashi (1987),analytical_sampling,,0.0010656,1.0656,"f_L x 10^3, mole fraction H2O in CO2-rich phase (liquid or gas as noted)"
CO2_songkobayashi1987_co2_013,CO2,268.84,2.06843,total,,,,,,,,,,songkobayashi1987_co2,Song & Kobayashi (1987),analytical_sampling,,0.0002321,0.2321,"f_L x 10^3, mole fraction H2O in CO2-rich phase (liquid or gas as noted)"
CO2_songkobayashi1987_co2_014,CO2,260.65,2.06843,total,,,,,,,,,,songkobayashi1987_co2,Song & Kobayashi (1987),analytical_sampling,,0.0001194,0.1194,"f_L x 10^3, mole fraction H2O in CO2-rich phase (liquid or gas as noted)"
CO2_songkobayashi1987_co2_015,CO2,257.15,2.06843,total,,,,,,,,,,songkobayashi1987_co2,Song & Kobayashi (1987),analytical_sampling,,8.9e-05,0.0890,"f_L x 10^3, mole fraction H2O in CO2-rich phase (liquid or gas as noted)"
CO2_songkobayashi1987_co2_016,CO2,252.65,2.06843,total,,,,,,,,,,songkobayashi1987_co2,Song & Kobayashi (1987),analytical_sampling,,0.0002013,0.2013,"f_L x 10^3, mole fraction H2O in CO2-rich phase (liquid or gas as noted)"
CO2_songkobayashi1987_co2_017,CO2,245.15,2.06843,total,,,,,,,,,,songkobayashi1987_co2,Song & Kobayashi (1987),analytical_sampling,,0.0001361,0.1361,"f_L x 10^3, mole fraction H2O in CO2-rich phase (liquid or gas as noted)"
CO2_songkobayashi1987_co2_018,CO2,255.37,3.44738,total,,,,,,,,,,songkobayashi1987_co2,Song & Kobayashi (1987),analytical_sampling,,0.0002616,0.2616,"f_L x 10^3, mole fraction H2O in CO2-rich phase (liquid or gas as noted)"
CO2_songkobayashi1987_co2_019,CO2,260.15,3.44738,total,,,,,,,,,,songkobayashi1987_co2,Song & Kobayashi (1987),analytical_sampling,,0.0003222,0.3222,"f_L x 10^3, mole fraction H2O in CO2-rich phase (liquid or gas as noted)"
CO2_songkobayashi1987_co2_020,CO2,269.65,3.44738,total,,,,,,,,,,songkobayashi1987_co2,Song & Kobayashi (1987),analytical_sampling,,0.0004585,0.4585,"f_L x 10^3, mole fraction H2O in CO2-rich phase (liquid or gas as noted)"
CO2_songkobayashi1987_co2_021,CO2,274.15,3.44738,total,,,,,,,,,,songkobayashi1987_co2,Song & Kobayashi (1987),analytical_sampling,,0.000241,0.2410,"f_L x 10^3, mole fraction H2O in CO2-rich phase (liquid or gas as noted)"
CO2_songkobayashi1987_co2_022,CO2,278.65,3.44738,total,,,,,,,,,,songkobayashi1987_co2,Song & Kobayashi (1987),analytical_sampling,,0.0003794,0.3794,"f_L x 10^3, mole fraction H2O in CO2-rich phase (liquid or gas as noted)"
CO2_songkobayashi1987_co2_023,CO2,285.15,3.44738,total,,,,,,,,,,songkobayashi1987_co2,Song & Kobayashi (1987),analytical_sampling,,0.000603,0.6030,"f_L x 10^3, mole fraction H2O in CO2-rich phase (liquid or gas as noted)"
CO2_songkobayashi1987_co2_024,CO2,293.15,3.44738,total,,,,,,,,,,songkobayashi1987_co2,Song & Kobayashi (1987),analytical_sampling,,0.001001,1.0010,"f_L x 10^3, mole fraction H2O in CO2-rich phase (liquid or gas as noted)"
CO2_songkobayashi1987_co2_025,CO2,255.39,4.82633,total,,,,,,,,,,songkobayashi1987_co2,Song & Kobayashi (1987),analytical_sampling,,0.0003313,0.3313,"f_L x 10^3, mole fraction H2O in CO2-rich phase (liquid or gas as noted)"
CO2_songkobayashi1987_co2_026,CO2,263.15,4.82633,total,,,,,,,,,,songkobayashi1987_co2,Song & Kobayashi (1987),analytical_sampling,,0.0004705,0.4705,"f_L x 10^3, mole fraction H2O in CO2-rich phase (liquid or gas as noted)"
CO2_songkobayashi1987_co2_027,CO2,269.65,4.82633,total,,,,,,,,,,songkobayashi1987_co2,Song & Kobayashi (1987),analytical_sampling,,0.0005402,0.5402,"f_L x 10^3, mole fraction H2O in CO2-rich phase (liquid or gas as noted)"
CO2_songkobayashi1987_co2_028,CO2,276.15,4.82633,total,,,,,,,,,,songkobayashi1987_co2,Song & Kobayashi (1987),analytical_sampling,,0.0007182,0.7182,"f_L x 10^3, mole fraction H2O in CO2-rich phase (liquid or gas as noted)"
CO2_songkobayashi1987_co2_029,CO2,290.15,4.82633,total,,,,,,,,,,songkobayashi1987_co2,Song & Kobayashi (1987),analytical_sampling,,0.0008229,0.8229,"f_L x 10^3, mole fraction H2O in CO2-rich phase (liquid or gas as noted)"
CO2_songkobayashi1987_co2_030,CO2,298.15,4.82633,total,,,,,,,,,,songkobayashi1987_co2,Song & Kobayashi (1987),analytical_sampling,,0.0012787,1.2787,"f_L x 10^3, mole fraction H2O in CO2-rich phase (liquid or gas as noted)"
CO2_songkobayashi1987_co2_031,CO2,288.71,5.24002,total,,,,,,,,,,songkobayashi1987_co2,Song & Kobayashi (1987),analytical_sampling,,0.00064,0.6400,"f_L x 10^3, mole fraction H2O in CO2-rich phase (liquid or gas as noted)"
CO2_songkobayashi1987_co2_032,CO2,288.71,5.24002,total,,,,,,,,,,songkobayashi1987_co2,Song & Kobayashi (1987),analytical_sampling,,0.00112,1.1200,"f_L x 10^3, mole fraction H2O in CO2-rich phase (liquid or gas as noted)"
CO2_songkobayashi1987_co2_033,CO2,293.35,5.7916,total,,,,,,,,,,songkobayashi1987_co2,Song & Kobayashi (1987),analytical_sampling,,0.0008999,0.8999,"f_L x 10^3, mole fraction H2O in CO2-rich phase (liquid or gas as noted)"
CO2_songkobayashi1987_co2_034,CO2,293.35,5.7916,total,,,,,,,,,,songkobayashi1987_co2,Song & Kobayashi (1987),analytical_sampling,,0.0015,1.5000,"f_L x 10^3, mole fraction H2O in CO2-rich phase (liquid or gas as noted)"
CO2_songkobayashi1987_co2_035,CO2,257.15,6.20528,total,,,,,,,,,,songkobayashi1987_co2,Song & Kobayashi (1987),analytical_sampling,,0.000517,0.5170,"f_L x 10^3, mole fraction H2O in CO2-rich phase (liquid or gas as noted)"
CO2_songkobayashi1987_co2_036,CO2,263.71,6.20528,total,,,,,,,,,,songkobayashi1987_co2,Song & Kobayashi (1987),analytical_sampling,,0.0006647,0.6647,"f_L x 10^3, mole fraction H2O in CO2-rich phase (liquid or gas as noted)"
CO2_songkobayashi1987_co2_037,CO2,280.15,6.20528,total,,,,,,,,,,songkobayashi1987_co2,Song & Kobayashi (1987),analytical_sampling,,0.001096,1.096,"f_L x 10^3, mole fraction H2O in CO2-rich phase (liquid or gas as noted)"
CO2_songkobayashi1987_co2_038,CO2,299.82,6.68791,total,,,,,,,,,,songkobayashi1987_co2,Song & Kobayashi (1987),analytical_sampling,,0.00127,1.2700,"f_L x 10^3, mole fraction H2O in CO2-rich phase (liquid or gas as noted)"
CO2_songkobayashi1987_co2_039,CO2,299.82,6.68791,total,,,,,,,,,,songkobayashi1987_co2,Song & Kobayashi (1987),analytical_sampling,,0.0019541,1.9541,"f_L x 10^3, mole fraction H2O in CO2-rich phase (liquid or gas as noted)"
CO2_songkobayashi1987_co2_040,CO2,302.65,7.17055,total,,,,,,,,,,songkobayashi1987_co2,Song & Kobayashi (1987),analytical_sampling,,0.0014981,1.4981,"f_L x 10^3, mole fraction H2O in CO2-rich phase (liquid or gas as noted)"
CO2_songkobayashi1987_co2_041,CO2,302.65,7.17055,total,,,,,,,,,,songkobayashi1987_co2,Song & Kobayashi (1987),analytical_sampling,,0.002194,2.1940,"f_L x 10^3, mole fraction H2O in CO2-rich phase (liquid or gas as noted)"
CO2_songkobayashi1987_co2_042,CO2,304.21,7.38428,total,,,,,,,,,,songkobayashi1987_co2,Song & Kobayashi (1987),analytical_sampling,,0.0021079,2.1079,"f_L x 10^3, mole fraction H2O in CO2-rich phase (liquid or gas as noted)"
CO2_songkobayashi1987_co2_043,CO2,256.15,8.27371,total,,,,,,,,,,songkobayashi1987_co2,Song & Kobayashi (1987),analytical_sampling,,0.001089,1.0890,"f_L x 10^3, mole fraction H2O in CO2-rich phase (liquid or gas as noted)"
CO2_songkobayashi1987_co2_044,CO2,265.93,8.27371,total,,,,,,,,,,songkobayashi1987_co2,Song & Kobayashi (1987),analytical_sampling,,0.0015741,1.5741,"f_L x 10^3, mole fraction H2O in CO2-rich phase (liquid or gas as noted)"
CO2_songkobayashi1987_co2_045,CO2,270.15,8.27371,total,,,,,,,,,,songkobayashi1987_co2,Song & Kobayashi (1987),analytical_sampling,,0.0018695,1.8695,"f_L x 10^3, mole fraction H2O in CO2-rich phase (liquid or gas as noted)"
CO2_songkobayashi1987_co2_046,CO2,286.93,8.27371,total,,,,,,,,,,songkobayashi1987_co2,Song & Kobayashi (1987),analytical_sampling,,0.0027852,2.7852,"f_L x 10^3, mole fraction H2O in CO2-rich phase (liquid or gas as noted)"
CO2_songkobayashi1987_co2_047,CO2,298.15,8.27371,total,,,,,,,,,,songkobayashi1987_co2,Song & Kobayashi (1987),analytical_sampling,,0.0030152,3.0152,"f_L x 10^3, mole fraction H2O in CO2-rich phase (liquid or gas as noted)"
CO2_songkobayashi1987_co2_048,CO2,256.15,10.3421,total,,,,,,,,,,songkobayashi1987_co2,Song & Kobayashi (1987),analytical_sampling,,0.0012738,1.2738,"f_L x 10^3, mole fraction H2O in CO2-rich phase (liquid or gas as noted)"
CO2_songkobayashi1987_co2_049,CO2,264.15,10.3421,total,,,,,,,,,,songkobayashi1987_co2,Song & Kobayashi (1987),analytical_sampling,,0.0016509,1.6509,"f_L x 10^3, mole fraction H2O in CO2-rich phase (liquid or gas as noted)"
CO2_songkobayashi1987_co2_050,CO2,276.15,10.3421,total,,,,,,,,,,songkobayashi1987_co2,Song & Kobayashi (1987),analytical_sampling,,0.0024687,2.4687,"f_L x 10^3, mole fraction H2O in CO2-rich phase (liquid or gas as noted)"
CO2_songkobayashi1987_co2_051,CO2,298.15,10.3421,total,,,,,,,,,,songkobayashi1987_co2,Song & Kobayashi (1987),analytical_sampling,,0.0033739,3.3739,"f_L x 10^3, mole fraction H2O in CO2-rich phase (liquid or gas as noted)"
CO2_songkobayashi1987_co2_052,CO2,255.35,13.7895,total,,,,,,,,,,songkobayashi1987_co2,Song & Kobayashi (1987),analytical_sampling,,0.0015091,1.5091,"f_L x 10^3, mole fraction H2O in CO2-rich phase (liquid or gas as noted)"
CO2_songkobayashi1987_co2_053,CO2,260.09,13.7895,total,,,,,,,,,,songkobayashi1987_co2,Song & Kobayashi (1987),analytical_sampling,,0.0018057,1.8057,"f_L x 10^3, mole fraction H2O in CO2-rich phase (liquid or gas as noted)"
CO2_songkobayashi1987_co2_054,CO2,267.71,13.7895,total,,,,,,,,,,songkobayashi1987_co2,Song & Kobayashi (1987),analytical_sampling,,0.0022043,2.2043,"f_L x 10^3, mole fraction H2O in CO2-rich phase (liquid or gas as noted)"
CO2_songkobayashi1987_co2_055,CO2,275.87,13.7895,total,,,,,,,,,,songkobayashi1987_co2,Song & Kobayashi (1987),analytical_sampling,,0.0027441,2.7441,"f_L x 10^3, mole fraction H2O in CO2-rich phase (liquid or gas as noted)"
CO2_songkobayashi1987_co2_056,CO2,286.32,13.7895,total,,,,,,,,,,songkobayashi1987_co2,Song & Kobayashi (1987),analytical_sampling,,0.0033627,3.3627,"f_L x 10^3, mole fraction H2O in CO2-rich phase (liquid or gas as noted)"
CO2_springer2012_co2_001,CO2,313.15,9.11925,total,,,,,,,,,,springer2012_co2,"Springer, Wang, Anderko, Wang & Felmy (2012)",other,,0.0032,0.32,"H2O, mol% (in scCO2-rich phase, NIR)"
CO2_springer2012_co2_002,CO2,313.15,9.11925,total,,,,,,,,,,springer2012_co2,"Springer, Wang, Anderko, Wang & Felmy (2012)",other,,0.0022,0.22,"H2O, mol% (in scCO2-rich phase, NIR)"
CO2_springer2012_co2_003,CO2,313.15,9.11925,total,,,,,,,,,,springer2012_co2,"Springer, Wang, Anderko, Wang & Felmy (2012)",other,,0.0025,0.25,"H2O, mol% (in scCO2-rich phase, NIR)"
CO2_springer2012_co2_004,CO2,313.15,9.11925,total,,,,,,,,,,springer2012_co2,"Springer, Wang, Anderko, Wang & Felmy (2012)",other,,0.0016,0.16,"H2O, mol% (in scCO2-rich phase, NIR)"
CO2_springer2012_co2_005,CO2,313.15,9.11925,total,,,,,,,,,,springer2012_co2,"Springer, Wang, Anderko, Wang & Felmy (2012)",other,,0.0005,0.05,"H2O, mol% (in scCO2-rich phase, NIR)"
CO2_springer2012_co2_006,CO2,323.15,9.11925,total,,,,,,,,,,springer2012_co2,"Springer, Wang, Anderko, Wang & Felmy (2012)",other,,0.0049,0.49,"H2O, mol% (in scCO2-rich phase, NIR)"
CO2_springer2012_co2_007,CO2,323.15,9.11925,total,,,,,,,,,,springer2012_co2,"Springer, Wang, Anderko, Wang & Felmy (2012)",other,,0.0048,0.48,"H2O, mol% (in scCO2-rich phase, NIR)"
CO2_springer2012_co2_008,CO2,323.15,9.11925,total,,,,,,,,,,springer2012_co2,"Springer, Wang, Anderko, Wang & Felmy (2012)",other,,0.0047,0.47,"H2O, mol% (in scCO2-rich phase, NIR)"
CO2_springer2012_co2_009,CO2,323.15,9.11925,total,,,,,,,,,,springer2012_co2,"Springer, Wang, Anderko, Wang & Felmy (2012)",other,,0.0038,0.38,"H2O, mol% (in scCO2-rich phase, NIR)"
CO2_springer2012_co2_010,CO2,323.15,9.11925,total,,,,,,,,,,springer2012_co2,"Springer, Wang, Anderko, Wang & Felmy (2012)",other,,0.004,0.40,"H2O, mol% (in scCO2-rich phase, NIR)"
CO2_springer2012_co2_011,CO2,323.15,9.11925,total,,,,,,,,,,springer2012_co2,"Springer, Wang, Anderko, Wang & Felmy (2012)",other,,0.0042,0.42,"H2O, mol% (in scCO2-rich phase, NIR)"
CO2_springer2012_co2_012,CO2,323.15,9.11925,total,,,,,,,,,,springer2012_co2,"Springer, Wang, Anderko, Wang & Felmy (2012)",other,,0.0044,0.44,"H2O, mol% (in scCO2-rich phase, NIR)"
CO2_springer2012_co2_013,CO2,323.15,9.11925,total,,,,,,,,,,springer2012_co2,"Springer, Wang, Anderko, Wang & Felmy (2012)",other,,0.0031,0.31,"H2O, mol% (in scCO2-rich phase, NIR)"
CO2_springer2012_co2_014,CO2,323.15,9.11925,total,,,,,,,,,,springer2012_co2,"Springer, Wang, Anderko, Wang & Felmy (2012)",other,,0.002,0.20,"H2O, mol% (in scCO2-rich phase, NIR)"
CO2_springer2012_co2_015,CO2,323.15,9.11925,total,,,,,,,,,,springer2012_co2,"Springer, Wang, Anderko, Wang & Felmy (2012)",other,,0.0017,0.17,"H2O, mol% (in scCO2-rich phase, NIR)"
CO2_springer2012_co2_016,CO2,323.15,9.11925,total,,,,,,,,,,springer2012_co2,"Springer, Wang, Anderko, Wang & Felmy (2012)",other,,0.0011,0.11,"H2O, mol% (in scCO2-rich phase, NIR)"
CO2_springer2012_co2_017,CO2,348.15,9.11925,total,,,,,,,,,,springer2012_co2,"Springer, Wang, Anderko, Wang & Felmy (2012)",other,,0.0085,0.85,"H2O, mol% (in scCO2-rich phase, NIR)"
CO2_springer2012_co2_018,CO2,348.15,9.11925,total,,,,,,,,,,springer2012_co2,"Springer, Wang, Anderko, Wang & Felmy (2012)",other,,0.0088,0.88,"H2O, mol% (in scCO2-rich phase, NIR)"
CO2_springer2012_co2_019,CO2,348.15,9.11925,total,,,,,,,,,,springer2012_co2,"Springer, Wang, Anderko, Wang & Felmy (2012)",other,,0.0089,0.89,"H2O, mol% (in scCO2-rich phase, NIR)"
CO2_springer2012_co2_020,CO2,348.15,9.11925,total,,,,,,,,,,springer2012_co2,"Springer, Wang, Anderko, Wang & Felmy (2012)",other,,0.0062,0.62,"H2O, mol% (in scCO2-rich phase, NIR)"
CO2_springer2012_co2_021,CO2,348.15,9.11925,total,,,,,,,,,,springer2012_co2,"Springer, Wang, Anderko, Wang & Felmy (2012)",other,,0.002,0.20,"H2O, mol% (in scCO2-rich phase, NIR)"
CO2_springer2012_co2_022,CO2,373.15,9.11925,total,,,,,,,,,,springer2012_co2,"Springer, Wang, Anderko, Wang & Felmy (2012)",other,,0.0161,1.61,"H2O, mol% (in scCO2-rich phase, NIR)"
CO2_springer2012_co2_023,CO2,373.15,9.11925,total,,,,,,,,,,springer2012_co2,"Springer, Wang, Anderko, Wang & Felmy (2012)",other,,0.0168,1.68,"H2O, mol% (in scCO2-rich phase, NIR)"
CO2_springer2012_co2_024,CO2,373.15,9.11925,total,,,,,,,,,,springer2012_co2,"Springer, Wang, Anderko, Wang & Felmy (2012)",other,,0.016,1.60,"H2O, mol% (in scCO2-rich phase, NIR)"
CO2_springer2012_co2_025,CO2,373.15,9.11925,total,,,,,,,,,,springer2012_co2,"Springer, Wang, Anderko, Wang & Felmy (2012)",other,,0.0112,1.12,"H2O, mol% (in scCO2-rich phase, NIR)"
CO2_springer2012_co2_026,CO2,373.15,9.11925,total,,,,,,,,,,springer2012_co2,"Springer, Wang, Anderko, Wang & Felmy (2012)",other,,0.0046,0.46,"H2O, mol% (in scCO2-rich phase, NIR)"
CO2_tabasinejad2011_co2_001,CO2,422.98,3.91,total,,,,,,,,,,tabasinejad2011_co2,"Tabasinejad, Moore, Mehta, Van Fraassen & Barzin (2011, IECR)",gravimetric,,0.1385,13.85 ± 0.98,"mol % water in gas phase (measured, x100 mole fraction)"
CO2_tabasinejad2011_co2_002,CO2,422.98,7.29,total,,,,,,,,,,tabasinejad2011_co2,"Tabasinejad, Moore, Mehta, Van Fraassen & Barzin (2011, IECR)",gravimetric,,0.0822,8.22 ± 0.32,"mol % water in gas phase (measured, x100 mole fraction)"
CO2_tabasinejad2011_co2_003,CO2,422.98,14.39,total,,,,,,,,,,tabasinejad2011_co2,"Tabasinejad, Moore, Mehta, Van Fraassen & Barzin (2011, IECR)",gravimetric,,0.0557,5.57 ± 0.11,"mol % water in gas phase (measured, x100 mole fraction)"
CO2_tabasinejad2011_co2_004,CO2,422.98,21.98,total,,,,,,,,,,tabasinejad2011_co2,"Tabasinejad, Moore, Mehta, Van Fraassen & Barzin (2011, IECR)",gravimetric,,0.0459,4.59 ± 0.06,"mol % water in gas phase (measured, x100 mole fraction)"
CO2_tabasinejad2011_co2_005,CO2,422.98,28.49,total,,,,,,,,,,tabasinejad2011_co2,"Tabasinejad, Moore, Mehta, Van Fraassen & Barzin (2011, IECR)",gravimetric,,0.0447,4.47 ± 0.05,"mol % water in gas phase (measured, x100 mole fraction)"
CO2_tabasinejad2011_co2_006,CO2,422.98,36.03,total,,,,,,,,,,tabasinejad2011_co2,"Tabasinejad, Moore, Mehta, Van Fraassen & Barzin (2011, IECR)",gravimetric,,0.0447,4.47 ± 0.04,"mol % water in gas phase (measured, x100 mole fraction)"
CO2_tabasinejad2011_co2_007,CO2,422.98,42.91,total,,,,,,,,,,tabasinejad2011_co2,"Tabasinejad, Moore, Mehta, Van Fraassen & Barzin (2011, IECR)",gravimetric,,0.0458,4.58 ± 0.04,"mol % water in gas phase (measured, x100 mole fraction)"
CO2_tabasinejad2011_co2_008,CO2,422.98,73.19,total,,,,,,,,,,tabasinejad2011_co2,"Tabasinejad, Moore, Mehta, Van Fraassen & Barzin (2011, IECR)",gravimetric,,0.0482,4.82 ± 0.03,"mol % water in gas phase (measured, x100 mole fraction)"
CO2_tabasinejad2011_co2_009,CO2,422.98,103.32,total,,,,,,,,,,tabasinejad2011_co2,"Tabasinejad, Moore, Mehta, Van Fraassen & Barzin (2011, IECR)",gravimetric,,0.0507,5.07 ± 0.03,"mol % water in gas phase (measured, x100 mole fraction)"
CO2_tabasinejad2011_co2_010,CO2,422.98,124.26,total,,,,,,,,,,tabasinejad2011_co2,"Tabasinejad, Moore, Mehta, Van Fraassen & Barzin (2011, IECR)",gravimetric,,0.0518,5.18 ± 0.03,"mol % water in gas phase (measured, x100 mole fraction)"
CO2_tabasinejad2011_co2_011,CO2,445.74,3.85,total,,,,,,,,,,tabasinejad2011_co2,"Tabasinejad, Moore, Mehta, Van Fraassen & Barzin (2011, IECR)",gravimetric,,0.25,25.00 ± 1.70,"mol % water in gas phase (measured, x100 mole fraction)"
CO2_tabasinejad2011_co2_012,CO2,445.74,7.39,total,,,,,,,,,,tabasinejad2011_co2,"Tabasinejad, Moore, Mehta, Van Fraassen & Barzin (2011, IECR)",gravimetric,,0.1429,14.29 ± 0.51,"mol % water in gas phase (measured, x100 mole fraction)"
CO2_tabasinejad2011_co2_013,CO2,445.74,16.64,total,,,,,,,,,,tabasinejad2011_co2,"Tabasinejad, Moore, Mehta, Van Fraassen & Barzin (2011, IECR)",gravimetric,,0.0878,8.78 ± 0.14,"mol % water in gas phase (measured, x100 mole fraction)"
CO2_tabasinejad2011_co2_014,CO2,445.74,22.35,total,,,,,,,,,,tabasinejad2011_co2,"Tabasinejad, Moore, Mehta, Van Fraassen & Barzin (2011, IECR)",gravimetric,,0.0745,7.45 ± 0.09,"mol % water in gas phase (measured, x100 mole fraction)"
CO2_tabasinejad2011_co2_015,CO2,445.74,28.78,total,,,,,,,,,,tabasinejad2011_co2,"Tabasinejad, Moore, Mehta, Van Fraassen & Barzin (2011, IECR)",gravimetric,,0.0707,7.07 ± 0.07,"mol % water in gas phase (measured, x100 mole fraction)"
CO2_tabasinejad2011_co2_016,CO2,445.74,36.05,total,,,,,,,,,,tabasinejad2011_co2,"Tabasinejad, Moore, Mehta, Van Fraassen & Barzin (2011, IECR)",gravimetric,,0.0704,7.04 ± 0.06,"mol % water in gas phase (measured, x100 mole fraction)"
CO2_tabasinejad2011_co2_017,CO2,445.74,42.89,total,,,,,,,,,,tabasinejad2011_co2,"Tabasinejad, Moore, Mehta, Van Fraassen & Barzin (2011, IECR)",gravimetric,,0.071,7.10 ± 0.05,"mol % water in gas phase (measured, x100 mole fraction)"
CO2_tabasinejad2011_co2_018,CO2,445.74,70.65,total,,,,,,,,,,tabasinejad2011_co2,"Tabasinejad, Moore, Mehta, Van Fraassen & Barzin (2011, IECR)",gravimetric,,0.0737,7.37 ± 0.04,"mol % water in gas phase (measured, x100 mole fraction)"
CO2_tabasinejad2011_co2_019,CO2,445.74,110.41,total,,,,,,,,,,tabasinejad2011_co2,"Tabasinejad, Moore, Mehta, Van Fraassen & Barzin (2011, IECR)",gravimetric,,0.0752,7.52 ± 0.04,"mol % water in gas phase (measured, x100 mole fraction)"
CO2_tabasinejad2011_co2_020,CO2,445.74,124.26,total,,,,,,,,,,tabasinejad2011_co2,"Tabasinejad, Moore, Mehta, Van Fraassen & Barzin (2011, IECR)",gravimetric,,0.0757,7.57 ± 0.04,"mol % water in gas phase (measured, x100 mole fraction)"
CO2_tabasinejad2011_co2_021,CO2,461.62,3.89,total,,,,,,,,,,tabasinejad2011_co2,"Tabasinejad, Moore, Mehta, Van Fraassen & Barzin (2011, IECR)",gravimetric,,0.346,34.60 ± 2.40,"mol % water in gas phase (measured, x100 mole fraction)"
CO2_tabasinejad2011_co2_022,CO2,461.62,7.13,total,,,,,,,,,,tabasinejad2011_co2,"Tabasinejad, Moore, Mehta, Van Fraassen & Barzin (2011, IECR)",gravimetric,,0.2118,21.18 ± 0.80,"mol % water in gas phase (measured, x100 mole fraction)"
CO2_tabasinejad2011_co2_023,CO2,461.62,14.86,total,,,,,,,,,,tabasinejad2011_co2,"Tabasinejad, Moore, Mehta, Van Fraassen & Barzin (2011, IECR)",gravimetric,,0.1299,12.99 ± 0.22,"mol % water in gas phase (measured, x100 mole fraction)"
CO2_tabasinejad2011_co2_024,CO2,461.62,21.13,total,,,,,,,,,,tabasinejad2011_co2,"Tabasinejad, Moore, Mehta, Van Fraassen & Barzin (2011, IECR)",gravimetric,,0.1056,10.56 ± 0.13,"mol % water in gas phase (measured, x100 mole fraction)"
CO2_tabasinejad2011_co2_025,CO2,461.62,28.58,total,,,,,,,,,,tabasinejad2011_co2,"Tabasinejad, Moore, Mehta, Van Fraassen & Barzin (2011, IECR)",gravimetric,,0.0987,9.87 ± 0.09,"mol % water in gas phase (measured, x100 mole fraction)"
CO2_tabasinejad2011_co2_026,CO2,461.62,35.6,total,,,,,,,,,,tabasinejad2011_co2,"Tabasinejad, Moore, Mehta, Van Fraassen & Barzin (2011, IECR)",gravimetric,,0.0965,9.65 ± 0.08,"mol % water in gas phase (measured, x100 mole fraction)"
CO2_tabasinejad2011_co2_027,CO2,461.62,43.48,total,,,,,,,,,,tabasinejad2011_co2,"Tabasinejad, Moore, Mehta, Van Fraassen & Barzin (2011, IECR)",gravimetric,,0.0946,9.46 ± 0.07,"mol % water in gas phase (measured, x100 mole fraction)"
CO2_tabasinejad2011_co2_028,CO2,461.62,73.21,total,,,,,,,,,,tabasinejad2011_co2,"Tabasinejad, Moore, Mehta, Van Fraassen & Barzin (2011, IECR)",gravimetric,,0.0967,9.67 ± 0.05,"mol % water in gas phase (measured, x100 mole fraction)"
CO2_tabasinejad2011_co2_029,CO2,461.62,96.57,total,,,,,,,,,,tabasinejad2011_co2,"Tabasinejad, Moore, Mehta, Van Fraassen & Barzin (2011, IECR)",gravimetric,,0.0983,9.83 ± 0.05,"mol % water in gas phase (measured, x100 mole fraction)"
CO2_tabasinejad2011_co2_030,CO2,461.62,124.14,total,,,,,,,,,,tabasinejad2011_co2,"Tabasinejad, Moore, Mehta, Van Fraassen & Barzin (2011, IECR)",gravimetric,,0.1003,10.03 ± 0.04,"mol % water in gas phase (measured, x100 mole fraction)"
CO2_tabasinejad2011_co2_031,CO2,478.35,4.05,total,,,,,,,,,,tabasinejad2011_co2,"Tabasinejad, Moore, Mehta, Van Fraassen & Barzin (2011, IECR)",gravimetric,,0.4704,47.04 ± 3.24,"mol % water in gas phase (measured, x100 mole fraction)"
CO2_tabasinejad2011_co2_032,CO2,478.35,7.2,total,,,,,,,,,,tabasinejad2011_co2,"Tabasinejad, Moore, Mehta, Van Fraassen & Barzin (2011, IECR)",gravimetric,,0.2996,29.96 ± 1.10,"mol % water in gas phase (measured, x100 mole fraction)"
CO2_tabasinejad2011_co2_033,CO2,478.35,15.42,total,,,,,,,,,,tabasinejad2011_co2,"Tabasinejad, Moore, Mehta, Van Fraassen & Barzin (2011, IECR)",gravimetric,,0.1745,17.45 ± 0.29,"mol % water in gas phase (measured, x100 mole fraction)"
CO2_tabasinejad2011_co2_034,CO2,478.35,21.79,total,,,,,,,,,,tabasinejad2011_co2,"Tabasinejad, Moore, Mehta, Van Fraassen & Barzin (2011, IECR)",gravimetric,,0.1476,14.76 ± 0.17,"mol % water in gas phase (measured, x100 mole fraction)"
CO2_tabasinejad2011_co2_035,CO2,478.35,30.21,total,,,,,,,,,,tabasinejad2011_co2,"Tabasinejad, Moore, Mehta, Van Fraassen & Barzin (2011, IECR)",gravimetric,,0.1298,12.98 ± 0.12,"mol % water in gas phase (measured, x100 mole fraction)"
CO2_tabasinejad2011_co2_036,CO2,478.35,36.7,total,,,,,,,,,,tabasinejad2011_co2,"Tabasinejad, Moore, Mehta, Van Fraassen & Barzin (2011, IECR)",gravimetric,,0.1308,13.08 ± 0.10,"mol % water in gas phase (measured, x100 mole fraction)"
CO2_tabasinejad2011_co2_037,CO2,478.35,42.27,total,,,,,,,,,,tabasinejad2011_co2,"Tabasinejad, Moore, Mehta, Van Fraassen & Barzin (2011, IECR)",gravimetric,,0.1291,12.91 ± 0.09,"mol % water in gas phase (measured, x100 mole fraction)"
CO2_tabasinejad2011_co2_038,CO2,478.35,71.09,total,,,,,,,,,,tabasinejad2011_co2,"Tabasinejad, Moore, Mehta, Van Fraassen & Barzin (2011, IECR)",gravimetric,,0.13,13.00 ± 0.07,"mol % water in gas phase (measured, x100 mole fraction)"
CO2_tabasinejad2011_co2_039,CO2,478.35,99.39,total,,,,,,,,,,tabasinejad2011_co2,"Tabasinejad, Moore, Mehta, Van Fraassen & Barzin (2011, IECR)",gravimetric,,0.1332,13.32 ± 0.06,"mol % water in gas phase (measured, x100 mole fraction)"
CO2_tabasinejad2011_co2_040,CO2,478.35,129.19,total,,,,,,,,,,tabasinejad2011_co2,"Tabasinejad, Moore, Mehta, Van Fraassen & Barzin (2011, IECR)",gravimetric,,0.1324,13.24 ± 0.05,"mol % water in gas phase (measured, x100 mole fraction)"
CO2_takenouchikennedy1964_co2_123,CO2,383,10,total,,,,,,,,,,takenouchikennedy1964_co2,"Takenouchi & Kennedy (1964?), water-only paper",analytical_sampling,from_compilation,0.044,0.044,y_H2O mole fraction
CO2_takenouchikennedy1964_co2_124,CO2,383,20,total,,,,,,,,,,takenouchikennedy1964_co2,"Takenouchi & Kennedy (1964?), water-only paper",analytical_sampling,from_compilation,0.042,0.042,y_H2O mole fraction
CO2_takenouchikennedy1964_co2_125,CO2,383,30,total,,,,,,,,,,takenouchikennedy1964_co2,"Takenouchi & Kennedy (1964?), water-only paper",analytical_sampling,from_compilation,0.052,0.052,y_H2O mole fraction
CO2_takenouchikennedy1964_co2_126,CO2,383,40,total,,,,,,,,,,takenouchikennedy1964_co2,"Takenouchi & Kennedy (1964?), water-only paper",analytical_sampling,from_compilation,0.068,0.068,y_H2O mole fraction
CO2_takenouchikennedy1964_co2_127,CO2,383,50,total,,,,,,,,,,takenouchikennedy1964_co2,"Takenouchi & Kennedy (1964?), water-only paper",analytical_sampling,from_compilation,0.086,0.086,y_H2O mole fraction
CO2_takenouchikennedy1964_co2_128,CO2,383,60,total,,,,,,,,,,takenouchikennedy1964_co2,"Takenouchi & Kennedy (1964?), water-only paper",analytical_sampling,from_compilation,0.107,0.107,y_H2O mole fraction
CO2_takenouchikennedy1964_co2_129,CO2,383,70,total,,,,,,,,,,takenouchikennedy1964_co2,"Takenouchi & Kennedy (1964?), water-only paper",analytical_sampling,from_compilation,0.128,0.128,y_H2O mole fraction
CO2_takenouchikennedy1964_co2_130,CO2,383,80,total,,,,,,,,,,takenouchikennedy1964_co2,"Takenouchi & Kennedy (1964?), water-only paper",analytical_sampling,from_compilation,0.146,0.146,y_H2O mole fraction
CO2_takenouchikennedy1964_co2_131,CO2,383,90,total,,,,,,,,,,takenouchikennedy1964_co2,"Takenouchi & Kennedy (1964?), water-only paper",analytical_sampling,from_compilation,0.16,0.16,y_H2O mole fraction
CO2_takenouchikennedy1964_co2_132,CO2,383,100,total,,,,,,,,,,takenouchikennedy1964_co2,"Takenouchi & Kennedy (1964?), water-only paper",analytical_sampling,from_compilation,0.17,0.17,y_H2O mole fraction
CO2_takenouchikennedy1964_co2_133,CO2,383,110,total,,,,,,,,,,takenouchikennedy1964_co2,"Takenouchi & Kennedy (1964?), water-only paper",analytical_sampling,from_compilation,0.178,0.178,y_H2O mole fraction
CO2_takenouchikennedy1964_co2_134,CO2,383,120,total,,,,,,,,,,takenouchikennedy1964_co2,"Takenouchi & Kennedy (1964?), water-only paper",analytical_sampling,from_compilation,0.184,0.184,y_H2O mole fraction
CO2_takenouchikennedy1964_co2_135,CO2,383,130,total,,,,,,,,,,takenouchikennedy1964_co2,"Takenouchi & Kennedy (1964?), water-only paper",analytical_sampling,from_compilation,0.19,0.19,y_H2O mole fraction
CO2_takenouchikennedy1964_co2_136,CO2,383,140,total,,,,,,,,,,takenouchikennedy1964_co2,"Takenouchi & Kennedy (1964?), water-only paper",analytical_sampling,from_compilation,0.196,0.196,y_H2O mole fraction
CO2_takenouchikennedy1964_co2_137,CO2,383,150,total,,,,,,,,,,takenouchikennedy1964_co2,"Takenouchi & Kennedy (1964?), water-only paper",analytical_sampling,from_compilation,0.2,0.2,y_H2O mole fraction
CO2_takenouchikennedy1964_co2_138,CO2,423,10,total,,,,,,,,,,takenouchikennedy1964_co2,"Takenouchi & Kennedy (1964?), water-only paper",analytical_sampling,from_compilation,0.12,0.12,y_H2O mole fraction
CO2_takenouchikennedy1964_co2_139,CO2,423,20,total,,,,,,,,,,takenouchikennedy1964_co2,"Takenouchi & Kennedy (1964?), water-only paper",analytical_sampling,from_compilation,0.09,0.09,y_H2O mole fraction
CO2_takenouchikennedy1964_co2_140,CO2,423,30,total,,,,,,,,,,takenouchikennedy1964_co2,"Takenouchi & Kennedy (1964?), water-only paper",analytical_sampling,from_compilation,0.1,0.1,y_H2O mole fraction
CO2_takenouchikennedy1964_co2_141,CO2,423,40,total,,,,,,,,,,takenouchikennedy1964_co2,"Takenouchi & Kennedy (1964?), water-only paper",analytical_sampling,from_compilation,0.118,0.118,y_H2O mole fraction
CO2_takenouchikennedy1964_co2_142,CO2,423,50,total,,,,,,,,,,takenouchikennedy1964_co2,"Takenouchi & Kennedy (1964?), water-only paper",analytical_sampling,from_compilation,0.138,0.138,y_H2O mole fraction
CO2_takenouchikennedy1964_co2_143,CO2,423,60,total,,,,,,,,,,takenouchikennedy1964_co2,"Takenouchi & Kennedy (1964?), water-only paper",analytical_sampling,from_compilation,0.16,0.16,y_H2O mole fraction
CO2_takenouchikennedy1964_co2_144,CO2,423,70,total,,,,,,,,,,takenouchikennedy1964_co2,"Takenouchi & Kennedy (1964?), water-only paper",analytical_sampling,from_compilation,0.176,0.176,y_H2O mole fraction
CO2_takenouchikennedy1964_co2_145,CO2,423,80,total,,,,,,,,,,takenouchikennedy1964_co2,"Takenouchi & Kennedy (1964?), water-only paper",analytical_sampling,from_compilation,0.192,0.192,y_H2O mole fraction
CO2_takenouchikennedy1964_co2_146,CO2,423,90,total,,,,,,,,,,takenouchikennedy1964_co2,"Takenouchi & Kennedy (1964?), water-only paper",analytical_sampling,from_compilation,0.206,0.206,y_H2O mole fraction
CO2_takenouchikennedy1964_co2_147,CO2,423,100,total,,,,,,,,,,takenouchikennedy1964_co2,"Takenouchi & Kennedy (1964?), water-only paper",analytical_sampling,from_compilation,0.22,0.22,y_H2O mole fraction
CO2_takenouchikennedy1964_co2_148,CO2,423,110,total,,,,,,,,,,takenouchikennedy1964_co2,"Takenouchi & Kennedy (1964?), water-only paper",analytical_sampling,from_compilation,0.23,0.23,y_H2O mole fraction
CO2_takenouchikennedy1964_co2_149,CO2,423,120,total,,,,,,,,,,takenouchikennedy1964_co2,"Takenouchi & Kennedy (1964?), water-only paper",analytical_sampling,from_compilation,0.236,0.236,y_H2O mole fraction
CO2_takenouchikennedy1964_co2_150,CO2,423,130,total,,,,,,,,,,takenouchikennedy1964_co2,"Takenouchi & Kennedy (1964?), water-only paper",analytical_sampling,from_compilation,0.242,0.242,y_H2O mole fraction
CO2_takenouchikennedy1964_co2_151,CO2,423,140,total,,,,,,,,,,takenouchikennedy1964_co2,"Takenouchi & Kennedy (1964?), water-only paper",analytical_sampling,from_compilation,0.246,0.246,y_H2O mole fraction
CO2_takenouchikennedy1964_co2_152,CO2,423,150,total,,,,,,,,,,takenouchikennedy1964_co2,"Takenouchi & Kennedy (1964?), water-only paper",analytical_sampling,from_compilation,0.248,0.248,y_H2O mole fraction
CO2_takenouchikennedy1964_co2_153,CO2,473,10,total,,,,,,,,,,takenouchikennedy1964_co2,"Takenouchi & Kennedy (1964?), water-only paper",analytical_sampling,from_compilation,0.285,0.285,y_H2O mole fraction
CO2_takenouchikennedy1964_co2_154,CO2,473,20,total,,,,,,,,,,takenouchikennedy1964_co2,"Takenouchi & Kennedy (1964?), water-only paper",analytical_sampling,from_compilation,0.18,0.18,y_H2O mole fraction
CO2_takenouchikennedy1964_co2_155,CO2,473,30,total,,,,,,,,,,takenouchikennedy1964_co2,"Takenouchi & Kennedy (1964?), water-only paper",analytical_sampling,from_compilation,0.175,0.175,y_H2O mole fraction
CO2_takenouchikennedy1964_co2_156,CO2,473,40,total,,,,,,,,,,takenouchikennedy1964_co2,"Takenouchi & Kennedy (1964?), water-only paper",analytical_sampling,from_compilation,0.184,0.184,y_H2O mole fraction
CO2_takenouchikennedy1964_co2_157,CO2,473,50,total,,,,,,,,,,takenouchikennedy1964_co2,"Takenouchi & Kennedy (1964?), water-only paper",analytical_sampling,from_compilation,0.2,0.2,y_H2O mole fraction
CO2_takenouchikennedy1964_co2_158,CO2,473,60,total,,,,,,,,,,takenouchikennedy1964_co2,"Takenouchi & Kennedy (1964?), water-only paper",analytical_sampling,from_compilation,0.22,0.22,y_H2O mole fraction
CO2_takenouchikennedy1964_co2_159,CO2,473,70,total,,,,,,,,,,takenouchikennedy1964_co2,"Takenouchi & Kennedy (1964?), water-only paper",analytical_sampling,from_compilation,0.24,0.24,y_H2O mole fraction
CO2_takenouchikennedy1964_co2_160,CO2,473,80,total,,,,,,,,,,takenouchikennedy1964_co2,"Takenouchi & Kennedy (1964?), water-only paper",analytical_sampling,from_compilation,0.255,0.255,y_H2O mole fraction
CO2_takenouchikennedy1964_co2_161,CO2,473,90,total,,,,,,,,,,takenouchikennedy1964_co2,"Takenouchi & Kennedy (1964?), water-only paper",analytical_sampling,from_compilation,0.268,0.268,y_H2O mole fraction
CO2_takenouchikennedy1964_co2_162,CO2,473,100,total,,,,,,,,,,takenouchikennedy1964_co2,"Takenouchi & Kennedy (1964?), water-only paper",analytical_sampling,from_compilation,0.28,0.28,y_H2O mole fraction
CO2_takenouchikennedy1964_co2_163,CO2,473,110,total,,,,,,,,,,takenouchikennedy1964_co2,"Takenouchi & Kennedy (1964?), water-only paper",analytical_sampling,from_compilation,0.284,0.284,y_H2O mole fraction
CO2_takenouchikennedy1964_co2_164,CO2,473,120,total,,,,,,,,,,takenouchikennedy1964_co2,"Takenouchi & Kennedy (1964?), water-only paper",analytical_sampling,from_compilation,0.294,0.294,y_H2O mole fraction
CO2_takenouchikennedy1964_co2_165,CO2,473,130,total,,,,,,,,,,takenouchikennedy1964_co2,"Takenouchi & Kennedy (1964?), water-only paper",analytical_sampling,from_compilation,0.3,0.3,y_H2O mole fraction
CO2_takenouchikennedy1964_co2_166,CO2,473,140,total,,,,,,,,,,takenouchikennedy1964_co2,"Takenouchi & Kennedy (1964?), water-only paper",analytical_sampling,from_compilation,0.316,0.316,y_H2O mole fraction
CO2_takenouchikennedy1964_co2_167,CO2,473,150,total,,,,,,,,,,takenouchikennedy1964_co2,"Takenouchi & Kennedy (1964?), water-only paper",analytical_sampling,from_compilation,0.31,0.31,y_H2O mole fraction
CO2_takenouchikennedy1964_co2_168,CO2,523,10,total,,,,,,,,,,takenouchikennedy1964_co2,"Takenouchi & Kennedy (1964?), water-only paper",analytical_sampling,from_compilation,0.59,0.59,y_H2O mole fraction
CO2_takenouchikennedy1964_co2_169,CO2,523,20,total,,,,,,,,,,takenouchikennedy1964_co2,"Takenouchi & Kennedy (1964?), water-only paper",analytical_sampling,from_compilation,0.364,0.364,y_H2O mole fraction
CO2_takenouchikennedy1964_co2_170,CO2,523,30,total,,,,,,,,,,takenouchikennedy1964_co2,"Takenouchi & Kennedy (1964?), water-only paper",analytical_sampling,from_compilation,0.32,0.32,y_H2O mole fraction
CO2_takenouchikennedy1964_co2_171,CO2,523,40,total,,,,,,,,,,takenouchikennedy1964_co2,"Takenouchi & Kennedy (1964?), water-only paper",analytical_sampling,from_compilation,0.324,0.324,y_H2O mole fraction
CO2_takenouchikennedy1964_co2_172,CO2,523,50,total,,,,,,,,,,takenouchikennedy1964_co2,"Takenouchi & Kennedy (1964?), water-only paper",analytical_sampling,from_compilation,0.34,0.34,y_H2O mole fraction
CO2_takenouchikennedy1964_co2_173,CO2,523,60,total,,,,,,,,,,takenouchikennedy1964_co2,"Takenouchi & Kennedy (1964?), water-only paper",analytical_sampling,from_compilation,0.364,0.364,y_H2O mole fraction
CO2_takenouchikennedy1964_co2_174,CO2,523,70,total,,,,,,,,,,takenouchikennedy1964_co2,"Takenouchi & Kennedy (1964?), water-only paper",analytical_sampling,from_compilation,0.387,0.387,y_H2O mole fraction
CO2_takenouchikennedy1964_co2_175,CO2,523,80,total,,,,,,,,,,takenouchikennedy1964_co2,"Takenouchi & Kennedy (1964?), water-only paper",analytical_sampling,from_compilation,0.407,0.407,y_H2O mole fraction
CO2_takenouchikennedy1964_co2_176,CO2,523,90,total,,,,,,,,,,takenouchikennedy1964_co2,"Takenouchi & Kennedy (1964?), water-only paper",analytical_sampling,from_compilation,0.42,0.42,y_H2O mole fraction
CO2_takenouchikennedy1964_co2_177,CO2,523,100,total,,,,,,,,,,takenouchikennedy1964_co2,"Takenouchi & Kennedy (1964?), water-only paper",analytical_sampling,from_compilation,0.433,0.433,y_H2O mole fraction
CO2_takenouchikennedy1964_co2_178,CO2,523,110,total,,,,,,,,,,takenouchikennedy1964_co2,"Takenouchi & Kennedy (1964?), water-only paper",analytical_sampling,from_compilation,0.445,0.445,y_H2O mole fraction
CO2_takenouchikennedy1964_co2_179,CO2,523,120,total,,,,,,,,,,takenouchikennedy1964_co2,"Takenouchi & Kennedy (1964?), water-only paper",analytical_sampling,from_compilation,0.452,0.452,y_H2O mole fraction
CO2_takenouchikennedy1964_co2_180,CO2,523,130,total,,,,,,,,,,takenouchikennedy1964_co2,"Takenouchi & Kennedy (1964?), water-only paper",analytical_sampling,from_compilation,0.458,0.458,y_H2O mole fraction
CO2_takenouchikennedy1964_co2_181,CO2,523,140,total,,,,,,,,,,takenouchikennedy1964_co2,"Takenouchi & Kennedy (1964?), water-only paper",analytical_sampling,from_compilation,0.46,0.46,y_H2O mole fraction
CO2_takenouchikennedy1964_co2_182,CO2,523,150,total,,,,,,,,,,takenouchikennedy1964_co2,"Takenouchi & Kennedy (1964?), water-only paper",analytical_sampling,from_compilation,0.46,0.46,y_H2O mole fraction
CO2_takenouchikennedy1964_co2_183,CO2,533,20,total,,,,,,,,,,takenouchikennedy1964_co2,"Takenouchi & Kennedy (1964?), water-only paper",analytical_sampling,from_compilation,0.428,0.428,y_H2O mole fraction
CO2_takenouchikennedy1964_co2_184,CO2,533,25,total,,,,,,,,,,takenouchikennedy1964_co2,"Takenouchi & Kennedy (1964?), water-only paper",analytical_sampling,from_compilation,0.38,0.38,y_H2O mole fraction
CO2_takenouchikennedy1964_co2_185,CO2,533,30,total,,,,,,,,,,takenouchikennedy1964_co2,"Takenouchi & Kennedy (1964?), water-only paper",analytical_sampling,from_compilation,0.36,0.36,y_H2O mole fraction
CO2_takenouchikennedy1964_co2_186,CO2,533,40,total,,,,,,,,,,takenouchikennedy1964_co2,"Takenouchi & Kennedy (1964?), water-only paper",analytical_sampling,from_compilation,0.358,0.358,y_H2O mole fraction
CO2_takenouchikennedy1964_co2_187,CO2,533,50,total,,,,,,,,,,takenouchikennedy1964_co2,"Takenouchi & Kennedy (1964?), water-only paper",analytical_sampling,from_compilation,0.376,0.376,y_H2O mole fraction
CO2_takenouchikennedy1964_co2_188,CO2,533,60,total,,,,,,,,,,takenouchikennedy1964_co2,"Takenouchi & Kennedy (1964?), water-only paper",analytical_sampling,from_compilation,0.396,0.396,y_H2O mole fraction
CO2_takenouchikennedy1964_co2_189,CO2,533,70,total,,,,,,,,,,takenouchikennedy1964_co2,"Takenouchi & Kennedy (1964?), water-only paper",analytical_sampling,from_compilation,0.42,0.42,y_H2O mole fraction
CO2_takenouchikennedy1964_co2_190,CO2,533,80,total,,,,,,,,,,takenouchikennedy1964_co2,"Takenouchi & Kennedy (1964?), water-only paper",analytical_sampling,from_compilation,0.44,0.44,y_H2O mole fraction
CO2_takenouchikennedy1964_co2_191,CO2,533,90,total,,,,,,,,,,takenouchikennedy1964_co2,"Takenouchi & Kennedy (1964?), water-only paper",analytical_sampling,from_compilation,0.452,0.452,y_H2O mole fraction
CO2_takenouchikennedy1964_co2_192,CO2,533,100,total,,,,,,,,,,takenouchikennedy1964_co2,"Takenouchi & Kennedy (1964?), water-only paper",analytical_sampling,from_compilation,0.464,0.464,y_H2O mole fraction
CO2_takenouchikennedy1964_co2_193,CO2,533,110,total,,,,,,,,,,takenouchikennedy1964_co2,"Takenouchi & Kennedy (1964?), water-only paper",analytical_sampling,from_compilation,0.476,0.476,y_H2O mole fraction
CO2_takenouchikennedy1964_co2_194,CO2,533,120,total,,,,,,,,,,takenouchikennedy1964_co2,"Takenouchi & Kennedy (1964?), water-only paper",analytical_sampling,from_compilation,0.49,0.49,y_H2O mole fraction
CO2_takenouchikennedy1964_co2_195,CO2,533,130,total,,,,,,,,,,takenouchikennedy1964_co2,"Takenouchi & Kennedy (1964?), water-only paper",analytical_sampling,from_compilation,0.496,0.496,y_H2O mole fraction
CO2_takenouchikennedy1964_co2_196,CO2,533,140,total,,,,,,,,,,takenouchikennedy1964_co2,"Takenouchi & Kennedy (1964?), water-only paper",analytical_sampling,from_compilation,0.498,0.498,y_H2O mole fraction
CO2_takenouchikennedy1964_co2_197,CO2,533,150,total,,,,,,,,,,takenouchikennedy1964_co2,"Takenouchi & Kennedy (1964?), water-only paper",analytical_sampling,from_compilation,0.5,0.5,y_H2O mole fraction
CO2_takenouchikennedy1964_co2_198,CO2,548,10,total,,,,,,,,,,takenouchikennedy1964_co2,"Takenouchi & Kennedy (1964?), water-only paper",analytical_sampling,from_compilation,0.744,0.744,y_H2O mole fraction
CO2_takenouchikennedy1964_co2_199,CO2,548,15,total,,,,,,,,,,takenouchikennedy1964_co2,"Takenouchi & Kennedy (1964?), water-only paper",analytical_sampling,from_compilation,0.574,0.574,y_H2O mole fraction
CO2_takenouchikennedy1964_co2_200,CO2,548,20,total,,,,,,,,,,takenouchikennedy1964_co2,"Takenouchi & Kennedy (1964?), water-only paper",analytical_sampling,from_compilation,0.5,0.5,y_H2O mole fraction
CO2_takenouchikennedy1964_co2_201,CO2,548,25,total,,,,,,,,,,takenouchikennedy1964_co2,"Takenouchi & Kennedy (1964?), water-only paper",analytical_sampling,from_compilation,0.46,0.46,y_H2O mole fraction
CO2_takenouchikennedy1964_co2_202,CO2,548,30,total,,,,,,,,,,takenouchikennedy1964_co2,"Takenouchi & Kennedy (1964?), water-only paper",analytical_sampling,from_compilation,0.442,0.442,y_H2O mole fraction
CO2_takenouchikennedy1964_co2_203,CO2,548,40,total,,,,,,,,,,takenouchikennedy1964_co2,"Takenouchi & Kennedy (1964?), water-only paper",analytical_sampling,from_compilation,0.442,0.442,y_H2O mole fraction
CO2_takenouchikennedy1964_co2_204,CO2,548,50,total,,,,,,,,,,takenouchikennedy1964_co2,"Takenouchi & Kennedy (1964?), water-only paper",analytical_sampling,from_compilation,0.47,0.47,y_H2O mole fraction
CO2_takenouchikennedy1964_co2_205,CO2,548,60,total,,,,,,,,,,takenouchikennedy1964_co2,"Takenouchi & Kennedy (1964?), water-only paper",analytical_sampling,from_compilation,0.504,0.504,y_H2O mole fraction
CO2_takenouchikennedy1964_co2_206,CO2,548,70,total,,,,,,,,,,takenouchikennedy1964_co2,"Takenouchi & Kennedy (1964?), water-only paper",analytical_sampling,from_compilation,0.54,0.54,y_H2O mole fraction
CO2_takenouchikennedy1964_co2_207,CO2,548,80,total,,,,,,,,,,takenouchikennedy1964_co2,"Takenouchi & Kennedy (1964?), water-only paper",analytical_sampling,from_compilation,0.58,0.58,y_H2O mole fraction
CO2_takenouchikennedy1964_co2_208,CO2,548,88.5,total,,,,,,,,,,takenouchikennedy1964_co2,"Takenouchi & Kennedy (1964?), water-only paper",analytical_sampling,from_compilation,0.73,0.73,y_H2O mole fraction
CO2_takenouchikennedy1964_co2_209,CO2,573,10,total,,,,,,,,,,takenouchikennedy1964_co2,"Takenouchi & Kennedy (1964?), water-only paper",analytical_sampling,from_compilation,0.92,0.92,y_H2O mole fraction
CO2_takenouchikennedy1964_co2_210,CO2,573,15,total,,,,,,,,,,takenouchikennedy1964_co2,"Takenouchi & Kennedy (1964?), water-only paper",analytical_sampling,from_compilation,0.71,0.71,y_H2O mole fraction
CO2_takenouchikennedy1964_co2_211,CO2,573,20,total,,,,,,,,,,takenouchikennedy1964_co2,"Takenouchi & Kennedy (1964?), water-only paper",analytical_sampling,from_compilation,0.61,0.61,y_H2O mole fraction
CO2_takenouchikennedy1964_co2_212,CO2,573,25,total,,,,,,,,,,takenouchikennedy1964_co2,"Takenouchi & Kennedy (1964?), water-only paper",analytical_sampling,from_compilation,0.566,0.566,y_H2O mole fraction
CO2_takenouchikennedy1964_co2_213,CO2,573,30,total,,,,,,,,,,takenouchikennedy1964_co2,"Takenouchi & Kennedy (1964?), water-only paper",analytical_sampling,from_compilation,0.546,0.546,y_H2O mole fraction
CO2_takenouchikennedy1964_co2_214,CO2,573,35,total,,,,,,,,,,takenouchikennedy1964_co2,"Takenouchi & Kennedy (1964?), water-only paper",analytical_sampling,from_compilation,0.544,0.544,y_H2O mole fraction
CO2_takenouchikennedy1964_co2_215,CO2,573,40,total,,,,,,,,,,takenouchikennedy1964_co2,"Takenouchi & Kennedy (1964?), water-only paper",analytical_sampling,from_compilation,0.552,0.552,y_H2O mole fraction
CO2_takenouchikennedy1964_co2_216,CO2,573,45,total,,,,,,,,,,takenouchikennedy1964_co2,"Takenouchi & Kennedy (1964?), water-only paper",analytical_sampling,from_compilation,0.578,0.578,y_H2O mole fraction
CO2_takenouchikennedy1964_co2_217,CO2,573,50,total,,,,,,,,,,takenouchikennedy1964_co2,"Takenouchi & Kennedy (1964?), water-only paper",analytical_sampling,from_compilation,0.62,0.62,y_H2O mole fraction
CO2_takenouchikennedy1964_co2_218,CO2,573,55,total,,,,,,,,,,takenouchikennedy1964_co2,"Takenouchi & Kennedy (1964?), water-only paper",analytical_sampling,from_compilation,0.68,0.68,y_H2O mole fraction
CO2_takenouchikennedy1964_co2_219,CO2,573,57.5,total,,,,,,,,,,takenouchikennedy1964_co2,"Takenouchi & Kennedy (1964?), water-only paper",analytical_sampling,from_compilation,0.764,0.764,y_H2O mole fraction
CO2_takenouchikennedy1964_co2_220,CO2,598,15,total,,,,,,,,,,takenouchikennedy1964_co2,"Takenouchi & Kennedy (1964?), water-only paper",analytical_sampling,from_compilation,0.894,0.894,y_H2O mole fraction
CO2_takenouchikennedy1964_co2_221,CO2,598,20,total,,,,,,,,,,takenouchikennedy1964_co2,"Takenouchi & Kennedy (1964?), water-only paper",analytical_sampling,from_compilation,0.754,0.754,y_H2O mole fraction
CO2_takenouchikennedy1964_co2_222,CO2,598,25,total,,,,,,,,,,takenouchikennedy1964_co2,"Takenouchi & Kennedy (1964?), water-only paper",analytical_sampling,from_compilation,0.679,0.679,y_H2O mole fraction
CO2_takenouchikennedy1964_co2_223,CO2,598,30,total,,,,,,,,,,takenouchikennedy1964_co2,"Takenouchi & Kennedy (1964?), water-only paper",analytical_sampling,from_compilation,0.658,0.658,y_H2O mole fraction
CO2_takenouchikennedy1964_co2_224,CO2,598,35,total,,,,,,,,,,takenouchikennedy1964_co2,"Takenouchi & Kennedy (1964?), water-only paper",analytical_sampling,from_compilation,0.666,0.666,y_H2O mole fraction
CO2_takenouchikennedy1964_co2_225,CO2,598,40,total,,,,,,,,,,takenouchikennedy1964_co2,"Takenouchi & Kennedy (1964?), water-only paper",analytical_sampling,from_compilation,0.714,0.714,y_H2O mole fraction
CO2_takenouchikennedy1964_co2_226,CO2,598,43.5,total,,,,,,,,,,takenouchikennedy1964_co2,"Takenouchi & Kennedy (1964?), water-only paper",analytical_sampling,from_compilation,0.82,0.82,y_H2O mole fraction
CO2_takenouchikennedy1964_co2_227,CO2,623,20,total,,,,,,,,,,takenouchikennedy1964_co2,"Takenouchi & Kennedy (1964?), water-only paper",analytical_sampling,from_compilation,0.91,0.91,y_H2O mole fraction
CO2_takenouchikennedy1964_co2_228,CO2,623,25,total,,,,,,,,,,takenouchikennedy1964_co2,"Takenouchi & Kennedy (1964?), water-only paper",analytical_sampling,from_compilation,0.838,0.838,y_H2O mole fraction
CO2_takenouchikennedy1964_co2_229,CO2,623,30,total,,,,,,,,,,takenouchikennedy1964_co2,"Takenouchi & Kennedy (1964?), water-only paper",analytical_sampling,from_compilation,0.834,0.834,y_H2O mole fraction
CO2_takenouchikennedy1964_co2_230,CO2,623,32.5,total,,,,,,,,,,takenouchikennedy1964_co2,"Takenouchi & Kennedy (1964?), water-only paper",analytical_sampling,from_compilation,0.895,0.895,y_H2O mole fraction
CO2_todheide1963_co2_001,CO2,323,20,total,,,,,,,,,,todheide1963_co2,Todheide et al. (1963),unstated,from_compilation,0.01,0.01,y_H2O mole fraction
CO2_todheide1963_co2_002,CO2,323,60,total,,,,,,,,,,todheide1963_co2,Todheide et al. (1963),unstated,from_compilation,0.01,0.01,y_H2O mole fraction
CO2_todheide1963_co2_003,CO2,323,100,total,,,,,,,,,,todheide1963_co2,Todheide et al. (1963),unstated,from_compilation,0.01,0.01,y_H2O mole fraction
CO2_todheide1963_co2_004,CO2,323,150,total,,,,,,,,,,todheide1963_co2,Todheide et al. (1963),unstated,from_compilation,0.01,0.01,y_H2O mole fraction
CO2_todheide1963_co2_005,CO2,323,200,total,,,,,,,,,,todheide1963_co2,Todheide et al. (1963),unstated,from_compilation,0.01,0.01,y_H2O mole fraction
CO2_todheide1963_co2_006,CO2,323,250,total,,,,,,,,,,todheide1963_co2,Todheide et al. (1963),unstated,from_compilation,0.01,0.01,y_H2O mole fraction
CO2_todheide1963_co2_007,CO2,323,300,total,,,,,,,,,,todheide1963_co2,Todheide et al. (1963),unstated,from_compilation,0.01,0.01,y_H2O mole fraction
CO2_todheide1963_co2_008,CO2,323,350,total,,,,,,,,,,todheide1963_co2,Todheide et al. (1963),unstated,from_compilation,0.01,0.01,y_H2O mole fraction
CO2_todheide1963_co2_009,CO2,373,20,total,,,,,,,,,,todheide1963_co2,Todheide et al. (1963),unstated,from_compilation,0.029,0.029,y_H2O mole fraction
CO2_todheide1963_co2_010,CO2,373,50,total,,,,,,,,,,todheide1963_co2,Todheide et al. (1963),unstated,from_compilation,0.03,0.03,y_H2O mole fraction
CO2_todheide1963_co2_011,CO2,373,100,total,,,,,,,,,,todheide1963_co2,Todheide et al. (1963),unstated,from_compilation,0.03,0.03,y_H2O mole fraction
CO2_todheide1963_co2_012,CO2,373,150,total,,,,,,,,,,todheide1963_co2,Todheide et al. (1963),unstated,from_compilation,0.029,0.029,y_H2O mole fraction
CO2_todheide1963_co2_013,CO2,373,200,total,,,,,,,,,,todheide1963_co2,Todheide et al. (1963),unstated,from_compilation,0.029,0.029,y_H2O mole fraction
CO2_todheide1963_co2_014,CO2,373,250,total,,,,,,,,,,todheide1963_co2,Todheide et al. (1963),unstated,from_compilation,0.029,0.029,y_H2O mole fraction
CO2_todheide1963_co2_015,CO2,373,300,total,,,,,,,,,,todheide1963_co2,Todheide et al. (1963),unstated,from_compilation,0.028,0.028,y_H2O mole fraction
CO2_todheide1963_co2_016,CO2,373,350,total,,,,,,,,,,todheide1963_co2,Todheide et al. (1963),unstated,from_compilation,0.028,0.028,y_H2O mole fraction
CO2_todheide1963_co2_017,CO2,423,20,total,,,,,,,,,,todheide1963_co2,Todheide et al. (1963),unstated,from_compilation,0.06,0.06,y_H2O mole fraction
CO2_todheide1963_co2_018,CO2,423,50,total,,,,,,,,,,todheide1963_co2,Todheide et al. (1963),unstated,from_compilation,0.063,0.063,y_H2O mole fraction
CO2_todheide1963_co2_019,CO2,423,100,total,,,,,,,,,,todheide1963_co2,Todheide et al. (1963),unstated,from_compilation,0.065,0.065,y_H2O mole fraction
CO2_todheide1963_co2_020,CO2,423,150,total,,,,,,,,,,todheide1963_co2,Todheide et al. (1963),unstated,from_compilation,0.068,0.068,y_H2O mole fraction
CO2_todheide1963_co2_021,CO2,423,200,total,,,,,,,,,,todheide1963_co2,Todheide et al. (1963),unstated,from_compilation,0.068,0.068,y_H2O mole fraction
CO2_todheide1963_co2_022,CO2,423,250,total,,,,,,,,,,todheide1963_co2,Todheide et al. (1963),unstated,from_compilation,0.067,0.067,y_H2O mole fraction
CO2_todheide1963_co2_023,CO2,423,300,total,,,,,,,,,,todheide1963_co2,Todheide et al. (1963),unstated,from_compilation,0.065,0.065,y_H2O mole fraction
CO2_todheide1963_co2_024,CO2,423,350,total,,,,,,,,,,todheide1963_co2,Todheide et al. (1963),unstated,from_compilation,0.063,0.063,y_H2O mole fraction
CO2_todheide1963_co2_025,CO2,473,20,total,,,,,,,,,,todheide1963_co2,Todheide et al. (1963),unstated,from_compilation,0.155,0.155,y_H2O mole fraction
CO2_todheide1963_co2_026,CO2,473,50,total,,,,,,,,,,todheide1963_co2,Todheide et al. (1963),unstated,from_compilation,0.14,0.14,y_H2O mole fraction
CO2_todheide1963_co2_027,CO2,473,100,total,,,,,,,,,,todheide1963_co2,Todheide et al. (1963),unstated,from_compilation,0.145,0.145,y_H2O mole fraction
CO2_todheide1963_co2_028,CO2,473,150,total,,,,,,,,,,todheide1963_co2,Todheide et al. (1963),unstated,from_compilation,0.15,0.15,y_H2O mole fraction
CO2_todheide1963_co2_029,CO2,473,200,total,,,,,,,,,,todheide1963_co2,Todheide et al. (1963),unstated,from_compilation,0.145,0.145,y_H2O mole fraction
CO2_todheide1963_co2_030,CO2,473,250,total,,,,,,,,,,todheide1963_co2,Todheide et al. (1963),unstated,from_compilation,0.14,0.14,y_H2O mole fraction
CO2_todheide1963_co2_031,CO2,473,300,total,,,,,,,,,,todheide1963_co2,Todheide et al. (1963),unstated,from_compilation,0.133,0.133,y_H2O mole fraction
CO2_todheide1963_co2_032,CO2,473,350,total,,,,,,,,,,todheide1963_co2,Todheide et al. (1963),unstated,from_compilation,0.125,0.125,y_H2O mole fraction
CO2_todheide1963_co2_033,CO2,523,20,total,,,,,,,,,,todheide1963_co2,Todheide et al. (1963),unstated,from_compilation,0.335,0.335,y_H2O mole fraction
CO2_todheide1963_co2_034,CO2,523,50,total,,,,,,,,,,todheide1963_co2,Todheide et al. (1963),unstated,from_compilation,0.28,0.28,y_H2O mole fraction
CO2_todheide1963_co2_035,CO2,523,100,total,,,,,,,,,,todheide1963_co2,Todheide et al. (1963),unstated,from_compilation,0.305,0.305,y_H2O mole fraction
CO2_todheide1963_co2_036,CO2,523,150,total,,,,,,,,,,todheide1963_co2,Todheide et al. (1963),unstated,from_compilation,0.315,0.315,y_H2O mole fraction
CO2_todheide1963_co2_037,CO2,523,200,total,,,,,,,,,,todheide1963_co2,Todheide et al. (1963),unstated,from_compilation,0.325,0.325,y_H2O mole fraction
CO2_todheide1963_co2_038,CO2,523,250,total,,,,,,,,,,todheide1963_co2,Todheide et al. (1963),unstated,from_compilation,0.325,0.325,y_H2O mole fraction
CO2_todheide1963_co2_039,CO2,523,300,total,,,,,,,,,,todheide1963_co2,Todheide et al. (1963),unstated,from_compilation,0.307,0.307,y_H2O mole fraction
CO2_todheide1963_co2_040,CO2,523,350,total,,,,,,,,,,todheide1963_co2,Todheide et al. (1963),unstated,from_compilation,0.295,0.295,y_H2O mole fraction
CO2_todheide1963_co2_041,CO2,533,20,total,,,,,,,,,,todheide1963_co2,Todheide et al. (1963),unstated,from_compilation,0.399,0.399,y_H2O mole fraction
CO2_todheide1963_co2_042,CO2,533,50,total,,,,,,,,,,todheide1963_co2,Todheide et al. (1963),unstated,from_compilation,0.318,0.318,y_H2O mole fraction
CO2_todheide1963_co2_043,CO2,533,100,total,,,,,,,,,,todheide1963_co2,Todheide et al. (1963),unstated,from_compilation,0.368,0.368,y_H2O mole fraction
CO2_todheide1963_co2_044,CO2,533,150,total,,,,,,,,,,todheide1963_co2,Todheide et al. (1963),unstated,from_compilation,0.415,0.415,y_H2O mole fraction
CO2_todheide1963_co2_045,CO2,533,200,total,,,,,,,,,,todheide1963_co2,Todheide et al. (1963),unstated,from_compilation,0.425,0.425,y_H2O mole fraction
CO2_todheide1963_co2_046,CO2,533,250,total,,,,,,,,,,todheide1963_co2,Todheide et al. (1963),unstated,from_compilation,0.405,0.405,y_H2O mole fraction
CO2_todheide1963_co2_047,CO2,533,300,total,,,,,,,,,,todheide1963_co2,Todheide et al. (1963),unstated,from_compilation,0.385,0.385,y_H2O mole fraction
CO2_todheide1963_co2_048,CO2,533,350,total,,,,,,,,,,todheide1963_co2,Todheide et al. (1963),unstated,from_compilation,0.37,0.37,y_H2O mole fraction
CO2_todheide1963_co2_049,CO2,538,20,total,,,,,,,,,,todheide1963_co2,Todheide et al. (1963),unstated,from_compilation,0.423,0.423,y_H2O mole fraction
CO2_todheide1963_co2_050,CO2,538,50,total,,,,,,,,,,todheide1963_co2,Todheide et al. (1963),unstated,from_compilation,0.343,0.343,y_H2O mole fraction
CO2_todheide1963_co2_051,CO2,538,100,total,,,,,,,,,,todheide1963_co2,Todheide et al. (1963),unstated,from_compilation,0.4,0.4,y_H2O mole fraction
CO2_todheide1963_co2_052,CO2,538,150,total,,,,,,,,,,todheide1963_co2,Todheide et al. (1963),unstated,from_compilation,0.454,0.454,y_H2O mole fraction
CO2_todheide1963_co2_053,CO2,538,200,total,,,,,,,,,,todheide1963_co2,Todheide et al. (1963),unstated,from_compilation,0.492,0.492,y_H2O mole fraction
CO2_todheide1963_co2_054,CO2,538,250,total,,,,,,,,,,todheide1963_co2,Todheide et al. (1963),unstated,from_compilation,0.507,0.507,y_H2O mole fraction
CO2_todheide1963_co2_055,CO2,541,20,total,,,,,,,,,,todheide1963_co2,Todheide et al. (1963),unstated,from_compilation,0.441,0.441,y_H2O mole fraction
CO2_todheide1963_co2_056,CO2,541,30,total,,,,,,,,,,todheide1963_co2,Todheide et al. (1963),unstated,from_compilation,0.38,0.38,y_H2O mole fraction
CO2_todheide1963_co2_057,CO2,541,40,total,,,,,,,,,,todheide1963_co2,Todheide et al. (1963),unstated,from_compilation,0.356,0.356,y_H2O mole fraction
CO2_todheide1963_co2_058,CO2,541,50,total,,,,,,,,,,todheide1963_co2,Todheide et al. (1963),unstated,from_compilation,0.358,0.358,y_H2O mole fraction
CO2_todheide1963_co2_059,CO2,541,60,total,,,,,,,,,,todheide1963_co2,Todheide et al. (1963),unstated,from_compilation,0.362,0.362,y_H2O mole fraction
CO2_todheide1963_co2_060,CO2,541,70,total,,,,,,,,,,todheide1963_co2,Todheide et al. (1963),unstated,from_compilation,0.378,0.378,y_H2O mole fraction
CO2_todheide1963_co2_061,CO2,541,80,total,,,,,,,,,,todheide1963_co2,Todheide et al. (1963),unstated,from_compilation,0.397,0.397,y_H2O mole fraction
CO2_todheide1963_co2_062,CO2,541,90,total,,,,,,,,,,todheide1963_co2,Todheide et al. (1963),unstated,from_compilation,0.414,0.414,y_H2O mole fraction
CO2_todheide1963_co2_063,CO2,541,100,total,,,,,,,,,,todheide1963_co2,Todheide et al. (1963),unstated,from_compilation,0.431,0.431,y_H2O mole fraction
CO2_todheide1963_co2_064,CO2,541,110,total,,,,,,,,,,todheide1963_co2,Todheide et al. (1963),unstated,from_compilation,0.444,0.444,y_H2O mole fraction
CO2_todheide1963_co2_065,CO2,541,120,total,,,,,,,,,,todheide1963_co2,Todheide et al. (1963),unstated,from_compilation,0.453,0.453,y_H2O mole fraction
CO2_todheide1963_co2_066,CO2,541,130,total,,,,,,,,,,todheide1963_co2,Todheide et al. (1963),unstated,from_compilation,0.47,0.47,y_H2O mole fraction
CO2_todheide1963_co2_067,CO2,541,140,total,,,,,,,,,,todheide1963_co2,Todheide et al. (1963),unstated,from_compilation,0.482,0.482,y_H2O mole fraction
CO2_todheide1963_co2_068,CO2,541,150,total,,,,,,,,,,todheide1963_co2,Todheide et al. (1963),unstated,from_compilation,0.503,0.503,y_H2O mole fraction
CO2_todheide1963_co2_069,CO2,541,162,total,,,,,,,,,,todheide1963_co2,Todheide et al. (1963),unstated,from_compilation,0.615,0.615,y_H2O mole fraction
CO2_todheide1963_co2_070,CO2,543,20,total,,,,,,,,,,todheide1963_co2,Todheide et al. (1963),unstated,from_compilation,0.453,0.453,y_H2O mole fraction
CO2_todheide1963_co2_071,CO2,543,30,total,,,,,,,,,,todheide1963_co2,Todheide et al. (1963),unstated,from_compilation,0.386,0.386,y_H2O mole fraction
CO2_todheide1963_co2_072,CO2,543,40,total,,,,,,,,,,todheide1963_co2,Todheide et al. (1963),unstated,from_compilation,0.365,0.365,y_H2O mole fraction
CO2_todheide1963_co2_073,CO2,543,50,total,,,,,,,,,,todheide1963_co2,Todheide et al. (1963),unstated,from_compilation,0.369,0.369,y_H2O mole fraction
CO2_todheide1963_co2_074,CO2,543,60,total,,,,,,,,,,todheide1963_co2,Todheide et al. (1963),unstated,from_compilation,0.372,0.372,y_H2O mole fraction
CO2_todheide1963_co2_075,CO2,543,70,total,,,,,,,,,,todheide1963_co2,Todheide et al. (1963),unstated,from_compilation,0.393,0.393,y_H2O mole fraction
CO2_todheide1963_co2_076,CO2,543,80,total,,,,,,,,,,todheide1963_co2,Todheide et al. (1963),unstated,from_compilation,0.415,0.415,y_H2O mole fraction
CO2_todheide1963_co2_077,CO2,543,90,total,,,,,,,,,,todheide1963_co2,Todheide et al. (1963),unstated,from_compilation,0.435,0.435,y_H2O mole fraction
CO2_todheide1963_co2_078,CO2,543,100,total,,,,,,,,,,todheide1963_co2,Todheide et al. (1963),unstated,from_compilation,0.455,0.455,y_H2O mole fraction
CO2_todheide1963_co2_079,CO2,543,110,total,,,,,,,,,,todheide1963_co2,Todheide et al. (1963),unstated,from_compilation,0.475,0.475,y_H2O mole fraction
CO2_todheide1963_co2_080,CO2,543,120,total,,,,,,,,,,todheide1963_co2,Todheide et al. (1963),unstated,from_compilation,0.497,0.497,y_H2O mole fraction
CO2_todheide1963_co2_081,CO2,543,130,total,,,,,,,,,,todheide1963_co2,Todheide et al. (1963),unstated,from_compilation,0.534,0.534,y_H2O mole fraction
CO2_todheide1963_co2_082,CO2,543,137,total,,,,,,,,,,todheide1963_co2,Todheide et al. (1963),unstated,from_compilation,0.633,0.633,y_H2O mole fraction
CO2_todheide1963_co2_083,CO2,548,20,total,,,,,,,,,,todheide1963_co2,Todheide et al. (1963),unstated,from_compilation,0.481,0.481,y_H2O mole fraction
CO2_todheide1963_co2_084,CO2,548,30,total,,,,,,,,,,todheide1963_co2,Todheide et al. (1963),unstated,from_compilation,0.409,0.409,y_H2O mole fraction
CO2_todheide1963_co2_085,CO2,548,40,total,,,,,,,,,,todheide1963_co2,Todheide et al. (1963),unstated,from_compilation,0.388,0.388,y_H2O mole fraction
CO2_todheide1963_co2_086,CO2,548,50,total,,,,,,,,,,todheide1963_co2,Todheide et al. (1963),unstated,from_compilation,0.389,0.389,y_H2O mole fraction
CO2_todheide1963_co2_087,CO2,548,60,total,,,,,,,,,,todheide1963_co2,Todheide et al. (1963),unstated,from_compilation,0.405,0.405,y_H2O mole fraction
CO2_todheide1963_co2_088,CO2,548,70,total,,,,,,,,,,todheide1963_co2,Todheide et al. (1963),unstated,from_compilation,0.428,0.428,y_H2O mole fraction
CO2_todheide1963_co2_089,CO2,548,80,total,,,,,,,,,,todheide1963_co2,Todheide et al. (1963),unstated,from_compilation,0.459,0.459,y_H2O mole fraction
CO2_todheide1963_co2_090,CO2,548,90,total,,,,,,,,,,todheide1963_co2,Todheide et al. (1963),unstated,from_compilation,0.493,0.493,y_H2O mole fraction
CO2_todheide1963_co2_091,CO2,548,100,total,,,,,,,,,,todheide1963_co2,Todheide et al. (1963),unstated,from_compilation,0.545,0.545,y_H2O mole fraction
CO2_todheide1963_co2_092,CO2,548,108,total,,,,,,,,,,todheide1963_co2,Todheide et al. (1963),unstated,from_compilation,0.653,0.653,y_H2O mole fraction
CO2_todheide1963_co2_093,CO2,573,20,total,,,,,,,,,,todheide1963_co2,Todheide et al. (1963),unstated,from_compilation,0.648,0.648,y_H2O mole fraction
CO2_todheide1963_co2_094,CO2,573,30,total,,,,,,,,,,todheide1963_co2,Todheide et al. (1963),unstated,from_compilation,0.546,0.546,y_H2O mole fraction
CO2_todheide1963_co2_095,CO2,573,40,total,,,,,,,,,,todheide1963_co2,Todheide et al. (1963),unstated,from_compilation,0.52,0.52,y_H2O mole fraction
CO2_todheide1963_co2_096,CO2,573,50,total,,,,,,,,,,todheide1963_co2,Todheide et al. (1963),unstated,from_compilation,0.54,0.54,y_H2O mole fraction
CO2_todheide1963_co2_097,CO2,573,60,total,,,,,,,,,,todheide1963_co2,Todheide et al. (1963),unstated,from_compilation,0.665,0.665,y_H2O mole fraction
CO2_todheide1963_co2_098,CO2,573,60.8,total,,,,,,,,,,todheide1963_co2,Todheide et al. (1963),unstated,from_compilation,0.733,0.733,y_H2O mole fraction
CO2_todheide1963_co2_099,CO2,623,20,total,,,,,,,,,,todheide1963_co2,Todheide et al. (1963),unstated,from_compilation,0.945,0.945,y_H2O mole fraction
CO2_todheide1963_co2_100,CO2,623,25,total,,,,,,,,,,todheide1963_co2,Todheide et al. (1963),unstated,from_compilation,0.88,0.88,y_H2O mole fraction
CO2_todheide1963_co2_101,CO2,623,30,total,,,,,,,,,,todheide1963_co2,Todheide et al. (1963),unstated,from_compilation,0.838,0.838,y_H2O mole fraction
CO2_todheide1963_co2_102,CO2,623,32.5,total,,,,,,,,,,todheide1963_co2,Todheide et al. (1963),unstated,from_compilation,0.84,0.84,y_H2O mole fraction
CO2_todheide1963_co2_103,CO2,623,33.3,total,,,,,,,,,,todheide1963_co2,Todheide et al. (1963),unstated,from_compilation,0.875,0.875,y_H2O mole fraction
CO2_valtzetal2004_co2_020,CO2,278,0.501,total,,,,,,,,,,valtzetal2004_co2,Valtz et al. (2004),unstated,from_compilation,0.0015,0.0015,y_H2O mole fraction
CO2_valtzetal2004_co2_021,CO2,278,0.755,total,,,,,,,,,,valtzetal2004_co2,Valtz et al. (2004),unstated,from_compilation,0.0011,0.0011,y_H2O mole fraction
CO2_valtzetal2004_co2_022,CO2,278,1.016,total,,,,,,,,,,valtzetal2004_co2,Valtz et al. (2004),unstated,from_compilation,0.0007,0.0007,y_H2O mole fraction
CO2_valtzetal2004_co2_023,CO2,288,0.496,total,,,,,,,,,,valtzetal2004_co2,Valtz et al. (2004),unstated,from_compilation,0.0031,0.0031,y_H2O mole fraction
CO2_valtzetal2004_co2_024,CO2,288,1.103,total,,,,,,,,,,valtzetal2004_co2,Valtz et al. (2004),unstated,from_compilation,0.0014,0.0014,y_H2O mole fraction
CO2_valtzetal2004_co2_025,CO2,288,1.941,total,,,,,,,,,,valtzetal2004_co2,Valtz et al. (2004),unstated,from_compilation,0.0009,0.0009,y_H2O mole fraction
CO2_valtzetal2004_co2_026,CO2,298,0.504,total,,,,,,,,,,valtzetal2004_co2,Valtz et al. (2004),unstated,from_compilation,0.0065,0.0065,y_H2O mole fraction
CO2_valtzetal2004_co2_027,CO2,298,1.007,total,,,,,,,,,,valtzetal2004_co2,Valtz et al. (2004),unstated,from_compilation,0.0038,0.0038,y_H2O mole fraction
CO2_valtzetal2004_co2_028,CO2,298,1.496,total,,,,,,,,,,valtzetal2004_co2,Valtz et al. (2004),unstated,from_compilation,0.0028,0.0028,y_H2O mole fraction
CO2_valtzetal2004_co2_029,CO2,298,2.483,total,,,,,,,,,,valtzetal2004_co2,Valtz et al. (2004),unstated,from_compilation,0.0014,0.0014,y_H2O mole fraction
CO2_valtzetal2004_co2_030,CO2,298,3.491,total,,,,,,,,,,valtzetal2004_co2,Valtz et al. (2004),unstated,from_compilation,0.0013,0.0013,y_H2O mole fraction
CO2_valtzetal2004_co2_031,CO2,304,0.68,total,,,,,,,,,,valtzetal2004_co2,Valtz et al. (2004),unstated,from_compilation,0.0068,0.0068,y_H2O mole fraction
CO2_valtzetal2004_co2_032,CO2,304,2.5,total,,,,,,,,,,valtzetal2004_co2,Valtz et al. (2004),unstated,from_compilation,0.0023,0.0023,y_H2O mole fraction
CO2_valtzetal2004_co2_033,CO2,304,5.1,total,,,,,,,,,,valtzetal2004_co2,Valtz et al. (2004),unstated,from_compilation,0.0016,0.0016,y_H2O mole fraction
CO2_valtzetal2004_co2_034,CO2,304,10.2,total,,,,,,,,,,valtzetal2004_co2,Valtz et al. (2004),unstated,from_compilation,0.0041,0.0041,y_H2O mole fraction
CO2_valtzetal2004_co2_035,CO2,304,20.4,total,,,,,,,,,,valtzetal2004_co2,Valtz et al. (2004),unstated,from_compilation,0.0046,0.0046,y_H2O mole fraction
CO2_valtzetal2004_co2_036,CO2,308,0.579,total,,,,,,,,,,valtzetal2004_co2,Valtz et al. (2004),unstated,from_compilation,0.0096,0.0096,y_H2O mole fraction
CO2_valtzetal2004_co2_037,CO2,308,0.819,total,,,,,,,,,,valtzetal2004_co2,Valtz et al. (2004),unstated,from_compilation,0.0079,0.0079,y_H2O mole fraction
CO2_valtzetal2004_co2_038,CO2,308,1.889,total,,,,,,,,,,valtzetal2004_co2,Valtz et al. (2004),unstated,from_compilation,0.0034,0.0034,y_H2O mole fraction
CO2_valtzetal2004_co2_039,CO2,308,3.029,total,,,,,,,,,,valtzetal2004_co2,Valtz et al. (2004),unstated,from_compilation,0.0023,0.0023,y_H2O mole fraction
CO2_valtzetal2004_co2_040,CO2,308,4.005,total,,,,,,,,,,valtzetal2004_co2,Valtz et al. (2004),unstated,from_compilation,0.002,0.002,y_H2O mole fraction
CO2_valtzetal2004_co2_041,CO2,308,4.985,total,,,,,,,,,,valtzetal2004_co2,Valtz et al. (2004),unstated,from_compilation,0.0017,0.0017,y_H2O mole fraction
CO2_valtzetal2004_co2_042,CO2,308,5.949,total,,,,,,,,,,valtzetal2004_co2,Valtz et al. (2004),unstated,from_compilation,0.0016,0.0016,y_H2O mole fraction
CO2_valtzetal2004_co2_043,CO2,308,6.986,total,,,,,,,,,,valtzetal2004_co2,Valtz et al. (2004),unstated,from_compilation,0.0017,0.0017,y_H2O mole fraction
CO2_valtzetal2004_co2_044,CO2,308,7.963,total,,,,,,,,,,valtzetal2004_co2,Valtz et al. (2004),unstated,from_compilation,0.0025,0.0025,y_H2O mole fraction
CO2_valtzetal2004_co2_045,CO2,318,0.465,total,,,,,,,,,,valtzetal2004_co2,Valtz et al. (2004),unstated,from_compilation,0.025,0.025,y_H2O mole fraction
CO2_valtzetal2004_co2_046,CO2,318,1.045,total,,,,,,,,,,valtzetal2004_co2,Valtz et al. (2004),unstated,from_compilation,0.0125,0.0125,y_H2O mole fraction
CO2_valtzetal2004_co2_047,CO2,318,1.863,total,,,,,,,,,,valtzetal2004_co2,Valtz et al. (2004),unstated,from_compilation,0.0065,0.0065,y_H2O mole fraction
CO2_valtzetal2004_co2_048,CO2,318,3.001,total,,,,,,,,,,valtzetal2004_co2,Valtz et al. (2004),unstated,from_compilation,0.0044,0.0044,y_H2O mole fraction
CO2_valtzetal2004_co2_049,CO2,318,3.977,total,,,,,,,,,,valtzetal2004_co2,Valtz et al. (2004),unstated,from_compilation,0.0038,0.0038,y_H2O mole fraction
CO2_valtzetal2004_co2_050,CO2,318,4.982,total,,,,,,,,,,valtzetal2004_co2,Valtz et al. (2004),unstated,from_compilation,0.0035,0.0035,y_H2O mole fraction
CO2_valtzetal2004_co2_051,CO2,318,5.992,total,,,,,,,,,,valtzetal2004_co2,Valtz et al. (2004),unstated,from_compilation,0.0033,0.0033,y_H2O mole fraction
CO2_valtzetal2004_co2_052,CO2,318,6.984,total,,,,,,,,,,valtzetal2004_co2,Valtz et al. (2004),unstated,from_compilation,0.0029,0.0029,y_H2O mole fraction
CO2_wiebegaddy1941_co2_001,CO2,298.15,0.101325,total,,,,,,,,,,wiebegaddy1941_co2,"Wiebe & Gaddy (1941?), possible duplicate",analytical_sampling,,0.0278197,0.023,"grams of H2O per liter of expanded gas at STP (vapor-phase composition, sheet footnote a) -- NOT CO2 solubility"
CO2_wiebegaddy1941_co2_002,CO2,304.19,0.101325,total,,,,,,,,,,wiebegaddy1941_co2,"Wiebe & Gaddy (1941?), possible duplicate",analytical_sampling,,0.0382889,0.032,"grams of H2O per liter of expanded gas at STP (vapor-phase composition, sheet footnote a) -- NOT CO2 solubility"
CO2_wiebegaddy1941_co2_003,CO2,323.15,0.101325,total,,,,,,,,,,wiebegaddy1941_co2,"Wiebe & Gaddy (1941?), possible duplicate",analytical_sampling,,0.103708,0.093,"grams of H2O per liter of expanded gas at STP (vapor-phase composition, sheet footnote a) -- NOT CO2 solubility"
CO2_wiebegaddy1941_co2_004,CO2,348.15,0.101325,total,,,,,,,,,,wiebegaddy1941_co2,"Wiebe & Gaddy (1941?), possible duplicate",analytical_sampling,,0.231412,0.242,"grams of H2O per liter of expanded gas at STP (vapor-phase composition, sheet footnote a) -- NOT CO2 solubility"
CO2_wiebegaddy1941_co2_005,CO2,298.15,2.53313,total,,,,,,,,,,wiebegaddy1941_co2,"Wiebe & Gaddy (1941?), possible duplicate",analytical_sampling,,0.0016396,0.00132,"grams of H2O per liter of expanded gas at STP (vapor-phase composition, sheet footnote a) -- NOT CO2 solubility"
CO2_wiebegaddy1941_co2_006,CO2,304.19,2.53313,total,,,,,,,,,,wiebegaddy1941_co2,"Wiebe & Gaddy (1941?), possible duplicate",analytical_sampling,,0.00227165,0.00183,"grams of H2O per liter of expanded gas at STP (vapor-phase composition, sheet footnote a) -- NOT CO2 solubility"
CO2_wiebegaddy1941_co2_007,CO2,323.15,2.53313,total,,,,,,,,,,wiebegaddy1941_co2,"Wiebe & Gaddy (1941?), possible duplicate",analytical_sampling,,0.00615779,0.00498,"grams of H2O per liter of expanded gas at STP (vapor-phase composition, sheet footnote a) -- NOT CO2 solubility"
CO2_wiebegaddy1941_co2_008,CO2,348.15,2.53313,total,,,,,,,,,,wiebegaddy1941_co2,"Wiebe & Gaddy (1941?), possible duplicate",analytical_sampling,,0.0105256,0.00855,"grams of H2O per liter of expanded gas at STP (vapor-phase composition, sheet footnote a) -- NOT CO2 solubility"
CO2_wiebegaddy1941_co2_009,CO2,298.15,5.06625,total,,,,,,,,,,wiebegaddy1941_co2,"Wiebe & Gaddy (1941?), possible duplicate",analytical_sampling,,0.00129226,0.00104,"grams of H2O per liter of expanded gas at STP (vapor-phase composition, sheet footnote a) -- NOT CO2 solubility"
CO2_wiebegaddy1941_co2_010,CO2,304.19,5.06625,total,,,,,,,,,,wiebegaddy1941_co2,"Wiebe & Gaddy (1941?), possible duplicate",analytical_sampling,,0.0016024,0.00129,"grams of H2O per liter of expanded gas at STP (vapor-phase composition, sheet footnote a) -- NOT CO2 solubility"
CO2_wiebegaddy1941_co2_011,CO2,323.15,5.06625,total,,,,,,,,,,wiebegaddy1941_co2,"Wiebe & Gaddy (1941?), possible duplicate",analytical_sampling,,0.0038174,0.00308,"grams of H2O per liter of expanded gas at STP (vapor-phase composition, sheet footnote a) -- NOT CO2 solubility"
CO2_wiebegaddy1941_co2_012,CO2,323.15,6.0795,total,,,,,,,,,,wiebegaddy1941_co2,"Wiebe & Gaddy (1941?), possible duplicate",analytical_sampling,,0.00355805,0.00287,"grams of H2O per liter of expanded gas at STP (vapor-phase composition, sheet footnote a) -- NOT CO2 solubility"
CO2_wiebegaddy1941_co2_013,CO2,323.15,7.59938,total,,,,,,,,,,wiebegaddy1941_co2,"Wiebe & Gaddy (1941?), possible duplicate",analytical_sampling,,0.00348392,0.00281,"grams of H2O per liter of expanded gas at STP (vapor-phase composition, sheet footnote a) -- NOT CO2 solubility"
CO2_wiebegaddy1941_co2_014,CO2,298.15,10.1325,total,,,,,,,,,,wiebegaddy1941_co2,"Wiebe & Gaddy (1941?), possible duplicate",analytical_sampling,,0.00331092,0.00267,"grams of H2O per liter of expanded gas at STP (vapor-phase composition, sheet footnote a) -- NOT CO2 solubility"
CO2_wiebegaddy1941_co2_015,CO2,304.19,10.1325,total,,,,,,,,,,wiebegaddy1941_co2,"Wiebe & Gaddy (1941?), possible duplicate",analytical_sampling,,0.00363216,0.00293,"grams of H2O per liter of expanded gas at STP (vapor-phase composition, sheet footnote a) -- NOT CO2 solubility"
CO2_wiebegaddy1941_co2_016,CO2,323.15,10.1325,total,,,,,,,,,,wiebegaddy1941_co2,"Wiebe & Gaddy (1941?), possible duplicate",analytical_sampling,,0.00447135,0.00361,"grams of H2O per liter of expanded gas at STP (vapor-phase composition, sheet footnote a) -- NOT CO2 solubility"
CO2_wiebegaddy1941_co2_017,CO2,348.15,10.1325,total,,,,,,,,,,wiebegaddy1941_co2,"Wiebe & Gaddy (1941?), possible duplicate",analytical_sampling,,0.00821804,0.00666,"grams of H2O per liter of expanded gas at STP (vapor-phase composition, sheet footnote a) -- NOT CO2 solubility"
CO2_wiebegaddy1941_co2_018,CO2,348.15,11.1457,total,,,,,,,,,,wiebegaddy1941_co2,"Wiebe & Gaddy (1941?), possible duplicate",analytical_sampling,,0.00804668,0.00652,"grams of H2O per liter of expanded gas at STP (vapor-phase composition, sheet footnote a) -- NOT CO2 solubility"
CO2_wiebegaddy1941_co2_019,CO2,348.15,12.6656,total,,,,,,,,,,wiebegaddy1941_co2,"Wiebe & Gaddy (1941?), possible duplicate",analytical_sampling,,0.00847497,0.00687,"grams of H2O per liter of expanded gas at STP (vapor-phase composition, sheet footnote a) -- NOT CO2 solubility"
CO2_wiebegaddy1941_co2_020,CO2,298.15,15.1988,total,,,,,,,,,,wiebegaddy1941_co2,"Wiebe & Gaddy (1941?), possible duplicate",analytical_sampling,,0.00358275,0.00289,"grams of H2O per liter of expanded gas at STP (vapor-phase composition, sheet footnote a) -- NOT CO2 solubility"
CO2_wiebegaddy1941_co2_021,CO2,323.15,15.1988,total,,,,,,,,,,wiebegaddy1941_co2,"Wiebe & Gaddy (1941?), possible duplicate",analytical_sampling,,0.00605947,0.00490,"grams of H2O per liter of expanded gas at STP (vapor-phase composition, sheet footnote a) -- NOT CO2 solubility"
CO2_wiebegaddy1941_co2_022,CO2,348.15,15.1988,total,,,,,,,,,,wiebegaddy1941_co2,"Wiebe & Gaddy (1941?), possible duplicate",analytical_sampling,,0.00946475,0.00768,"grams of H2O per liter of expanded gas at STP (vapor-phase composition, sheet footnote a) -- NOT CO2 solubility"
CO2_wiebegaddy1941_co2_023,CO2,298.15,20.265,total,,,,,,,,,,wiebegaddy1941_co2,"Wiebe & Gaddy (1941?), possible duplicate",analytical_sampling,,0.00375566,0.00303,"grams of H2O per liter of expanded gas at STP (vapor-phase composition, sheet footnote a) -- NOT CO2 solubility"
CO2_wiebegaddy1941_co2_024,CO2,304.19,20.265,total,,,,,,,,,,wiebegaddy1941_co2,"Wiebe & Gaddy (1941?), possible duplicate",analytical_sampling,,0.00418767,0.00338,"grams of H2O per liter of expanded gas at STP (vapor-phase composition, sheet footnote a) -- NOT CO2 solubility"
CO2_wiebegaddy1941_co2_025,CO2,323.15,20.265,total,,,,,,,,,,wiebegaddy1941_co2,"Wiebe & Gaddy (1941?), possible duplicate",analytical_sampling,,0.00672275,0.00544,"grams of H2O per liter of expanded gas at STP (vapor-phase composition, sheet footnote a) -- NOT CO2 solubility"
CO2_wiebegaddy1941_co2_026,CO2,348.15,20.265,total,,,,,,,,,,wiebegaddy1941_co2,"Wiebe & Gaddy (1941?), possible duplicate",analytical_sampling,,0.0111951,0.00910,"grams of H2O per liter of expanded gas at STP (vapor-phase composition, sheet footnote a) -- NOT CO2 solubility"
CO2_wiebegaddy1941_co2_027,CO2,304.19,40.53,total,,,,,,,,,,wiebegaddy1941_co2,"Wiebe & Gaddy (1941?), possible duplicate",analytical_sampling,,0.00474255,0.00383,"grams of H2O per liter of expanded gas at STP (vapor-phase composition, sheet footnote a) -- NOT CO2 solubility"
CO2_wiebegaddy1941_co2_028,CO2,323.15,40.53,total,,,,,,,,,,wiebegaddy1941_co2,"Wiebe & Gaddy (1941?), possible duplicate",analytical_sampling,,0.00753224,0.00610,"grams of H2O per liter of expanded gas at STP (vapor-phase composition, sheet footnote a) -- NOT CO2 solubility"
CO2_wiebegaddy1941_co2_029,CO2,348.15,40.53,total,,,,,,,,,,wiebegaddy1941_co2,"Wiebe & Gaddy (1941?), possible duplicate",analytical_sampling,,0.0130165,0.01060,"grams of H2O per liter of expanded gas at STP (vapor-phase composition, sheet footnote a) -- NOT CO2 solubility"
CO2_wiebegaddy1941_co2_030,CO2,298.15,45.5962,total,,,,,,,,,,wiebegaddy1941_co2,"Wiebe & Gaddy (1941?), possible duplicate",analytical_sampling,,0.00399022,0.00322,"grams of H2O per liter of expanded gas at STP (vapor-phase composition, sheet footnote a) -- NOT CO2 solubility"
CO2_wiebegaddy1941_co2_031,CO2,298.15,48.1294,total,,,,,,,,,,wiebegaddy1941_co2,"Wiebe & Gaddy (1941?), possible duplicate",analytical_sampling,,0.00397788,0.00321,"grams of H2O per liter of expanded gas at STP (vapor-phase composition, sheet footnote a) -- NOT CO2 solubility"
CO2_wiebegaddy1941_co2_032,CO2,298.15,50.6625,total,,,,,,,,,,wiebegaddy1941_co2,"Wiebe & Gaddy (1941?), possible duplicate",analytical_sampling,,0.0039532,0.00319,"grams of H2O per liter of expanded gas at STP (vapor-phase composition, sheet footnote a) -- NOT CO2 solubility"
CO2_wiebegaddy1941_co2_033,CO2,304.19,50.6625,total,,,,,,,,,,wiebegaddy1941_co2,"Wiebe & Gaddy (1941?), possible duplicate",analytical_sampling,,0.00477952,0.00386,"grams of H2O per liter of expanded gas at STP (vapor-phase composition, sheet footnote a) -- NOT CO2 solubility"
CO2_wiebegaddy1941_co2_034,CO2,304.19,53.1956,total,,,,,,,,,,wiebegaddy1941_co2,"Wiebe & Gaddy (1941?), possible duplicate",analytical_sampling,,0.00473023,0.00382,"grams of H2O per liter of expanded gas at STP (vapor-phase composition, sheet footnote a) -- NOT CO2 solubility"
CO2_wiebegaddy1941_co2_035,CO2,304.19,55.7287,total,,,,,,,,,,wiebegaddy1941_co2,"Wiebe & Gaddy (1941?), possible duplicate",analytical_sampling,,0.00475488,0.00384,"grams of H2O per liter of expanded gas at STP (vapor-phase composition, sheet footnote a) -- NOT CO2 solubility"
CO2_wiebegaddy1941_co2_036,CO2,323.15,60.795,total,,,,,,,,,,wiebegaddy1941_co2,"Wiebe & Gaddy (1941?), possible duplicate",analytical_sampling,,0.00786301,0.00637,"grams of H2O per liter of expanded gas at STP (vapor-phase composition, sheet footnote a) -- NOT CO2 solubility"
CO2_wiebegaddy1941_co2_037,CO2,348.15,60.795,total,,,,,,,,,,wiebegaddy1941_co2,"Wiebe & Gaddy (1941?), possible duplicate",analytical_sampling,,0.0137431,0.01120,"grams of H2O per liter of expanded gas at STP (vapor-phase composition, sheet footnote a) -- NOT CO2 solubility"
CO2_wiebegaddy1941_co2_038,CO2,323.15,70.9275,total,,,,,,,,,,wiebegaddy1941_co2,"Wiebe & Gaddy (1941?), possible duplicate",analytical_sampling,,0.00672275,0.00544,"grams of H2O per liter of expanded gas at STP (vapor-phase composition, sheet footnote a) -- NOT CO2 solubility"
CO2_wiebegaddy1941_co2_039,CO2,348.15,70.9275,total,,,,,,,,,,wiebegaddy1941_co2,"Wiebe & Gaddy (1941?), possible duplicate",analytical_sampling,,0.0138036,0.01125,"grams of H2O per liter of expanded gas at STP (vapor-phase composition, sheet footnote a) -- NOT CO2 solubility"
H2_bartlett1927_h2_001,H2,323.15,0.0123513,total,,,,,,,,,,bartlett1927_h2,Bartlett (1927),gravimetric,,,82.94,"mg H2O per liter H2 (actual volume basis), Table II"
H2_bartlett1927_h2_002,H2,323.15,10.1325,total,,,,,,,,,,bartlett1927_h2,Bartlett (1927),gravimetric,,0.00138495,89.1,"mg H2O per liter H2 (actual volume basis), Table II"
H2_bartlett1927_h2_003,H2,323.15,20.265,total,,,,,,,,,,bartlett1927_h2,Bartlett (1927),gravimetric,,0.000784465,95.5,"mg H2O per liter H2 (actual volume basis), Table II"
H2_bartlett1927_h2_004,H2,323.15,40.53,total,,,,,,,,,,bartlett1927_h2,Bartlett (1927),gravimetric,,0.000464029,101.8,"mg H2O per liter H2 (actual volume basis), Table II"
H2_bartlett1927_h2_005,H2,323.15,60.795,total,,,,,,,,,,bartlett1927_h2,Bartlett (1927),gravimetric,,0.000360808,108.0,"mg H2O per liter H2 (actual volume basis), Table II"
H2_bartlett1927_h2_006,H2,323.15,101.325,total,,,,,,,,,,bartlett1927_h2,Bartlett (1927),gravimetric,,0.000280188,118.7,"mg H2O per liter H2 (actual volume basis), Table II"
H2_gillespiewilson1980_h2_019,H2,310.928,0.344738,total,,,,,,,,,,gillespiewilson1980_h2,"Gillespie & Wilson (1980), GPA RR-41",analytical_sampling,,0.01962,1.962,"mole percent H2O in H2 (vapor phase) VAPOR-PHASE -- feeds y_w validation, not gas solubility"
H2_gillespiewilson1980_h2_020,H2,310.928,1.37895,total,,,,,,,,,,gillespiewilson1980_h2,"Gillespie & Wilson (1980), GPA RR-41",analytical_sampling,,0.00488,0.488,"mole percent H2O in H2 (vapor phase) VAPOR-PHASE -- feeds y_w validation, not gas solubility"
H2_gillespiewilson1980_h2_021,H2,310.928,3.10264,total,,,,,,,,,,gillespiewilson1980_h2,"Gillespie & Wilson (1980), GPA RR-41",analytical_sampling,,0.00222,0.222,"mole percent H2O in H2 (vapor phase) VAPOR-PHASE -- feeds y_w validation, not gas solubility"
H2_gillespiewilson1980_h2_022,H2,310.928,6.55002,total,,,,,,,,,,gillespiewilson1980_h2,"Gillespie & Wilson (1980), GPA RR-41",analytical_sampling,,0.00116,0.116,"mole percent H2O in H2 (vapor phase) VAPOR-PHASE -- feeds y_w validation, not gas solubility"
H2_gillespiewilson1980_h2_023,H2,310.928,10.3421,total,,,,,,,,,,gillespiewilson1980_h2,"Gillespie & Wilson (1980), GPA RR-41",analytical_sampling,,,(0.076),"mole percent H2O in H2 (vapor phase) VAPOR-PHASE -- feeds y_w validation, not gas solubility"
H2_gillespiewilson1980_h2_024,H2,310.928,13.7895,total,,,,,,,,,,gillespiewilson1980_h2,"Gillespie & Wilson (1980), GPA RR-41",analytical_sampling,,0.0006,0.060,"mole percent H2O in H2 (vapor phase) VAPOR-PHASE -- feeds y_w validation, not gas solubility"
H2_gillespiewilson1980_h2_025,H2,366.483,0.344738,total,,,,,,,,,,gillespiewilson1980_h2,"Gillespie & Wilson (1980), GPA RR-41",analytical_sampling,,0.2469,24.69,"mole percent H2O in H2 (vapor phase) VAPOR-PHASE -- feeds y_w validation, not gas solubility"
H2_gillespiewilson1980_h2_026,H2,366.483,1.37895,total,,,,,,,,,,gillespiewilson1980_h2,"Gillespie & Wilson (1980), GPA RR-41",analytical_sampling,,0.0586,5.86,"mole percent H2O in H2 (vapor phase) VAPOR-PHASE -- feeds y_w validation, not gas solubility"
H2_gillespiewilson1980_h2_027,H2,366.483,3.10264,total,,,,,,,,,,gillespiewilson1980_h2,"Gillespie & Wilson (1980), GPA RR-41",analytical_sampling,,0.0264,2.64,"mole percent H2O in H2 (vapor phase) VAPOR-PHASE -- feeds y_w validation, not gas solubility"
H2_gillespiewilson1980_h2_028,H2,366.483,6.55002,total,,,,,,,,,,gillespiewilson1980_h2,"Gillespie & Wilson (1980), GPA RR-41",analytical_sampling,,0.0132,1.32,"mole percent H2O in H2 (vapor phase) VAPOR-PHASE -- feeds y_w validation, not gas solubility"
H2_gillespiewilson1980_h2_029,H2,366.483,13.7895,total,,,,,,,,,,gillespiewilson1980_h2,"Gillespie & Wilson (1980), GPA RR-41",analytical_sampling,,0.00668,0.668,"mole percent H2O in H2 (vapor phase) VAPOR-PHASE -- feeds y_w validation, not gas solubility"
H2_gillespiewilson1980_h2_030,H2,422.039,3.10264,total,,,,,,,,,,gillespiewilson1980_h2,"Gillespie & Wilson (1980), GPA RR-41",analytical_sampling,,0.1566,15.66,"mole percent H2O in H2 (vapor phase) VAPOR-PHASE -- feeds y_w validation, not gas solubility"
H2_gillespiewilson1980_h2_031,H2,422.039,6.55002,total,,,,,,,,,,gillespiewilson1980_h2,"Gillespie & Wilson (1980), GPA RR-41",analytical_sampling,,0.0753,7.53,"mole percent H2O in H2 (vapor phase) VAPOR-PHASE -- feeds y_w validation, not gas solubility"
H2_gillespiewilson1980_h2_032,H2,422.039,10.3421,total,,,,,,,,,,gillespiewilson1980_h2,"Gillespie & Wilson (1980), GPA RR-41",analytical_sampling,,0.0513,5.13,"mole percent H2O in H2 (vapor phase) VAPOR-PHASE -- feeds y_w validation, not gas solubility"
H2_gillespiewilson1980_h2_033,H2,477.594,3.10264,total,,,,,,,,,,gillespiewilson1980_h2,"Gillespie & Wilson (1980), GPA RR-41",analytical_sampling,,0.5549,55.49,"mole percent H2O in H2 (vapor phase) VAPOR-PHASE -- feeds y_w validation, not gas solubility"
H2_gillespiewilson1980_h2_034,H2,477.594,6.55002,total,,,,,,,,,,gillespiewilson1980_h2,"Gillespie & Wilson (1980), GPA RR-41",analytical_sampling,,0.2848,28.48,"mole percent H2O in H2 (vapor phase) VAPOR-PHASE -- feeds y_w validation, not gas solubility"
H2_gillespiewilson1980_h2_035,H2,477.594,10.3421,total,,,,,,,,,,gillespiewilson1980_h2,"Gillespie & Wilson (1980), GPA RR-41",analytical_sampling,,0.1878,18.78,"mole percent H2O in H2 (vapor phase) VAPOR-PHASE -- feeds y_w validation, not gas solubility"
H2_gillespiewilson1980_h2_036,H2,588.706,13.7895,total,,,,,,,,,,gillespiewilson1980_h2,"Gillespie & Wilson (1980), GPA RR-41",analytical_sampling,,0.8096,80.96,"mole percent H2O in H2 (vapor phase) VAPOR-PHASE -- feeds y_w validation, not gas solubility"
H2_suciuzosssibbittcompiledpurduetheses19511952_h2_053,H2,297.6,6.895,total,,,,,,,,,,suciuzosssibbittcompiledpurduetheses19511952_h2,Suciu/Zoss/Sibbitt compilation (1951-1952),unstated,from_compilation,,0.050,Vapor Composition c_H2O (mol dm-3) VAPOR-PHASE
H2_suciuzosssibbittcompiledpurduetheses19511952_h2_054,H2,298.15,6.895,total,,,,,,,,,,suciuzosssibbittcompiledpurduetheses19511952_h2,Suciu/Zoss/Sibbitt compilation (1951-1952),unstated,from_compilation,,0.009,Vapor Composition c_H2O (mol dm-3) VAPOR-PHASE
H2_suciuzosssibbittcompiledpurduetheses19511952_h2_055,H2,298.7,6.895,total,,,,,,,,,,suciuzosssibbittcompiledpurduetheses19511952_h2,Suciu/Zoss/Sibbitt compilation (1951-1952),unstated,from_compilation,,0.018,Vapor Composition c_H2O (mol dm-3) VAPOR-PHASE
H2_suciuzosssibbittcompiledpurduetheses19511952_h2_056,H2,298.7,6.895,total,,,,,,,,,,suciuzosssibbittcompiledpurduetheses19511952_h2,Suciu/Zoss/Sibbitt compilation (1951-1952),unstated,from_compilation;suspect_value,0.0067,0.0067,"Vapor Composition, mole fraction x_H2O VAPOR-PHASE"
H2_suciuzosssibbittcompiledpurduetheses19511952_h2_057,H2,334.8,6.895,total,,,,,,,,,,suciuzosssibbittcompiledpurduetheses19511952_h2,Suciu/Zoss/Sibbitt compilation (1951-1952),unstated,from_compilation,,0.037,Vapor Composition c_H2O (mol dm-3) VAPOR-PHASE
H2_suciuzosssibbittcompiledpurduetheses19511952_h2_058,H2,335.9,6.895,total,,,,,,,,,,suciuzosssibbittcompiledpurduetheses19511952_h2,Suciu/Zoss/Sibbitt compilation (1951-1952),unstated,from_compilation;suspect_value,0.0145,0.0145,"Vapor Composition, mole fraction x_H2O VAPOR-PHASE"
H2_suciuzosssibbittcompiledpurduetheses19511952_h2_059,H2,341.5,6.895,total,,,,,,,,,,suciuzosssibbittcompiledpurduetheses19511952_h2,Suciu/Zoss/Sibbitt compilation (1951-1952),unstated,from_compilation,,0.037,Vapor Composition c_H2O (mol dm-3) VAPOR-PHASE
H2_suciuzosssibbittcompiledpurduetheses19511952_h2_060,H2,341.5,6.895,total,,,,,,,,,,suciuzosssibbittcompiledpurduetheses19511952_h2,Suciu/Zoss/Sibbitt compilation (1951-1952),unstated,from_compilation;suspect_value,0.0134,0.0134,"Vapor Composition, mole fraction x_H2O VAPOR-PHASE"
H2_suciuzosssibbittcompiledpurduetheses19511952_h2_061,H2,362,6.895,total,,,,,,,,,,suciuzosssibbittcompiledpurduetheses19511952_h2,Suciu/Zoss/Sibbitt compilation (1951-1952),unstated,from_compilation;suspect_value,0.022,0.022,"Vapor Composition, mole fraction x_H2O VAPOR-PHASE"
H2_suciuzosssibbittcompiledpurduetheses19511952_h2_062,H2,391.5,6.895,total,,,,,,,,,,suciuzosssibbittcompiledpurduetheses19511952_h2,Suciu/Zoss/Sibbitt compilation (1951-1952),unstated,from_compilation,,0.087,Vapor Composition c_H2O (mol dm-3) VAPOR-PHASE
H2_suciuzosssibbittcompiledpurduetheses19511952_h2_063,H2,392,6.895,total,,,,,,,,,,suciuzosssibbittcompiledpurduetheses19511952_h2,Suciu/Zoss/Sibbitt compilation (1951-1952),unstated,from_compilation,0.031,0.031,"Vapor Composition, mole fraction x_H2O VAPOR-PHASE"
H2_suciuzosssibbittcompiledpurduetheses19511952_h2_064,H2,420.9,6.895,total,,,,,,,,,,suciuzosssibbittcompiledpurduetheses19511952_h2,Suciu/Zoss/Sibbitt compilation (1951-1952),unstated,from_compilation,0.067,0.067,"Vapor Composition, mole fraction x_H2O VAPOR-PHASE"
H2_suciuzosssibbittcompiledpurduetheses19511952_h2_065,H2,423.15,6.895,total,,,,,,,,,,suciuzosssibbittcompiledpurduetheses19511952_h2,Suciu/Zoss/Sibbitt compilation (1951-1952),unstated,from_compilation,,0.170,Vapor Composition c_H2O (mol dm-3) VAPOR-PHASE
H2_suciuzosssibbittcompiledpurduetheses19511952_h2_066,H2,452.6,6.895,total,,,,,,,,,,suciuzosssibbittcompiledpurduetheses19511952_h2,Suciu/Zoss/Sibbitt compilation (1951-1952),unstated,from_compilation,,0.309,Vapor Composition c_H2O (mol dm-3) VAPOR-PHASE
H2_suciuzosssibbittcompiledpurduetheses19511952_h2_067,H2,454.8,6.895,total,,,,,,,,,,suciuzosssibbittcompiledpurduetheses19511952_h2,Suciu/Zoss/Sibbitt compilation (1951-1952),unstated,from_compilation,0.15,0.150,"Vapor Composition, mole fraction x_H2O VAPOR-PHASE"
H2_suciuzosssibbittcompiledpurduetheses19511952_h2_068,H2,477.6,6.895,total,,,,,,,,,,suciuzosssibbittcompiledpurduetheses19511952_h2,Suciu/Zoss/Sibbitt compilation (1951-1952),unstated,from_compilation,0.263,0.263,"Vapor Composition, mole fraction x_H2O VAPOR-PHASE"
H2_suciuzosssibbittcompiledpurduetheses19511952_h2_069,H2,508.15,6.895,total,,,,,,,,,,suciuzosssibbittcompiledpurduetheses19511952_h2,Suciu/Zoss/Sibbitt compilation (1951-1952),unstated,from_compilation,,0.900,Vapor Composition c_H2O (mol dm-3) VAPOR-PHASE
H2_suciuzosssibbittcompiledpurduetheses19511952_h2_070,H2,508.15,6.895,total,,,,,,,,,,suciuzosssibbittcompiledpurduetheses19511952_h2,Suciu/Zoss/Sibbitt compilation (1951-1952),unstated,from_compilation,0.489,0.489,"Vapor Composition, mole fraction x_H2O VAPOR-PHASE"
H2_suciuzosssibbittcompiledpurduetheses19511952_h2_071,H2,533.15,6.895,total,,,,,,,,,,suciuzosssibbittcompiledpurduetheses19511952_h2,Suciu/Zoss/Sibbitt compilation (1951-1952),unstated,from_compilation,0.661,0.661,"Vapor Composition, mole fraction x_H2O VAPOR-PHASE"
H2_suciuzosssibbittcompiledpurduetheses19511952_h2_072,H2,542.6,6.895,total,,,,,,,,,,suciuzosssibbittcompiledpurduetheses19511952_h2,Suciu/Zoss/Sibbitt compilation (1951-1952),unstated,from_compilation,0.75,0.750,"Vapor Composition, mole fraction x_H2O VAPOR-PHASE"
H2_suciuzosssibbittcompiledpurduetheses19511952_h2_073,H2,544.3,6.895,total,,,,,,,,,,suciuzosssibbittcompiledpurduetheses19511952_h2,Suciu/Zoss/Sibbitt compilation (1951-1952),unstated,from_compilation,,1.787,Vapor Composition c_H2O (mol dm-3) VAPOR-PHASE
H2_suciuzosssibbittcompiledpurduetheses19511952_h2_074,H2,366.5,13.79,total,,,,,,,,,,suciuzosssibbittcompiledpurduetheses19511952_h2,Suciu/Zoss/Sibbitt compilation (1951-1952),unstated,from_compilation,,0.049,Vapor Composition c_H2O (mol dm-3) VAPOR-PHASE
H2_suciuzosssibbittcompiledpurduetheses19511952_h2_075,H2,367.6,13.79,total,,,,,,,,,,suciuzosssibbittcompiledpurduetheses19511952_h2,Suciu/Zoss/Sibbitt compilation (1951-1952),unstated,from_compilation,0.0065,0.0065,"Vapor Composition, mole fraction x_H2O VAPOR-PHASE"
H2_suciuzosssibbittcompiledpurduetheses19511952_h2_076,H2,396.5,13.79,total,,,,,,,,,,suciuzosssibbittcompiledpurduetheses19511952_h2,Suciu/Zoss/Sibbitt compilation (1951-1952),unstated,from_compilation,0.0189,0.0189,"Vapor Composition, mole fraction x_H2O VAPOR-PHASE"
H2_suciuzosssibbittcompiledpurduetheses19511952_h2_077,H2,422,13.79,total,,,,,,,,,,suciuzosssibbittcompiledpurduetheses19511952_h2,Suciu/Zoss/Sibbitt compilation (1951-1952),unstated,from_compilation,0.04,0.040,"Vapor Composition, mole fraction x_H2O VAPOR-PHASE"
H2_suciuzosssibbittcompiledpurduetheses19511952_h2_078,H2,423.15,13.79,total,,,,,,,,,,suciuzosssibbittcompiledpurduetheses19511952_h2,Suciu/Zoss/Sibbitt compilation (1951-1952),unstated,from_compilation,,0.170,Vapor Composition c_H2O (mol dm-3) VAPOR-PHASE
H2_suciuzosssibbittcompiledpurduetheses19511952_h2_079,H2,477.6,13.79,total,,,,,,,,,,suciuzosssibbittcompiledpurduetheses19511952_h2,Suciu/Zoss/Sibbitt compilation (1951-1952),unstated,from_compilation,,0.510,Vapor Composition c_H2O (mol dm-3) VAPOR-PHASE
H2_suciuzosssibbittcompiledpurduetheses19511952_h2_080,H2,478.15,13.79,total,,,,,,,,,,suciuzosssibbittcompiledpurduetheses19511952_h2,Suciu/Zoss/Sibbitt compilation (1951-1952),unstated,from_compilation,0.131,0.131,"Vapor Composition, mole fraction x_H2O VAPOR-PHASE"
H2_suciuzosssibbittcompiledpurduetheses19511952_h2_081,H2,478.7,13.79,total,,,,,,,,,,suciuzosssibbittcompiledpurduetheses19511952_h2,Suciu/Zoss/Sibbitt compilation (1951-1952),unstated,from_compilation,0.144,0.144,"Vapor Composition, mole fraction x_H2O VAPOR-PHASE"
H2_suciuzosssibbittcompiledpurduetheses19511952_h2_082,H2,523.7,13.79,total,,,,,,,,,,suciuzosssibbittcompiledpurduetheses19511952_h2,Suciu/Zoss/Sibbitt compilation (1951-1952),unstated,from_compilation,,1.049,Vapor Composition c_H2O (mol dm-3) VAPOR-PHASE
H2_suciuzosssibbittcompiledpurduetheses19511952_h2_083,H2,525.9,13.79,total,,,,,,,,,,suciuzosssibbittcompiledpurduetheses19511952_h2,Suciu/Zoss/Sibbitt compilation (1951-1952),unstated,from_compilation,0.295,0.295,"Vapor Composition, mole fraction x_H2O VAPOR-PHASE"
H2_suciuzosssibbittcompiledpurduetheses19511952_h2_084,H2,533.15,13.79,total,,,,,,,,,,suciuzosssibbittcompiledpurduetheses19511952_h2,Suciu/Zoss/Sibbitt compilation (1951-1952),unstated,from_compilation,,1.200,Vapor Composition c_H2O (mol dm-3) VAPOR-PHASE
H2_suciuzosssibbittcompiledpurduetheses19511952_h2_085,H2,533.15,13.79,total,,,,,,,,,,suciuzosssibbittcompiledpurduetheses19511952_h2,Suciu/Zoss/Sibbitt compilation (1951-1952),unstated,from_compilation,0.345,0.345,"Vapor Composition, mole fraction x_H2O VAPOR-PHASE"
H2_suciuzosssibbittcompiledpurduetheses19511952_h2_086,H2,570.4,13.79,total,,,,,,,,,,suciuzosssibbittcompiledpurduetheses19511952_h2,Suciu/Zoss/Sibbitt compilation (1951-1952),unstated,from_compilation,,1.825,Vapor Composition c_H2O (mol dm-3) VAPOR-PHASE
H2_suciuzosssibbittcompiledpurduetheses19511952_h2_087,H2,570.4,13.79,total,,,,,,,,,,suciuzosssibbittcompiledpurduetheses19511952_h2,Suciu/Zoss/Sibbitt compilation (1951-1952),unstated,from_compilation,0.535,0.535,"Vapor Composition, mole fraction x_H2O VAPOR-PHASE"
H2_suciuzosssibbittcompiledpurduetheses19511952_h2_088,H2,574.8,13.79,total,,,,,,,,,,suciuzosssibbittcompiledpurduetheses19511952_h2,Suciu/Zoss/Sibbitt compilation (1951-1952),unstated,from_compilation,,2.612,Vapor Composition c_H2O (mol dm-3) VAPOR-PHASE
H2_suciuzosssibbittcompiledpurduetheses19511952_h2_089,H2,575.9,13.79,total,,,,,,,,,,suciuzosssibbittcompiledpurduetheses19511952_h2,Suciu/Zoss/Sibbitt compilation (1951-1952),unstated,from_compilation,0.695,0.695,"Vapor Composition, mole fraction x_H2O VAPOR-PHASE"
H2_suciuzosssibbittcompiledpurduetheses19511952_h2_090,H2,599.8,13.79,total,,,,,,,,,,suciuzosssibbittcompiledpurduetheses19511952_h2,Suciu/Zoss/Sibbitt compilation (1951-1952),unstated,from_compilation,0.782,0.782,"Vapor Composition, mole fraction x_H2O VAPOR-PHASE"
H2_suciuzosssibbittcompiledpurduetheses19511952_h2_091,H2,600.9,13.79,total,,,,,,,,,,suciuzosssibbittcompiledpurduetheses19511952_h2,Suciu/Zoss/Sibbitt compilation (1951-1952),unstated,from_compilation,,2.750,Vapor Composition c_H2O (mol dm-3) VAPOR-PHASE
H2_suciuzosssibbittcompiledpurduetheses19511952_h2_092,H2,609.3,13.79,total,,,,,,,,,,suciuzosssibbittcompiledpurduetheses19511952_h2,Suciu/Zoss/Sibbitt compilation (1951-1952),unstated,from_compilation,,4.725,Vapor Composition c_H2O (mol dm-3) VAPOR-PHASE
H2_suciuzosssibbittcompiledpurduetheses19511952_h2_093,H2,444.3,20.68,total,,,,,,,,,,suciuzosssibbittcompiledpurduetheses19511952_h2,Suciu/Zoss/Sibbitt compilation (1951-1952),unstated,from_compilation,,0.257,Vapor Composition c_H2O (mol dm-3) VAPOR-PHASE
H2_suciuzosssibbittcompiledpurduetheses19511952_h2_094,H2,444.3,20.68,total,,,,,,,,,,suciuzosssibbittcompiledpurduetheses19511952_h2,Suciu/Zoss/Sibbitt compilation (1951-1952),unstated,from_compilation,0.035,0.035,"Vapor Composition, mole fraction x_H2O VAPOR-PHASE"
H2_suciuzosssibbittcompiledpurduetheses19511952_h2_095,H2,480.4,20.68,total,,,,,,,,,,suciuzosssibbittcompiledpurduetheses19511952_h2,Suciu/Zoss/Sibbitt compilation (1951-1952),unstated,from_compilation,,0.407,Vapor Composition c_H2O (mol dm-3) VAPOR-PHASE
H2_suciuzosssibbittcompiledpurduetheses19511952_h2_096,H2,480.4,20.68,total,,,,,,,,,,suciuzosssibbittcompiledpurduetheses19511952_h2,Suciu/Zoss/Sibbitt compilation (1951-1952),unstated,from_compilation,0.101,0.101,"Vapor Composition, mole fraction x_H2O VAPOR-PHASE"
H2_suciuzosssibbittcompiledpurduetheses19511952_h2_097,H2,538.7,20.68,total,,,,,,,,,,suciuzosssibbittcompiledpurduetheses19511952_h2,Suciu/Zoss/Sibbitt compilation (1951-1952),unstated,from_compilation,,1.341,Vapor Composition c_H2O (mol dm-3) VAPOR-PHASE
H2_suciuzosssibbittcompiledpurduetheses19511952_h2_098,H2,538.7,20.68,total,,,,,,,,,,suciuzosssibbittcompiledpurduetheses19511952_h2,Suciu/Zoss/Sibbitt compilation (1951-1952),unstated,from_compilation,0.175,0.175,"Vapor Composition, mole fraction x_H2O VAPOR-PHASE"
H2_suciuzosssibbittcompiledpurduetheses19511952_h2_099,H2,574.8,20.68,total,,,,,,,,,,suciuzosssibbittcompiledpurduetheses19511952_h2,Suciu/Zoss/Sibbitt compilation (1951-1952),unstated,from_compilation,,1.655,Vapor Composition c_H2O (mol dm-3) VAPOR-PHASE
H2_suciuzosssibbittcompiledpurduetheses19511952_h2_100,H2,574.8,20.68,total,,,,,,,,,,suciuzosssibbittcompiledpurduetheses19511952_h2,Suciu/Zoss/Sibbitt compilation (1951-1952),unstated,from_compilation,0.218,0.218,"Vapor Composition, mole fraction x_H2O VAPOR-PHASE"
H2_suciuzosssibbittcompiledpurduetheses19511952_h2_101,H2,606.5,20.68,total,,,,,,,,,,suciuzosssibbittcompiledpurduetheses19511952_h2,Suciu/Zoss/Sibbitt compilation (1951-1952),unstated,from_compilation,,2.400,Vapor Composition c_H2O (mol dm-3) VAPOR-PHASE
H2_suciuzosssibbittcompiledpurduetheses19511952_h2_102,H2,606.5,20.68,total,,,,,,,,,,suciuzosssibbittcompiledpurduetheses19511952_h2,Suciu/Zoss/Sibbitt compilation (1951-1952),unstated,from_compilation,0.266,0.266,"Vapor Composition, mole fraction x_H2O VAPOR-PHASE"
H2_torres2026_h2_001,H2,273.15,0.88,total,,,,,,,,,,torres2026_h2,Torres et al. (2026),other,from_compilation,0.0007459,0.0007459,y_H2O mole fraction
H2_torres2026_h2_002,H2,273.15,4.74,total,,,,,,,,,,torres2026_h2,Torres et al. (2026),other,from_compilation,0.0001432,0.0001432,y_H2O mole fraction
H2_torres2026_h2_003,H2,273.15,9.7,total,,,,,,,,,,torres2026_h2,Torres et al. (2026),other,from_compilation,7.63e-05,7.63e-05,y_H2O mole fraction
H2_torres2026_h2_004,H2,273.15,15.23,total,,,,,,,,,,torres2026_h2,Torres et al. (2026),other,from_compilation,5.28e-05,5.28e-05,y_H2O mole fraction
H2_torres2026_h2_005,H2,273.15,24.95,total,,,,,,,,,,torres2026_h2,Torres et al. (2026),other,from_compilation,3.83e-05,3.83e-05,y_H2O mole fraction
H2_torres2026_h2_006,H2,283.15,5.52,total,,,,,,,,,,torres2026_h2,Torres et al. (2026),other,from_compilation,0.000262,0.000262,y_H2O mole fraction
H2_torres2026_h2_007,H2,283.15,12.41,total,,,,,,,,,,torres2026_h2,Torres et al. (2026),other,from_compilation,0.0001343,0.0001343,y_H2O mole fraction
H2_torres2026_h2_008,H2,283.15,15.86,total,,,,,,,,,,torres2026_h2,Torres et al. (2026),other,from_compilation,0.0001107,0.0001107,y_H2O mole fraction
H2_torres2026_h2_009,H2,283.15,24.83,total,,,,,,,,,,torres2026_h2,Torres et al. (2026),other,from_compilation,8.89e-05,8.89e-05,y_H2O mole fraction
H2S_chapoy2005_h2s_032,H2S,298.16,0.503,total,none,0,,0.000000,0.000000,0.000000,0.000000,0.000000,0.000000,chapoy2005_h2s,"Chapoy, Mohammadi & Tohidi (2005)",chromatography,,,6.53,"yH2O,exp x10^3 (CORRECTED per erratum from mis-printed x10^2; vapor-phase water mole fraction, Table 9)"
H2S_chapoy2005_h2s_033,H2S,298.16,0.69,total,none,0,,0.000000,0.000000,0.000000,0.000000,0.000000,0.000000,chapoy2005_h2s,"Chapoy, Mohammadi & Tohidi (2005)",chromatography,,,4.70,"yH2O,exp x10^3 (CORRECTED per erratum from mis-printed x10^2; vapor-phase water mole fraction, Table 9)"
H2S_chapoy2005_h2s_034,H2S,308.2,0.503,total,none,0,,0.000000,0.000000,0.000000,0.000000,0.000000,0.000000,chapoy2005_h2s,"Chapoy, Mohammadi & Tohidi (2005)",chromatography,,,10.46,"yH2O,exp x10^3 (CORRECTED per erratum from mis-printed x10^2; vapor-phase water mole fraction, Table 9)"
H2S_chapoy2005_h2s_035,H2S,308.2,0.762,total,none,0,,0.000000,0.000000,0.000000,0.000000,0.000000,0.000000,chapoy2005_h2s,"Chapoy, Mohammadi & Tohidi (2005)",chromatography,,,7.19,"yH2O,exp x10^3 (CORRECTED per erratum from mis-printed x10^2; vapor-phase water mole fraction, Table 9)"
H2S_chapoy2005_h2s_036,H2S,308.2,0.967,total,none,0,,0.000000,0.000000,0.000000,0.000000,0.000000,0.000000,chapoy2005_h2s,"Chapoy, Mohammadi & Tohidi (2005)",chromatography,,,5.77,"yH2O,exp x10^3 (CORRECTED per erratum from mis-printed x10^2; vapor-phase water mole fraction, Table 9)"
H2S_chapoy2005_h2s_037,H2S,308.2,1.401,total,none,0,,0.000000,0.000000,0.000000,0.000000,0.000000,0.000000,chapoy2005_h2s,"Chapoy, Mohammadi & Tohidi (2005)",chromatography,,,4.38,"yH2O,exp x10^3 (CORRECTED per erratum from mis-printed x10^2; vapor-phase water mole fraction, Table 9)"
H2S_chapoy2005_h2s_038,H2S,308.2,1.803,total,none,0,,0.000000,0.000000,0.000000,0.000000,0.000000,0.000000,chapoy2005_h2s,"Chapoy, Mohammadi & Tohidi (2005)",chromatography,,,3.64,"yH2O,exp x10^3 (CORRECTED per erratum from mis-printed x10^2; vapor-phase water mole fraction, Table 9)"
H2S_chapoy2005_h2s_039,H2S,308.2,2.249,total,none,0,,0.000000,0.000000,0.000000,0.000000,0.000000,0.000000,chapoy2005_h2s,"Chapoy, Mohammadi & Tohidi (2005)",chromatography,,,3.20,"yH2O,exp x10^3 (CORRECTED per erratum from mis-printed x10^2; vapor-phase water mole fraction, Table 9)"
H2S_chapoy2005_h2s_040,H2S,318.21,0.518,total,none,0,,0.000000,0.000000,0.000000,0.000000,0.000000,0.000000,chapoy2005_h2s,"Chapoy, Mohammadi & Tohidi (2005)",chromatography,,,21.28,"yH2O,exp x10^3 (CORRECTED per erratum from mis-printed x10^2; vapor-phase water mole fraction, Table 9)"
H2S_chapoy2005_h2s_041,H2S,318.21,0.999,total,none,0,,0.000000,0.000000,0.000000,0.000000,0.000000,0.000000,chapoy2005_h2s,"Chapoy, Mohammadi & Tohidi (2005)",chromatography,,,11.30,"yH2O,exp x10^3 (CORRECTED per erratum from mis-printed x10^2; vapor-phase water mole fraction, Table 9)"
H2S_chapoy2005_h2s_042,H2S,318.21,1.053,total,none,0,,0.000000,0.000000,0.000000,0.000000,0.000000,0.000000,chapoy2005_h2s,"Chapoy, Mohammadi & Tohidi (2005)",chromatography,,,11.16,"yH2O,exp x10^3 (CORRECTED per erratum from mis-printed x10^2; vapor-phase water mole fraction, Table 9)"
H2S_chapoy2005_h2s_043,H2S,318.21,1.519,total,none,0,,0.000000,0.000000,0.000000,0.000000,0.000000,0.000000,chapoy2005_h2s,"Chapoy, Mohammadi & Tohidi (2005)",chromatography,,,7.44,"yH2O,exp x10^3 (CORRECTED per erratum from mis-printed x10^2; vapor-phase water mole fraction, Table 9)"
H2S_chapoy2005_h2s_044,H2S,318.21,1.944,total,none,0,,0.000000,0.000000,0.000000,0.000000,0.000000,0.000000,chapoy2005_h2s,"Chapoy, Mohammadi & Tohidi (2005)",chromatography,,,5.92,"yH2O,exp x10^3 (CORRECTED per erratum from mis-printed x10^2; vapor-phase water mole fraction, Table 9)"
H2S_chapoy2005_h2s_045,H2S,318.21,2.531,total,none,0,,0.000000,0.000000,0.000000,0.000000,0.000000,0.000000,chapoy2005_h2s,"Chapoy, Mohammadi & Tohidi (2005)",chromatography,,,4.70,"yH2O,exp x10^3 (CORRECTED per erratum from mis-printed x10^2; vapor-phase water mole fraction, Table 9)"
H2S_chapoy2005_h2s_046,H2S,318.21,2.778,total,none,0,,0.000000,0.000000,0.000000,0.000000,0.000000,0.000000,chapoy2005_h2s,"Chapoy, Mohammadi & Tohidi (2005)",chromatography,,,4.61,"yH2O,exp x10^3 (CORRECTED per erratum from mis-printed x10^2; vapor-phase water mole fraction, Table 9)"
H2S_leemather1977_h2s_325,H2S,363.2,1.921,total,none,0,,0.000000,0.000000,0.000000,0.000000,0.000000,0.000000,leemather1977_h2s,Lee & Mather (1977),analytical_sampling,,,0.9614,mole fraction H2S in vapor
H2S_leemather1977_h2s_326,H2S,423.2,1.942,total,none,0,,0.000000,0.000000,0.000000,0.000000,0.000000,0.000000,leemather1977_h2s,Lee & Mather (1977),analytical_sampling,,,0.7409,mole fraction H2S in vapor
H2S_leemather1977_h2s_327,H2S,363.2,2.011,total,none,0,,0.000000,0.000000,0.000000,0.000000,0.000000,0.000000,leemather1977_h2s,Lee & Mather (1977),analytical_sampling,,,0.9606,mole fraction H2S in vapor
H2S_leemather1977_h2s_328,H2S,423.2,2.196,total,none,0,,0.000000,0.000000,0.000000,0.000000,0.000000,0.000000,leemather1977_h2s,Lee & Mather (1977),analytical_sampling,,,0.7812,mole fraction H2S in vapor
H2S_leemather1977_h2s_329,H2S,363.2,2.389,total,none,0,,0.000000,0.000000,0.000000,0.000000,0.000000,0.000000,leemather1977_h2s,Lee & Mather (1977),analytical_sampling,,,0.9709,mole fraction H2S in vapor
H2S_leemather1977_h2s_330,H2S,423.2,2.624,total,none,0,,0.000000,0.000000,0.000000,0.000000,0.000000,0.000000,leemather1977_h2s,Lee & Mather (1977),analytical_sampling,,,0.8199,mole fraction H2S in vapor
H2S_leemather1977_h2s_331,H2S,393.2,1.486,total,none,0,,0.000000,0.000000,0.000000,0.000000,0.000000,0.000000,leemather1977_h2s,Lee & Mather (1977),analytical_sampling,,,0.8865,mole fraction H2S in vapor
H2S_leemather1977_h2s_332,H2S,423.2,2.699,total,none,0,,0.000000,0.000000,0.000000,0.000000,0.000000,0.000000,leemather1977_h2s,Lee & Mather (1977),analytical_sampling,,,0.8373,mole fraction H2S in vapor
H2S_leemather1977_h2s_333,H2S,393.2,2.5,total,none,0,,0.000000,0.000000,0.000000,0.000000,0.000000,0.000000,leemather1977_h2s,Lee & Mather (1977),analytical_sampling,,,0.9298,mole fraction H2S in vapor
H2S_leemather1977_h2s_334,H2S,423.2,3.003,total,none,0,,0.000000,0.000000,0.000000,0.000000,0.000000,0.000000,leemather1977_h2s,Lee & Mather (1977),analytical_sampling,,,0.8292,mole fraction H2S in vapor
H2S_leemather1977_h2s_335,H2S,393.2,3.161,total,none,0,,0.000000,0.000000,0.000000,0.000000,0.000000,0.000000,leemather1977_h2s,Lee & Mather (1977),analytical_sampling,,,0.9415,mole fraction H2S in vapor
H2S_leemather1977_h2s_336,H2S,423.2,3.079,total,none,0,,0.000000,0.000000,0.000000,0.000000,0.000000,0.000000,leemather1977_h2s,Lee & Mather (1977),analytical_sampling,,,0.8356,mole fraction H2S in vapor
H2S_leemather1977_h2s_337,H2S,393.2,3.174,total,none,0,,0.000000,0.000000,0.000000,0.000000,0.000000,0.000000,leemather1977_h2s,Lee & Mather (1977),analytical_sampling,,,0.9529,mole fraction H2S in vapor
H2S_leemather1977_h2s_338,H2S,393.2,3.23,total,none,0,,0.000000,0.000000,0.000000,0.000000,0.000000,0.000000,leemather1977_h2s,Lee & Mather (1977),analytical_sampling,,,0.9314,mole fraction H2S in vapor
H2S_leemather1977_h2s_339,H2S,393.2,3.401,total,none,0,,0.000000,0.000000,0.000000,0.000000,0.000000,0.000000,leemather1977_h2s,Lee & Mather (1977),analytical_sampling,,,0.9526,mole fraction H2S in vapor
H2S_selleck1952_h2s_063,H2S,377.5944,24.1316495,total,none,0,,0.000000,0.000000,0.000000,0.000000,0.000000,0.000000,selleck1952_h2s,"Selleck, Carmichael & Sage (1952)",gravimetric,,,ILLEGIBLE,La and equilibrium-ratio columns printed as dots (......) = not tabulated
H2S_selleck1952_h2s_064,H2S,377.5944,27.579028,total,none,0,,0.000000,0.000000,0.000000,0.000000,0.000000,0.000000,selleck1952_h2s,"Selleck, Carmichael & Sage (1952)",gravimetric,,,NOT PRINTED,"G-only row, no La column at all (blank, not dots)"
H2S_selleck1952_h2s_065,H2S,377.5944,31.0264065,total,none,0,,0.000000,0.000000,0.000000,0.000000,0.000000,0.000000,selleck1952_h2s,"Selleck, Carmichael & Sage (1952)",gravimetric,,,NOT PRINTED,G-only row
H2S_selleck1952_h2s_066,H2S,377.5944,34.473785,total,none,0,,0.000000,0.000000,0.000000,0.000000,0.000000,0.000000,selleck1952_h2s,"Selleck, Carmichael & Sage (1952)",gravimetric,,,NOT PRINTED,G-only row
H2S_selleck1952_h2s_067,H2S,410.9278,24.1316495,total,none,0,,0.000000,0.000000,0.000000,0.000000,0.000000,0.000000,selleck1952_h2s,"Selleck, Carmichael & Sage (1952)",gravimetric,,,ILLEGIBLE,La/ratio cells printed as dots (not tabulated)
H2S_selleck1952_h2s_068,H2S,410.9278,27.579028,total,none,0,,0.000000,0.000000,0.000000,0.000000,0.000000,0.000000,selleck1952_h2s,"Selleck, Carmichael & Sage (1952)",gravimetric,,,NOT PRINTED,G-only row
H2S_selleck1952_h2s_069,H2S,410.9278,31.0264065,total,none,0,,0.000000,0.000000,0.000000,0.000000,0.000000,0.000000,selleck1952_h2s,"Selleck, Carmichael & Sage (1952)",gravimetric,,,NOT PRINTED,G-only row
H2S_selleck1952_h2s_070,H2S,410.9278,34.473785,total,none,0,,0.000000,0.000000,0.000000,0.000000,0.000000,0.000000,selleck1952_h2s,"Selleck, Carmichael & Sage (1952)",gravimetric,,,NOT PRINTED,G-only row
H2S_selleck1952_h2s_071,H2S,444.2611,24.1316495,total,none,0,,0.000000,0.000000,0.000000,0.000000,0.000000,0.000000,selleck1952_h2s,"Selleck, Carmichael & Sage (1952)",gravimetric,,,NOT PRINTED,"no dots, just blank cell for La at this row"
H2S_selleck1952_h2s_072,H2S,444.2611,27.579028,total,none,0,,0.000000,0.000000,0.000000,0.000000,0.000000,0.000000,selleck1952_h2s,"Selleck, Carmichael & Sage (1952)",gravimetric,,,NOT PRINTED,G-only row
H2S_selleck1952_h2s_073,H2S,444.2611,31.0264065,total,none,0,,0.000000,0.000000,0.000000,0.000000,0.000000,0.000000,selleck1952_h2s,"Selleck, Carmichael & Sage (1952)",gravimetric,,,NOT PRINTED,G-only row
H2S_selleck1952_h2s_074,H2S,444.2611,34.473785,total,none,0,,0.000000,0.000000,0.000000,0.000000,0.000000,0.000000,selleck1952_h2s,"Selleck, Carmichael & Sage (1952)",gravimetric,,,NOT PRINTED,G-only row
N2_althaus2008_n2_001,N2,293.15,0.1,total,none,0,,,,,,,,althaus2008_n2,Althaus (1999),unstated,,,1.0024,"Amount concentration (molarity), mol/dm3 [Gas]"
N2_althaus2008_n2_002,N2,293.15,1,total,none,0,,,,,,,,althaus2008_n2,Althaus (1999),unstated,,,1.0405,"Amount concentration (molarity), mol/dm3 [Gas]"
N2_althaus2008_n2_003,N2,293.15,2,total,none,0,,,,,,,,althaus2008_n2,Althaus (1999),unstated,,,1.084,"Amount concentration (molarity), mol/dm3 [Gas]"
N2_althaus2008_n2_004,N2,293.15,3.5,total,none,0,,,,,,,,althaus2008_n2,Althaus (1999),unstated,,,1.1725,"Amount concentration (molarity), mol/dm3 [Gas]"
N2_althaus2008_n2_005,N2,293.15,5,total,none,0,,,,,,,,althaus2008_n2,Althaus (1999),unstated,,,1.2313,"Amount concentration (molarity), mol/dm3 [Gas]"
N2_althaus2008_n2_006,N2,293.15,7.5,total,none,0,,,,,,,,althaus2008_n2,Althaus (1999),unstated,,,1.3612,"Amount concentration (molarity), mol/dm3 [Gas]"
N2_althaus2008_n2_007,N2,293.15,10,total,none,0,,,,,,,,althaus2008_n2,Althaus (1999),unstated,,,1.4941,"Amount concentration (molarity), mol/dm3 [Gas]"
N2_althaus2008_n2_008,N2,293.15,12.5,total,none,0,,,,,,,,althaus2008_n2,Althaus (1999),unstated,,,1.6252,"Amount concentration (molarity), mol/dm3 [Gas]"
N2_althaus2008_n2_009,N2,293.15,15,total,none,0,,,,,,,,althaus2008_n2,Althaus (1999),unstated,,,1.7416,"Amount concentration (molarity), mol/dm3 [Gas]"
N2_althaus2008_n2_010,N2,293.15,17.5,total,none,0,,,,,,,,althaus2008_n2,Althaus (1999),unstated,,,1.8677,"Amount concentration (molarity), mol/dm3 [Gas]"
N2_althaus2008_n2_011,N2,293.15,20,total,none,0,,,,,,,,althaus2008_n2,Althaus (1999),unstated,,,1.9829,"Amount concentration (molarity), mol/dm3 [Gas]"
N2_althaus2008_n2_012,N2,293.15,22.5,total,none,0,,,,,,,,althaus2008_n2,Althaus (1999),unstated,,,2.0812,"Amount concentration (molarity), mol/dm3 [Gas]"
N2_althaus2008_n2_013,N2,293.15,25,total,none,0,,,,,,,,althaus2008_n2,Althaus (1999),unstated,,,2.1958,"Amount concentration (molarity), mol/dm3 [Gas]"
N2_althaus2008_n2_014,N2,303.15,0.1,total,none,0,,,,,,,,althaus2008_n2,Althaus (1999),unstated,,,1.0019,"Amount concentration (molarity), mol/dm3 [Gas]"
N2_althaus2008_n2_015,N2,303.15,1,total,none,0,,,,,,,,althaus2008_n2,Althaus (1999),unstated,,,1.0375,"Amount concentration (molarity), mol/dm3 [Gas]"
N2_althaus2008_n2_016,N2,303.15,2,total,none,0,,,,,,,,althaus2008_n2,Althaus (1999),unstated,,,1.0973,"Amount concentration (molarity), mol/dm3 [Gas]"
N2_althaus2008_n2_017,N2,303.15,3.5,total,none,0,,,,,,,,althaus2008_n2,Althaus (1999),unstated,,,1.1514,"Amount concentration (molarity), mol/dm3 [Gas]"
N2_althaus2008_n2_018,N2,303.15,5,total,none,0,,,,,,,,althaus2008_n2,Althaus (1999),unstated,,,1.2426,"Amount concentration (molarity), mol/dm3 [Gas]"
N2_althaus2008_n2_019,N2,303.15,7.5,total,none,0,,,,,,,,althaus2008_n2,Althaus (1999),unstated,,,1.3401,"Amount concentration (molarity), mol/dm3 [Gas]"
N2_althaus2008_n2_020,N2,303.15,10,total,none,0,,,,,,,,althaus2008_n2,Althaus (1999),unstated,,,1.4658,"Amount concentration (molarity), mol/dm3 [Gas]"
N2_althaus2008_n2_021,N2,303.15,12.5,total,none,0,,,,,,,,althaus2008_n2,Althaus (1999),unstated,,,1.5593,"Amount concentration (molarity), mol/dm3 [Gas]"
N2_althaus2008_n2_022,N2,303.15,15,total,none,0,,,,,,,,althaus2008_n2,Althaus (1999),unstated,,,1.6951,"Amount concentration (molarity), mol/dm3 [Gas]"
N2_althaus2008_n2_023,N2,303.15,17.5,total,none,0,,,,,,,,althaus2008_n2,Althaus (1999),unstated,,,1.8053,"Amount concentration (molarity), mol/dm3 [Gas]"
N2_althaus2008_n2_024,N2,303.15,20,total,none,0,,,,,,,,althaus2008_n2,Althaus (1999),unstated,,,1.9178,"Amount concentration (molarity), mol/dm3 [Gas]"
N2_althaus2008_n2_025,N2,303.15,22.5,total,none,0,,,,,,,,althaus2008_n2,Althaus (1999),unstated,,,2.036,"Amount concentration (molarity), mol/dm3 [Gas]"
N2_althaus2008_n2_026,N2,303.15,25,total,none,0,,,,,,,,althaus2008_n2,Althaus (1999),unstated,,,2.1418,"Amount concentration (molarity), mol/dm3 [Gas]"
N2_althaus2008_n2_027,N2,313.15,0.1,total,none,0,,,,,,,,althaus2008_n2,Althaus (1999),unstated,,,1.0055,"Amount concentration (molarity), mol/dm3 [Gas]"
N2_althaus2008_n2_028,N2,313.15,1,total,none,0,,,,,,,,althaus2008_n2,Althaus (1999),unstated,,,1.0402,"Amount concentration (molarity), mol/dm3 [Gas]"
N2_althaus2008_n2_029,N2,313.15,2,total,none,0,,,,,,,,althaus2008_n2,Althaus (1999),unstated,,,1.0807,"Amount concentration (molarity), mol/dm3 [Gas]"
N2_althaus2008_n2_030,N2,313.15,3.5,total,none,0,,,,,,,,althaus2008_n2,Althaus (1999),unstated,,,1.1489,"Amount concentration (molarity), mol/dm3 [Gas]"
N2_althaus2008_n2_031,N2,313.15,5,total,none,0,,,,,,,,althaus2008_n2,Althaus (1999),unstated,,,1.2031,"Amount concentration (molarity), mol/dm3 [Gas]"
N2_althaus2008_n2_032,N2,313.15,7.5,total,none,0,,,,,,,,althaus2008_n2,Althaus (1999),unstated,,,1.3181,"Amount concentration (molarity), mol/dm3 [Gas]"
N2_althaus2008_n2_033,N2,313.15,10,total,none,0,,,,,,,,althaus2008_n2,Althaus (1999),unstated,,,1.4208,"Amount concentration (molarity), mol/dm3 [Gas]"
N2_althaus2008_n2_034,N2,313.15,12.5,total,none,0,,,,,,,,althaus2008_n2,Althaus (1999),unstated,,,1.5306,"Amount concentration (molarity), mol/dm3 [Gas]"
N2_althaus2008_n2_035,N2,313.15,15,total,none,0,,,,,,,,althaus2008_n2,Althaus (1999),unstated,,,1.641,"Amount concentration (molarity), mol/dm3 [Gas]"
N2_althaus2008_n2_036,N2,313.15,17.5,total,none,0,,,,,,,,althaus2008_n2,Althaus (1999),unstated,,,1.7421,"Amount concentration (molarity), mol/dm3 [Gas]"
N2_althaus2008_n2_037,N2,313.15,20,total,none,0,,,,,,,,althaus2008_n2,Althaus (1999),unstated,,,1.8513,"Amount concentration (molarity), mol/dm3 [Gas]"
N2_althaus2008_n2_038,N2,313.15,22.5,total,none,0,,,,,,,,althaus2008_n2,Althaus (1999),unstated,,,1.9575,"Amount concentration (molarity), mol/dm3 [Gas]"
N2_althaus2008_n2_039,N2,313.15,25,total,none,0,,,,,,,,althaus2008_n2,Althaus (1999),unstated,,,2.0544,"Amount concentration (molarity), mol/dm3 [Gas]"
N2_althaus2008_n2_040,N2,323.15,0.1,total,none,0,,,,,,,,althaus2008_n2,Althaus (1999),unstated,,,1.0038,"Amount concentration (molarity), mol/dm3 [Gas]"
N2_althaus2008_n2_041,N2,323.15,1,total,none,0,,,,,,,,althaus2008_n2,Althaus (1999),unstated,,,1.0354,"Amount concentration (molarity), mol/dm3 [Gas]"
N2_althaus2008_n2_042,N2,323.15,2,total,none,0,,,,,,,,althaus2008_n2,Althaus (1999),unstated,,,1.0749,"Amount concentration (molarity), mol/dm3 [Gas]"
N2_althaus2008_n2_043,N2,323.15,3.5,total,none,0,,,,,,,,althaus2008_n2,Althaus (1999),unstated,,,1.131,"Amount concentration (molarity), mol/dm3 [Gas]"
N2_althaus2008_n2_044,N2,323.15,5,total,none,0,,,,,,,,althaus2008_n2,Althaus (1999),unstated,,,1.1923,"Amount concentration (molarity), mol/dm3 [Gas]"
N2_althaus2008_n2_045,N2,323.15,7.5,total,none,0,,,,,,,,althaus2008_n2,Althaus (1999),unstated,,,1.2815,"Amount concentration (molarity), mol/dm3 [Gas]"
N2_althaus2008_n2_046,N2,323.15,10,total,none,0,,,,,,,,althaus2008_n2,Althaus (1999),unstated,,,1.3756,"Amount concentration (molarity), mol/dm3 [Gas]"
N2_althaus2008_n2_047,N2,323.15,12.5,total,none,0,,,,,,,,althaus2008_n2,Althaus (1999),unstated,,,1.4665,"Amount concentration (molarity), mol/dm3 [Gas]"
N2_althaus2008_n2_048,N2,323.15,15,total,none,0,,,,,,,,althaus2008_n2,Althaus (1999),unstated,,,1.5602,"Amount concentration (molarity), mol/dm3 [Gas]"
N2_althaus2008_n2_049,N2,323.15,17.5,total,none,0,,,,,,,,althaus2008_n2,Althaus (1999),unstated,,,1.6549,"Amount concentration (molarity), mol/dm3 [Gas]"
N2_althaus2008_n2_050,N2,323.15,20,total,none,0,,,,,,,,althaus2008_n2,Althaus (1999),unstated,,,1.7462,"Amount concentration (molarity), mol/dm3 [Gas]"
N2_althaus2008_n2_051,N2,323.15,22.5,total,none,0,,,,,,,,althaus2008_n2,Althaus (1999),unstated,,,1.8426,"Amount concentration (molarity), mol/dm3 [Gas]"
N2_althaus2008_n2_052,N2,323.15,25,total,none,0,,,,,,,,althaus2008_n2,Althaus (1999),unstated,,,1.927,"Amount concentration (molarity), mol/dm3 [Gas]"
N2_althaus2008_n2_053,N2,333.15,0.1,total,none,0,,,,,,,,althaus2008_n2,Althaus (1999),unstated,,,1.0046,"Amount concentration (molarity), mol/dm3 [Gas]"
N2_althaus2008_n2_054,N2,333.15,1,total,none,0,,,,,,,,althaus2008_n2,Althaus (1999),unstated,,,1.037,"Amount concentration (molarity), mol/dm3 [Gas]"
N2_althaus2008_n2_055,N2,333.15,2,total,none,0,,,,,,,,althaus2008_n2,Althaus (1999),unstated,,,1.073,"Amount concentration (molarity), mol/dm3 [Gas]"
N2_althaus2008_n2_056,N2,333.15,3.5,total,none,0,,,,,,,,althaus2008_n2,Althaus (1999),unstated,,,1.1303,"Amount concentration (molarity), mol/dm3 [Gas]"
N2_althaus2008_n2_057,N2,333.15,5,total,none,0,,,,,,,,althaus2008_n2,Althaus (1999),unstated,,,1.1801,"Amount concentration (molarity), mol/dm3 [Gas]"
N2_althaus2008_n2_058,N2,333.15,7.5,total,none,0,,,,,,,,althaus2008_n2,Althaus (1999),unstated,,,1.2701,"Amount concentration (molarity), mol/dm3 [Gas]"
N2_althaus2008_n2_059,N2,333.15,10,total,none,0,,,,,,,,althaus2008_n2,Althaus (1999),unstated,,,1.3574,"Amount concentration (molarity), mol/dm3 [Gas]"
N2_althaus2008_n2_060,N2,333.15,12.5,total,none,0,,,,,,,,althaus2008_n2,Althaus (1999),unstated,,,1.4438,"Amount concentration (molarity), mol/dm3 [Gas]"
N2_althaus2008_n2_061,N2,333.15,15,total,none,0,,,,,,,,althaus2008_n2,Althaus (1999),unstated,,,1.5302,"Amount concentration (molarity), mol/dm3 [Gas]"
N2_althaus2008_n2_062,N2,333.15,17.5,total,none,0,,,,,,,,althaus2008_n2,Althaus (1999),unstated,,,1.6098,"Amount concentration (molarity), mol/dm3 [Gas]"
N2_althaus2008_n2_063,N2,333.15,20,total,none,0,,,,,,,,althaus2008_n2,Althaus (1999),unstated,,,1.6901,"Amount concentration (molarity), mol/dm3 [Gas]"
N2_althaus2008_n2_064,N2,333.15,22.5,total,none,0,,,,,,,,althaus2008_n2,Althaus (1999),unstated,,,1.7663,"Amount concentration (molarity), mol/dm3 [Gas]"
N2_althaus2008_n2_065,N2,333.15,25,total,none,0,,,,,,,,althaus2008_n2,Althaus (1999),unstated,,,1.8406,"Amount concentration (molarity), mol/dm3 [Gas]"
N2_althaus2008_n2_066,N2,343.15,0.1,total,none,0,,,,,,,,althaus2008_n2,Althaus (1999),unstated,,,1.0045,"Amount concentration (molarity), mol/dm3 [Gas]"
N2_althaus2008_n2_067,N2,343.15,1,total,none,0,,,,,,,,althaus2008_n2,Althaus (1999),unstated,,,1.028,"Amount concentration (molarity), mol/dm3 [Gas]"
N2_althaus2008_n2_068,N2,343.15,2,total,none,0,,,,,,,,althaus2008_n2,Althaus (1999),unstated,,,1.0619,"Amount concentration (molarity), mol/dm3 [Gas]"
N2_althaus2008_n2_069,N2,343.15,3.5,total,none,0,,,,,,,,althaus2008_n2,Althaus (1999),unstated,,,1.1073,"Amount concentration (molarity), mol/dm3 [Gas]"
N2_althaus2008_n2_070,N2,343.15,5,total,none,0,,,,,,,,althaus2008_n2,Althaus (1999),unstated,,,1.1498,"Amount concentration (molarity), mol/dm3 [Gas]"
N2_althaus2008_n2_071,N2,343.15,7.5,total,none,0,,,,,,,,althaus2008_n2,Althaus (1999),unstated,,,1.2241,"Amount concentration (molarity), mol/dm3 [Gas]"
N2_althaus2008_n2_072,N2,343.15,10,total,none,0,,,,,,,,althaus2008_n2,Althaus (1999),unstated,,,1.2949,"Amount concentration (molarity), mol/dm3 [Gas]"
N2_althaus2008_n2_073,N2,343.15,12.5,total,none,0,,,,,,,,althaus2008_n2,Althaus (1999),unstated,,,1.3659,"Amount concentration (molarity), mol/dm3 [Gas]"
N2_althaus2008_n2_074,N2,343.15,15,total,none,0,,,,,,,,althaus2008_n2,Althaus (1999),unstated,,,1.435,"Amount concentration (molarity), mol/dm3 [Gas]"
N2_althaus2008_n2_075,N2,343.15,17.5,total,none,0,,,,,,,,althaus2008_n2,Althaus (1999),unstated,,,1.5083,"Amount concentration (molarity), mol/dm3 [Gas]"
N2_althaus2008_n2_076,N2,343.15,20,total,none,0,,,,,,,,althaus2008_n2,Althaus (1999),unstated,,,1.583,"Amount concentration (molarity), mol/dm3 [Gas]"
N2_althaus2008_n2_077,N2,343.15,22.5,total,none,0,,,,,,,,althaus2008_n2,Althaus (1999),unstated,,,1.6542,"Amount concentration (molarity), mol/dm3 [Gas]"
N2_althaus2008_n2_078,N2,343.15,25,total,none,0,,,,,,,,althaus2008_n2,Althaus (1999),unstated,,,1.7139,"Amount concentration (molarity), mol/dm3 [Gas]"
N2_althaus2008_n2_079,N2,353.15,0.1,total,none,0,,,,,,,,althaus2008_n2,Althaus (1999),unstated,,,1.0013,"Amount concentration (molarity), mol/dm3 [Gas]"
N2_althaus2008_n2_080,N2,353.15,1,total,none,0,,,,,,,,althaus2008_n2,Althaus (1999),unstated,,,1.02,"Amount concentration (molarity), mol/dm3 [Gas]"
N2_althaus2008_n2_081,N2,353.15,2,total,none,0,,,,,,,,althaus2008_n2,Althaus (1999),unstated,,,1.0557,"Amount concentration (molarity), mol/dm3 [Gas]"
N2_althaus2008_n2_082,N2,353.15,3.5,total,none,0,,,,,,,,althaus2008_n2,Althaus (1999),unstated,,,1.0933,"Amount concentration (molarity), mol/dm3 [Gas]"
N2_althaus2008_n2_083,N2,353.15,5,total,none,0,,,,,,,,althaus2008_n2,Althaus (1999),unstated,,,1.1263,"Amount concentration (molarity), mol/dm3 [Gas]"
N2_althaus2008_n2_084,N2,353.15,7.5,total,none,0,,,,,,,,althaus2008_n2,Althaus (1999),unstated,,,1.1884,"Amount concentration (molarity), mol/dm3 [Gas]"
N2_althaus2008_n2_085,N2,353.15,10,total,none,0,,,,,,,,althaus2008_n2,Althaus (1999),unstated,,,1.2536,"Amount concentration (molarity), mol/dm3 [Gas]"
N2_althaus2008_n2_086,N2,353.15,12.5,total,none,0,,,,,,,,althaus2008_n2,Althaus (1999),unstated,,,1.3177,"Amount concentration (molarity), mol/dm3 [Gas]"
N2_althaus2008_n2_087,N2,353.15,15,total,none,0,,,,,,,,althaus2008_n2,Althaus (1999),unstated,,,1.378,"Amount concentration (molarity), mol/dm3 [Gas]"
N2_althaus2008_n2_088,N2,353.15,17.5,total,none,0,,,,,,,,althaus2008_n2,Althaus (1999),unstated,,,1.4432,"Amount concentration (molarity), mol/dm3 [Gas]"
N2_althaus2008_n2_089,N2,353.15,20,total,none,0,,,,,,,,althaus2008_n2,Althaus (1999),unstated,,,1.507,"Amount concentration (molarity), mol/dm3 [Gas]"
N2_althaus2008_n2_090,N2,353.15,22.5,total,none,0,,,,,,,,althaus2008_n2,Althaus (1999),unstated,,,1.568,"Amount concentration (molarity), mol/dm3 [Gas]"
N2_althaus2008_n2_091,N2,353.15,25,total,none,0,,,,,,,,althaus2008_n2,Althaus (1999),unstated,,,1.629,"Amount concentration (molarity), mol/dm3 [Gas]"
N2_althaus2008_n2_092,N2,363.15,0.1,total,none,0,,,,,,,,althaus2008_n2,Althaus (1999),unstated,,,1.0038,"Amount concentration (molarity), mol/dm3 [Gas]"
N2_althaus2008_n2_093,N2,363.15,1,total,none,0,,,,,,,,althaus2008_n2,Althaus (1999),unstated,,,1.0177,"Amount concentration (molarity), mol/dm3 [Gas]"
N2_althaus2008_n2_094,N2,363.15,2,total,none,0,,,,,,,,althaus2008_n2,Althaus (1999),unstated,,,1.0438,"Amount concentration (molarity), mol/dm3 [Gas]"
N2_althaus2008_n2_095,N2,363.15,3.5,total,none,0,,,,,,,,althaus2008_n2,Althaus (1999),unstated,,,1.0743,"Amount concentration (molarity), mol/dm3 [Gas]"
N2_althaus2008_n2_096,N2,363.15,5,total,none,0,,,,,,,,althaus2008_n2,Althaus (1999),unstated,,,1.1041,"Amount concentration (molarity), mol/dm3 [Gas]"
N2_althaus2008_n2_097,N2,363.15,7.5,total,none,0,,,,,,,,althaus2008_n2,Althaus (1999),unstated,,,1.1535,"Amount concentration (molarity), mol/dm3 [Gas]"
N2_althaus2008_n2_098,N2,363.15,10,total,none,0,,,,,,,,althaus2008_n2,Althaus (1999),unstated,,,1.2081,"Amount concentration (molarity), mol/dm3 [Gas]"
N2_althaus2008_n2_099,N2,363.15,12.5,total,none,0,,,,,,,,althaus2008_n2,Althaus (1999),unstated,,,1.257,"Amount concentration (molarity), mol/dm3 [Gas]"
N2_althaus2008_n2_100,N2,363.15,15,total,none,0,,,,,,,,althaus2008_n2,Althaus (1999),unstated,,,1.3086,"Amount concentration (molarity), mol/dm3 [Gas]"
N2_althaus2008_n2_101,N2,363.15,17.5,total,none,0,,,,,,,,althaus2008_n2,Althaus (1999),unstated,,,1.3647,"Amount concentration (molarity), mol/dm3 [Gas]"
N2_althaus2008_n2_102,N2,363.15,20,total,none,0,,,,,,,,althaus2008_n2,Althaus (1999),unstated,,,1.4172,"Amount concentration (molarity), mol/dm3 [Gas]"
N2_althaus2008_n2_103,N2,363.15,22.5,total,none,0,,,,,,,,althaus2008_n2,Althaus (1999),unstated,,,1.4626,"Amount concentration (molarity), mol/dm3 [Gas]"
N2_althaus2008_n2_104,N2,363.15,25,total,none,0,,,,,,,,althaus2008_n2,Althaus (1999),unstated,,,1.5183,"Amount concentration (molarity), mol/dm3 [Gas]"
N2_althaus2008_n2_105,N2,373.1,1,total,none,0,,,,,,,,althaus2008_n2,Althaus (1999),unstated,,,1.0146,"Amount concentration (molarity), mol/dm3 [Gas]"
N2_althaus2008_n2_106,N2,373.1,2,total,none,0,,,,,,,,althaus2008_n2,Althaus (1999),unstated,,,1.0376,"Amount concentration (molarity), mol/dm3 [Gas]"
N2_althaus2008_n2_107,N2,373.1,3.5,total,none,0,,,,,,,,althaus2008_n2,Althaus (1999),unstated,,,1.0634,"Amount concentration (molarity), mol/dm3 [Gas]"
N2_althaus2008_n2_108,N2,373.1,5,total,none,0,,,,,,,,althaus2008_n2,Althaus (1999),unstated,,,1.0888,"Amount concentration (molarity), mol/dm3 [Gas]"
N2_althaus2008_n2_109,N2,373.1,7.5,total,none,0,,,,,,,,althaus2008_n2,Althaus (1999),unstated,,,1.1283,"Amount concentration (molarity), mol/dm3 [Gas]"
N2_althaus2008_n2_110,N2,373.1,10,total,none,0,,,,,,,,althaus2008_n2,Althaus (1999),unstated,,,1.1753,"Amount concentration (molarity), mol/dm3 [Gas]"
N2_althaus2008_n2_111,N2,373.1,12.5,total,none,0,,,,,,,,althaus2008_n2,Althaus (1999),unstated,,,1.2192,"Amount concentration (molarity), mol/dm3 [Gas]"
N2_althaus2008_n2_112,N2,373.1,15,total,none,0,,,,,,,,althaus2008_n2,Althaus (1999),unstated,,,1.2639,"Amount concentration (molarity), mol/dm3 [Gas]"
N2_althaus2008_n2_113,N2,373.1,17.5,total,none,0,,,,,,,,althaus2008_n2,Althaus (1999),unstated,,,1.3082,"Amount concentration (molarity), mol/dm3 [Gas]"
N2_althaus2008_n2_114,N2,373.1,20,total,none,0,,,,,,,,althaus2008_n2,Althaus (1999),unstated,,,1.3518,"Amount concentration (molarity), mol/dm3 [Gas]"
N2_althaus2008_n2_115,N2,373.1,22.5,total,none,0,,,,,,,,althaus2008_n2,Althaus (1999),unstated,,,1.3926,"Amount concentration (molarity), mol/dm3 [Gas]"
N2_althaus2008_n2_116,N2,373.1,25,total,none,0,,,,,,,,althaus2008_n2,Althaus (1999),unstated,,,1.4396,"Amount concentration (molarity), mol/dm3 [Gas]"
N2_bartlett1927_n2_001,N2,323.15,,total,none,0,,,,,,,,bartlett1927_n2,Bartlett (1927),gravimetric,,,82.94,"mg H2O per liter N2 (actual volume basis), Table II"
N2_bartlett1927_n2_002,N2,323.15,10.1325,total,none,0,,,,,,,,bartlett1927_n2,Bartlett (1927),gravimetric,,0.00157637,105.4,"mg H2O per liter N2 (actual volume basis), Table II"
N2_bartlett1927_n2_003,N2,323.15,20.265,total,none,0,,,,,,,,bartlett1927_n2,Bartlett (1927),gravimetric,,0.000992611,125.9,"mg H2O per liter N2 (actual volume basis), Table II"
N2_bartlett1927_n2_004,N2,323.15,40.53,total,none,0,,,,,,,,bartlett1927_n2,Bartlett (1927),gravimetric,,0.000683165,148.3,"mg H2O per liter N2 (actual volume basis), Table II"
N2_bartlett1927_n2_005,N2,323.15,60.795,total,none,0,,,,,,,,bartlett1927_n2,Bartlett (1927),gravimetric,,0.000582408,161.5,"mg H2O per liter N2 (actual volume basis), Table II"
N2_bartlett1927_n2_006,N2,323.15,101.325,total,none,0,,,,,,,,bartlett1927_n2,Bartlett (1927),gravimetric,,0.000481778,170.3,"mg H2O per liter N2 (actual volume basis), Table II"
N2_ennsscholanderbradstreet1965_n2_001,N2,298.15,0,total,none,0,,,,,,,,ennsscholanderbradstreet1965_n2,"Enns, Scholander & Bradstreet (1965)",manometric_volumetric,from_compilation,,733,"P_N2(equilibrium)/mmHg -- NOT a solubility value; this sheet reports the N2 equilibrium (partial) pressure re-established after applying hydrostatic pressure to N2-saturated water at fixed T=298.15K,"
N2_ennsscholanderbradstreet1965_n2_002,N2,298.15,0,total,none,0,,,,,,,,ennsscholanderbradstreet1965_n2,"Enns, Scholander & Bradstreet (1965)",manometric_volumetric,from_compilation,,705,P_N2(equilibrium)/mmHg -- NOT a solubility value (see basis note on replicate 1 row)
N2_ennsscholanderbradstreet1965_n2_003,N2,298.15,0,total,none,0,,,,,,,,ennsscholanderbradstreet1965_n2,"Enns, Scholander & Bradstreet (1965)",manometric_volumetric,from_compilation,,732,P_N2(equilibrium)/mmHg -- NOT a solubility value
N2_ennsscholanderbradstreet1965_n2_004,N2,298.15,3.44505,total,none,0,,,,,,,,ennsscholanderbradstreet1965_n2,"Enns, Scholander & Bradstreet (1965)",manometric_volumetric,from_compilation,,773,P_N2(equilibrium)/mmHg -- NOT a solubility value
N2_ennsscholanderbradstreet1965_n2_005,N2,298.15,3.44505,total,none,0,,,,,,,,ennsscholanderbradstreet1965_n2,"Enns, Scholander & Bradstreet (1965)",manometric_volumetric,from_compilation,,744,P_N2(equilibrium)/mmHg -- NOT a solubility value
N2_ennsscholanderbradstreet1965_n2_006,N2,298.15,3.44505,total,none,0,,,,,,,,ennsscholanderbradstreet1965_n2,"Enns, Scholander & Bradstreet (1965)",manometric_volumetric,from_compilation,,769,P_N2(equilibrium)/mmHg -- NOT a solubility value
N2_ennsscholanderbradstreet1965_n2_007,N2,298.15,6.8901,total,none,0,,,,,,,,ennsscholanderbradstreet1965_n2,"Enns, Scholander & Bradstreet (1965)",manometric_volumetric,from_compilation,,803,P_N2(equilibrium)/mmHg -- NOT a solubility value
N2_ennsscholanderbradstreet1965_n2_008,N2,298.15,6.8901,total,none,0,,,,,,,,ennsscholanderbradstreet1965_n2,"Enns, Scholander & Bradstreet (1965)",manometric_volumetric,from_compilation,,777,P_N2(equilibrium)/mmHg -- NOT a solubility value
N2_ennsscholanderbradstreet1965_n2_009,N2,298.15,6.8901,total,none,0,,,,,,,,ennsscholanderbradstreet1965_n2,"Enns, Scholander & Bradstreet (1965)",manometric_volumetric,from_compilation,,806.5,P_N2(equilibrium)/mmHg -- NOT a solubility value
N2_ennsscholanderbradstreet1965_n2_010,N2,298.15,10.3352,total,none,0,,,,,,,,ennsscholanderbradstreet1965_n2,"Enns, Scholander & Bradstreet (1965)",manometric_volumetric,from_compilation,,843,P_N2(equilibrium)/mmHg -- NOT a solubility value
N2_ennsscholanderbradstreet1965_n2_011,N2,298.15,10.3352,total,none,0,,,,,,,,ennsscholanderbradstreet1965_n2,"Enns, Scholander & Bradstreet (1965)",manometric_volumetric,from_compilation,,811,P_N2(equilibrium)/mmHg -- NOT a solubility value
N2_ennsscholanderbradstreet1965_n2_012,N2,298.15,10.3352,total,none,0,,,,,,,,ennsscholanderbradstreet1965_n2,"Enns, Scholander & Bradstreet (1965)",manometric_volumetric,from_compilation,,844,P_N2(equilibrium)/mmHg -- NOT a solubility value
N2_foltran2015_n2_001,N2,313.15,8.9,total,none,0,,,,,,,,foltran2015_n2,"Foltran, Vosper, Suleiman, Wriglesworth, Ke, Drage, Poliakoff & George (2015)",other,,0.0036,3.60,"Mole fraction of water in the CO2+N2 dense/supercritical mixture phase, x10^3 (col header 'yH2O (x10^3)'); printed value / 1000 = mole fraction yH2O. VAPOR-PHASE / CO2-rich-phase water content -- this"
N2_foltran2015_n2_002,N2,313.15,10.21,total,none,0,,,,,,,,foltran2015_n2,"Foltran, Vosper, Suleiman, Wriglesworth, Ke, Drage, Poliakoff & George (2015)",other,,0.0034,3.40,"Mole fraction of water in the CO2+N2 dense/supercritical mixture phase, x10^3 (col header 'yH2O (x10^3)'); printed value / 1000 = mole fraction yH2O. VAPOR-PHASE / CO2-rich-phase water content -- this"
N2_foltran2015_n2_003,N2,313.15,11.14,total,none,0,,,,,,,,foltran2015_n2,"Foltran, Vosper, Suleiman, Wriglesworth, Ke, Drage, Poliakoff & George (2015)",other,,0.00334,3.34,"Mole fraction of water in the CO2+N2 dense/supercritical mixture phase, x10^3 (col header 'yH2O (x10^3)'); printed value / 1000 = mole fraction yH2O. VAPOR-PHASE / CO2-rich-phase water content -- this"
N2_foltran2015_n2_004,N2,313.15,12.41,total,none,0,,,,,,,,foltran2015_n2,"Foltran, Vosper, Suleiman, Wriglesworth, Ke, Drage, Poliakoff & George (2015)",other,,0.00376,3.76,"Mole fraction of water in the CO2+N2 dense/supercritical mixture phase, x10^3 (col header 'yH2O (x10^3)'); printed value / 1000 = mole fraction yH2O. VAPOR-PHASE / CO2-rich-phase water content -- this"
N2_foltran2015_n2_005,N2,313.15,13.79,total,none,0,,,,,,,,foltran2015_n2,"Foltran, Vosper, Suleiman, Wriglesworth, Ke, Drage, Poliakoff & George (2015)",other,,0.00404,4.04,"Mole fraction of water in the CO2+N2 dense/supercritical mixture phase, x10^3 (col header 'yH2O (x10^3)'); printed value / 1000 = mole fraction yH2O. VAPOR-PHASE / CO2-rich-phase water content -- this"
N2_foltran2015_n2_006,N2,313.15,15.86,total,none,0,,,,,,,,foltran2015_n2,"Foltran, Vosper, Suleiman, Wriglesworth, Ke, Drage, Poliakoff & George (2015)",other,,0.00418,4.18,"Mole fraction of water in the CO2+N2 dense/supercritical mixture phase, x10^3 (col header 'yH2O (x10^3)'); printed value / 1000 = mole fraction yH2O. VAPOR-PHASE / CO2-rich-phase water content -- this"
N2_foltran2015_n2_007,N2,313.15,17.24,total,none,0,,,,,,,,foltran2015_n2,"Foltran, Vosper, Suleiman, Wriglesworth, Ke, Drage, Poliakoff & George (2015)",other,,0.00432,4.32,"Mole fraction of water in the CO2+N2 dense/supercritical mixture phase, x10^3 (col header 'yH2O (x10^3)'); printed value / 1000 = mole fraction yH2O. VAPOR-PHASE / CO2-rich-phase water content -- this"
N2_foltran2015_n2_008,N2,313.15,8.9,total,none,0,,,,,,,,foltran2015_n2,"Foltran, Vosper, Suleiman, Wriglesworth, Ke, Drage, Poliakoff & George (2015)",other,,0.00388,3.88,"Mole fraction of water in the CO2+N2 dense/supercritical mixture phase, x10^3 (col header 'yH2O (x10^3)'); printed value / 1000 = mole fraction yH2O. VAPOR-PHASE / CO2-rich-phase water content -- this"
N2_foltran2015_n2_009,N2,313.15,10.21,total,none,0,,,,,,,,foltran2015_n2,"Foltran, Vosper, Suleiman, Wriglesworth, Ke, Drage, Poliakoff & George (2015)",other,,0.00373,3.73,"Mole fraction of water in the CO2+N2 dense/supercritical mixture phase, x10^3 (col header 'yH2O (x10^3)'); printed value / 1000 = mole fraction yH2O. VAPOR-PHASE / CO2-rich-phase water content -- this"
N2_foltran2015_n2_010,N2,313.15,11.03,total,none,0,,,,,,,,foltran2015_n2,"Foltran, Vosper, Suleiman, Wriglesworth, Ke, Drage, Poliakoff & George (2015)",other,,0.00393,3.93,"Mole fraction of water in the CO2+N2 dense/supercritical mixture phase, x10^3 (col header 'yH2O (x10^3)'); printed value / 1000 = mole fraction yH2O. VAPOR-PHASE / CO2-rich-phase water content -- this"
N2_foltran2015_n2_011,N2,313.15,12.41,total,none,0,,,,,,,,foltran2015_n2,"Foltran, Vosper, Suleiman, Wriglesworth, Ke, Drage, Poliakoff & George (2015)",other,,0.00424,4.24,"Mole fraction of water in the CO2+N2 dense/supercritical mixture phase, x10^3 (col header 'yH2O (x10^3)'); printed value / 1000 = mole fraction yH2O. VAPOR-PHASE / CO2-rich-phase water content -- this"
N2_foltran2015_n2_012,N2,313.15,13.79,total,none,0,,,,,,,,foltran2015_n2,"Foltran, Vosper, Suleiman, Wriglesworth, Ke, Drage, Poliakoff & George (2015)",other,,0.00444,4.44,"Mole fraction of water in the CO2+N2 dense/supercritical mixture phase, x10^3 (col header 'yH2O (x10^3)'); printed value / 1000 = mole fraction yH2O. VAPOR-PHASE / CO2-rich-phase water content -- this"
N2_foltran2015_n2_013,N2,313.15,15.86,total,none,0,,,,,,,,foltran2015_n2,"Foltran, Vosper, Suleiman, Wriglesworth, Ke, Drage, Poliakoff & George (2015)",other,,0.00455,4.55,"Mole fraction of water in the CO2+N2 dense/supercritical mixture phase, x10^3 (col header 'yH2O (x10^3)'); printed value / 1000 = mole fraction yH2O. VAPOR-PHASE / CO2-rich-phase water content -- this"
N2_foltran2015_n2_014,N2,313.15,17.24,total,none,0,,,,,,,,foltran2015_n2,"Foltran, Vosper, Suleiman, Wriglesworth, Ke, Drage, Poliakoff & George (2015)",other,,0.00466,4.66,"Mole fraction of water in the CO2+N2 dense/supercritical mixture phase, x10^3 (col header 'yH2O (x10^3)'); printed value / 1000 = mole fraction yH2O. VAPOR-PHASE / CO2-rich-phase water content -- this"
N2_gillespiewilson1980_n2_017,N2,310.928,0.344738,total,none,0,,,,,,,,gillespiewilson1980_n2,Gillespie & Wilson (1980),analytical_sampling,,0.0202,2.02,"mole percent H2O in N2 (vapor phase) VAPOR-PHASE -- feeds y_w validation, not gas solubility"
N2_gillespiewilson1980_n2_018,N2,310.928,1.37895,total,none,0,,,,,,,,gillespiewilson1980_n2,Gillespie & Wilson (1980),analytical_sampling,,0.00502,0.502,"mole percent H2O in N2 (vapor phase) VAPOR-PHASE -- feeds y_w validation, not gas solubility"
N2_gillespiewilson1980_n2_019,N2,310.928,3.10264,total,none,0,,,,,,,,gillespiewilson1980_n2,Gillespie & Wilson (1980),analytical_sampling,,0.00236,0.236,"mole percent H2O in N2 (vapor phase) VAPOR-PHASE -- feeds y_w validation, not gas solubility"
N2_gillespiewilson1980_n2_020,N2,310.928,6.55002,total,none,0,,,,,,,,gillespiewilson1980_n2,Gillespie & Wilson (1980),analytical_sampling,,0.00122,0.122,"mole percent H2O in N2 (vapor phase) VAPOR-PHASE -- feeds y_w validation, not gas solubility"
N2_gillespiewilson1980_n2_021,N2,310.928,10.3421,total,none,0,,,,,,,,gillespiewilson1980_n2,Gillespie & Wilson (1980),analytical_sampling,,0.00085,(0.085),"mole percent H2O in N2 (vapor phase) VAPOR-PHASE -- feeds y_w validation, not gas solubility"
N2_gillespiewilson1980_n2_022,N2,310.928,13.7895,total,none,0,,,,,,,,gillespiewilson1980_n2,Gillespie & Wilson (1980),analytical_sampling,,0.00069,0.0690,"mole percent H2O in N2 (vapor phase) VAPOR-PHASE -- feeds y_w validation, not gas solubility"
N2_gillespiewilson1980_n2_023,N2,366.483,0.344738,total,none,0,,,,,,,,gillespiewilson1980_n2,Gillespie & Wilson (1980),analytical_sampling,,0.233,23.3,"mole percent H2O in N2 (vapor phase) VAPOR-PHASE -- feeds y_w validation, not gas solubility"
N2_gillespiewilson1980_n2_024,N2,366.483,1.37895,total,none,0,,,,,,,,gillespiewilson1980_n2,Gillespie & Wilson (1980),analytical_sampling,,0.0605,6.05,"mole percent H2O in N2 (vapor phase) VAPOR-PHASE -- feeds y_w validation, not gas solubility"
N2_gillespiewilson1980_n2_025,N2,366.483,3.10264,total,none,0,,,,,,,,gillespiewilson1980_n2,Gillespie & Wilson (1980),analytical_sampling,,0.0277,2.77,"mole percent H2O in N2 (vapor phase) VAPOR-PHASE -- feeds y_w validation, not gas solubility"
N2_gillespiewilson1980_n2_026,N2,366.483,6.55002,total,none,0,,,,,,,,gillespiewilson1980_n2,Gillespie & Wilson (1980),analytical_sampling,,0.0137,1.37,"mole percent H2O in N2 (vapor phase) VAPOR-PHASE -- feeds y_w validation, not gas solubility"
N2_gillespiewilson1980_n2_027,N2,366.483,13.7895,total,none,0,,,,,,,,gillespiewilson1980_n2,Gillespie & Wilson (1980),analytical_sampling,,0.00747,0.747,"mole percent H2O in N2 (vapor phase) VAPOR-PHASE -- feeds y_w validation, not gas solubility"
N2_gillespiewilson1980_n2_028,N2,422.039,6.55002,total,none,0,,,,,,,,gillespiewilson1980_n2,Gillespie & Wilson (1980),analytical_sampling,,0.0786,7.86,"mole percent H2O in N2 (vapor phase) VAPOR-PHASE -- feeds y_w validation, not gas solubility"
N2_gillespiewilson1980_n2_029,N2,477.594,3.10264,total,none,0,,,,,,,,gillespiewilson1980_n2,Gillespie & Wilson (1980),analytical_sampling,,0.5734,57.34,"mole percent H2O in N2 (vapor phase) VAPOR-PHASE -- feeds y_w validation, not gas solubility"
N2_gillespiewilson1980_n2_030,N2,477.594,6.55002,total,none,0,,,,,,,,gillespiewilson1980_n2,Gillespie & Wilson (1980),analytical_sampling,,0.2945,29.45,"mole percent H2O in N2 (vapor phase) VAPOR-PHASE -- feeds y_w validation, not gas solubility"
N2_gillespiewilson1980_n2_031,N2,477.594,10.3421,total,none,0,,,,,,,,gillespiewilson1980_n2,Gillespie & Wilson (1980),analytical_sampling,,0.1975,19.75,"mole percent H2O in N2 (vapor phase) VAPOR-PHASE -- feeds y_w validation, not gas solubility"
N2_gillespiewilson1980_n2_032,N2,588.706,13.7895,total,none,0,,,,,,,,gillespiewilson1980_n2,Gillespie & Wilson (1980),analytical_sampling,,0.8555,85.55,"mole percent H2O in N2 (vapor phase) VAPOR-PHASE -- feeds y_w validation, not gas solubility"
N2_mohammadi2005_n2_001,N2,282.86,0.607,total,none,0,,,,,,,,mohammadi2005_n2,"Mohammadi, Chapoy, Tohidi & Richon (2005)",unstated,,0.00204,0.00204,Mole fraction [Gas]
N2_mohammadi2005_n2_002,N2,282.99,1.799,total,none,0,,,,,,,,mohammadi2005_n2,"Mohammadi, Chapoy, Tohidi & Richon (2005)",unstated,,0.000714,0.000714,Mole fraction [Gas]
N2_mohammadi2005_n2_003,N2,282.99,3.036,total,none,0,,,,,,,,mohammadi2005_n2,"Mohammadi, Chapoy, Tohidi & Richon (2005)",unstated,,0.000446,0.000446,Mole fraction [Gas]
N2_mohammadi2005_n2_004,N2,283.03,4.408,total,none,0,,,,,,,,mohammadi2005_n2,"Mohammadi, Chapoy, Tohidi & Richon (2005)",unstated,,0.000317,0.000317,Mole fraction [Gas]
N2_mohammadi2005_n2_005,N2,293.1,0.558,total,none,0,,,,,,,,mohammadi2005_n2,"Mohammadi, Chapoy, Tohidi & Richon (2005)",unstated,,0.00425,0.00425,Mole fraction [Gas]
N2_mohammadi2005_n2_006,N2,293.1,2.991,total,none,0,,,,,,,,mohammadi2005_n2,"Mohammadi, Chapoy, Tohidi & Richon (2005)",unstated,,0.000844,0.000844,Mole fraction [Gas]
N2_mohammadi2005_n2_007,N2,293.1,4.81,total,none,0,,,,,,,,mohammadi2005_n2,"Mohammadi, Chapoy, Tohidi & Richon (2005)",unstated,,0.000558,0.000558,Mole fraction [Gas]
N2_mohammadi2005_n2_008,N2,293.19,1.828,total,none,0,,,,,,,,mohammadi2005_n2,"Mohammadi, Chapoy, Tohidi & Richon (2005)",unstated,,0.00136,0.00136,Mole fraction [Gas]
N2_mohammadi2005_n2_009,N2,304.02,0.578,total,none,0,,,,,,,,mohammadi2005_n2,"Mohammadi, Chapoy, Tohidi & Richon (2005)",unstated,,0.00793,0.00793,Mole fraction [Gas]
N2_mohammadi2005_n2_010,N2,304.36,1.257,total,none,0,,,,,,,,mohammadi2005_n2,"Mohammadi, Chapoy, Tohidi & Richon (2005)",unstated,,0.0037,0.0037,Mole fraction [Gas]
N2_mohammadi2005_n2_011,N2,304.51,2.539,total,none,0,,,,,,,,mohammadi2005_n2,"Mohammadi, Chapoy, Tohidi & Richon (2005)",unstated,,0.00188,0.00188,Mole fraction [Gas]
N2_mohammadi2005_n2_012,N2,304.61,4.638,total,none,0,,,,,,,,mohammadi2005_n2,"Mohammadi, Chapoy, Tohidi & Richon (2005)",unstated,,0.00112,0.00112,Mole fraction [Gas]
N2_mohammadi2005_n2_013,N2,313.15,1.246,total,none,0,,,,,,,,mohammadi2005_n2,"Mohammadi, Chapoy, Tohidi & Richon (2005)",unstated,,0.00609,0.00609,Mole fraction [Gas]
N2_mohammadi2005_n2_014,N2,313.16,4.781,total,none,0,,,,,,,,mohammadi2005_n2,"Mohammadi, Chapoy, Tohidi & Richon (2005)",unstated,,0.00175,0.00175,Mole fraction [Gas]
N2_mohammadi2005_n2_015,N2,313.26,2.836,total,none,0,,,,,,,,mohammadi2005_n2,"Mohammadi, Chapoy, Tohidi & Richon (2005)",unstated,,0.00278,0.00278,Mole fraction [Gas]
N2_mohammadi2005_n2_016,N2,313.3,0.498,total,none,0,,,,,,,,mohammadi2005_n2,"Mohammadi, Chapoy, Tohidi & Richon (2005)",unstated,,0.0153,0.0153,Mole fraction [Gas]
N2_mohammadi2005_n2_017,N2,322.88,0.499,total,none,0,,,,,,,,mohammadi2005_n2,"Mohammadi, Chapoy, Tohidi & Richon (2005)",unstated,,0.024,0.024,Mole fraction [Gas]
N2_mohammadi2005_n2_018,N2,322.93,3.397,total,none,0,,,,,,,,mohammadi2005_n2,"Mohammadi, Chapoy, Tohidi & Richon (2005)",unstated,,0.00396,0.00396,Mole fraction [Gas]
N2_mohammadi2005_n2_019,N2,322.93,4.841,total,none,0,,,,,,,,mohammadi2005_n2,"Mohammadi, Chapoy, Tohidi & Richon (2005)",unstated,,0.00292,0.00292,Mole fraction [Gas]
N2_mohammadi2005_n2_020,N2,323.1,1.42,total,none,0,,,,,,,,mohammadi2005_n2,"Mohammadi, Chapoy, Tohidi & Richon (2005)",unstated,,0.00872,0.00872,Mole fraction [Gas]
N2_mohammadi2005_n2_021,N2,332.45,1.448,total,none,0,,,,,,,,mohammadi2005_n2,"Mohammadi, Chapoy, Tohidi & Richon (2005)",unstated,,0.0134,0.0134,Mole fraction [Gas]
N2_mohammadi2005_n2_022,N2,332.52,0.461,total,none,0,,,,,,,,mohammadi2005_n2,"Mohammadi, Chapoy, Tohidi & Richon (2005)",unstated,,0.0427,0.0427,Mole fraction [Gas]
N2_mohammadi2005_n2_023,N2,332.52,2.454,total,none,0,,,,,,,,mohammadi2005_n2,"Mohammadi, Chapoy, Tohidi & Richon (2005)",unstated,,0.00855,0.00855,Mole fraction [Gas]
N2_mohammadi2005_n2_024,N2,332.52,4.358,total,none,0,,,,,,,,mohammadi2005_n2,"Mohammadi, Chapoy, Tohidi & Richon (2005)",unstated,,0.00488,0.00488,Mole fraction [Gas]
N2_mohammadi2005_n2_025,N2,342.31,0.425,total,none,0,,,,,,,,mohammadi2005_n2,"Mohammadi, Chapoy, Tohidi & Richon (2005)",unstated,,0.0719,0.0719,Mole fraction [Gas]
N2_mohammadi2005_n2_026,N2,342.31,0.462,total,none,0,,,,,,,,mohammadi2005_n2,"Mohammadi, Chapoy, Tohidi & Richon (2005)",unstated,,0.0658,0.0658,Mole fraction [Gas]
N2_mohammadi2005_n2_027,N2,342.31,4.962,total,none,0,,,,,,,,mohammadi2005_n2,"Mohammadi, Chapoy, Tohidi & Richon (2005)",unstated,,0.00666,0.00666,Mole fraction [Gas]
N2_mohammadi2005_n2_028,N2,342.39,1.466,total,none,0,,,,,,,,mohammadi2005_n2,"Mohammadi, Chapoy, Tohidi & Richon (2005)",unstated,,0.0219,0.0219,Mole fraction [Gas]
N2_mohammadi2005_n2_029,N2,342.42,2.899,total,none,0,,,,,,,,mohammadi2005_n2,"Mohammadi, Chapoy, Tohidi & Richon (2005)",unstated,,0.0103,0.0103,Mole fraction [Gas]
N2_mohammadi2005_n2_030,N2,351.87,0.54,total,none,0,,,,,,,,mohammadi2005_n2,"Mohammadi, Chapoy, Tohidi & Richon (2005)",unstated,,0.0849,0.0849,Mole fraction [Gas]
N2_mohammadi2005_n2_031,N2,351.92,2.957,total,none,0,,,,,,,,mohammadi2005_n2,"Mohammadi, Chapoy, Tohidi & Richon (2005)",unstated,,0.0162,0.0162,Mole fraction [Gas]
N2_mohammadi2005_n2_032,N2,351.95,4.797,total,none,0,,,,,,,,mohammadi2005_n2,"Mohammadi, Chapoy, Tohidi & Richon (2005)",unstated,,0.0111,0.0111,Mole fraction [Gas]
N2_mohammadi2005_n2_033,N2,352.12,1.48,total,none,0,,,,,,,,mohammadi2005_n2,"Mohammadi, Chapoy, Tohidi & Richon (2005)",unstated,,0.0335,0.0335,Mole fraction [Gas]
N2_mohammadi2005_n2_034,N2,363,0.555,total,none,0,,,,,,,,mohammadi2005_n2,"Mohammadi, Chapoy, Tohidi & Richon (2005)",unstated,,0.126,0.126,Mole fraction [Gas]
N2_mohammadi2005_n2_035,N2,363.08,4.874,total,none,0,,,,,,,,mohammadi2005_n2,"Mohammadi, Chapoy, Tohidi & Richon (2005)",unstated,,0.0161,0.0161,Mole fraction [Gas]
N2_rigbyprausnitz1968_n2_001,N2,298.15,2.24941,total,none,0,,,,,,,,rigbyprausnitz1968_n2,Rigby & Prausnitz (1968),analytical_sampling,,0.001529,0.001529,"Mole fraction of water in the compressed-gas VAPOR phase, y1 (exptl, measured); col header 'y1, exptl' (Table I: Solubility of Water in Compressed Gases, printed p.332). VAPOR-PHASE water-content comp"
N2_rigbyprausnitz1968_n2_002,N2,298.15,3.09041,total,none,0,,,,,,,,rigbyprausnitz1968_n2,Rigby & Prausnitz (1968),analytical_sampling,,0.001149,0.001149,"Mole fraction of water in the compressed-gas VAPOR phase, y1 (exptl, measured); col header 'y1, exptl' (Table I: Solubility of Water in Compressed Gases, printed p.332). VAPOR-PHASE water-content comp"
N2_rigbyprausnitz1968_n2_003,N2,298.15,3.8696,total,none,0,,,,,,,,rigbyprausnitz1968_n2,Rigby & Prausnitz (1968),analytical_sampling,,0.000941,0.000941,"Mole fraction of water in the compressed-gas VAPOR phase, y1 (exptl, measured); col header 'y1, exptl' (Table I: Solubility of Water in Compressed Gases, printed p.332). VAPOR-PHASE water-content comp"
N2_rigbyprausnitz1968_n2_004,N2,323.15,2.10857,total,none,0,,,,,,,,rigbyprausnitz1968_n2,Rigby & Prausnitz (1968),analytical_sampling,,0.00626,0.00626,"Mole fraction of water in the compressed-gas VAPOR phase, y1 (exptl, measured); col header 'y1, exptl' (Table I: Solubility of Water in Compressed Gases, printed p.332). VAPOR-PHASE water-content comp"
N2_rigbyprausnitz1968_n2_005,N2,323.15,3.74193,total,none,0,,,,,,,,rigbyprausnitz1968_n2,Rigby & Prausnitz (1968),analytical_sampling,,0.00368,0.00368,"Mole fraction of water in the compressed-gas VAPOR phase, y1 (exptl, measured); col header 'y1, exptl' (Table I: Solubility of Water in Compressed Gases, printed p.332). VAPOR-PHASE water-content comp"
N2_rigbyprausnitz1968_n2_006,N2,323.15,5.98223,total,none,0,,,,,,,,rigbyprausnitz1968_n2,Rigby & Prausnitz (1968),analytical_sampling,,0.00242,0.00242,"Mole fraction of water in the compressed-gas VAPOR phase, y1 (exptl, measured); col header 'y1, exptl' (Table I: Solubility of Water in Compressed Gases, printed p.332). VAPOR-PHASE water-content comp"
N2_rigbyprausnitz1968_n2_007,N2,323.15,7.69969,total,none,0,,,,,,,,rigbyprausnitz1968_n2,Rigby & Prausnitz (1968),analytical_sampling,,0.001956,0.001956,"Mole fraction of water in the compressed-gas VAPOR phase, y1 (exptl, measured); col header 'y1, exptl' (Table I: Solubility of Water in Compressed Gases, printed p.332). VAPOR-PHASE water-content comp"
N2_rigbyprausnitz1968_n2_008,N2,348.15,4.2212,total,none,0,,,,,,,,rigbyprausnitz1968_n2,Rigby & Prausnitz (1968),analytical_sampling,,0.01009,0.01009,"Mole fraction of water in the compressed-gas VAPOR phase, y1 (exptl, measured); col header 'y1, exptl' (Table I: Solubility of Water in Compressed Gases, printed p.332). VAPOR-PHASE water-content comp"
N2_rigbyprausnitz1968_n2_009,N2,348.15,6.11496,total,none,0,,,,,,,,rigbyprausnitz1968_n2,Rigby & Prausnitz (1968),analytical_sampling,,0.00721,0.00721,"Mole fraction of water in the compressed-gas VAPOR phase, y1 (exptl, measured); col header 'y1, exptl' (Table I: Solubility of Water in Compressed Gases, printed p.332). VAPOR-PHASE water-content comp"
N2_rigbyprausnitz1968_n2_010,N2,348.15,8.97233,total,none,0,,,,,,,,rigbyprausnitz1968_n2,Rigby & Prausnitz (1968),analytical_sampling,,0.00523,0.00523,"Mole fraction of water in the compressed-gas VAPOR phase, y1 (exptl, measured); col header 'y1, exptl' (Table I: Solubility of Water in Compressed Gases, printed p.332). VAPOR-PHASE water-content comp"
N2_rigbyprausnitz1968_n2_011,N2,373.15,5.71676,total,none,0,,,,,,,,rigbyprausnitz1968_n2,Rigby & Prausnitz (1968),analytical_sampling,,0.01994,0.01994,"Mole fraction of water in the compressed-gas VAPOR phase, y1 (exptl, measured); col header 'y1, exptl' (Table I: Solubility of Water in Compressed Gases, printed p.332). VAPOR-PHASE water-content comp"
N2_rigbyprausnitz1968_n2_012,N2,373.15,7.94793,total,none,0,,,,,,,,rigbyprausnitz1968_n2,Rigby & Prausnitz (1968),analytical_sampling,,0.01503,0.01503,"Mole fraction of water in the compressed-gas VAPOR phase, y1 (exptl, measured); col header 'y1, exptl' (Table I: Solubility of Water in Compressed Gases, printed p.332). VAPOR-PHASE water-content comp"
N2_rigbyprausnitz1968_n2_013,N2,373.15,10.1518,total,none,0,,,,,,,,rigbyprausnitz1968_n2,Rigby & Prausnitz (1968),analytical_sampling,,0.01218,0.01218,"Mole fraction of water in the compressed-gas VAPOR phase, y1 (exptl, measured); col header 'y1, exptl' (Table I: Solubility of Water in Compressed Gases, printed p.332). VAPOR-PHASE water-content comp"
N2_sanchezvicentetrusler2022_n2_053,N2,323.22,1.21,total,none,0,,,,,,,,sanchezvicentetrusler2022_n2,Sanchez-Vicente & Trusler (2022),analytical_sampling,,0.01238,0.01238,mole fraction H2O in N2 (vapour phase)
N2_sanchezvicentetrusler2022_n2_054,N2,323.2,2.03,total,none,0,,,,,,,,sanchezvicentetrusler2022_n2,Sanchez-Vicente & Trusler (2022),analytical_sampling,,0.00742,0.00742,mole fraction H2O in N2 (vapour phase)
N2_sanchezvicentetrusler2022_n2_055,N2,323.21,5.04,total,none,0,,,,,,,,sanchezvicentetrusler2022_n2,Sanchez-Vicente & Trusler (2022),analytical_sampling,,0.00291,0.00291,mole fraction H2O in N2 (vapour phase)
N2_sanchezvicentetrusler2022_n2_056,N2,323.21,6.22,total,none,0,,,,,,,,sanchezvicentetrusler2022_n2,Sanchez-Vicente & Trusler (2022),analytical_sampling,,0.00241,0.00241,mole fraction H2O in N2 (vapour phase)
N2_sanchezvicentetrusler2022_n2_057,N2,323.21,7.94,total,none,0,,,,,,,,sanchezvicentetrusler2022_n2,Sanchez-Vicente & Trusler (2022),analytical_sampling,,0.00183,0.00183,mole fraction H2O in N2 (vapour phase)
N2_sanchezvicentetrusler2022_n2_058,N2,323.22,15.32,total,none,0,,,,,,,,sanchezvicentetrusler2022_n2,Sanchez-Vicente & Trusler (2022),analytical_sampling,,0.00161,0.00161,mole fraction H2O in N2 (vapour phase)
N2_sanchezvicentetrusler2022_n2_059,N2,373.22,1.22,total,none,0,,,,,,,,sanchezvicentetrusler2022_n2,Sanchez-Vicente & Trusler (2022),analytical_sampling,,0.08956,0.08956,mole fraction H2O in N2 (vapour phase)
N2_sanchezvicentetrusler2022_n2_060,N2,373.23,1.22,total,none,0,,,,,,,,sanchezvicentetrusler2022_n2,Sanchez-Vicente & Trusler (2022),analytical_sampling,,0.08679,0.08679,mole fraction H2O in N2 (vapour phase)
N2_sanchezvicentetrusler2022_n2_061,N2,373.23,1.22,total,none,0,,,,,,,,sanchezvicentetrusler2022_n2,Sanchez-Vicente & Trusler (2022),analytical_sampling,,0.08203,0.08203,mole fraction H2O in N2 (vapour phase)
N2_sanchezvicentetrusler2022_n2_062,N2,373.26,2.59,total,none,0,,,,,,,,sanchezvicentetrusler2022_n2,Sanchez-Vicente & Trusler (2022),analytical_sampling,,0.04247,0.04247,mole fraction H2O in N2 (vapour phase)
N2_sanchezvicentetrusler2022_n2_063,N2,373.27,5,total,none,0,,,,,,,,sanchezvicentetrusler2022_n2,Sanchez-Vicente & Trusler (2022),analytical_sampling,,0.02187,0.02187,mole fraction H2O in N2 (vapour phase)
N2_sanchezvicentetrusler2022_n2_064,N2,373.31,7.22,total,none,0,,,,,,,,sanchezvicentetrusler2022_n2,Sanchez-Vicente & Trusler (2022),analytical_sampling,,0.01451,0.01451,mole fraction H2O in N2 (vapour phase)
N2_sanchezvicentetrusler2022_n2_065,N2,373.27,7.69,total,none,0,,,,,,,,sanchezvicentetrusler2022_n2,Sanchez-Vicente & Trusler (2022),analytical_sampling,,0.0135,0.01350,mole fraction H2O in N2 (vapour phase)
N2_sanchezvicentetrusler2022_n2_066,N2,373.26,10.47,total,none,0,,,,,,,,sanchezvicentetrusler2022_n2,Sanchez-Vicente & Trusler (2022),analytical_sampling,,0.01284,0.01284,mole fraction H2O in N2 (vapour phase)
N2_sanchezvicentetrusler2022_n2_067,N2,373.26,13.46,total,none,0,,,,,,,,sanchezvicentetrusler2022_n2,Sanchez-Vicente & Trusler (2022),analytical_sampling,,0.00861,0.00861,mole fraction H2O in N2 (vapour phase)
N2_sanchezvicentetrusler2022_n2_068,N2,373.27,13.52,total,none,0,,,,,,,,sanchezvicentetrusler2022_n2,Sanchez-Vicente & Trusler (2022),analytical_sampling,,0.00855,0.00855,mole fraction H2O in N2 (vapour phase)
N2_sanchezvicentetrusler2022_n2_069,N2,373.26,15.05,total,none,0,,,,,,,,sanchezvicentetrusler2022_n2,Sanchez-Vicente & Trusler (2022),analytical_sampling,,0.00864,0.00864,mole fraction H2O in N2 (vapour phase)
N2_sanchezvicentetrusler2022_n2_070,N2,373.25,17.56,total,none,0,,,,,,,,sanchezvicentetrusler2022_n2,Sanchez-Vicente & Trusler (2022),analytical_sampling,,0.00762,0.00762,mole fraction H2O in N2 (vapour phase)
N2_sanchezvicentetrusler2022_n2_071,N2,373.27,20.29,total,none,0,,,,,,,,sanchezvicentetrusler2022_n2,Sanchez-Vicente & Trusler (2022),analytical_sampling,,0.00678,0.00678,mole fraction H2O in N2 (vapour phase)
N2_sanchezvicentetrusler2022_n2_072,N2,423.01,1.55,total,none,0,,,,,,,,sanchezvicentetrusler2022_n2,Sanchez-Vicente & Trusler (2022),analytical_sampling,,0.27129,0.27129,mole fraction H2O in N2 (vapour phase)
N2_sanchezvicentetrusler2022_n2_073,N2,423.01,1.55,total,none,0,,,,,,,,sanchezvicentetrusler2022_n2,Sanchez-Vicente & Trusler (2022),analytical_sampling,,0.24613,0.24613,mole fraction H2O in N2 (vapour phase)
N2_sanchezvicentetrusler2022_n2_074,N2,423.39,2.51,total,none,0,,,,,,,,sanchezvicentetrusler2022_n2,Sanchez-Vicente & Trusler (2022),analytical_sampling,,0.15648,0.15648,mole fraction H2O in N2 (vapour phase)
N2_sanchezvicentetrusler2022_n2_075,N2,423.23,5.19,total,none,0,,,,,,,,sanchezvicentetrusler2022_n2,Sanchez-Vicente & Trusler (2022),analytical_sampling,,0.08907,0.08907,mole fraction H2O in N2 (vapour phase)
N2_sanchezvicentetrusler2022_n2_076,N2,423.23,7.64,total,none,0,,,,,,,,sanchezvicentetrusler2022_n2,Sanchez-Vicente & Trusler (2022),analytical_sampling,,0.06089,0.06089,mole fraction H2O in N2 (vapour phase)
N2_sanchezvicentetrusler2022_n2_077,N2,423.25,9.97,total,none,0,,,,,,,,sanchezvicentetrusler2022_n2,Sanchez-Vicente & Trusler (2022),analytical_sampling,,0.05784,0.05784,mole fraction H2O in N2 (vapour phase)
N2_sanchezvicentetrusler2022_n2_078,N2,423.26,12.7,total,none,0,,,,,,,,sanchezvicentetrusler2022_n2,Sanchez-Vicente & Trusler (2022),analytical_sampling,,0.04426,0.04426,mole fraction H2O in N2 (vapour phase)
N2_sanchezvicentetrusler2022_n2_079,N2,423.26,15.18,total,none,0,,,,,,,,sanchezvicentetrusler2022_n2,Sanchez-Vicente & Trusler (2022),analytical_sampling,,0.03558,0.03558,mole fraction H2O in N2 (vapour phase)
N2_sanchezvicentetrusler2022_n2_080,N2,423.26,17.56,total,none,0,,,,,,,,sanchezvicentetrusler2022_n2,Sanchez-Vicente & Trusler (2022),analytical_sampling,,0.02868,0.02868,mole fraction H2O in N2 (vapour phase)
N2_sanchezvicentetrusler2022_n2_081,N2,423.26,20.35,total,none,0,,,,,,,,sanchezvicentetrusler2022_n2,Sanchez-Vicente & Trusler (2022),analytical_sampling,,0.02606,0.02606,mole fraction H2O in N2 (vapour phase)
N2_tabasinejad2011_n2_001,N2,422.44,3.81,total,none,0,,,,,,,,tabasinejad2011_n2,"Tabasinejad, Moore, Mehta, Van Fraassen & Barzin (2011, IECR)",gravimetric,,0.1312,13.12 ± 1.02,"mol % water in gas phase (measured, x100 mole fraction)"
N2_tabasinejad2011_n2_002,N2,422.44,7.35,total,none,0,,,,,,,,tabasinejad2011_n2,"Tabasinejad, Moore, Mehta, Van Fraassen & Barzin (2011, IECR)",gravimetric,,0.0709,7.09 ± 0.35,"mol % water in gas phase (measured, x100 mole fraction)"
N2_tabasinejad2011_n2_003,N2,422.44,14.01,total,none,0,,,,,,,,tabasinejad2011_n2,"Tabasinejad, Moore, Mehta, Van Fraassen & Barzin (2011, IECR)",gravimetric,,0.0397,3.97 ± 0.14,"mol % water in gas phase (measured, x100 mole fraction)"
N2_tabasinejad2011_n2_004,N2,422.44,21.07,total,none,0,,,,,,,,tabasinejad2011_n2,"Tabasinejad, Moore, Mehta, Van Fraassen & Barzin (2011, IECR)",gravimetric,,0.029,2.90 ± 0.09,"mol % water in gas phase (measured, x100 mole fraction)"
N2_tabasinejad2011_n2_005,N2,422.44,28.07,total,none,0,,,,,,,,tabasinejad2011_n2,"Tabasinejad, Moore, Mehta, Van Fraassen & Barzin (2011, IECR)",gravimetric,,0.0235,2.35 ± 0.07,"mol % water in gas phase (measured, x100 mole fraction)"
N2_tabasinejad2011_n2_006,N2,422.44,34.23,total,none,0,,,,,,,,tabasinejad2011_n2,"Tabasinejad, Moore, Mehta, Van Fraassen & Barzin (2011, IECR)",gravimetric,,0.0195,1.95 ± 0.06,"mol % water in gas phase (measured, x100 mole fraction)"
N2_tabasinejad2011_n2_007,N2,422.44,35.28,total,none,0,,,,,,,,tabasinejad2011_n2,"Tabasinejad, Moore, Mehta, Van Fraassen & Barzin (2011, IECR)",gravimetric,,0.019,1.90 ± 0.06,"mol % water in gas phase (measured, x100 mole fraction)"
N2_tabasinejad2011_n2_008,N2,422.44,41.41,total,none,0,,,,,,,,tabasinejad2011_n2,"Tabasinejad, Moore, Mehta, Van Fraassen & Barzin (2011, IECR)",gravimetric,,0.0173,1.73 ± 0.05,"mol % water in gas phase (measured, x100 mole fraction)"
N2_tabasinejad2011_n2_009,N2,422.44,70.26,total,none,0,,,,,,,,tabasinejad2011_n2,"Tabasinejad, Moore, Mehta, Van Fraassen & Barzin (2011, IECR)",gravimetric,,0.0132,1.32 ± 0.03,"mol % water in gas phase (measured, x100 mole fraction)"
N2_tabasinejad2011_n2_010,N2,422.44,106.29,total,none,0,,,,,,,,tabasinejad2011_n2,"Tabasinejad, Moore, Mehta, Van Fraassen & Barzin (2011, IECR)",gravimetric,,0.0092,0.92 ± 0.03,"mol % water in gas phase (measured, x100 mole fraction)"
N2_tabasinejad2011_n2_011,N2,445.6,4.05,total,none,0,,,,,,,,tabasinejad2011_n2,"Tabasinejad, Moore, Mehta, Van Fraassen & Barzin (2011, IECR)",gravimetric,,0.2289,22.89 ± 1.59,"mol % water in gas phase (measured, x100 mole fraction)"
N2_tabasinejad2011_n2_012,N2,445.6,7.42,total,none,0,,,,,,,,tabasinejad2011_n2,"Tabasinejad, Moore, Mehta, Van Fraassen & Barzin (2011, IECR)",gravimetric,,0.13,13.00 ± 0.55,"mol % water in gas phase (measured, x100 mole fraction)"
N2_tabasinejad2011_n2_013,N2,445.6,14.35,total,none,0,,,,,,,,tabasinejad2011_n2,"Tabasinejad, Moore, Mehta, Van Fraassen & Barzin (2011, IECR)",gravimetric,,0.0744,7.44 ± 0.20,"mol % water in gas phase (measured, x100 mole fraction)"
N2_tabasinejad2011_n2_014,N2,445.6,20.88,total,none,0,,,,,,,,tabasinejad2011_n2,"Tabasinejad, Moore, Mehta, Van Fraassen & Barzin (2011, IECR)",gravimetric,,0.0574,5.74 ± 0.12,"mol % water in gas phase (measured, x100 mole fraction)"
N2_tabasinejad2011_n2_015,N2,445.6,28.38,total,none,0,,,,,,,,tabasinejad2011_n2,"Tabasinejad, Moore, Mehta, Van Fraassen & Barzin (2011, IECR)",gravimetric,,0.0457,4.57 ± 0.08,"mol % water in gas phase (measured, x100 mole fraction)"
N2_tabasinejad2011_n2_016,N2,445.6,37.02,total,none,0,,,,,,,,tabasinejad2011_n2,"Tabasinejad, Moore, Mehta, Van Fraassen & Barzin (2011, IECR)",gravimetric,,0.038,3.80 ± 0.06,"mol % water in gas phase (measured, x100 mole fraction)"
N2_tabasinejad2011_n2_017,N2,445.6,42.28,total,none,0,,,,,,,,tabasinejad2011_n2,"Tabasinejad, Moore, Mehta, Van Fraassen & Barzin (2011, IECR)",gravimetric,,0.0348,3.48 ± 0.06,"mol % water in gas phase (measured, x100 mole fraction)"
N2_tabasinejad2011_n2_018,N2,445.6,72.98,total,none,0,,,,,,,,tabasinejad2011_n2,"Tabasinejad, Moore, Mehta, Van Fraassen & Barzin (2011, IECR)",gravimetric,,0.0264,2.64 ± 0.04,"mol % water in gas phase (measured, x100 mole fraction)"
N2_tabasinejad2011_n2_019,N2,445.6,102.86,total,none,0,,,,,,,,tabasinejad2011_n2,"Tabasinejad, Moore, Mehta, Van Fraassen & Barzin (2011, IECR)",gravimetric,,0.0214,2.14 ± 0.03,"mol % water in gas phase (measured, x100 mole fraction)"
N2_tabasinejad2011_n2_020,N2,445.6,134.9,total,none,0,,,,,,,,tabasinejad2011_n2,"Tabasinejad, Moore, Mehta, Van Fraassen & Barzin (2011, IECR)",gravimetric,,0.0181,1.81 ± 0.03,"mol % water in gas phase (measured, x100 mole fraction)"
N2_tabasinejad2011_n2_021,N2,461.6,3.87,total,none,0,,,,,,,,tabasinejad2011_n2,"Tabasinejad, Moore, Mehta, Van Fraassen & Barzin (2011, IECR)",gravimetric,,0.3385,33.85 ± 2.43,"mol % water in gas phase (measured, x100 mole fraction)"
N2_tabasinejad2011_n2_022,N2,461.6,7.5,total,none,0,,,,,,,,tabasinejad2011_n2,"Tabasinejad, Moore, Mehta, Van Fraassen & Barzin (2011, IECR)",gravimetric,,0.1877,18.77 ± 0.77,"mol % water in gas phase (measured, x100 mole fraction)"
N2_tabasinejad2011_n2_023,N2,461.6,14.29,total,none,0,,,,,,,,tabasinejad2011_n2,"Tabasinejad, Moore, Mehta, Van Fraassen & Barzin (2011, IECR)",gravimetric,,0.1097,10.97 ± 0.27,"mol % water in gas phase (measured, x100 mole fraction)"
N2_tabasinejad2011_n2_024,N2,461.6,21.15,total,none,0,,,,,,,,tabasinejad2011_n2,"Tabasinejad, Moore, Mehta, Van Fraassen & Barzin (2011, IECR)",gravimetric,,0.0805,8.05 ± 0.15,"mol % water in gas phase (measured, x100 mole fraction)"
N2_tabasinejad2011_n2_025,N2,461.6,28.22,total,none,0,,,,,,,,tabasinejad2011_n2,"Tabasinejad, Moore, Mehta, Van Fraassen & Barzin (2011, IECR)",gravimetric,,0.069,6.90 ± 0.11,"mol % water in gas phase (measured, x100 mole fraction)"
N2_tabasinejad2011_n2_026,N2,461.6,34.78,total,none,0,,,,,,,,tabasinejad2011_n2,"Tabasinejad, Moore, Mehta, Van Fraassen & Barzin (2011, IECR)",gravimetric,,0.058,5.80 ± 0.08,"mol % water in gas phase (measured, x100 mole fraction)"
N2_tabasinejad2011_n2_027,N2,461.6,41.82,total,none,0,,,,,,,,tabasinejad2011_n2,"Tabasinejad, Moore, Mehta, Van Fraassen & Barzin (2011, IECR)",gravimetric,,0.0508,5.08 ± 0.07,"mol % water in gas phase (measured, x100 mole fraction)"
N2_tabasinejad2011_n2_028,N2,461.6,72.23,total,none,0,,,,,,,,tabasinejad2011_n2,"Tabasinejad, Moore, Mehta, Van Fraassen & Barzin (2011, IECR)",gravimetric,,0.0379,3.79 ± 0.04,"mol % water in gas phase (measured, x100 mole fraction)"
N2_tabasinejad2011_n2_029,N2,461.6,101.64,total,none,0,,,,,,,,tabasinejad2011_n2,"Tabasinejad, Moore, Mehta, Van Fraassen & Barzin (2011, IECR)",gravimetric,,0.0289,2.89 ± 0.03,"mol % water in gas phase (measured, x100 mole fraction)"
N2_tabasinejad2011_n2_030,N2,461.6,133.73,total,none,0,,,,,,,,tabasinejad2011_n2,"Tabasinejad, Moore, Mehta, Van Fraassen & Barzin (2011, IECR)",gravimetric,,0.026,2.60 ± 0.03,"mol % water in gas phase (measured, x100 mole fraction)"
N2_tabasinejad2011_n2_031,N2,483.15,4.13,total,none,0,,,,,,,,tabasinejad2011_n2,"Tabasinejad, Moore, Mehta, Van Fraassen & Barzin (2011, IECR)",gravimetric,,0.5115,51.15 ± 3.18,"mol % water in gas phase (measured, x100 mole fraction)"
N2_tabasinejad2011_n2_032,N2,483.15,7.33,total,none,0,,,,,,,,tabasinejad2011_n2,"Tabasinejad, Moore, Mehta, Van Fraassen & Barzin (2011, IECR)",gravimetric,,0.3116,31.16 ± 1.24,"mol % water in gas phase (measured, x100 mole fraction)"
N2_tabasinejad2011_n2_033,N2,483.15,15.33,total,none,0,,,,,,,,tabasinejad2011_n2,"Tabasinejad, Moore, Mehta, Van Fraassen & Barzin (2011, IECR)",gravimetric,,0.1687,16.87 ± 0.37,"mol % water in gas phase (measured, x100 mole fraction)"
N2_tabasinejad2011_n2_034,N2,483.15,21.24,total,none,0,,,,,,,,tabasinejad2011_n2,"Tabasinejad, Moore, Mehta, Van Fraassen & Barzin (2011, IECR)",gravimetric,,0.1293,12.93 ± 0.22,"mol % water in gas phase (measured, x100 mole fraction)"
N2_tabasinejad2011_n2_035,N2,483.15,28.45,total,none,0,,,,,,,,tabasinejad2011_n2,"Tabasinejad, Moore, Mehta, Van Fraassen & Barzin (2011, IECR)",gravimetric,,0.1029,10.29 ± 0.14,"mol % water in gas phase (measured, x100 mole fraction)"
N2_tabasinejad2011_n2_036,N2,483.15,35.39,total,none,0,,,,,,,,tabasinejad2011_n2,"Tabasinejad, Moore, Mehta, Van Fraassen & Barzin (2011, IECR)",gravimetric,,0.0891,8.91 ± 0.11,"mol % water in gas phase (measured, x100 mole fraction)"
N2_tabasinejad2011_n2_037,N2,483.15,41.78,total,none,0,,,,,,,,tabasinejad2011_n2,"Tabasinejad, Moore, Mehta, Van Fraassen & Barzin (2011, IECR)",gravimetric,,0.0801,8.01 ± 0.09,"mol % water in gas phase (measured, x100 mole fraction)"
N2_tabasinejad2011_n2_038,N2,483.15,73.14,total,none,0,,,,,,,,tabasinejad2011_n2,"Tabasinejad, Moore, Mehta, Van Fraassen & Barzin (2011, IECR)",gravimetric,,0.056,5.60 ± 0.05,"mol % water in gas phase (measured, x100 mole fraction)"
N2_tabasinejad2011_n2_039,N2,483.15,109.6,total,none,0,,,,,,,,tabasinejad2011_n2,"Tabasinejad, Moore, Mehta, Van Fraassen & Barzin (2011, IECR)",gravimetric,,0.0433,4.33 ± 0.04,"mol % water in gas phase (measured, x100 mole fraction)"
N2O_coanking1971_c2c4_001,N2O,298.15,2.4318,total,none,0,,0.000000,0.000000,0.000000,0.000000,0.000000,0.000000,coanking1971_c2c4,Coan & King (1971),gravimetric,,0.00172,0.00172,Y2 (mole fraction water in the compressed gas phase)
N2O_coanking1971_c2c4_002,N2O,298.15,2.9688225,total,none,0,,0.000000,0.000000,0.000000,0.000000,0.000000,0.000000,coanking1971_c2c4,Coan & King (1971),gravimetric,,0.00158,0.00158,Y2 (mole fraction water in the compressed gas phase)
N2O_coanking1971_c2c4_003,N2O,298.15,3.1917375,total,none,0,,0.000000,0.000000,0.000000,0.000000,0.000000,0.000000,coanking1971_c2c4,Coan & King (1971),gravimetric,,0.00144,0.00144,Y2 (mole fraction water in the compressed gas phase)
N2O_coanking1971_c2c4_004,N2O,298.15,3.20187,total,none,0,,0.000000,0.000000,0.000000,0.000000,0.000000,0.000000,coanking1971_c2c4,Coan & King (1971),gravimetric,,0.00144,0.00144,Y2 (mole fraction water in the compressed gas phase)
N2O_coanking1971_c2c4_005,N2O,298.15,3.6983625,total,none,0,,0.000000,0.000000,0.000000,0.000000,0.000000,0.000000,coanking1971_c2c4,Coan & King (1971),gravimetric,,0.00127,0.00127,Y2 (mole fraction water in the compressed gas phase)
N2O_coanking1971_c2c4_006,N2O,298.15,3.7186275,total,none,0,,0.000000,0.000000,0.000000,0.000000,0.000000,0.000000,coanking1971_c2c4,Coan & King (1971),gravimetric,,0.00151,0.00151,Y2 (mole fraction water in the compressed gas phase)
N2O_coanking1971_c2c4_007,N2O,298.15,3.7186275,total,none,0,,0.000000,0.000000,0.000000,0.000000,0.000000,0.000000,coanking1971_c2c4,Coan & King (1971),gravimetric,,0.00137,0.00137,Y2 (mole fraction water in the compressed gas phase)
N2O_coanking1971_c2c4_008,N2O,298.15,4.3873725,total,none,0,,0.000000,0.000000,0.000000,0.000000,0.000000,0.000000,coanking1971_c2c4,Coan & King (1971),gravimetric,,0.00124,0.00124,Y2 (mole fraction water in the compressed gas phase)
N2O_coanking1971_c2c4_009,N2O,323.15,2.330475,total,none,0,,0.000000,0.000000,0.000000,0.000000,0.000000,0.000000,coanking1971_c2c4,Coan & King (1971),gravimetric,,0.00659,0.00659,Y2 (mole fraction water in the compressed gas phase)
N2O_coanking1971_c2c4_010,N2O,323.15,2.978955,total,none,0,,0.000000,0.000000,0.000000,0.000000,0.000000,0.000000,coanking1971_c2c4,Coan & King (1971),gravimetric,,0.00537,0.00537,Y2 (mole fraction water in the compressed gas phase)
N2O_coanking1971_c2c4_011,N2O,323.15,2.99922,total,none,0,,0.000000,0.000000,0.000000,0.000000,0.000000,0.000000,coanking1971_c2c4,Coan & King (1971),gravimetric,,0.0052,0.00520,Y2 (mole fraction water in the compressed gas phase)
N2O_coanking1971_c2c4_012,N2O,323.15,3.0498825,total,none,0,,0.000000,0.000000,0.000000,0.000000,0.000000,0.000000,coanking1971_c2c4,Coan & King (1971),gravimetric,,0.0051,0.00510,Y2 (mole fraction water in the compressed gas phase)
N2O_coanking1971_c2c4_013,N2O,323.15,3.6983625,total,none,0,,0.000000,0.000000,0.000000,0.000000,0.000000,0.000000,coanking1971_c2c4,Coan & King (1971),gravimetric,,0.00462,0.00462,Y2 (mole fraction water in the compressed gas phase)
N2O_coanking1971_c2c4_014,N2O,323.15,3.89088,total,none,0,,0.000000,0.000000,0.000000,0.000000,0.000000,0.000000,coanking1971_c2c4,Coan & King (1971),gravimetric,,0.00481,0.00481,Y2 (mole fraction water in the compressed gas phase)
N2O_coanking1971_c2c4_015,N2O,348.15,2.4014025,total,none,0,,0.000000,0.000000,0.000000,0.000000,0.000000,0.000000,coanking1971_c2c4,Coan & King (1971),gravimetric,,0.0189,0.0189,Y2 (mole fraction water in the compressed gas phase)
N2O_coanking1971_c2c4_016,N2O,348.15,2.4216675,total,none,0,,0.000000,0.000000,0.000000,0.000000,0.000000,0.000000,coanking1971_c2c4,Coan & King (1971),gravimetric,,0.019,0.0190,Y2 (mole fraction water in the compressed gas phase)
N2O_coanking1971_c2c4_017,N2O,348.15,2.4318,total,none,0,,0.000000,0.000000,0.000000,0.000000,0.000000,0.000000,coanking1971_c2c4,Coan & King (1971),gravimetric,,0.018,0.0180,Y2 (mole fraction water in the compressed gas phase)
N2O_coanking1971_c2c4_018,N2O,348.15,2.4621975,total,none,0,,0.000000,0.000000,0.000000,0.000000,0.000000,0.000000,coanking1971_c2c4,Coan & King (1971),gravimetric,,0.0177,0.0177,Y2 (mole fraction water in the compressed gas phase)
N2O_coanking1971_c2c4_019,N2O,348.15,2.9688225,total,none,0,,0.000000,0.000000,0.000000,0.000000,0.000000,0.000000,coanking1971_c2c4,Coan & King (1971),gravimetric,,0.0158,0.0158,Y2 (mole fraction water in the compressed gas phase)
N2O_coanking1971_c2c4_020,N2O,348.15,2.978955,total,none,0,,0.000000,0.000000,0.000000,0.000000,0.000000,0.000000,coanking1971_c2c4,Coan & King (1971),gravimetric,,0.0158,0.0158,Y2 (mole fraction water in the compressed gas phase)
N2O_coanking1971_c2c4_021,N2O,348.15,3.12081,total,none,0,,0.000000,0.000000,0.000000,0.000000,0.000000,0.000000,coanking1971_c2c4,Coan & King (1971),gravimetric,,0.0149,0.0149,Y2 (mole fraction water in the compressed gas phase)
N2O_coanking1971_c2c4_022,N2O,348.15,3.6375675,total,none,0,,0.000000,0.000000,0.000000,0.000000,0.000000,0.000000,coanking1971_c2c4,Coan & King (1971),gravimetric,,0.0135,0.0135,Y2 (mole fraction water in the compressed gas phase)
N2O_coanking1971_c2c4_023,N2O,348.15,3.6477,total,none,0,,0.000000,0.000000,0.000000,0.000000,0.000000,0.000000,coanking1971_c2c4,Coan & King (1971),gravimetric,,0.0134,0.0134,Y2 (mole fraction water in the compressed gas phase)
N2O_coanking1971_c2c4_024,N2O,348.15,3.68823,total,none,0,,0.000000,0.000000,0.000000,0.000000,0.000000,0.000000,coanking1971_c2c4,Coan & King (1971),gravimetric,,0.0129,0.0129,Y2 (mole fraction water in the compressed gas phase)
N2O_coanking1971_c2c4_025,N2O,348.15,3.708495,total,none,0,,0.000000,0.000000,0.000000,0.000000,0.000000,0.000000,coanking1971_c2c4,Coan & King (1971),gravimetric,,0.013,0.0130,Y2 (mole fraction water in the compressed gas phase)
N2O_coanking1971_c2c4_026,N2O,348.15,3.76929,total,none,0,,0.000000,0.000000,0.000000,0.000000,0.000000,0.000000,coanking1971_c2c4,Coan & King (1971),gravimetric,,0.0132,0.0132,Y2 (mole fraction water in the compressed gas phase)
N2O_coanking1971_c2c4_027,N2O,373.15,2.2190175,total,none,0,,0.000000,0.000000,0.000000,0.000000,0.000000,0.000000,coanking1971_c2c4,Coan & King (1971),gravimetric,,0.0507,0.0507,Y2 (mole fraction water in the compressed gas phase)
N2O_coanking1971_c2c4_028,N2O,373.15,2.95869,total,none,0,,0.000000,0.000000,0.000000,0.000000,0.000000,0.000000,coanking1971_c2c4,Coan & King (1971),gravimetric,,0.0404,0.0404,Y2 (mole fraction water in the compressed gas phase)
N2O_coanking1971_c2c4_029,N2O,373.15,2.9688225,total,none,0,,0.000000,0.000000,0.000000,0.000000,0.000000,0.000000,coanking1971_c2c4,Coan & King (1971),gravimetric,,0.0407,0.0407,Y2 (mole fraction water in the compressed gas phase)
N2O_coanking1971_c2c4_030,N2O,373.15,2.978955,total,none,0,,0.000000,0.000000,0.000000,0.000000,0.000000,0.000000,coanking1971_c2c4,Coan & King (1971),gravimetric,,0.0392,0.0392,Y2 (mole fraction water in the compressed gas phase)
N2O_coanking1971_c2c4_031,N2O,373.15,2.978955,total,none,0,,0.000000,0.000000,0.000000,0.000000,0.000000,0.000000,coanking1971_c2c4,Coan & King (1971),gravimetric,,0.0377,0.0377,Y2 (mole fraction water in the compressed gas phase)
N2O_coanking1971_c2c4_032,N2O,373.15,3.5362425,total,none,0,,0.000000,0.000000,0.000000,0.000000,0.000000,0.000000,coanking1971_c2c4,Coan & King (1971),gravimetric,,0.035,0.0350,Y2 (mole fraction water in the compressed gas phase)
N2O_coanking1971_c2c4_033,N2O,373.15,3.6375675,total,none,0,,0.000000,0.000000,0.000000,0.000000,0.000000,0.000000,coanking1971_c2c4,Coan & King (1971),gravimetric,,0.0326,0.0326,Y2 (mole fraction water in the compressed gas phase)
N2O_coanking1971_c2c4_034,N2O,373.15,3.6477,total,none,0,,0.000000,0.000000,0.000000,0.000000,0.000000,0.000000,coanking1971_c2c4,Coan & King (1971),gravimetric,,0.0329,0.0329,Y2 (mole fraction water in the compressed gas phase)
N2O_coanking1971_c2c4_035,N2O,373.15,4.356975,total,none,0,,0.000000,0.000000,0.000000,0.000000,0.000000,0.000000,coanking1971_c2c4,Coan & King (1971),gravimetric,,0.0282,0.0282,Y2 (mole fraction water in the compressed gas phase)
N2O_coanking1971_c2c4_036,N2O,373.15,4.356975,total,none,0,,0.000000,0.000000,0.000000,0.000000,0.000000,0.000000,coanking1971_c2c4,Coan & King (1971),gravimetric,,0.0288,0.0288,Y2 (mole fraction water in the compressed gas phase)
N2O_coanking1971_c2c4_037,N2O,373.15,4.9953225,total,none,0,,0.000000,0.000000,0.000000,0.000000,0.000000,0.000000,coanking1971_c2c4,Coan & King (1971),gravimetric,,0.0251,0.0251,Y2 (mole fraction water in the compressed gas phase)
N2O_coanking1971_c2c4_038,N2O,373.15,4.9953225,total,none,0,,0.000000,0.000000,0.000000,0.000000,0.000000,0.000000,coanking1971_c2c4,Coan & King (1971),gravimetric,,0.0252,0.0252,Y2 (mole fraction water in the compressed gas phase)
nC4H10_reamer1944_c2c4_001,nC4H10,310.9278,0.36163,total,none,0,,0.000000,0.000000,0.000000,0.000000,0.000000,0.000000,reamer1944_c2c4,"Reamer, Olds, Sage & Lacey (1944)",gravimetric,,0.0167,16.7,mole fraction WATER in gas phase x 10^3 (Table I)
nC4H10_reamer1944_c2c4_002,nC4H10,327.5944,0.57088588,total,none,0,,0.000000,0.000000,0.000000,0.000000,0.000000,0.000000,reamer1944_c2c4,"Reamer, Olds, Sage & Lacey (1944)",gravimetric,,0.0245,24.5,mole fraction WATER in gas phase x 10^3 (Table I)
nC4H10_reamer1944_c2c4_003,nC4H10,344.2611,0.86460253,total,none,0,,0.000000,0.000000,0.000000,0.000000,0.000000,0.000000,reamer1944_c2c4,"Reamer, Olds, Sage & Lacey (1944)",gravimetric,,0.0338,33.8,mole fraction WATER in gas phase x 10^3 (Table I)
nC4H10_reamer1944_c2c4_004,nC4H10,360.9278,1.26036158,total,none,0,,0.000000,0.000000,0.000000,0.000000,0.000000,0.000000,reamer1944_c2c4,"Reamer, Olds, Sage & Lacey (1944)",gravimetric,,0.0439,43.9,mole fraction WATER in gas phase x 10^3 (Table I)
nC4H10_reamer1944_c2c4_005,nC4H10,377.5944,1.78781049,total,none,0,,0.000000,0.000000,0.000000,0.000000,0.000000,0.000000,reamer1944_c2c4,"Reamer, Olds, Sage & Lacey (1944)",gravimetric,,0.0541,54.1,mole fraction WATER in gas phase x 10^3 (Table I)
nC4H10_reamer1944_c2c4_006,nC4H10,394.2611,2.48211252,total,none,0,,0.000000,0.000000,0.000000,0.000000,0.000000,0.000000,reamer1944_c2c4,"Reamer, Olds, Sage & Lacey (1944)",gravimetric,,0.0639,63.9,mole fraction WATER in gas phase x 10^3 (Table I)
nC4H10_reamer1944_c2c4_007,nC4H10,410.9278,3.38463621,total,none,0,,0.000000,0.000000,0.000000,0.000000,0.000000,0.000000,reamer1944_c2c4,"Reamer, Olds, Sage & Lacey (1944)",gravimetric,,0.0708,70.8,mole fraction WATER in gas phase x 10^3 (Table I)
nC4H10_reamer1944_c2c4_008,nC4H10,416.4833,3.7397162,total,none,0,,0.000000,0.000000,0.000000,0.000000,0.000000,0.000000,reamer1944_c2c4,"Reamer, Olds, Sage & Lacey (1944)",gravimetric,,0.0698,69.8,mole fraction WATER in gas phase x 10^3 (Table I)
nC4H10_reamer1944_c2c4_009,nC4H10,422.0389,4.14030158,total,none,0,,0.000000,0.000000,0.000000,0.000000,0.000000,0.000000,reamer1944_c2c4,"Reamer, Olds, Sage & Lacey (1944)",gravimetric,,0.0625,62.5,mole fraction WATER in gas phase x 10^3 (Table I)
nC4H10_reamer1944_c2c4_010,nC4H10,425.15,4.39540759,total,none,0,,0.000000,0.000000,0.000000,0.000000,0.000000,0.000000,reamer1944_c2c4,"Reamer, Olds, Sage & Lacey (1944)",gravimetric,,0.0483,48.3,mole fraction WATER in gas phase x 10^3 (Table I)
nC4H10_wehemcketta1961nc4h10water_c2c4_007,nC4H10,311.0389,0.35990632,total,none,0,,0.000000,0.000000,0.000000,0.000000,0.000000,0.000000,wehemcketta1961nc4h10water_c2c4,Wehe-McKetta 1961,electrochemical,,0.0143,0.0143,"mole fraction water in the HC-rich VAPOUR on the three-phase locus (Table I 'Mole Fraction Water x10^3, Vapor'; the extraction already applied the 10^-3, so this cell is ABSOLUTE and is NOT descaled again)"
nC4H10_wehemcketta1961nc4h10water_c2c4_008,nC4H10,310.8722,0.35921684,total,none,0,,0.000000,0.000000,0.000000,0.000000,0.000000,0.000000,wehemcketta1961nc4h10water_c2c4,Wehe-McKetta 1961,electrochemical,,0.0157,0.0157,"mole fraction water in the HC-rich VAPOUR on the three-phase locus (Table I 'Mole Fraction Water x10^3, Vapor'; the extraction already applied the 10^-3, so this cell is ABSOLUTE and is NOT descaled again)"
nC4H10_wehemcketta1961nc4h10water_c2c4_009,nC4H10,344.2056,0.86115515,total,none,0,,0.000000,0.000000,0.000000,0.000000,0.000000,0.000000,wehemcketta1961nc4h10water_c2c4,Wehe-McKetta 1961,electrochemical,,0.0351,0.0351,"mole fraction water in the HC-rich VAPOUR on the three-phase locus (Table I 'Mole Fraction Water x10^3, Vapor'; the extraction already applied the 10^-3, so this cell is ABSOLUTE and is NOT descaled again)"
nC4H10_wehemcketta1961nc4h10water_c2c4_010,nC4H10,377.7056,1.7933263,total,none,0,,0.000000,0.000000,0.000000,0.000000,0.000000,0.000000,wehemcketta1961nc4h10water_c2c4,Wehe-McKetta 1961,electrochemical,,0.0556,0.0556,"mole fraction water in the HC-rich VAPOUR on the three-phase locus (Table I 'Mole Fraction Water x10^3, Vapor'; the extraction already applied the 10^-3, so this cell is ABSOLUTE and is NOT descaled again)"
nC4H10_wehemcketta1961nc4h10water_c2c4_011,nC4H10,377.7611,1.7988421,total,none,0,,0.000000,0.000000,0.000000,0.000000,0.000000,0.000000,wehemcketta1961nc4h10water_c2c4,Wehe-McKetta 1961,electrochemical,,0.053,0.0530,"mole fraction water in the HC-rich VAPOUR on the three-phase locus (Table I 'Mole Fraction Water x10^3, Vapor'; the extraction already applied the 10^-3, so this cell is ABSOLUTE and is NOT descaled again)"
nC4H10_wehemcketta1961nc4h10water_c2c4_012,nC4H10,410.9278,3.38946254,total,none,0,,0.000000,0.000000,0.000000,0.000000,0.000000,0.000000,wehemcketta1961nc4h10water_c2c4,Wehe-McKetta 1961,electrochemical,,0.0751,0.0751,"mole fraction water in the HC-rich VAPOUR on the three-phase locus (Table I 'Mole Fraction Water x10^3, Vapor'; the extraction already applied the 10^-3, so this cell is ABSOLUTE and is NOT descaled again)"
nC4H10_wehemcketta1961nc4h10water_c2c4_013,nC4H10,410.9278,3.38877307,total,none,0,,0.000000,0.000000,0.000000,0.000000,0.000000,0.000000,wehemcketta1961nc4h10water_c2c4,Wehe-McKetta 1961,electrochemical,,0.0746,0.0746,"mole fraction water in the HC-rich VAPOUR on the three-phase locus (Table I 'Mole Fraction Water x10^3, Vapor'; the extraction already applied the 10^-3, so this cell is ABSOLUTE and is NOT descaled again)"
