point_id,gas,phase,temperature_K,pressure_MPa,salt,salt_molality,salt_composition,water_mole_fraction,status,status_reason,flags,method,source_id
C2H6_alassi2023_c2c4_001,C2H6,vapour,273.15,24.2,none,0,,6.33e-05,measured,Experimental result as reported in the source.,replicate,electrochemical,alassi2023_c2c4
C2H6_alassi2023_c2c4_002,C2H6,vapour,273.15,24.2,none,0,,6.33e-05,measured,Experimental result as reported in the source.,replicate,electrochemical,alassi2023_c2c4
C2H6_alassi2023_c2c4_003,C2H6,vapour,273.15,24.2,none,0,,6.39e-05,measured,Experimental result as reported in the source.,,electrochemical,alassi2023_c2c4
C2H6_alassi2023_c2c4_004,C2H6,vapour,273.15,24.2,none,0,,6.43e-05,measured,Experimental result as reported in the source.,replicate,electrochemical,alassi2023_c2c4
C2H6_alassi2023_c2c4_005,C2H6,vapour,273.15,24.2,none,0,,6.43e-05,measured,Experimental result as reported in the source.,replicate,electrochemical,alassi2023_c2c4
C2H6_alassi2023_c2c4_006,C2H6,vapour,273.15,24.2,none,0,,6.46e-05,measured,Experimental result as reported in the source.,,electrochemical,alassi2023_c2c4
C2H6_alassi2023_c2c4_007,C2H6,vapour,273.15,24.2,none,0,,6.49e-05,measured,Experimental result as reported in the source.,replicate,electrochemical,alassi2023_c2c4
C2H6_alassi2023_c2c4_008,C2H6,vapour,273.15,24.2,none,0,,6.49e-05,measured,Experimental result as reported in the source.,replicate,electrochemical,alassi2023_c2c4
C2H6_alassi2023_c2c4_009,C2H6,vapour,273.15,24.2,none,0,,6.54e-05,measured,Experimental result as reported in the source.,replicate,electrochemical,alassi2023_c2c4
C2H6_alassi2023_c2c4_010,C2H6,vapour,273.15,24.2,none,0,,6.54e-05,measured,Experimental result as reported in the source.,replicate,electrochemical,alassi2023_c2c4
C2H6_alassi2023_c2c4_011,C2H6,vapour,273.15,24.2,none,0,,6.59e-05,measured,Experimental result as reported in the source.,replicate,electrochemical,alassi2023_c2c4
C2H6_alassi2023_c2c4_012,C2H6,vapour,273.15,24.2,none,0,,6.59e-05,measured,Experimental result as reported in the source.,replicate,electrochemical,alassi2023_c2c4
C2H6_alassi2023_c2c4_013,C2H6,vapour,273.15,24.2,none,0,,6.6e-05,measured,Experimental result as reported in the source.,,electrochemical,alassi2023_c2c4
C2H6_alassi2023_c2c4_014,C2H6,vapour,273.15,24.2,none,0,,6.61e-05,measured,Experimental result as reported in the source.,replicate,electrochemical,alassi2023_c2c4
C2H6_alassi2023_c2c4_015,C2H6,vapour,273.15,24.2,none,0,,6.61e-05,measured,Experimental result as reported in the source.,replicate,electrochemical,alassi2023_c2c4
C2H6_alassi2023_c2c4_016,C2H6,vapour,273.15,24.2,none,0,,6.92e-05,measured,Experimental result as reported in the source.,,electrochemical,alassi2023_c2c4
C2H6_alassi2023_c2c4_017,C2H6,vapour,278.15,24.2,none,0,,8.46e-05,measured,Experimental result as reported in the source.,,electrochemical,alassi2023_c2c4
C2H6_alassi2023_c2c4_018,C2H6,vapour,278.15,24.2,none,0,,8.66e-05,measured,Experimental result as reported in the source.,,electrochemical,alassi2023_c2c4
C2H6_alassi2023_c2c4_019,C2H6,vapour,278.15,24.2,none,0,,8.79e-05,measured,Experimental result as reported in the source.,,electrochemical,alassi2023_c2c4
C2H6_alassi2023_c2c4_020,C2H6,vapour,278.15,24.2,none,0,,8.84e-05,measured,Experimental result as reported in the source.,replicate,electrochemical,alassi2023_c2c4
C2H6_alassi2023_c2c4_021,C2H6,vapour,278.15,24.2,none,0,,8.84e-05,measured,Experimental result as reported in the source.,replicate,electrochemical,alassi2023_c2c4
C2H6_alassi2023_c2c4_022,C2H6,vapour,278.15,24.2,none,0,,8.88e-05,measured,Experimental result as reported in the source.,replicate,electrochemical,alassi2023_c2c4
C2H6_alassi2023_c2c4_023,C2H6,vapour,278.15,24.2,none,0,,8.88e-05,measured,Experimental result as reported in the source.,replicate,electrochemical,alassi2023_c2c4
C2H6_alassi2023_c2c4_024,C2H6,vapour,278.15,24.2,none,0,,8.89e-05,measured,Experimental result as reported in the source.,,electrochemical,alassi2023_c2c4
C2H6_alassi2023_c2c4_025,C2H6,vapour,278.15,24.2,none,0,,8.93e-05,measured,Experimental result as reported in the source.,,electrochemical,alassi2023_c2c4
C2H6_alassi2023_c2c4_026,C2H6,vapour,278.15,24.2,none,0,,9.06e-05,measured,Experimental result as reported in the source.,,electrochemical,alassi2023_c2c4
C2H6_alassi2023_c2c4_027,C2H6,vapour,278.15,24.2,none,0,,9.15e-05,measured,Experimental result as reported in the source.,,electrochemical,alassi2023_c2c4
C2H6_alassi2023_c2c4_028,C2H6,vapour,278.15,24.2,none,0,,9.27e-05,measured,Experimental result as reported in the source.,,electrochemical,alassi2023_c2c4
C2H6_alassi2023_c2c4_029,C2H6,vapour,283.15,24.2,none,0,,0.0001178,measured,Experimental result as reported in the source.,,electrochemical,alassi2023_c2c4
C2H6_alassi2023_c2c4_030,C2H6,vapour,283.15,24.2,none,0,,0.0001195,measured,Experimental result as reported in the source.,,electrochemical,alassi2023_c2c4
C2H6_alassi2023_c2c4_031,C2H6,vapour,283.15,24.2,none,0,,0.0001207,measured,Experimental result as reported in the source.,replicate,electrochemical,alassi2023_c2c4
C2H6_alassi2023_c2c4_032,C2H6,vapour,283.15,24.2,none,0,,0.0001207,measured,Experimental result as reported in the source.,replicate,electrochemical,alassi2023_c2c4
C2H6_alassi2023_c2c4_033,C2H6,vapour,283.15,24.2,none,0,,0.000121,measured,Experimental result as reported in the source.,,electrochemical,alassi2023_c2c4
C2H6_alassi2023_c2c4_034,C2H6,vapour,283.15,24.2,none,0,,0.0001211,measured,Experimental result as reported in the source.,replicate,electrochemical,alassi2023_c2c4
C2H6_alassi2023_c2c4_035,C2H6,vapour,283.15,24.2,none,0,,0.0001211,measured,Experimental result as reported in the source.,replicate,electrochemical,alassi2023_c2c4
C2H6_alassi2023_c2c4_036,C2H6,vapour,283.15,24.2,none,0,,0.0001222,measured,Experimental result as reported in the source.,,electrochemical,alassi2023_c2c4
C2H6_alassi2023_c2c4_037,C2H6,vapour,288.15,24.2,none,0,,0.0001702,measured,Experimental result as reported in the source.,,electrochemical,alassi2023_c2c4
C2H6_alassi2023_c2c4_038,C2H6,vapour,288.15,24.2,none,0,,0.0001705,measured,Experimental result as reported in the source.,,electrochemical,alassi2023_c2c4
C2H6_alassi2023_c2c4_039,C2H6,vapour,288.15,24.2,none,0,,0.0001713,measured,Experimental result as reported in the source.,,electrochemical,alassi2023_c2c4
C2H6_alassi2023_c2c4_040,C2H6,vapour,288.15,24.2,none,0,,0.0001715,measured,Experimental result as reported in the source.,replicate,electrochemical,alassi2023_c2c4
C2H6_alassi2023_c2c4_041,C2H6,vapour,288.15,24.2,none,0,,0.0001715,measured,Experimental result as reported in the source.,replicate,electrochemical,alassi2023_c2c4
C2H6_alassi2023_c2c4_042,C2H6,vapour,288.15,24.2,none,0,,0.0001715,measured,Experimental result as reported in the source.,replicate,electrochemical,alassi2023_c2c4
C2H6_alassi2023_c2c4_043,C2H6,vapour,288.15,24.2,none,0,,0.0001717,measured,Experimental result as reported in the source.,,electrochemical,alassi2023_c2c4
C2H6_alassi2023_c2c4_044,C2H6,vapour,288.15,24.2,none,0,,0.0001721,measured,Experimental result as reported in the source.,,electrochemical,alassi2023_c2c4
C2H6_alassi2023_c2c4_045,C2H6,vapour,288.15,24.2,none,0,,0.0001724,measured,Experimental result as reported in the source.,,electrochemical,alassi2023_c2c4
C2H6_alassi2023_c2c4_046,C2H6,vapour,288.15,24.2,none,0,,0.000173,measured,Experimental result as reported in the source.,,electrochemical,alassi2023_c2c4
C2H6_alassi2023_c2c4_047,C2H6,vapour,293.15,24.1,none,0,,0.0002181,measured,Experimental result as reported in the source.,,electrochemical,alassi2023_c2c4
C2H6_alassi2023_c2c4_048,C2H6,vapour,293.15,24.1,none,0,,0.0002224,measured,Experimental result as reported in the source.,,electrochemical,alassi2023_c2c4
C2H6_alassi2023_c2c4_049,C2H6,vapour,293.15,24.1,none,0,,0.000224,measured,Experimental result as reported in the source.,replicate,electrochemical,alassi2023_c2c4
C2H6_alassi2023_c2c4_050,C2H6,vapour,293.15,24.1,none,0,,0.000224,measured,Experimental result as reported in the source.,replicate,electrochemical,alassi2023_c2c4
C2H6_alassi2023_c2c4_051,C2H6,vapour,293.15,24.1,none,0,,0.0002253,measured,Experimental result as reported in the source.,,electrochemical,alassi2023_c2c4
C2H6_alassi2023_c2c4_052,C2H6,vapour,293.15,24.1,none,0,,0.0002267,measured,Experimental result as reported in the source.,,electrochemical,alassi2023_c2c4
C2H6_coanking1971_c2c4_001,C2H6,vapour,298.15,2.4419325,none,0,,0.00142,measured,Experimental result as reported in the source.,,gravimetric,coanking1971_c2c4
C2H6_coanking1971_c2c4_002,C2H6,vapour,298.15,2.9688225,none,0,,0.00111,measured,Experimental result as reported in the source.,,gravimetric,coanking1971_c2c4
C2H6_coanking1971_c2c4_003,C2H6,vapour,298.15,3.5970375,none,0,,0.0009,measured,Experimental result as reported in the source.,,gravimetric,coanking1971_c2c4
C2H6_coanking1971_c2c4_004,C2H6,vapour,298.15,3.60717,none,0,,0.00093,measured,Experimental result as reported in the source.,,gravimetric,coanking1971_c2c4
C2H6_coanking1971_c2c4_005,C2H6,vapour,323.15,2.2798125,none,0,,0.00563,measured,Experimental result as reported in the source.,,gravimetric,coanking1971_c2c4
C2H6_coanking1971_c2c4_006,C2H6,vapour,323.15,2.9688225,none,0,,0.00432,measured,Experimental result as reported in the source.,replicate,gravimetric,coanking1971_c2c4
C2H6_coanking1971_c2c4_007,C2H6,vapour,323.15,2.9688225,none,0,,0.00432,measured,Experimental result as reported in the source.,replicate,gravimetric,coanking1971_c2c4
C2H6_coanking1971_c2c4_008,C2H6,vapour,323.15,2.9688225,none,0,,0.00437,measured,Experimental result as reported in the source.,,gravimetric,coanking1971_c2c4
C2H6_coanking1971_c2c4_009,C2H6,vapour,323.15,3.5767725,none,0,,0.00354,measured,Experimental result as reported in the source.,,gravimetric,coanking1971_c2c4
C2H6_coanking1971_c2c4_010,C2H6,vapour,323.15,3.627435,none,0,,0.00354,measured,Experimental result as reported in the source.,,gravimetric,coanking1971_c2c4
C2H6_coanking1971_c2c4_011,C2H6,vapour,348.15,2.330475,none,0,,0.0175,measured,Experimental result as reported in the source.,,gravimetric,coanking1971_c2c4
C2H6_coanking1971_c2c4_012,C2H6,vapour,348.15,2.371005,none,0,,0.0169,measured,Experimental result as reported in the source.,,gravimetric,coanking1971_c2c4
C2H6_coanking1971_c2c4_013,C2H6,vapour,348.15,3.0296175,none,0,,0.0132,measured,Experimental result as reported in the source.,,gravimetric,coanking1971_c2c4
C2H6_coanking1971_c2c4_014,C2H6,vapour,348.15,3.627435,none,0,,0.0109,measured,Experimental result as reported in the source.,,gravimetric,coanking1971_c2c4
C2H6_coanking1971_c2c4_015,C2H6,vapour,373.15,2.59392,none,0,,0.0414,measured,Experimental result as reported in the source.,,gravimetric,coanking1971_c2c4
C2H6_coanking1971_c2c4_016,C2H6,vapour,373.15,2.9282925,none,0,,0.0367,measured,Experimental result as reported in the source.,,gravimetric,coanking1971_c2c4
C2H6_coanking1971_c2c4_017,C2H6,vapour,373.15,2.9890875,none,0,,0.036,measured,Experimental result as reported in the source.,,gravimetric,coanking1971_c2c4
C2H6_coanking1971_c2c4_018,C2H6,vapour,373.15,3.6375675,none,0,,0.0296,measured,Experimental result as reported in the source.,,gravimetric,coanking1971_c2c4
C2H6_mohammadi2004_c2c4_047,C2H6,vapour,282.93,0.506,none,0,,0.002442,measured,Experimental result as reported in the source.,from_compilation,analytical_sampling,mohammadi2004_c2c4
C2H6_mohammadi2004_c2c4_048,C2H6,vapour,288.11,1.859,none,0,,0.001031,measured,Experimental result as reported in the source.,from_compilation,analytical_sampling,mohammadi2004_c2c4
C2H6_mohammadi2004_c2c4_049,C2H6,vapour,292.95,1.049,none,0,,0.002204,measured,Experimental result as reported in the source.,from_compilation,analytical_sampling,mohammadi2004_c2c4
C2H6_mohammadi2004_c2c4_050,C2H6,vapour,293.1,1.926,none,0,,0.001305,measured,Experimental result as reported in the source.,from_compilation,analytical_sampling,mohammadi2004_c2c4
C2H6_mohammadi2004_c2c4_051,C2H6,vapour,293.1,2.99,none,0,,0.000832,measured,Experimental result as reported in the source.,from_compilation,analytical_sampling,mohammadi2004_c2c4
C2H6_reamer1943_c2c4_001,C2H6,vapour,310.9278,6.38661341,none,0,,0.00133,measured,Experimental result as reported in the source.,,analytical_sampling,reamer1943_c2c4
C2H6_reamer1943_c2c4_002,C2H6,vapour,310.9278,62.12313952,none,0,,0.000647,measured,Experimental result as reported in the source.,,analytical_sampling,reamer1943_c2c4
C2H6_reamer1943_c2c4_003,C2H6,vapour,310.9278,55.22700357,none,0,,0.000656,measured,Experimental result as reported in the source.,,analytical_sampling,reamer1943_c2c4
C2H6_reamer1943_c2c4_004,C2H6,vapour,310.9278,48.14539866,none,0,,0.00062,measured,Experimental result as reported in the source.,,analytical_sampling,reamer1943_c2c4
C2H6_reamer1943_c2c4_005,C2H6,vapour,310.9278,35.66244111,none,0,,0.000623,measured,Experimental result as reported in the source.,,analytical_sampling,reamer1943_c2c4
C2H6_reamer1943_c2c4_006,C2H6,vapour,310.9278,21.31169389,none,0,,0.000723,measured,Experimental result as reported in the source.,,analytical_sampling,reamer1943_c2c4
C2H6_reamer1943_c2c4_007,C2H6,vapour,310.9278,13.63300302,none,0,,0.000802,measured,Experimental result as reported in the source.,,analytical_sampling,reamer1943_c2c4
C2H6_reamer1943_c2c4_008,C2H6,vapour,344.2611,61.99765494,none,0,,0.00196,measured,Experimental result as reported in the source.,,analytical_sampling,reamer1943_c2c4
C2H6_reamer1943_c2c4_009,C2H6,vapour,344.2611,48.27157271,none,0,,0.00219,measured,Experimental result as reported in the source.,,analytical_sampling,reamer1943_c2c4
C2H6_reamer1943_c2c4_010,C2H6,vapour,344.2611,41.48851077,none,0,,0.002034,measured,Experimental result as reported in the source.,,analytical_sampling,reamer1943_c2c4
C2H6_reamer1943_c2c4_011,C2H6,vapour,344.2611,2.21183805,none,0,,0.01557,measured,Experimental result as reported in the source.,,analytical_sampling,reamer1943_c2c4
C2H6_reamer1943_c2c4_012,C2H6,vapour,377.5944,48.84797439,none,0,,0.005639,measured,Experimental result as reported in the source.,,analytical_sampling,reamer1943_c2c4
C2H6_reamer1943_c2c4_013,C2H6,vapour,377.5944,42.1035231,none,0,,0.006346,measured,Experimental result as reported in the source.,,analytical_sampling,reamer1943_c2c4
C2H6_reamer1943_c2c4_014,C2H6,vapour,377.5944,28.38847247,none,0,,0.007224,measured,Experimental result as reported in the source.,,analytical_sampling,reamer1943_c2c4
C2H6_reamer1943_c2c4_015,C2H6,vapour,377.5944,3.69972661,none,0,,0.003362,measured,Experimental result as reported in the source.,,analytical_sampling,reamer1943_c2c4
C2H6_reamer1943_c2c4_016,C2H6,vapour,410.9278,68.20362572,none,0,,0.01268,measured,Experimental result as reported in the source.,,analytical_sampling,reamer1943_c2c4
C2H6_reamer1943_c2c4_017,C2H6,vapour,410.9278,61.95008112,none,0,,0.013196,measured,Experimental result as reported in the source.,,analytical_sampling,reamer1943_c2c4
C2H6_reamer1943_c2c4_018,C2H6,vapour,410.9278,56.01024797,none,0,,0.014404,measured,Experimental result as reported in the source.,,analytical_sampling,reamer1943_c2c4
C2H6_reamer1943_c2c4_019,C2H6,vapour,410.9278,49.2196018,none,0,,0.01499,measured,Experimental result as reported in the source.,,analytical_sampling,reamer1943_c2c4
C2H6_reamer1943_c2c4_020,C2H6,vapour,410.9278,42.03595448,none,0,,0.016006,measured,Experimental result as reported in the source.,,analytical_sampling,reamer1943_c2c4
C2H6_reamer1943_c2c4_021,C2H6,vapour,410.9278,34.79783858,none,0,,0.016235,measured,Experimental result as reported in the source.,,analytical_sampling,reamer1943_c2c4
C2H6_reamer1943_c2c4_022,C2H6,vapour,410.9278,21.0276299,none,0,,0.0218,measured,Experimental result as reported in the source.,,analytical_sampling,reamer1943_c2c4
C2H6_reamer1943_c2c4_023,C2H6,vapour,410.9278,7.12711031,none,0,,0.051982,measured,Experimental result as reported in the source.,,analytical_sampling,reamer1943_c2c4
C2H6_reamer1943_c2c4_024,C2H6,vapour,444.2611,68.2325837,none,0,,0.02796,measured,Experimental result as reported in the source.,,analytical_sampling,reamer1943_c2c4
C2H6_reamer1943_c2c4_025,C2H6,vapour,444.2611,62.07418675,none,0,,0.02963,measured,Experimental result as reported in the source.,,analytical_sampling,reamer1943_c2c4
C2H6_reamer1943_c2c4_026,C2H6,vapour,444.2611,35.14809223,none,0,,0.03917,measured,Experimental result as reported in the source.,,analytical_sampling,reamer1943_c2c4
C2H6_reamer1943_c2c4_027,C2H6,vapour,444.2611,27.90170263,none,0,,0.04362,measured,Experimental result as reported in the source.,,analytical_sampling,reamer1943_c2c4
C2H6_reamer1943_c2c4_028,C2H6,vapour,444.2611,20.67392886,none,0,,0.05281,measured,Experimental result as reported in the source.,,analytical_sampling,reamer1943_c2c4
C2H6_reamer1943_c2c4_029,C2H6,vapour,444.2611,7.92966003,none,0,,0.11576,measured,Experimental result as reported in the source.,,analytical_sampling,reamer1943_c2c4
C2H6_reamer1943_c2c4_030,C2H6,vapour,477.5944,34.10008917,none,0,,0.08184,measured,Experimental result as reported in the source.,,analytical_sampling,reamer1943_c2c4
C2H6_reamer1943_c2c4_031,C2H6,vapour,477.5944,27.50456462,none,0,,0.09373,measured,Experimental result as reported in the source.,,analytical_sampling,reamer1943_c2c4
C2H6_reamer1943_c2c4_032,C2H6,vapour,477.5944,67.86923001,none,0,,0.05626,measured,Experimental result as reported in the source.,,analytical_sampling,reamer1943_c2c4
C2H6_reamer1943_c2c4_033,C2H6,vapour,477.5944,62.34859808,none,0,,0.05985,measured,Experimental result as reported in the source.,,analytical_sampling,reamer1943_c2c4
C2H6_reamer1943_c2c4_034,C2H6,vapour,477.5944,55.01671348,none,0,,0.06426,measured,Experimental result as reported in the source.,,analytical_sampling,reamer1943_c2c4
C2H6_reamer1943_c2c4_035,C2H6,vapour,477.5944,47.26769609,none,0,,0.06911,measured,Experimental result as reported in the source.,,analytical_sampling,reamer1943_c2c4
C2H6_reamer1943_c2c4_036,C2H6,vapour,477.5944,41.24512585,none,0,,0.07448,measured,Experimental result as reported in the source.,,analytical_sampling,reamer1943_c2c4
C2H6_reamer1943_c2c4_037,C2H6,vapour,510.9278,66.55302089,none,0,,0.11079,measured,Experimental result as reported in the source.,,analytical_sampling,reamer1943_c2c4
C2H6_reamer1943_c2c4_038,C2H6,vapour,510.9278,58.63163458,none,0,,0.11771,measured,Experimental result as reported in the source.,,analytical_sampling,reamer1943_c2c4
C2H6_reamer1943_c2c4_039,C2H6,vapour,510.9278,48.31018335,none,0,,0.13181,measured,Experimental result as reported in the source.,,analytical_sampling,reamer1943_c2c4
C2H6_reamer1943_c2c4_040,C2H6,vapour,510.9278,37.94046882,none,0,,0.14871,measured,Experimental result as reported in the source.,,analytical_sampling,reamer1943_c2c4
C2H6_reamer1943_c2c4_041,C2H6,vapour,510.9278,27.46595399,none,0,,0.17995,measured,Experimental result as reported in the source.,,analytical_sampling,reamer1943_c2c4
C2H6_songkobayashi1994_c2c4_001,C2H6,vapour,276.15,2.48211252,none,0,,0.000344,measured,"Water content of the gas over hydrate, not over liquid water.",,analytical_sampling,songkobayashi1994_c2c4
C2H6_songkobayashi1994_c2c4_002,C2H6,vapour,279.95,2.48211252,none,0,,0.000451,measured,"Water content of the gas over hydrate, not over liquid water.",,analytical_sampling,songkobayashi1994_c2c4
C2H6_songkobayashi1994_c2c4_003,C2H6,vapour,283.65,2.48211252,none,0,,0.000564,measured,"Water content of the gas over hydrate, not over liquid water.",,analytical_sampling,songkobayashi1994_c2c4
C2H6_songkobayashi1994_c2c4_004,C2H6,liquid_hydrocarbon_or_co2,240.0944,3.4473785,none,0,,4e-06,measured,Experimental result as reported in the source.,printed_defect;suspect_value,analytical_sampling,songkobayashi1994_c2c4
C2H6_songkobayashi1994_c2c4_005,C2H6,liquid_hydrocarbon_or_co2,260.0778,3.4473785,none,0,,2.4e-05,measured,Experimental result as reported in the source.,,analytical_sampling,songkobayashi1994_c2c4
C2H6_songkobayashi1994_c2c4_006,C2H6,liquid_hydrocarbon_or_co2,271.15,3.4473785,none,0,,5.5e-05,measured,Experimental result as reported in the source.,,analytical_sampling,songkobayashi1994_c2c4
C2H6_songkobayashi1994_c2c4_007,C2H6,liquid_hydrocarbon_or_co2,276.15,3.4473785,none,0,,9e-05,measured,Experimental result as reported in the source.,,analytical_sampling,songkobayashi1994_c2c4
C2H6_songkobayashi1994_c2c4_008,C2H6,liquid_hydrocarbon_or_co2,281.15,3.4473785,none,0,,0.000135,measured,Experimental result as reported in the source.,,analytical_sampling,songkobayashi1994_c2c4
C2H6_songkobayashi1994_c2c4_009,C2H6,vapour,288.7056,3.41979947,none,0,,0.000525,measured,Experimental result as reported in the source.,,analytical_sampling,songkobayashi1994_c2c4
C2H6_songkobayashi1994_c2c4_010,C2H6,liquid_hydrocarbon_or_co2,288.7056,3.41979947,none,0,,0.000223,measured,Experimental result as reported in the source.,,analytical_sampling,songkobayashi1994_c2c4
C2H6_songkobayashi1994_c2c4_011,C2H6,vapour,294.4833,3.87485343,none,0,,0.00065,measured,Experimental result as reported in the source.,,analytical_sampling,songkobayashi1994_c2c4
C2H6_songkobayashi1994_c2c4_012,C2H6,liquid_hydrocarbon_or_co2,294.4833,3.87485343,none,0,,0.000295,measured,Experimental result as reported in the source.,,analytical_sampling,songkobayashi1994_c2c4
C2H6_songkobayashi1994_c2c4_013,C2H6,vapour,299.8167,4.34369691,none,0,,0.000716,measured,Experimental result as reported in the source.,,analytical_sampling,songkobayashi1994_c2c4
C2H6_songkobayashi1994_c2c4_014,C2H6,liquid_hydrocarbon_or_co2,299.8167,4.34369691,none,0,,0.000375,measured,Experimental result as reported in the source.,,analytical_sampling,songkobayashi1994_c2c4
C2H6_songkobayashi1994_c2c4_015,C2H6,vapour,303.7056,4.71256641,none,0,,0.000736,measured,Experimental result as reported in the source.,,analytical_sampling,songkobayashi1994_c2c4
C2H6_songkobayashi1994_c2c4_016,C2H6,liquid_hydrocarbon_or_co2,303.7056,4.71256641,none,0,,0.000477,measured,Experimental result as reported in the source.,,analytical_sampling,songkobayashi1994_c2c4
C2H6_songkobayashi1994_c2c4_017,C2H6,liquid_hydrocarbon_or_co2,304.8167,4.823572,none,0,,0.0005,measured,Experimental result as reported in the source.,,analytical_sampling,songkobayashi1994_c2c4
C3H8_alassi2022_c2c4_001,C3H8,vapour,283.15,8.274,none,0,,0.0001745,measured,Experimental result as reported in the source.,,electrochemical,alassi2022_c2c4
C3H8_alassi2022_c2c4_002,C3H8,vapour,288.15,8.274,none,0,,0.0002384,measured,Experimental result as reported in the source.,,electrochemical,alassi2022_c2c4
C3H8_alassi2022_c2c4_003,C3H8,vapour,291.15,8.274,none,0,,0.0002866,measured,Experimental result as reported in the source.,,electrochemical,alassi2022_c2c4
C3H8_alassi2022_c2c4_004,C3H8,vapour,298.15,8.274,none,0,,0.0004393,measured,Experimental result as reported in the source.,,electrochemical,alassi2022_c2c4
C3H8_alassi2022_c2c4_005,C3H8,vapour,303.15,8.274,none,0,,0.0005504,measured,Experimental result as reported in the source.,,electrochemical,alassi2022_c2c4
C3H8_alassi2022_c2c4_006,C3H8,vapour,276.15,8.274,none,0,,0.000112,measured,Experimental result as reported in the source.,,electrochemical,alassi2022_c2c4
C3H8_alassi2022_c2c4_007,C3H8,vapour,276.15,3.413,none,0,,0.000113,measured,Experimental result as reported in the source.,,electrochemical,alassi2022_c2c4
C3H8_alassi2022_c2c4_008,C3H8,vapour,276.15,3.468,none,0,,0.000111,measured,Experimental result as reported in the source.,,electrochemical,alassi2022_c2c4
C3H8_alassi2022_c2c4_009,C3H8,vapour,283.15,8.274,none,0,,0.000173,measured,Experimental result as reported in the source.,,electrochemical,alassi2022_c2c4
C3H8_alassi2022_c2c4_010,C3H8,vapour,283.15,8.274,none,0,,0.000167,measured,Experimental result as reported in the source.,,electrochemical,alassi2022_c2c4
C3H8_alassi2022_c2c4_011,C3H8,vapour,288.15,8.274,none,0,,0.000227,measured,Experimental result as reported in the source.,,electrochemical,alassi2022_c2c4
C3H8_alassi2022_c2c4_012,C3H8,vapour,291.15,3.998,none,0,,0.000282,measured,Experimental result as reported in the source.,,electrochemical,alassi2022_c2c4
C3H8_alassi2022_c2c4_013,C3H8,vapour,291.15,5.592,none,0,,0.000282,measured,Experimental result as reported in the source.,,electrochemical,alassi2022_c2c4
C3H8_alassi2022_c2c4_014,C3H8,vapour,291.15,6.895,none,0,,0.000282,measured,Experimental result as reported in the source.,,electrochemical,alassi2022_c2c4
C3H8_alassi2022_c2c4_015,C3H8,vapour,291.15,8.412,none,0,,0.000279,measured,Experimental result as reported in the source.,,electrochemical,alassi2022_c2c4
C3H8_alassi2022_c2c4_016,C3H8,vapour,298.15,8.274,none,0,,0.000411,measured,Experimental result as reported in the source.,,electrochemical,alassi2022_c2c4
C3H8_alassi2022_c2c4_017,C3H8,vapour,298.15,8.274,none,0,,0.00042,measured,Experimental result as reported in the source.,,electrochemical,alassi2022_c2c4
C3H8_alassi2022_c2c4_018,C3H8,vapour,303.15,8.274,none,0,,0.000542,measured,Experimental result as reported in the source.,,electrochemical,alassi2022_c2c4
C3H8_alassi2022_c2c4_019,C3H8,vapour,303.15,8.274,none,0,,0.000532,measured,Experimental result as reported in the source.,,electrochemical,alassi2022_c2c4
C3H8_alassi2022_c2c4_020,C3H8,vapour,303.15,8.274,none,0,,0.000527,measured,Experimental result as reported in the source.,,electrochemical,alassi2022_c2c4
C3H8_alassi2022_c2c4_021,C3H8,vapour,313.15,8.274,none,0,,0.000752,measured,Experimental result as reported in the source.,,electrochemical,alassi2022_c2c4
C3H8_alassi2022_c2c4_022,C3H8,vapour,276.15,8.274,none,0,,9.2e-05,measured,Experimental result as reported in the source.,,electrochemical,alassi2022_c2c4
C3H8_alassi2022_c2c4_023,C3H8,vapour,283.15,8.274,none,0,,0.000143,measured,Experimental result as reported in the source.,,electrochemical,alassi2022_c2c4
C3H8_alassi2022_c2c4_024,C3H8,vapour,283.15,8.274,none,0,,0.000156,measured,Experimental result as reported in the source.,,electrochemical,alassi2022_c2c4
C3H8_alassi2022_c2c4_025,C3H8,vapour,288.15,8.274,none,0,,0.000203,measured,Experimental result as reported in the source.,,electrochemical,alassi2022_c2c4
C3H8_alassi2022_c2c4_026,C3H8,vapour,298.15,8.274,none,0,,0.000382,measured,Experimental result as reported in the source.,,electrochemical,alassi2022_c2c4
C3H8_alassi2022_c2c4_027,C3H8,vapour,303.15,8.274,none,0,,0.000466,measured,Experimental result as reported in the source.,,electrochemical,alassi2022_c2c4
C3H8_blanco1999_c2c4_001,C3H8,vapour,256.21,0.101,none,0,,0.00127,measured,Experimental result as reported in the source.,,electrochemical,blanco1999_c2c4
C3H8_blanco1999_c2c4_002,C3H8,vapour,258.05,0.121,none,0,,0.00127,measured,Experimental result as reported in the source.,,electrochemical,blanco1999_c2c4
C3H8_blanco1999_c2c4_003,C3H8,vapour,259.66,0.141,none,0,,0.00127,measured,Experimental result as reported in the source.,,electrochemical,blanco1999_c2c4
C3H8_blanco1999_c2c4_004,C3H8,vapour,261.1,0.161,none,0,,0.00127,measured,Experimental result as reported in the source.,,electrochemical,blanco1999_c2c4
C3H8_blanco1999_c2c4_005,C3H8,vapour,262.4,0.181,none,0,,0.00127,measured,Experimental result as reported in the source.,,electrochemical,blanco1999_c2c4
C3H8_blanco1999_c2c4_006,C3H8,vapour,263.5,0.201,none,0,,0.00127,measured,Experimental result as reported in the source.,,electrochemical,blanco1999_c2c4
C3H8_blanco1999_c2c4_007,C3H8,vapour,265.61,0.241,none,0,,0.00127,measured,Experimental result as reported in the source.,,electrochemical,blanco1999_c2c4
C3H8_blanco1999_c2c4_008,C3H8,vapour,266.52,0.261,none,0,,0.00127,measured,Experimental result as reported in the source.,,electrochemical,blanco1999_c2c4
C3H8_blanco1999_c2c4_009,C3H8,vapour,267.33,0.28,none,0,,0.00127,measured,Experimental result as reported in the source.,,electrochemical,blanco1999_c2c4
C3H8_blanco1999_c2c4_010,C3H8,vapour,268.12,0.3,none,0,,0.00127,measured,Experimental result as reported in the source.,,electrochemical,blanco1999_c2c4
C3H8_blanco1999_c2c4_011,C3H8,vapour,268.89,0.321,none,0,,0.00127,measured,Experimental result as reported in the source.,,electrochemical,blanco1999_c2c4
C3H8_blanco1999_c2c4_012,C3H8,vapour,269.57,0.34,none,0,,0.00127,measured,Experimental result as reported in the source.,,electrochemical,blanco1999_c2c4
C3H8_blanco1999_c2c4_013,C3H8,vapour,270.26,0.361,none,0,,0.00127,measured,Experimental result as reported in the source.,,electrochemical,blanco1999_c2c4
C3H8_blanco1999_c2c4_014,C3H8,vapour,270.88,0.38,none,0,,0.00127,measured,Experimental result as reported in the source.,,electrochemical,blanco1999_c2c4
C3H8_blanco1999_c2c4_015,C3H8,vapour,271.31,0.4,none,0,,0.00127,measured,Experimental result as reported in the source.,,electrochemical,blanco1999_c2c4
C3H8_blanco1999_c2c4_016,C3H8,vapour,272.07,0.42,none,0,,0.00127,measured,Experimental result as reported in the source.,,electrochemical,blanco1999_c2c4
C3H8_blanco1999_c2c4_017,C3H8,vapour,272.7,0.44,none,0,,0.00127,measured,Experimental result as reported in the source.,,electrochemical,blanco1999_c2c4
C3H8_blanco1999_c2c4_018,C3H8,vapour,273.33,0.46,none,0,,0.00127,measured,Experimental result as reported in the source.,,electrochemical,blanco1999_c2c4
C3H8_blanco1999_c2c4_019,C3H8,vapour,273.63,0.466,none,0,,0.00127,measured,Experimental result as reported in the source.,,electrochemical,blanco1999_c2c4
C3H8_blanco1999_c2c4_020,C3H8,vapour,257.45,0.101,none,0,,0.00147,measured,Experimental result as reported in the source.,,electrochemical,blanco1999_c2c4
C3H8_blanco1999_c2c4_021,C3H8,vapour,259.22,0.119,none,0,,0.00147,measured,Experimental result as reported in the source.,,electrochemical,blanco1999_c2c4
C3H8_blanco1999_c2c4_022,C3H8,vapour,260.9,0.141,none,0,,0.00147,measured,Experimental result as reported in the source.,,electrochemical,blanco1999_c2c4
C3H8_blanco1999_c2c4_023,C3H8,vapour,262.46,0.161,none,0,,0.00147,measured,Experimental result as reported in the source.,,electrochemical,blanco1999_c2c4
C3H8_blanco1999_c2c4_024,C3H8,vapour,263.78,0.18,none,0,,0.00147,measured,Experimental result as reported in the source.,,electrochemical,blanco1999_c2c4
C3H8_blanco1999_c2c4_025,C3H8,vapour,264.99,0.201,none,0,,0.00147,measured,Experimental result as reported in the source.,,electrochemical,blanco1999_c2c4
C3H8_blanco1999_c2c4_026,C3H8,vapour,265.99,0.221,none,0,,0.00147,measured,Experimental result as reported in the source.,,electrochemical,blanco1999_c2c4
C3H8_blanco1999_c2c4_027,C3H8,vapour,266.99,0.241,none,0,,0.00147,measured,Experimental result as reported in the source.,,electrochemical,blanco1999_c2c4
C3H8_blanco1999_c2c4_028,C3H8,vapour,267.95,0.26,none,0,,0.00147,measured,Experimental result as reported in the source.,,electrochemical,blanco1999_c2c4
C3H8_blanco1999_c2c4_029,C3H8,vapour,268.82,0.281,none,0,,0.00147,measured,Experimental result as reported in the source.,,electrochemical,blanco1999_c2c4
C3H8_blanco1999_c2c4_030,C3H8,vapour,269.62,0.301,none,0,,0.00147,measured,Experimental result as reported in the source.,,electrochemical,blanco1999_c2c4
C3H8_blanco1999_c2c4_031,C3H8,vapour,270.53,0.321,none,0,,0.00147,measured,Experimental result as reported in the source.,,electrochemical,blanco1999_c2c4
C3H8_blanco1999_c2c4_032,C3H8,vapour,271.74,0.361,none,0,,0.00147,measured,Experimental result as reported in the source.,,electrochemical,blanco1999_c2c4
C3H8_blanco1999_c2c4_033,C3H8,vapour,272.44,0.38,none,0,,0.00147,measured,Experimental result as reported in the source.,,electrochemical,blanco1999_c2c4
C3H8_blanco1999_c2c4_034,C3H8,vapour,273.22,0.401,none,0,,0.00147,measured,Experimental result as reported in the source.,,electrochemical,blanco1999_c2c4
C3H8_blanco1999_c2c4_035,C3H8,vapour,273.94,0.421,none,0,,0.00147,measured,Experimental result as reported in the source.,,electrochemical,blanco1999_c2c4
C3H8_blanco1999_c2c4_036,C3H8,vapour,274.61,0.441,none,0,,0.00147,measured,Experimental result as reported in the source.,,electrochemical,blanco1999_c2c4
C3H8_blanco1999_c2c4_037,C3H8,vapour,275.22,0.46,none,0,,0.00147,measured,Experimental result as reported in the source.,,electrochemical,blanco1999_c2c4
C3H8_blanco1999_c2c4_038,C3H8,vapour,275.45,0.468,none,0,,0.00147,measured,Experimental result as reported in the source.,,electrochemical,blanco1999_c2c4
C3H8_blanco1999_c2c4_039,C3H8,vapour,257.54,0.104,none,0,,0.00178,measured,Experimental result as reported in the source.,,electrochemical,blanco1999_c2c4
C3H8_blanco1999_c2c4_040,C3H8,vapour,258.63,0.115,none,0,,0.00178,measured,Experimental result as reported in the source.,,electrochemical,blanco1999_c2c4
C3H8_blanco1999_c2c4_041,C3H8,vapour,260.71,0.136,none,0,,0.00178,measured,Experimental result as reported in the source.,,electrochemical,blanco1999_c2c4
C3H8_blanco1999_c2c4_042,C3H8,vapour,262.43,0.157,none,0,,0.00178,measured,Experimental result as reported in the source.,,electrochemical,blanco1999_c2c4
C3H8_blanco1999_c2c4_043,C3H8,vapour,263.96,0.178,none,0,,0.00178,measured,Experimental result as reported in the source.,,electrochemical,blanco1999_c2c4
C3H8_blanco1999_c2c4_044,C3H8,vapour,265.43,0.201,none,0,,0.00178,measured,Experimental result as reported in the source.,,electrochemical,blanco1999_c2c4
C3H8_blanco1999_c2c4_045,C3H8,vapour,266.45,0.216,none,0,,0.00178,measured,Experimental result as reported in the source.,,electrochemical,blanco1999_c2c4
C3H8_blanco1999_c2c4_046,C3H8,vapour,268.65,0.256,none,0,,0.00178,measured,Experimental result as reported in the source.,,electrochemical,blanco1999_c2c4
C3H8_blanco1999_c2c4_047,C3H8,vapour,269.62,0.277,none,0,,0.00178,measured,Experimental result as reported in the source.,,electrochemical,blanco1999_c2c4
C3H8_blanco1999_c2c4_048,C3H8,vapour,270.57,0.296,none,0,,0.00178,measured,Experimental result as reported in the source.,,electrochemical,blanco1999_c2c4
C3H8_blanco1999_c2c4_049,C3H8,vapour,271.49,0.316,none,0,,0.00178,measured,Experimental result as reported in the source.,,electrochemical,blanco1999_c2c4
C3H8_blanco1999_c2c4_050,C3H8,vapour,272.43,0.339,none,0,,0.00178,measured,Experimental result as reported in the source.,,electrochemical,blanco1999_c2c4
C3H8_blanco1999_c2c4_051,C3H8,vapour,273.35,0.358,none,0,,0.00178,measured,Experimental result as reported in the source.,,electrochemical,blanco1999_c2c4
C3H8_blanco1999_c2c4_052,C3H8,vapour,274.14,0.38,none,0,,0.00178,measured,Experimental result as reported in the source.,,electrochemical,blanco1999_c2c4
C3H8_blanco1999_c2c4_053,C3H8,vapour,274.91,0.4,none,0,,0.00178,measured,Experimental result as reported in the source.,,electrochemical,blanco1999_c2c4
C3H8_blanco1999_c2c4_054,C3H8,vapour,275.52,0.42,none,0,,0.00178,measured,Experimental result as reported in the source.,,electrochemical,blanco1999_c2c4
C3H8_blanco1999_c2c4_055,C3H8,vapour,276.26,0.44,none,0,,0.00178,measured,Experimental result as reported in the source.,,electrochemical,blanco1999_c2c4
C3H8_blanco1999_c2c4_056,C3H8,vapour,276.9,0.46,none,0,,0.00178,measured,Experimental result as reported in the source.,,electrochemical,blanco1999_c2c4
C3H8_blanco1999_c2c4_057,C3H8,vapour,277.53,0.48,none,0,,0.00178,measured,Experimental result as reported in the source.,,electrochemical,blanco1999_c2c4
C3H8_blanco1999_c2c4_058,C3H8,vapour,278.12,0.499,none,0,,0.00178,measured,Experimental result as reported in the source.,,electrochemical,blanco1999_c2c4
C3H8_blanco1999_c2c4_059,C3H8,vapour,259.91,0.102,none,0,,0.00215,measured,Experimental result as reported in the source.,,electrochemical,blanco1999_c2c4
C3H8_blanco1999_c2c4_060,C3H8,vapour,261.91,0.121,none,0,,0.00215,measured,Experimental result as reported in the source.,,electrochemical,blanco1999_c2c4
C3H8_blanco1999_c2c4_061,C3H8,vapour,263.72,0.14,none,0,,0.00215,measured,Experimental result as reported in the source.,,electrochemical,blanco1999_c2c4
C3H8_blanco1999_c2c4_062,C3H8,vapour,265.34,0.16,none,0,,0.00215,measured,Experimental result as reported in the source.,,electrochemical,blanco1999_c2c4
C3H8_blanco1999_c2c4_063,C3H8,vapour,266.82,0.18,none,0,,0.00215,measured,Experimental result as reported in the source.,,electrochemical,blanco1999_c2c4
C3H8_blanco1999_c2c4_064,C3H8,vapour,268.16,0.2,none,0,,0.00215,measured,Experimental result as reported in the source.,,electrochemical,blanco1999_c2c4
C3H8_blanco1999_c2c4_065,C3H8,vapour,269.44,0.22,none,0,,0.00215,measured,Experimental result as reported in the source.,,electrochemical,blanco1999_c2c4
C3H8_blanco1999_c2c4_066,C3H8,vapour,270.6,0.24,none,0,,0.00215,measured,Experimental result as reported in the source.,,electrochemical,blanco1999_c2c4
C3H8_blanco1999_c2c4_067,C3H8,vapour,271.72,0.26,none,0,,0.00215,measured,Experimental result as reported in the source.,,electrochemical,blanco1999_c2c4
C3H8_blanco1999_c2c4_068,C3H8,vapour,272.72,0.28,none,0,,0.00215,measured,Experimental result as reported in the source.,,electrochemical,blanco1999_c2c4
C3H8_blanco1999_c2c4_069,C3H8,vapour,273.67,0.3,none,0,,0.00215,measured,Experimental result as reported in the source.,,electrochemical,blanco1999_c2c4
C3H8_blanco1999_c2c4_070,C3H8,vapour,274.59,0.32,none,0,,0.00215,measured,Experimental result as reported in the source.,,electrochemical,blanco1999_c2c4
C3H8_blanco1999_c2c4_071,C3H8,vapour,275.38,0.34,none,0,,0.00215,measured,Experimental result as reported in the source.,,electrochemical,blanco1999_c2c4
C3H8_blanco1999_c2c4_072,C3H8,vapour,276.23,0.36,none,0,,0.00215,measured,Experimental result as reported in the source.,,electrochemical,blanco1999_c2c4
C3H8_blanco1999_c2c4_073,C3H8,vapour,277.02,0.381,none,0,,0.00215,measured,Experimental result as reported in the source.,,electrochemical,blanco1999_c2c4
C3H8_blanco1999_c2c4_074,C3H8,vapour,277.69,0.4,none,0,,0.00215,measured,Experimental result as reported in the source.,,electrochemical,blanco1999_c2c4
C3H8_blanco1999_c2c4_075,C3H8,vapour,278.49,0.421,none,0,,0.00215,measured,Experimental result as reported in the source.,,electrochemical,blanco1999_c2c4
C3H8_blanco1999_c2c4_076,C3H8,vapour,279.06,0.44,none,0,,0.00215,measured,Experimental result as reported in the source.,,electrochemical,blanco1999_c2c4
C3H8_blanco1999_c2c4_077,C3H8,vapour,279.71,0.46,none,0,,0.00215,measured,Experimental result as reported in the source.,,electrochemical,blanco1999_c2c4
C3H8_blanco1999_c2c4_078,C3H8,vapour,280.46,0.48,none,0,,0.00215,measured,Experimental result as reported in the source.,,electrochemical,blanco1999_c2c4
C3H8_blanco1999_c2c4_079,C3H8,vapour,280.87,0.499,none,0,,0.00215,measured,Experimental result as reported in the source.,,electrochemical,blanco1999_c2c4
C3H8_blanco1999_c2c4_080,C3H8,vapour,262.29,0.101,none,0,,0.00278,measured,Experimental result as reported in the source.,,electrochemical,blanco1999_c2c4
C3H8_blanco1999_c2c4_081,C3H8,vapour,264.44,0.121,none,0,,0.00278,measured,Experimental result as reported in the source.,,electrochemical,blanco1999_c2c4
C3H8_blanco1999_c2c4_082,C3H8,vapour,266.3,0.14,none,0,,0.00278,measured,Experimental result as reported in the source.,,electrochemical,blanco1999_c2c4
C3H8_blanco1999_c2c4_083,C3H8,vapour,268.07,0.16,none,0,,0.00278,measured,Experimental result as reported in the source.,,electrochemical,blanco1999_c2c4
C3H8_blanco1999_c2c4_084,C3H8,vapour,269.61,0.181,none,0,,0.00278,measured,Experimental result as reported in the source.,,electrochemical,blanco1999_c2c4
C3H8_blanco1999_c2c4_085,C3H8,vapour,271.05,0.2,none,0,,0.00278,measured,Experimental result as reported in the source.,,electrochemical,blanco1999_c2c4
C3H8_blanco1999_c2c4_086,C3H8,vapour,272.29,0.221,none,0,,0.00278,measured,Experimental result as reported in the source.,,electrochemical,blanco1999_c2c4
C3H8_blanco1999_c2c4_087,C3H8,vapour,273.4,0.24,none,0,,0.00278,measured,Experimental result as reported in the source.,,electrochemical,blanco1999_c2c4
C3H8_blanco1999_c2c4_088,C3H8,vapour,274.68,0.261,none,0,,0.00278,measured,Experimental result as reported in the source.,,electrochemical,blanco1999_c2c4
C3H8_blanco1999_c2c4_089,C3H8,vapour,275.65,0.28,none,0,,0.00278,measured,Experimental result as reported in the source.,,electrochemical,blanco1999_c2c4
C3H8_blanco1999_c2c4_090,C3H8,vapour,276.65,0.3,none,0,,0.00278,measured,Experimental result as reported in the source.,,electrochemical,blanco1999_c2c4
C3H8_blanco1999_c2c4_091,C3H8,vapour,277.48,0.32,none,0,,0.00278,measured,Experimental result as reported in the source.,,electrochemical,blanco1999_c2c4
C3H8_blanco1999_c2c4_092,C3H8,vapour,278.43,0.34,none,0,,0.00278,measured,Experimental result as reported in the source.,,electrochemical,blanco1999_c2c4
C3H8_blanco1999_c2c4_093,C3H8,vapour,279.19,0.361,none,0,,0.00278,measured,Experimental result as reported in the source.,,electrochemical,blanco1999_c2c4
C3H8_blanco1999_c2c4_094,C3H8,vapour,280.06,0.381,none,0,,0.00278,measured,Experimental result as reported in the source.,,electrochemical,blanco1999_c2c4
C3H8_blanco1999_c2c4_095,C3H8,vapour,280.84,0.401,none,0,,0.00278,measured,Experimental result as reported in the source.,,electrochemical,blanco1999_c2c4
C3H8_blanco1999_c2c4_096,C3H8,vapour,281.47,0.42,none,0,,0.00278,measured,Experimental result as reported in the source.,,electrochemical,blanco1999_c2c4
C3H8_blanco1999_c2c4_097,C3H8,vapour,282.16,0.441,none,0,,0.00278,measured,Experimental result as reported in the source.,,electrochemical,blanco1999_c2c4
C3H8_blanco1999_c2c4_098,C3H8,vapour,282.83,0.461,none,0,,0.00278,measured,Experimental result as reported in the source.,,electrochemical,blanco1999_c2c4
C3H8_blanco1999_c2c4_099,C3H8,vapour,283.55,0.481,none,0,,0.00278,measured,Experimental result as reported in the source.,,electrochemical,blanco1999_c2c4
C3H8_blanco1999_c2c4_100,C3H8,vapour,283.84,0.493,none,0,,0.00278,measured,Experimental result as reported in the source.,,electrochemical,blanco1999_c2c4
C3H8_songkobayashi1994_c2c4_001,C3H8,vapour,299.65,0.89631841,none,0,,0.003494,measured,Experimental result as reported in the source.,,analytical_sampling,songkobayashi1994_c2c4
C3H8_songkobayashi1994_c2c4_002,C3H8,liquid_hydrocarbon_or_co2,299.65,0.89631841,none,0,,0.000371,measured,Experimental result as reported in the source.,,analytical_sampling,songkobayashi1994_c2c4
C3H8_songkobayashi1994_c2c4_003,C3H8,vapour,292.65,0.81840766,none,0,,0.002668,measured,Experimental result as reported in the source.,,analytical_sampling,songkobayashi1994_c2c4
C3H8_songkobayashi1994_c2c4_004,C3H8,liquid_hydrocarbon_or_co2,292.65,0.81840766,none,0,,0.000259,measured,Experimental result as reported in the source.,,analytical_sampling,songkobayashi1994_c2c4
C3H8_songkobayashi1994_c2c4_005,C3H8,vapour,285.2611,0.67568619,none,0,,0.002028,measured,Experimental result as reported in the source.,,analytical_sampling,songkobayashi1994_c2c4
C3H8_songkobayashi1994_c2c4_006,C3H8,liquid_hydrocarbon_or_co2,285.2611,0.67568619,none,0,,0.000175,measured,Experimental result as reported in the source.,,analytical_sampling,songkobayashi1994_c2c4
C3H8_songkobayashi1994_c2c4_007,C3H8,liquid_hydrocarbon_or_co2,281.9833,0.62052813,none,0,,0.000161,measured,Experimental result as reported in the source.,,analytical_sampling,songkobayashi1994_c2c4
C3H8_songkobayashi1994_c2c4_008,C3H8,vapour,281.9833,0.62052813,none,0,,0.002,measured,Experimental result as reported in the source.,,analytical_sampling,songkobayashi1994_c2c4
C3H8_songkobayashi1994_c2c4_009,C3H8,liquid_hydrocarbon_or_co2,276.15,1.09626636,none,0,,0.000116,measured,Experimental result as reported in the source.,,analytical_sampling,songkobayashi1994_c2c4
C3H8_songkobayashi1994_c2c4_010,C3H8,liquid_hydrocarbon_or_co2,267.8722,1.09626636,none,0,,6e-05,measured,Experimental result as reported in the source.,,analytical_sampling,songkobayashi1994_c2c4
C3H8_songkobayashi1994_c2c4_011,C3H8,liquid_hydrocarbon_or_co2,264.3167,1.09626636,none,0,,4.5e-05,measured,Experimental result as reported in the source.,,analytical_sampling,songkobayashi1994_c2c4
C3H8_songkobayashi1994_c2c4_012,C3H8,liquid_hydrocarbon_or_co2,261.7611,1.09626636,none,0,,3.5e-05,measured,Experimental result as reported in the source.,,analytical_sampling,songkobayashi1994_c2c4
C3H8_songkobayashi1994_c2c4_013,C3H8,liquid_hydrocarbon_or_co2,255.5944,1.09626636,none,0,,2.1e-05,measured,Experimental result as reported in the source.,,analytical_sampling,songkobayashi1994_c2c4
C3H8_songkobayashi1994_c2c4_014,C3H8,liquid_hydrocarbon_or_co2,246.5389,1.09626636,none,0,,1e-05,measured,Experimental result as reported in the source.,printed_defect;suspect_value,analytical_sampling,songkobayashi1994_c2c4
C3H8_songkobayashi1994_c2c4_015,C3H8,liquid_hydrocarbon_or_co2,235.65,1.09626636,none,0,,4e-06,measured,Experimental result as reported in the source.,printed_defect;suspect_value,analytical_sampling,songkobayashi1994_c2c4
CH4_chapoy2003_ch4_001,CH4,vapour,283.08,1.006,none,0,,0.00124,measured,Experimental result as reported in the source.,from_compilation,analytical_sampling,chapoy2003_ch4
CH4_chapoy2003_ch4_002,CH4,vapour,283.08,6.03,none,0,,0.000292,measured,Experimental result as reported in the source.,from_compilation,analytical_sampling,chapoy2003_ch4
CH4_chapoy2003_ch4_003,CH4,vapour,288.11,1.044,none,0,,0.00178,measured,Experimental result as reported in the source.,from_compilation,analytical_sampling,chapoy2003_ch4
CH4_chapoy2003_ch4_004,CH4,vapour,288.11,6.023,none,0,,0.000382,measured,Experimental result as reported in the source.,from_compilation,analytical_sampling,chapoy2003_ch4
CH4_chapoy2003_ch4_005,CH4,vapour,288.11,10.03,none,0,,0.000273,measured,Experimental result as reported in the source.,from_compilation,analytical_sampling,chapoy2003_ch4
CH4_chapoy2003_ch4_006,CH4,vapour,293.11,0.992,none,0,,0.00236,measured,Experimental result as reported in the source.,from_compilation,analytical_sampling,chapoy2003_ch4
CH4_chapoy2003_ch4_007,CH4,vapour,293.11,5.77,none,0,,0.000483,measured,Experimental result as reported in the source.,from_compilation,analytical_sampling,chapoy2003_ch4
CH4_chapoy2003_ch4_008,CH4,vapour,293.11,9.52,none,0,,0.000338,measured,Experimental result as reported in the source.,from_compilation,analytical_sampling,chapoy2003_ch4
CH4_chapoy2003_ch4_009,CH4,vapour,293.11,17.68,none,0,,0.000267,measured,Experimental result as reported in the source.,from_compilation,analytical_sampling,chapoy2003_ch4
CH4_chapoy2003_ch4_010,CH4,vapour,298.11,1.01,none,0,,0.0033,measured,Experimental result as reported in the source.,from_compilation,analytical_sampling,chapoy2003_ch4
CH4_chapoy2003_ch4_011,CH4,vapour,298.11,6.39,none,0,,0.000631,measured,Experimental result as reported in the source.,from_compilation,analytical_sampling,chapoy2003_ch4
CH4_chapoy2003_ch4_012,CH4,vapour,298.11,10.07,none,0,,0.000471,measured,Experimental result as reported in the source.,from_compilation,analytical_sampling,chapoy2003_ch4
CH4_chapoy2003_ch4_013,CH4,vapour,298.11,17.52,none,0,,0.000355,measured,Experimental result as reported in the source.,from_compilation,analytical_sampling,chapoy2003_ch4
CH4_chapoy2003_ch4_014,CH4,vapour,298.11,25.15,none,0,,0.000313,measured,Experimental result as reported in the source.,from_compilation,analytical_sampling,chapoy2003_ch4
CH4_chapoy2003_ch4_015,CH4,vapour,298.11,34.42,none,0,,0.000265,measured,Experimental result as reported in the source.,from_compilation,analytical_sampling,chapoy2003_ch4
CH4_chapoy2003_ch4_016,CH4,vapour,303.11,1.1,none,0,,0.00444,measured,Experimental result as reported in the source.,from_compilation,analytical_sampling,chapoy2003_ch4
CH4_chapoy2003_ch4_017,CH4,vapour,303.11,6.06,none,0,,0.000889,measured,Experimental result as reported in the source.,from_compilation,analytical_sampling,chapoy2003_ch4
CH4_chapoy2003_ch4_018,CH4,vapour,303.11,9.84,none,0,,0.000625,measured,Experimental result as reported in the source.,from_compilation,analytical_sampling,chapoy2003_ch4
CH4_chapoy2003_ch4_019,CH4,vapour,303.11,17.5,none,0,,0.000456,measured,Experimental result as reported in the source.,from_compilation,analytical_sampling,chapoy2003_ch4
CH4_chapoy2003_ch4_020,CH4,vapour,303.11,25.06,none,0,,0.000371,measured,Experimental result as reported in the source.,from_compilation,analytical_sampling,chapoy2003_ch4
CH4_chapoy2003_ch4_021,CH4,vapour,303.11,34.56,none,0,,0.000331,measured,Experimental result as reported in the source.,from_compilation,analytical_sampling,chapoy2003_ch4
CH4_chapoy2003_ch4_022,CH4,vapour,308.11,1.1,none,0,,0.00582,measured,Experimental result as reported in the source.,from_compilation,analytical_sampling,chapoy2003_ch4
CH4_chapoy2003_ch4_023,CH4,vapour,308.11,5.99,none,0,,0.001114,measured,Experimental result as reported in the source.,from_compilation,analytical_sampling,chapoy2003_ch4
CH4_chapoy2003_ch4_024,CH4,vapour,308.11,9.84,none,0,,0.000807,measured,Experimental result as reported in the source.,from_compilation,analytical_sampling,chapoy2003_ch4
CH4_chapoy2003_ch4_025,CH4,vapour,308.11,17.49,none,0,,0.000577,measured,Experimental result as reported in the source.,from_compilation,analytical_sampling,chapoy2003_ch4
CH4_chapoy2003_ch4_026,CH4,vapour,308.11,25.09,none,0,,0.000495,measured,Experimental result as reported in the source.,from_compilation,analytical_sampling,chapoy2003_ch4
CH4_chapoy2003_ch4_027,CH4,vapour,308.11,34.58,none,0,,0.000447,measured,Experimental result as reported in the source.,from_compilation,analytical_sampling,chapoy2003_ch4
CH4_chapoy2003_ch4_028,CH4,vapour,313.12,1.1,none,0,,0.00746,measured,Experimental result as reported in the source.,from_compilation,analytical_sampling,chapoy2003_ch4
CH4_chapoy2003_ch4_029,CH4,vapour,313.12,6.056,none,0,,0.001516,measured,Experimental result as reported in the source.,from_compilation,analytical_sampling,chapoy2003_ch4
CH4_chapoy2003_ch4_030,CH4,vapour,313.12,9.98,none,0,,0.001045,measured,Experimental result as reported in the source.,from_compilation,analytical_sampling,chapoy2003_ch4
CH4_chapoy2003_ch4_031,CH4,vapour,313.12,17.47,none,0,,0.000715,measured,Experimental result as reported in the source.,from_compilation,analytical_sampling,chapoy2003_ch4
CH4_chapoy2003_ch4_032,CH4,vapour,313.12,25.17,none,0,,0.000626,measured,Experimental result as reported in the source.,from_compilation,analytical_sampling,chapoy2003_ch4
CH4_chapoy2003_ch4_033,CH4,vapour,313.12,34.61,none,0,,0.000575,measured,Experimental result as reported in the source.,from_compilation,analytical_sampling,chapoy2003_ch4
CH4_chapoy2003_ch4_034,CH4,vapour,318.12,1.003,none,0,,0.009894,measured,Experimental result as reported in the source.,from_compilation,analytical_sampling,chapoy2003_ch4
CH4_chapoy2003_ch4_035,CH4,vapour,318.12,6.017,none,0,,0.001985,measured,Experimental result as reported in the source.,from_compilation,analytical_sampling,chapoy2003_ch4
CH4_chapoy2003_ch4_036,CH4,vapour,318.12,10.01,none,0,,0.001326,measured,Experimental result as reported in the source.,from_compilation,analytical_sampling,chapoy2003_ch4
CH4_chapoy2003_ch4_037,CH4,vapour,318.12,17.5,none,0,,0.00089,measured,Experimental result as reported in the source.,from_compilation,analytical_sampling,chapoy2003_ch4
CH4_chapoy2003_ch4_038,CH4,vapour,318.12,25.12,none,0,,0.000763,measured,Experimental result as reported in the source.,from_compilation,analytical_sampling,chapoy2003_ch4
CH4_chapoy2003_ch4_039,CH4,vapour,318.12,34.61,none,0,,0.000691,measured,Experimental result as reported in the source.,from_compilation,analytical_sampling,chapoy2003_ch4
CH4_chapoy2005_ch4_001,CH4,vapour,278.0,0.491,none,0,,0.00173,measured,Experimental result as reported in the source.,from_compilation,chromatography,chapoy2005_ch4
CH4_chapoy2005_ch4_002,CH4,vapour,278.0,1.081,none,0,,0.00083,measured,Experimental result as reported in the source.,from_compilation,chromatography,chapoy2005_ch4
CH4_chapoy2005_ch4_003,CH4,vapour,278.0,2.196,none,0,,0.000436,measured,Experimental result as reported in the source.,from_compilation,chromatography,chapoy2005_ch4
CH4_chapoy2005_ch4_004,CH4,vapour,278.0,3.136,none,0,,0.000321,measured,Experimental result as reported in the source.,from_compilation,chromatography,chapoy2005_ch4
CH4_chapoy2005_ch4_005,CH4,vapour,283.0,0.493,none,0,,0.00264,measured,Experimental result as reported in the source.,from_compilation,chromatography,chapoy2005_ch4
CH4_chapoy2005_ch4_006,CH4,vapour,283.0,0.688,none,0,,0.00183,measured,Experimental result as reported in the source.,from_compilation,chromatography,chapoy2005_ch4
CH4_chapoy2005_ch4_007,CH4,vapour,283.0,1.081,none,0,,0.00122,measured,Experimental result as reported in the source.,from_compilation,chromatography,chapoy2005_ch4
CH4_chapoy2005_ch4_008,CH4,vapour,283.0,1.458,none,0,,0.000926,measured,Experimental result as reported in the source.,from_compilation,chromatography,chapoy2005_ch4
CH4_chapoy2005_ch4_009,CH4,vapour,283.0,2.822,none,0,,0.00053,measured,Experimental result as reported in the source.,from_compilation,chromatography,chapoy2005_ch4
CH4_chapoy2005_ch4_010,CH4,vapour,283.0,4.374,none,0,,0.000313,measured,Experimental result as reported in the source.,from_compilation,chromatography,chapoy2005_ch4
CH4_chapoy2005_ch4_011,CH4,vapour,288.0,0.993,none,0,,0.00185,measured,Experimental result as reported in the source.,from_compilation,chromatography,chapoy2005_ch4
CH4_chapoy2005_ch4_012,CH4,vapour,288.0,1.985,none,0,,0.000933,measured,Experimental result as reported in the source.,from_compilation,chromatography,chapoy2005_ch4
CH4_chapoy2005_ch4_013,CH4,vapour,288.0,2.393,none,0,,0.000775,measured,Experimental result as reported in the source.,from_compilation,chromatography,chapoy2005_ch4
CH4_chapoy2005_ch4_014,CH4,vapour,293.0,0.976,none,0,,0.00252,measured,Experimental result as reported in the source.,from_compilation,chromatography,chapoy2005_ch4
CH4_chapoy2005_ch4_015,CH4,vapour,293.0,2.69,none,0,,0.000926,measured,Experimental result as reported in the source.,from_compilation,chromatography,chapoy2005_ch4
CH4_chapoy2005_ch4_016,CH4,vapour,293.0,2.735,none,0,,0.000908,measured,Experimental result as reported in the source.,from_compilation,chromatography,chapoy2005_ch4
CH4_chapoy2005_ch4_017,CH4,vapour,293.0,3.667,none,0,,0.000703,measured,Experimental result as reported in the source.,from_compilation,chromatography,chapoy2005_ch4
CH4_chapoy2005_ch4_018,CH4,vapour,298.0,1.008,none,0,,0.0031,measured,Experimental result as reported in the source.,from_compilation,chromatography,chapoy2005_ch4
CH4_chapoy2005_ch4_019,CH4,vapour,298.0,2.342,none,0,,0.00144,measured,Experimental result as reported in the source.,from_compilation,chromatography,chapoy2005_ch4
CH4_chapoy2005_ch4_020,CH4,vapour,298.0,3.675,none,0,,0.001,measured,Experimental result as reported in the source.,from_compilation,chromatography,chapoy2005_ch4
CH4_chapoy2005_ch4_021,CH4,vapour,298.0,3.865,none,0,,0.000876,measured,Experimental result as reported in the source.,from_compilation,chromatography,chapoy2005_ch4
CH4_je400684k_ch4_023,CH4,vapour,283.89,5.01,none,0,,0.000298,measured,Experimental result as reported in the source.,,unstated,je400684k_ch4
CH4_je400684k_ch4_024,CH4,vapour,283.89,5.87,none,0,,0.000262,measured,Experimental result as reported in the source.,,unstated,je400684k_ch4
CH4_je400684k_ch4_025,CH4,vapour,283.89,4.78,none,0,,0.000441,measured,Experimental result as reported in the source.,,unstated,je400684k_ch4
CH4_je400684k_ch4_026,CH4,vapour,283.89,6.47,none,0,,0.000238,measured,Experimental result as reported in the source.,,unstated,je400684k_ch4
CH4_je400684k_ch4_027,CH4,vapour,283.89,7.41,none,0,,0.000225,measured,Experimental result as reported in the source.,,unstated,je400684k_ch4
CH4_je400684k_ch4_028,CH4,vapour,283.89,7.11,none,0,,0.000222,measured,Experimental result as reported in the source.,,unstated,je400684k_ch4
CH4_je400684k_ch4_029,CH4,vapour,298.31,5.11,none,0,,0.000985,measured,Experimental result as reported in the source.,,unstated,je400684k_ch4
CH4_je400684k_ch4_030,CH4,vapour,298.31,6.41,none,0,,0.000837,measured,Experimental result as reported in the source.,,unstated,je400684k_ch4
CH4_je400684k_ch4_031,CH4,vapour,298.31,8.45,none,0,,0.000687,measured,Experimental result as reported in the source.,,unstated,je400684k_ch4
CH4_je400684k_ch4_032,CH4,vapour,298.31,11.46,none,0,,0.000552,measured,Experimental result as reported in the source.,,unstated,je400684k_ch4
CH4_je400684k_ch4_033,CH4,vapour,298.31,15.48,none,0,,0.000445,measured,Experimental result as reported in the source.,,unstated,je400684k_ch4
CH4_je400684k_ch4_034,CH4,vapour,298.31,19.49,none,0,,0.000378,measured,Experimental result as reported in the source.,,unstated,je400684k_ch4
CH4_je400684k_ch4_035,CH4,vapour,313.11,5.48,none,0,,0.00169,measured,Experimental result as reported in the source.,,unstated,je400684k_ch4
CH4_je400684k_ch4_036,CH4,vapour,313.11,6.78,none,0,,0.00136,measured,Experimental result as reported in the source.,,unstated,je400684k_ch4
CH4_je400684k_ch4_037,CH4,vapour,313.11,8.15,none,0,,0.00118,measured,Experimental result as reported in the source.,,unstated,je400684k_ch4
CH4_je400684k_ch4_038,CH4,vapour,313.11,12.46,none,0,,0.000855,measured,Experimental result as reported in the source.,,unstated,je400684k_ch4
CH4_je400684k_ch4_039,CH4,vapour,313.11,16.78,none,0,,0.000682,measured,Experimental result as reported in the source.,,unstated,je400684k_ch4
CH4_je400684k_ch4_040,CH4,vapour,323.56,4.98,none,0,,0.00387,measured,Experimental result as reported in the source.,,unstated,je400684k_ch4
CH4_je400684k_ch4_041,CH4,vapour,323.56,6.49,none,0,,0.00335,measured,Experimental result as reported in the source.,,unstated,je400684k_ch4
CH4_je400684k_ch4_042,CH4,vapour,323.56,8.48,none,0,,0.00265,measured,Experimental result as reported in the source.,,unstated,je400684k_ch4
CH4_je400684k_ch4_043,CH4,vapour,323.56,11.49,none,0,,0.00224,measured,Experimental result as reported in the source.,,unstated,je400684k_ch4
CH4_je400684k_ch4_044,CH4,vapour,323.56,,none,0,,0.00197,measured,Experimental result as reported in the source.,,unstated,je400684k_ch4
CH4_je400684k_ch4_045,CH4,vapour,323.56,18.48,none,0,,0.00173,measured,Experimental result as reported in the source.,,unstated,je400684k_ch4
CH4_mahuang2017_ch4_037,CH4,vapour,353.0,30.0,mixed,0.23,NaHCO3,0.00345,measured,Experimental result as reported in the source.,,analytical_sampling,mahuang2017_ch4
CH4_mahuang2017_ch4_038,CH4,vapour,353.0,50.0,mixed,0.23,NaHCO3,0.00302,measured,Experimental result as reported in the source.,,analytical_sampling,mahuang2017_ch4
CH4_mahuang2017_ch4_039,CH4,vapour,353.0,70.0,mixed,0.23,NaHCO3,0.0026,measured,Experimental result as reported in the source.,,analytical_sampling,mahuang2017_ch4
CH4_mahuang2017_ch4_040,CH4,vapour,353.0,90.0,mixed,0.23,NaHCO3,0.00225,measured,Experimental result as reported in the source.,,analytical_sampling,mahuang2017_ch4
CH4_mahuang2017_ch4_041,CH4,vapour,353.0,110.0,mixed,0.23,NaHCO3,0.0019,measured,Experimental result as reported in the source.,,analytical_sampling,mahuang2017_ch4
CH4_mahuang2017_ch4_042,CH4,vapour,353.0,130.0,mixed,0.23,NaHCO3,0.00161,measured,Experimental result as reported in the source.,,analytical_sampling,mahuang2017_ch4
CH4_mahuang2017_ch4_043,CH4,vapour,373.0,30.0,mixed,0.23,NaHCO3,0.00662,measured,Experimental result as reported in the source.,,analytical_sampling,mahuang2017_ch4
CH4_mahuang2017_ch4_044,CH4,vapour,373.0,50.0,mixed,0.23,NaHCO3,0.00519,measured,Experimental result as reported in the source.,,analytical_sampling,mahuang2017_ch4
CH4_mahuang2017_ch4_045,CH4,vapour,373.0,70.0,mixed,0.23,NaHCO3,0.00401,measured,Experimental result as reported in the source.,,analytical_sampling,mahuang2017_ch4
CH4_mahuang2017_ch4_046,CH4,vapour,373.0,90.0,mixed,0.23,NaHCO3,0.00336,measured,Experimental result as reported in the source.,,analytical_sampling,mahuang2017_ch4
CH4_mahuang2017_ch4_047,CH4,vapour,373.0,110.0,mixed,0.23,NaHCO3,0.00295,measured,Experimental result as reported in the source.,,analytical_sampling,mahuang2017_ch4
CH4_mahuang2017_ch4_048,CH4,vapour,373.0,130.0,mixed,0.23,NaHCO3,0.0024,measured,Experimental result as reported in the source.,,analytical_sampling,mahuang2017_ch4
CH4_mahuang2017_ch4_049,CH4,vapour,393.0,30.0,mixed,0.23,NaHCO3,0.01154,measured,Experimental result as reported in the source.,,analytical_sampling,mahuang2017_ch4
CH4_mahuang2017_ch4_050,CH4,vapour,393.0,50.0,mixed,0.23,NaHCO3,0.00803,measured,Experimental result as reported in the source.,,analytical_sampling,mahuang2017_ch4
CH4_mahuang2017_ch4_051,CH4,vapour,393.0,70.0,mixed,0.23,NaHCO3,0.00644,measured,Experimental result as reported in the source.,,analytical_sampling,mahuang2017_ch4
CH4_mahuang2017_ch4_052,CH4,vapour,393.0,90.0,mixed,0.23,NaHCO3,0.00528,measured,Experimental result as reported in the source.,,analytical_sampling,mahuang2017_ch4
CH4_mahuang2017_ch4_053,CH4,vapour,393.0,110.0,mixed,0.23,NaHCO3,0.00452,measured,Experimental result as reported in the source.,,analytical_sampling,mahuang2017_ch4
CH4_mahuang2017_ch4_054,CH4,vapour,393.0,130.0,mixed,0.23,NaHCO3,0.00396,measured,Experimental result as reported in the source.,,analytical_sampling,mahuang2017_ch4
CH4_mahuang2017_ch4_055,CH4,vapour,413.0,30.0,mixed,0.23,NaHCO3,0.02104,measured,Experimental result as reported in the source.,,analytical_sampling,mahuang2017_ch4
CH4_mahuang2017_ch4_056,CH4,vapour,413.0,50.0,mixed,0.23,NaHCO3,0.01359,measured,Experimental result as reported in the source.,,analytical_sampling,mahuang2017_ch4
CH4_mahuang2017_ch4_057,CH4,vapour,413.0,70.0,mixed,0.23,NaHCO3,0.0108,measured,Experimental result as reported in the source.,,analytical_sampling,mahuang2017_ch4
CH4_mahuang2017_ch4_058,CH4,vapour,413.0,90.0,mixed,0.23,NaHCO3,0.00844,measured,Experimental result as reported in the source.,,analytical_sampling,mahuang2017_ch4
CH4_mahuang2017_ch4_059,CH4,vapour,413.0,110.0,mixed,0.23,NaHCO3,0.00767,measured,Experimental result as reported in the source.,,analytical_sampling,mahuang2017_ch4
CH4_mahuang2017_ch4_060,CH4,vapour,413.0,130.0,mixed,0.23,NaHCO3,0.00651,measured,Experimental result as reported in the source.,,analytical_sampling,mahuang2017_ch4
CH4_mahuang2017_ch4_061,CH4,vapour,433.0,30.0,mixed,0.23,NaHCO3,0.03599,measured,Experimental result as reported in the source.,,analytical_sampling,mahuang2017_ch4
CH4_mahuang2017_ch4_062,CH4,vapour,433.0,50.0,mixed,0.23,NaHCO3,0.02323,measured,Experimental result as reported in the source.,,analytical_sampling,mahuang2017_ch4
CH4_mahuang2017_ch4_063,CH4,vapour,433.0,70.0,mixed,0.23,NaHCO3,0.0185,measured,Experimental result as reported in the source.,,analytical_sampling,mahuang2017_ch4
CH4_mahuang2017_ch4_064,CH4,vapour,433.0,90.0,mixed,0.23,NaHCO3,0.01473,measured,Experimental result as reported in the source.,,analytical_sampling,mahuang2017_ch4
CH4_mahuang2017_ch4_065,CH4,vapour,433.0,110.0,mixed,0.23,NaHCO3,0.01237,measured,Experimental result as reported in the source.,,analytical_sampling,mahuang2017_ch4
CH4_mahuang2017_ch4_066,CH4,vapour,433.0,130.0,mixed,0.23,NaHCO3,0.01008,measured,Experimental result as reported in the source.,,analytical_sampling,mahuang2017_ch4
CH4_mahuang2017_ch4_067,CH4,vapour,453.0,30.0,mixed,0.23,NaHCO3,0.06047,measured,Experimental result as reported in the source.,,analytical_sampling,mahuang2017_ch4
CH4_mahuang2017_ch4_068,CH4,vapour,453.0,50.0,mixed,0.23,NaHCO3,0.03769,measured,Experimental result as reported in the source.,,analytical_sampling,mahuang2017_ch4
CH4_mahuang2017_ch4_069,CH4,vapour,453.0,70.0,mixed,0.23,NaHCO3,0.02793,measured,Experimental result as reported in the source.,,analytical_sampling,mahuang2017_ch4
CH4_mahuang2017_ch4_070,CH4,vapour,453.0,90.0,mixed,0.23,NaHCO3,0.02296,measured,Experimental result as reported in the source.,,analytical_sampling,mahuang2017_ch4
CH4_mahuang2017_ch4_071,CH4,vapour,453.0,110.0,mixed,0.23,NaHCO3,0.0187,measured,Experimental result as reported in the source.,,analytical_sampling,mahuang2017_ch4
CH4_mahuang2017_ch4_072,CH4,vapour,453.0,130.0,mixed,0.23,NaHCO3,0.01515,measured,Experimental result as reported in the source.,,analytical_sampling,mahuang2017_ch4
CH4_mckettakatz1948_ch4_001,CH4,vapour,310.9278,4.35059167,none,0,,0.00184,measured,Experimental result as reported in the source.,,analytical_sampling,mckettakatz1948_ch4
CH4_mckettakatz1948_ch4_002,CH4,liquid_hydrocarbon_or_co2,310.9278,4.35059167,none,0,,0.000838,measured,Experimental result as reported in the source.,,analytical_sampling,mckettakatz1948_ch4
CH4_mckettakatz1948_ch4_003,CH4,vapour,310.9278,1.39274091,none,0,,0.00508,measured,Experimental result as reported in the source.,,analytical_sampling,mckettakatz1948_ch4
CH4_mckettakatz1948_ch4_004,CH4,liquid_hydrocarbon_or_co2,310.9278,1.39274091,none,0,,0.000654,measured,Experimental result as reported in the source.,,analytical_sampling,mckettakatz1948_ch4
CH4_mckettakatz1948_ch4_005,CH4,vapour,310.9278,9.69402834,none,0,,0.001028,measured,Experimental result as reported in the source.,,analytical_sampling,mckettakatz1948_ch4
CH4_mckettakatz1948_ch4_006,CH4,liquid_hydrocarbon_or_co2,310.9278,9.69402834,none,0,,0.000864,measured,Experimental result as reported in the source.,,analytical_sampling,mckettakatz1948_ch4
CH4_mckettakatz1948_ch4_007,CH4,vapour,310.9278,6.7499671,none,0,,0.001315,measured,Experimental result as reported in the source.,,analytical_sampling,mckettakatz1948_ch4
CH4_mckettakatz1948_ch4_008,CH4,liquid_hydrocarbon_or_co2,310.9278,6.7499671,none,0,,0.000871,measured,Experimental result as reported in the source.,,analytical_sampling,mckettakatz1948_ch4
CH4_mckettakatz1948_ch4_009,CH4,vapour,310.9278,3.26811482,none,0,,0.002315,measured,Experimental result as reported in the source.,,analytical_sampling,mckettakatz1948_ch4
CH4_mckettakatz1948_ch4_010,CH4,liquid_hydrocarbon_or_co2,310.9278,3.26811482,none,0,,0.000809,measured,Experimental result as reported in the source.,,analytical_sampling,mckettakatz1948_ch4
CH4_mckettakatz1948_ch4_011,CH4,vapour,310.9278,1.46168848,none,0,,0.00485,measured,Experimental result as reported in the source.,,analytical_sampling,mckettakatz1948_ch4
CH4_mckettakatz1948_ch4_012,CH4,liquid_hydrocarbon_or_co2,310.9278,1.46168848,none,0,,0.000692,measured,Experimental result as reported in the source.,,analytical_sampling,mckettakatz1948_ch4
CH4_mckettakatz1948_ch4_013,CH4,vapour,310.9278,12.67256337,none,0,,0.000858,measured,Experimental result as reported in the source.,,analytical_sampling,mckettakatz1948_ch4
CH4_mckettakatz1948_ch4_014,CH4,liquid_hydrocarbon_or_co2,310.9278,12.67256337,none,0,,0.000824,measured,Experimental result as reported in the source.,,analytical_sampling,mckettakatz1948_ch4
CH4_mckettakatz1948_ch4_015,CH4,vapour,310.9278,13.1000383,none,0,,0.0008405,measured,Experimental result as reported in the source.,,analytical_sampling,mckettakatz1948_ch4
CH4_mckettakatz1948_ch4_016,CH4,liquid_hydrocarbon_or_co2,310.9278,13.1000383,none,0,,0.000831,measured,Experimental result as reported in the source.,,analytical_sampling,mckettakatz1948_ch4
CH4_mckettakatz1948_ch4_017,CH4,vapour,310.9278,13.16898587,none,0,,0.000831,measured,Experimental result as reported in the source.,,analytical_sampling,mckettakatz1948_ch4
CH4_mckettakatz1948_ch4_018,CH4,liquid_hydrocarbon_or_co2,310.9278,13.16898587,none,0,,0.000832,measured,Experimental result as reported in the source.,,analytical_sampling,mckettakatz1948_ch4
CH4_mckettakatz1948_ch4_019,CH4,vapour,310.9278,13.18277538,none,0,,0.000835,measured,Experimental result as reported in the source.,,analytical_sampling,mckettakatz1948_ch4
CH4_mckettakatz1948_ch4_020,CH4,liquid_hydrocarbon_or_co2,310.9278,13.18277538,none,0,,0.000835,measured,Experimental result as reported in the source.,,analytical_sampling,mckettakatz1948_ch4
CH4_mckettakatz1948_ch4_021,CH4,vapour,310.9278,12.96214316,none,0,,0.000841,measured,Experimental result as reported in the source.,,analytical_sampling,mckettakatz1948_ch4
CH4_mckettakatz1948_ch4_022,CH4,liquid_hydrocarbon_or_co2,310.9278,12.96214316,none,0,,0.000828,measured,Experimental result as reported in the source.,,analytical_sampling,mckettakatz1948_ch4
CH4_mckettakatz1948_ch4_023,CH4,vapour,310.9278,8.41160354,none,0,,0.00106,measured,Experimental result as reported in the source.,,analytical_sampling,mckettakatz1948_ch4
CH4_mckettakatz1948_ch4_024,CH4,liquid_hydrocarbon_or_co2,310.9278,8.41160354,none,0,,0.00082,measured,Experimental result as reported in the source.,,analytical_sampling,mckettakatz1948_ch4
CH4_mckettakatz1948_ch4_025,CH4,vapour,344.2611,11.60387603,none,0,,0.0038,measured,Experimental result as reported in the source.,,analytical_sampling,mckettakatz1948_ch4
CH4_mckettakatz1948_ch4_026,CH4,liquid_hydrocarbon_or_co2,344.2611,11.60387603,none,0,,0.0035,measured,Experimental result as reported in the source.,,analytical_sampling,mckettakatz1948_ch4
CH4_mckettakatz1948_ch4_027,CH4,vapour,344.2611,10.1973456,none,0,,0.004295,measured,Experimental result as reported in the source.,,analytical_sampling,mckettakatz1948_ch4
CH4_mckettakatz1948_ch4_028,CH4,liquid_hydrocarbon_or_co2,344.2611,10.1973456,none,0,,0.0035,measured,Experimental result as reported in the source.,,analytical_sampling,mckettakatz1948_ch4
CH4_mckettakatz1948_ch4_029,CH4,vapour,344.2611,7.04644165,none,0,,0.00539,measured,Experimental result as reported in the source.,,analytical_sampling,mckettakatz1948_ch4
CH4_mckettakatz1948_ch4_030,CH4,liquid_hydrocarbon_or_co2,344.2611,7.04644165,none,0,,0.00309,measured,Experimental result as reported in the source.,,analytical_sampling,mckettakatz1948_ch4
CH4_mckettakatz1948_ch4_031,CH4,liquid_hydrocarbon_or_co2,344.2611,3.68869499,none,0,,0.003,measured,Experimental result as reported in the source.,,analytical_sampling,mckettakatz1948_ch4
CH4_mckettakatz1948_ch4_032,CH4,vapour,344.2611,1.32379334,none,0,,0.0221,measured,Experimental result as reported in the source.,,analytical_sampling,mckettakatz1948_ch4
CH4_mckettakatz1948_ch4_033,CH4,liquid_hydrocarbon_or_co2,344.2611,1.32379334,none,0,,0.00242,measured,Experimental result as reported in the source.,,analytical_sampling,mckettakatz1948_ch4
CH4_mckettakatz1948_ch4_034,CH4,vapour,344.2611,11.27292769,none,0,,0.00398,measured,Experimental result as reported in the source.,,analytical_sampling,mckettakatz1948_ch4
CH4_mckettakatz1948_ch4_035,CH4,liquid_hydrocarbon_or_co2,344.2611,11.27292769,none,0,,0.00352,measured,Experimental result as reported in the source.,,analytical_sampling,mckettakatz1948_ch4
CH4_mckettakatz1948_ch4_036,CH4,vapour,344.2611,11.92103485,none,0,,0.00366,measured,Experimental result as reported in the source.,,analytical_sampling,mckettakatz1948_ch4
CH4_mckettakatz1948_ch4_037,CH4,liquid_hydrocarbon_or_co2,344.2611,11.92103485,none,0,,0.00355,measured,Experimental result as reported in the source.,,analytical_sampling,mckettakatz1948_ch4
CH4_mckettakatz1948_ch4_038,CH4,vapour,344.2611,7.24638961,none,0,,0.00538,measured,Experimental result as reported in the source.,,analytical_sampling,mckettakatz1948_ch4
CH4_mckettakatz1948_ch4_039,CH4,liquid_hydrocarbon_or_co2,344.2611,7.24638961,none,0,,0.00327,measured,Experimental result as reported in the source.,,analytical_sampling,mckettakatz1948_ch4
CH4_mckettakatz1948_ch4_040,CH4,vapour,344.2611,12.38298357,none,0,,0.00354,measured,Experimental result as reported in the source.,,analytical_sampling,mckettakatz1948_ch4
CH4_mckettakatz1948_ch4_041,CH4,liquid_hydrocarbon_or_co2,344.2611,12.38298357,none,0,,0.0037,measured,Experimental result as reported in the source.,,analytical_sampling,mckettakatz1948_ch4
CH4_mckettakatz1948_ch4_042,CH4,vapour,344.2611,4.16443323,none,0,,0.00782,measured,Experimental result as reported in the source.,,analytical_sampling,mckettakatz1948_ch4
CH4_mckettakatz1948_ch4_043,CH4,liquid_hydrocarbon_or_co2,344.2611,4.16443323,none,0,,0.0028,measured,Experimental result as reported in the source.,,analytical_sampling,mckettakatz1948_ch4
CH4_mckettakatz1948_ch4_044,CH4,vapour,344.2611,12.47951017,none,0,,0.00359,measured,Experimental result as reported in the source.,,analytical_sampling,mckettakatz1948_ch4
CH4_mckettakatz1948_ch4_045,CH4,liquid_hydrocarbon_or_co2,344.2611,12.47951017,none,0,,0.0036,measured,Experimental result as reported in the source.,,analytical_sampling,mckettakatz1948_ch4
CH4_mckettakatz1948_ch4_046,CH4,vapour,377.5944,8.55639344,none,0,,0.01535,measured,Experimental result as reported in the source.,,analytical_sampling,mckettakatz1948_ch4
CH4_mckettakatz1948_ch4_047,CH4,liquid_hydrocarbon_or_co2,377.5944,8.55639344,none,0,,0.01238,measured,Experimental result as reported in the source.,,analytical_sampling,mckettakatz1948_ch4
CH4_mckettakatz1948_ch4_048,CH4,vapour,377.5944,9.07350021,none,0,,0.01485,measured,Experimental result as reported in the source.,,analytical_sampling,mckettakatz1948_ch4
CH4_mckettakatz1948_ch4_049,CH4,liquid_hydrocarbon_or_co2,377.5944,9.07350021,none,0,,0.01255,measured,Experimental result as reported in the source.,,analytical_sampling,mckettakatz1948_ch4
CH4_mckettakatz1948_ch4_050,CH4,liquid_hydrocarbon_or_co2,377.5944,7.34981096,none,0,,0.01148,measured,Experimental result as reported in the source.,,analytical_sampling,mckettakatz1948_ch4
CH4_mckettakatz1948_ch4_051,CH4,vapour,377.5944,5.89501724,none,0,,0.02145,measured,Experimental result as reported in the source.,,analytical_sampling,mckettakatz1948_ch4
CH4_mckettakatz1948_ch4_052,CH4,liquid_hydrocarbon_or_co2,377.5944,5.89501724,none,0,,0.01108,measured,Experimental result as reported in the source.,,analytical_sampling,mckettakatz1948_ch4
CH4_mckettakatz1948_ch4_053,CH4,vapour,377.5944,3.4473785,none,0,,0.0324,measured,Experimental result as reported in the source.,,analytical_sampling,mckettakatz1948_ch4
CH4_mckettakatz1948_ch4_054,CH4,liquid_hydrocarbon_or_co2,377.5944,3.4473785,none,0,,0.0098,measured,Experimental result as reported in the source.,,analytical_sampling,mckettakatz1948_ch4
CH4_mckettakatz1948_ch4_055,CH4,vapour,377.5944,2.33042787,none,0,,0.04365,measured,Experimental result as reported in the source.,,analytical_sampling,mckettakatz1948_ch4
CH4_mckettakatz1948_ch4_056,CH4,liquid_hydrocarbon_or_co2,377.5944,2.33042787,none,0,,0.00882,measured,Experimental result as reported in the source.,,analytical_sampling,mckettakatz1948_ch4
CH4_mckettakatz1948_ch4_057,CH4,vapour,377.5944,10.48003064,none,0,,0.01298,measured,Experimental result as reported in the source.,,analytical_sampling,mckettakatz1948_ch4
CH4_mckettakatz1948_ch4_058,CH4,liquid_hydrocarbon_or_co2,377.5944,10.48003064,none,0,,0.01288,measured,Experimental result as reported in the source.,,analytical_sampling,mckettakatz1948_ch4
CH4_mckettakatz1948_ch4_059,CH4,vapour,377.5944,10.06634522,none,0,,0.0136,measured,Experimental result as reported in the source.,,analytical_sampling,mckettakatz1948_ch4
CH4_mckettakatz1948_ch4_060,CH4,liquid_hydrocarbon_or_co2,377.5944,10.06634522,none,0,,0.01172,measured,Experimental result as reported in the source.,,analytical_sampling,mckettakatz1948_ch4
CH4_mckettakatz1948_ch4_061,CH4,vapour,377.5944,4.48848681,none,0,,0.0287,measured,Experimental result as reported in the source.,,analytical_sampling,mckettakatz1948_ch4
CH4_mckettakatz1948_ch4_062,CH4,liquid_hydrocarbon_or_co2,377.5944,4.48848681,none,0,,0.102,measured,Experimental result as reported in the source.,,analytical_sampling,mckettakatz1948_ch4
CH4_mckettakatz1948_ch4_063,CH4,vapour,377.5944,2.07532186,none,0,,0.0494,measured,Experimental result as reported in the source.,,analytical_sampling,mckettakatz1948_ch4
CH4_mckettakatz1948_ch4_064,CH4,liquid_hydrocarbon_or_co2,377.5944,2.07532186,none,0,,0.0088,measured,Experimental result as reported in the source.,,analytical_sampling,mckettakatz1948_ch4
CH4_mckettakatz1948_ch4_065,CH4,vapour,377.5944,10.33524074,none,0,,0.01348,measured,Experimental result as reported in the source.,,analytical_sampling,mckettakatz1948_ch4
CH4_mckettakatz1948_ch4_066,CH4,liquid_hydrocarbon_or_co2,377.5944,10.33524074,none,0,,0.01276,measured,Experimental result as reported in the source.,,analytical_sampling,mckettakatz1948_ch4
CH4_mckettakatz1948_ch4_067,CH4,vapour,410.9278,4.5850134,none,0,,0.0606,measured,Experimental result as reported in the source.,,analytical_sampling,mckettakatz1948_ch4
CH4_mckettakatz1948_ch4_068,CH4,liquid_hydrocarbon_or_co2,410.9278,4.5850134,none,0,,0.0341,measured,Experimental result as reported in the source.,,analytical_sampling,mckettakatz1948_ch4
CH4_mckettakatz1948_ch4_069,CH4,vapour,410.9278,6.17080751,none,0,,0.0485,measured,Experimental result as reported in the source.,,analytical_sampling,mckettakatz1948_ch4
CH4_mckettakatz1948_ch4_070,CH4,liquid_hydrocarbon_or_co2,410.9278,6.17080751,none,0,,0.04285,measured,Experimental result as reported in the source.,,analytical_sampling,mckettakatz1948_ch4
CH4_mckettakatz1948_ch4_071,CH4,vapour,410.9278,4.96422504,none,0,,0.05725,measured,Experimental result as reported in the source.,,analytical_sampling,mckettakatz1948_ch4
CH4_mckettakatz1948_ch4_072,CH4,liquid_hydrocarbon_or_co2,410.9278,4.96422504,none,0,,0.03705,measured,Experimental result as reported in the source.,,analytical_sampling,mckettakatz1948_ch4
CH4_mckettakatz1948_ch4_073,CH4,vapour,410.9278,3.4473785,none,0,,0.0718,measured,Experimental result as reported in the source.,,analytical_sampling,mckettakatz1948_ch4
CH4_mckettakatz1948_ch4_074,CH4,liquid_hydrocarbon_or_co2,410.9278,3.4473785,none,0,,0.0274,measured,Experimental result as reported in the source.,,analytical_sampling,mckettakatz1948_ch4
CH4_mckettakatz1948_ch4_075,CH4,vapour,410.9278,6.53622964,none,0,,0.0439,measured,Experimental result as reported in the source.,,analytical_sampling,mckettakatz1948_ch4
CH4_mckettakatz1948_ch4_076,CH4,liquid_hydrocarbon_or_co2,410.9278,6.53622964,none,0,,0.0456,measured,Experimental result as reported in the source.,,analytical_sampling,mckettakatz1948_ch4
CH4_mckettakatz1948_ch4_077,CH4,vapour,410.9278,5.55027938,none,0,,0.0536,measured,Experimental result as reported in the source.,,analytical_sampling,mckettakatz1948_ch4
CH4_mckettakatz1948_ch4_078,CH4,liquid_hydrocarbon_or_co2,410.9278,5.55027938,none,0,,0.03815,measured,Experimental result as reported in the source.,,analytical_sampling,mckettakatz1948_ch4
CH4_mckettakatz1948_ch4_079,CH4,vapour,410.9278,4.19201226,none,0,,0.066,measured,Experimental result as reported in the source.,,analytical_sampling,mckettakatz1948_ch4
CH4_mckettakatz1948_ch4_080,CH4,liquid_hydrocarbon_or_co2,410.9278,4.19201226,none,0,,0.0318,measured,Experimental result as reported in the source.,,analytical_sampling,mckettakatz1948_ch4
CH4_mckettakatz1948_ch4_081,CH4,vapour,310.9278,24.26954464,none,0,,0.000656,measured,Experimental result as reported in the source.,,analytical_sampling,mckettakatz1948_ch4
CH4_mckettakatz1948_ch4_082,CH4,vapour,310.9278,20.65669197,none,0,,0.00065,measured,Experimental result as reported in the source.,,analytical_sampling,mckettakatz1948_ch4
CH4_mckettakatz1948_ch4_083,CH4,vapour,310.9278,13.77572449,none,0,,0.000804,measured,Experimental result as reported in the source.,,analytical_sampling,mckettakatz1948_ch4
CH4_mckettakatz1948_ch4_084,CH4,vapour,310.9278,20.65669197,none,0,,0.000639,measured,Experimental result as reported in the source.,,analytical_sampling,mckettakatz1948_ch4
CH4_mckettakatz1948_ch4_085,CH4,vapour,344.2611,20.80837663,none,0,,0.00274,measured,Experimental result as reported in the source.,,analytical_sampling,mckettakatz1948_ch4
CH4_mckettakatz1948_ch4_086,CH4,vapour,344.2611,14.12046234,none,0,,0.00328,measured,Experimental result as reported in the source.,,analytical_sampling,mckettakatz1948_ch4
CH4_mckettakatz1948_ch4_087,CH4,vapour,344.2611,20.32574364,none,0,,0.0027,measured,Experimental result as reported in the source.,,analytical_sampling,mckettakatz1948_ch4
CH4_mckettakatz1948_ch4_088,CH4,vapour,344.2611,13.70677692,none,0,,0.00339,measured,Experimental result as reported in the source.,,analytical_sampling,mckettakatz1948_ch4
CH4_mckettakatz1948_ch4_089,CH4,vapour,344.2611,20.67048149,none,0,,0.00254,measured,Experimental result as reported in the source.,,analytical_sampling,mckettakatz1948_ch4
CH4_mckettakatz1948_ch4_090,CH4,vapour,344.2611,13.72056643,none,0,,0.00316,measured,Experimental result as reported in the source.,,analytical_sampling,mckettakatz1948_ch4
CH4_mckettakatz1948_ch4_091,CH4,vapour,377.5944,20.67048149,none,0,,0.00795,measured,Experimental result as reported in the source.,,analytical_sampling,mckettakatz1948_ch4
CH4_mckettakatz1948_ch4_092,CH4,vapour,377.5944,13.78261924,none,0,,0.01056,measured,Experimental result as reported in the source.,,analytical_sampling,mckettakatz1948_ch4
CH4_mckettakatz1948_ch4_093,CH4,vapour,377.5944,20.65669197,none,0,,0.00718,measured,Experimental result as reported in the source.,,analytical_sampling,mckettakatz1948_ch4
CH4_mckettakatz1948_ch4_094,CH4,vapour,410.9278,20.67048149,none,0,,0.0193,measured,Experimental result as reported in the source.,,analytical_sampling,mckettakatz1948_ch4
CH4_mckettakatz1948_ch4_095,CH4,vapour,410.9278,13.78261924,none,0,,0.0253,measured,Experimental result as reported in the source.,,analytical_sampling,mckettakatz1948_ch4
CH4_mckettakatz1948_ch4_096,CH4,vapour,410.9278,20.67048149,none,0,,0.0177,measured,Experimental result as reported in the source.,,analytical_sampling,mckettakatz1948_ch4
CH4_mohammadi2004_ch4_001,CH4,vapour,282.98,1.147,none,0,,0.001143,measured,Experimental result as reported in the source.,from_compilation,analytical_sampling,mohammadi2004_ch4
CH4_mohammadi2004_ch4_002,CH4,vapour,283.08,1.005,none,0,,0.00124,measured,Experimental result as reported in the source.,from_compilation,analytical_sampling,mohammadi2004_ch4
CH4_mohammadi2004_ch4_003,CH4,vapour,283.15,1.003,none,0,,0.00126,measured,Experimental result as reported in the source.,from_compilation,analytical_sampling,mohammadi2004_ch4
CH4_mohammadi2004_ch4_004,CH4,vapour,288.11,1.0,none,0,,0.00178,measured,Experimental result as reported in the source.,from_compilation,analytical_sampling,mohammadi2004_ch4
CH4_mohammadi2004_ch4_005,CH4,vapour,288.15,1.005,none,0,,0.00177,measured,Experimental result as reported in the source.,from_compilation,analytical_sampling,mohammadi2004_ch4
CH4_mohammadi2004_ch4_006,CH4,vapour,293.01,0.51,none,0,,0.00464,measured,Experimental result as reported in the source.,from_compilation,analytical_sampling,mohammadi2004_ch4
CH4_mohammadi2004_ch4_007,CH4,vapour,293.01,0.992,none,0,,0.00241,measured,Experimental result as reported in the source.,from_compilation,analytical_sampling,mohammadi2004_ch4
CH4_mohammadi2004_ch4_008,CH4,vapour,293.01,2.051,none,0,,0.00117,measured,Experimental result as reported in the source.,from_compilation,analytical_sampling,mohammadi2004_ch4
CH4_mohammadi2004_ch4_009,CH4,vapour,293.11,0.99,none,0,,0.0024,measured,Experimental result as reported in the source.,from_compilation,analytical_sampling,mohammadi2004_ch4
CH4_mohammadi2004_ch4_010,CH4,vapour,297.97,0.563,none,0,,0.00569,measured,Experimental result as reported in the source.,from_compilation,analytical_sampling,mohammadi2004_ch4
CH4_mohammadi2004_ch4_011,CH4,vapour,298.0,1.697,none,0,,0.001959,measured,Experimental result as reported in the source.,from_compilation,analytical_sampling,mohammadi2004_ch4
CH4_mohammadi2004_ch4_012,CH4,vapour,298.01,0.608,none,0,,0.005193,measured,Experimental result as reported in the source.,from_compilation,analytical_sampling,mohammadi2004_ch4
CH4_mohammadi2004_ch4_013,CH4,vapour,298.01,2.846,none,0,,0.001218,measured,Experimental result as reported in the source.,from_compilation,analytical_sampling,mohammadi2004_ch4
CH4_mohammadi2004_ch4_014,CH4,vapour,298.11,1.01,none,0,,0.00327,measured,Experimental result as reported in the source.,from_compilation,analytical_sampling,mohammadi2004_ch4
CH4_mohammadi2004_ch4_015,CH4,vapour,303.11,1.03,none,0,,0.0044,measured,Experimental result as reported in the source.,from_compilation,analytical_sampling,mohammadi2004_ch4
CH4_mohammadi2004_ch4_016,CH4,vapour,308.11,0.99,none,0,,0.00582,measured,Experimental result as reported in the source.,from_compilation,analytical_sampling,mohammadi2004_ch4
CH4_mohammadi2004_ch4_017,CH4,vapour,313.12,1.09,none,0,,0.00734,measured,Experimental result as reported in the source.,from_compilation,analytical_sampling,mohammadi2004_ch4
CH4_olds1942_ch4_001,CH4,vapour,310.9278,13.7157401,none,0,,0.000671,measured,Experimental result as reported in the source.,,analytical_sampling,olds1942_ch4
CH4_olds1942_ch4_002,CH4,vapour,310.9278,13.48545522,none,0,,0.000671,measured,Experimental result as reported in the source.,,analytical_sampling,olds1942_ch4
CH4_olds1942_ch4_003,CH4,vapour,310.9278,20.86215573,none,0,,0.00063,measured,Experimental result as reported in the source.,,analytical_sampling,olds1942_ch4
CH4_olds1942_ch4_004,CH4,vapour,310.9278,20.81802929,none,0,,0.000645,measured,Experimental result as reported in the source.,,analytical_sampling,olds1942_ch4
CH4_olds1942_ch4_005,CH4,vapour,310.9278,8.61568835,none,0,,0.001467,measured,Experimental result as reported in the source.,,analytical_sampling,olds1942_ch4
CH4_olds1942_ch4_006,CH4,vapour,310.9278,8.31094009,none,0,,0.001278,measured,Experimental result as reported in the source.,,analytical_sampling,olds1942_ch4
CH4_olds1942_ch4_007,CH4,vapour,310.9278,41.7119009,none,0,,0.000484,measured,Experimental result as reported in the source.,,analytical_sampling,olds1942_ch4
CH4_olds1942_ch4_008,CH4,vapour,310.9278,34.66476977,none,0,,0.000506,measured,Experimental result as reported in the source.,,analytical_sampling,olds1942_ch4
CH4_olds1942_ch4_009,CH4,vapour,310.9278,27.91756057,none,0,,0.000423,measured,Experimental result as reported in the source.,,analytical_sampling,olds1942_ch4
CH4_olds1942_ch4_010,CH4,vapour,310.9278,62.3451507,none,0,,0.000408,measured,Experimental result as reported in the source.,,analytical_sampling,olds1942_ch4
CH4_olds1942_ch4_011,CH4,vapour,310.9278,55.36283028,none,0,,0.000427,measured,Experimental result as reported in the source.,,analytical_sampling,olds1942_ch4
CH4_olds1942_ch4_012,CH4,vapour,310.9278,48.52185239,none,0,,0.000423,measured,Experimental result as reported in the source.,,analytical_sampling,olds1942_ch4
CH4_olds1942_ch4_013,CH4,vapour,344.2611,68.15467295,none,0,,0.001692,measured,Experimental result as reported in the source.,,analytical_sampling,olds1942_ch4
CH4_olds1942_ch4_014,CH4,vapour,344.2611,41.79394851,none,0,,0.00189,measured,Experimental result as reported in the source.,,analytical_sampling,olds1942_ch4
CH4_olds1942_ch4_015,CH4,vapour,344.2611,35.15222909,none,0,,0.002128,measured,Experimental result as reported in the source.,,analytical_sampling,olds1942_ch4
CH4_olds1942_ch4_016,CH4,vapour,344.2611,28.20507194,none,0,,0.002301,measured,Experimental result as reported in the source.,,analytical_sampling,olds1942_ch4
CH4_olds1942_ch4_017,CH4,vapour,344.2611,21.06348263,none,0,,0.002721,measured,Experimental result as reported in the source.,,analytical_sampling,olds1942_ch4
CH4_olds1942_ch4_018,CH4,vapour,344.2611,14.39901052,none,0,,0.003394,measured,Experimental result as reported in the source.,,analytical_sampling,olds1942_ch4
CH4_olds1942_ch4_019,CH4,vapour,344.2611,9.64507557,none,0,,0.004503,measured,Experimental result as reported in the source.,,analytical_sampling,olds1942_ch4
CH4_olds1942_ch4_020,CH4,vapour,344.2611,6.28939734,none,0,,0.006417,measured,Experimental result as reported in the source.,,analytical_sampling,olds1942_ch4
CH4_olds1942_ch4_021,CH4,vapour,344.2611,2.67240781,none,0,,0.01335,measured,Experimental result as reported in the source.,,analytical_sampling,olds1942_ch4
CH4_olds1942_ch4_022,CH4,vapour,377.5944,27.90101315,none,0,,0.007123,measured,Experimental result as reported in the source.,,analytical_sampling,olds1942_ch4
CH4_olds1942_ch4_023,CH4,vapour,377.5944,20.92282959,none,0,,0.008459,measured,Experimental result as reported in the source.,,analytical_sampling,olds1942_ch4
CH4_olds1942_ch4_024,CH4,vapour,377.5944,13.81019827,none,0,,0.0112,measured,Experimental result as reported in the source.,,analytical_sampling,olds1942_ch4
CH4_olds1942_ch4_025,CH4,vapour,377.5944,6.59069822,none,0,,0.02069,measured,Experimental result as reported in the source.,,analytical_sampling,olds1942_ch4
CH4_olds1942_ch4_026,CH4,vapour,377.5944,68.38771573,none,0,,0.004722,measured,Experimental result as reported in the source.,,analytical_sampling,olds1942_ch4
CH4_olds1942_ch4_027,CH4,vapour,377.5944,62.33136118,none,0,,0.00462,measured,Experimental result as reported in the source.,,analytical_sampling,olds1942_ch4
CH4_olds1942_ch4_028,CH4,vapour,377.5944,54.72506526,none,0,,0.005238,measured,Experimental result as reported in the source.,,analytical_sampling,olds1942_ch4
CH4_olds1942_ch4_029,CH4,vapour,377.5944,48.2605411,none,0,,0.005336,measured,Experimental result as reported in the source.,,analytical_sampling,olds1942_ch4
CH4_olds1942_ch4_030,CH4,vapour,377.5944,41.78153794,none,0,,0.005788,measured,Experimental result as reported in the source.,,analytical_sampling,olds1942_ch4
CH4_olds1942_ch4_031,CH4,vapour,377.5944,35.41147195,none,0,,0.006253,measured,Experimental result as reported in the source.,,analytical_sampling,olds1942_ch4
CH4_olds1942_ch4_032,CH4,vapour,377.5944,62.2541399,none,0,,0.004882,measured,Experimental result as reported in the source.,,analytical_sampling,olds1942_ch4
CH4_olds1942_ch4_033,CH4,vapour,377.5944,55.87993706,none,0,,0.004943,measured,Experimental result as reported in the source.,,analytical_sampling,olds1942_ch4
CH4_olds1942_ch4_034,CH4,vapour,377.5944,9.31550618,none,0,,0.01545,measured,Experimental result as reported in the source.,,analytical_sampling,olds1942_ch4
CH4_olds1942_ch4_035,CH4,vapour,377.5944,2.98680873,none,0,,0.04281,measured,Experimental result as reported in the source.,,analytical_sampling,olds1942_ch4
CH4_olds1942_ch4_036,CH4,vapour,410.9278,68.86069606,none,0,,0.01206,measured,Experimental result as reported in the source.,,analytical_sampling,olds1942_ch4
CH4_olds1942_ch4_037,CH4,vapour,410.9278,62.20449765,none,0,,0.01253,measured,Experimental result as reported in the source.,,analytical_sampling,olds1942_ch4
CH4_olds1942_ch4_038,CH4,vapour,410.9278,55.46004636,none,0,,0.01345,measured,Experimental result as reported in the source.,,analytical_sampling,olds1942_ch4
CH4_olds1942_ch4_039,CH4,vapour,410.9278,48.33500447,none,0,,0.01437,measured,Experimental result as reported in the source.,,analytical_sampling,olds1942_ch4
CH4_olds1942_ch4_040,CH4,vapour,410.9278,42.10697047,none,0,,0.01545,measured,Experimental result as reported in the source.,,analytical_sampling,olds1942_ch4
CH4_olds1942_ch4_041,CH4,vapour,410.9278,35.58659878,none,0,,0.01671,measured,Experimental result as reported in the source.,,analytical_sampling,olds1942_ch4
CH4_olds1942_ch4_042,CH4,vapour,410.9278,28.16163497,none,0,,0.01898,measured,Experimental result as reported in the source.,,analytical_sampling,olds1942_ch4
CH4_olds1942_ch4_043,CH4,vapour,410.9278,14.06599376,none,0,,0.03152,measured,Experimental result as reported in the source.,,analytical_sampling,olds1942_ch4
CH4_olds1942_ch4_044,CH4,vapour,410.9278,9.86984465,none,0,,0.04145,measured,Experimental result as reported in the source.,,analytical_sampling,olds1942_ch4
CH4_olds1942_ch4_045,CH4,vapour,410.9278,6.5458823,none,0,,0.05899,measured,Experimental result as reported in the source.,,analytical_sampling,olds1942_ch4
CH4_olds1942_ch4_046,CH4,vapour,410.9278,3.40600996,none,0,,0.11083,measured,Experimental result as reported in the source.,,analytical_sampling,olds1942_ch4
CH4_olds1942_ch4_047,CH4,vapour,444.2611,34.57789583,none,0,,0.03835,measured,Experimental result as reported in the source.,,analytical_sampling,olds1942_ch4
CH4_olds1942_ch4_048,CH4,vapour,444.2611,28.15956654,none,0,,0.04384,measured,Experimental result as reported in the source.,,analytical_sampling,olds1942_ch4
CH4_olds1942_ch4_049,CH4,vapour,444.2611,21.1806935,none,0,,0.05362,measured,Experimental result as reported in the source.,,analytical_sampling,olds1942_ch4
CH4_olds1942_ch4_050,CH4,vapour,444.2611,14.23698373,none,0,,0.07106,measured,Experimental result as reported in the source.,,analytical_sampling,olds1942_ch4
CH4_olds1942_ch4_051,CH4,vapour,444.2611,8.7446203,none,0,,0.10935,measured,Experimental result as reported in the source.,,analytical_sampling,olds1942_ch4
CH4_olds1942_ch4_052,CH4,vapour,444.2611,3.44186269,none,0,,0.25334,measured,Experimental result as reported in the source.,,analytical_sampling,olds1942_ch4
CH4_olds1942_ch4_053,CH4,vapour,444.2611,68.87517505,none,0,,0.02616,measured,Experimental result as reported in the source.,,analytical_sampling,olds1942_ch4
CH4_olds1942_ch4_054,CH4,vapour,444.2611,62.44857205,none,0,,0.02765,measured,Experimental result as reported in the source.,,analytical_sampling,olds1942_ch4
CH4_olds1942_ch4_055,CH4,vapour,444.2611,55.75721038,none,0,,0.02971,measured,Experimental result as reported in the source.,,analytical_sampling,olds1942_ch4
CH4_olds1942_ch4_056,CH4,vapour,444.2611,48.76454783,none,0,,0.03154,measured,Experimental result as reported in the source.,,analytical_sampling,olds1942_ch4
CH4_olds1942_ch4_057,CH4,vapour,444.2611,41.87185926,none,0,,0.03457,measured,Experimental result as reported in the source.,,analytical_sampling,olds1942_ch4
CH4_olds1942_ch4_058,CH4,vapour,477.5944,34.80128596,none,0,,0.07961,measured,Experimental result as reported in the source.,,analytical_sampling,olds1942_ch4
CH4_olds1942_ch4_059,CH4,vapour,477.5944,20.79113973,none,0,,0.1136,measured,Experimental result as reported in the source.,,analytical_sampling,olds1942_ch4
CH4_olds1942_ch4_060,CH4,vapour,477.5944,14.04530948,none,0,,0.15418,measured,Experimental result as reported in the source.,,analytical_sampling,olds1942_ch4
CH4_olds1942_ch4_061,CH4,vapour,477.5944,8.82597844,none,0,,0.22827,measured,Experimental result as reported in the source.,,analytical_sampling,olds1942_ch4
CH4_olds1942_ch4_062,CH4,vapour,477.5944,6.41350296,none,0,,0.30267,measured,Experimental result as reported in the source.,,analytical_sampling,olds1942_ch4
CH4_olds1942_ch4_063,CH4,vapour,477.5944,3.36326246,none,0,,0.55557,measured,Experimental result as reported in the source.,,analytical_sampling,olds1942_ch4
CH4_olds1942_ch4_064,CH4,vapour,477.5944,68.73383253,none,0,,0.05328,measured,Experimental result as reported in the source.,,analytical_sampling,olds1942_ch4
CH4_olds1942_ch4_065,CH4,vapour,477.5944,62.58026191,none,0,,0.0563,measured,Experimental result as reported in the source.,,analytical_sampling,olds1942_ch4
CH4_olds1942_ch4_066,CH4,vapour,477.5944,55.6744733,none,0,,0.06082,measured,Experimental result as reported in the source.,,analytical_sampling,olds1942_ch4
CH4_olds1942_ch4_067,CH4,vapour,477.5944,48.52598924,none,0,,0.06519,measured,Experimental result as reported in the source.,,analytical_sampling,olds1942_ch4
CH4_olds1942_ch4_068,CH4,vapour,477.5944,41.43197376,none,0,,0.07024,measured,Experimental result as reported in the source.,,analytical_sampling,olds1942_ch4
CH4_olds1942_ch4_069,CH4,vapour,510.9278,53.94319982,none,0,,0.11189,measured,Experimental result as reported in the source.,,analytical_sampling,olds1942_ch4
CH4_olds1942_ch4_070,CH4,vapour,510.9278,62.49959325,none,0,,0.10641,measured,Experimental result as reported in the source.,,analytical_sampling,olds1942_ch4
CH4_olds1942_ch4_071,CH4,vapour,510.9278,48.53219452,none,0,,0.12391,measured,Experimental result as reported in the source.,,analytical_sampling,olds1942_ch4
CH4_olds1942_ch4_072,CH4,vapour,510.9278,41.69328505,none,0,,0.13388,measured,Experimental result as reported in the source.,,analytical_sampling,olds1942_ch4
CH4_olds1942_ch4_073,CH4,vapour,510.9278,35.6031462,none,0,,0.14889,measured,Experimental result as reported in the source.,,analytical_sampling,olds1942_ch4
CH4_olds1942_ch4_074,CH4,vapour,510.9278,27.68520726,none,0,,0.17565,measured,Experimental result as reported in the source.,,analytical_sampling,olds1942_ch4
CH4_olds1942_ch4_075,CH4,vapour,510.9278,21.00625615,none,0,,0.21287,measured,Experimental result as reported in the source.,,analytical_sampling,olds1942_ch4
CH4_olds1942_ch4_076,CH4,vapour,510.9278,14.43900011,none,0,,0.2851,measured,Experimental result as reported in the source.,,analytical_sampling,olds1942_ch4
CH4_olds1942_ch4_077,CH4,vapour,510.9278,9.50993833,none,0,,0.40033,measured,Experimental result as reported in the source.,,analytical_sampling,olds1942_ch4
CH4_olds1942_ch4_078,CH4,vapour,510.9278,5.31792607,none,0,,0.65459,measured,Experimental result as reported in the source.,,analytical_sampling,olds1942_ch4
CH4_qin2008_ch4_001,CH4,vapour,323.0,30.1,none,0,,0.001,measured,Experimental result as reported in the source.,from_compilation,analytical_sampling,qin2008_ch4
CH4_qin2008_ch4_002,CH4,vapour,323.0,49.5,none,0,,0.0008,measured,Experimental result as reported in the source.,from_compilation,analytical_sampling,qin2008_ch4
CH4_qin2008_ch4_003,CH4,vapour,375.0,10.9,none,0,,0.0131,measured,Experimental result as reported in the source.,from_compilation,analytical_sampling,qin2008_ch4
CH4_qin2008_ch4_004,CH4,vapour,375.0,20.6,none,0,,0.0084,measured,Experimental result as reported in the source.,from_compilation,analytical_sampling,qin2008_ch4
CH4_qin2008_ch4_005,CH4,vapour,375.0,30.2,none,0,,0.0066,measured,Experimental result as reported in the source.,from_compilation,analytical_sampling,qin2008_ch4
CH4_qin2008_ch4_006,CH4,vapour,375.0,40.2,none,0,,0.0057,measured,Experimental result as reported in the source.,from_compilation,analytical_sampling,qin2008_ch4
CH4_qin2008_ch4_007,CH4,vapour,375.0,49.9,none,0,,0.0052,measured,Experimental result as reported in the source.,from_compilation,analytical_sampling,qin2008_ch4
CH4_rigbyprausnitz1968_ch4_001,CH4,vapour,298.15,2.35377975,none,0,,0.001483,measured,Experimental result as reported in the source.,,gravimetric,rigbyprausnitz1968_ch4
CH4_rigbyprausnitz1968_ch4_002,CH4,vapour,298.15,3.05089575,none,0,,0.001175,measured,Experimental result as reported in the source.,,gravimetric,rigbyprausnitz1968_ch4
CH4_rigbyprausnitz1968_ch4_003,CH4,vapour,298.15,4.0550265,none,0,,0.000915,measured,Experimental result as reported in the source.,,gravimetric,rigbyprausnitz1968_ch4
CH4_rigbyprausnitz1968_ch4_004,CH4,vapour,323.15,3.01441875,none,0,,0.004474,measured,Experimental result as reported in the source.,,gravimetric,rigbyprausnitz1968_ch4
CH4_rigbyprausnitz1968_ch4_005,CH4,vapour,323.15,4.83826875,none,0,,0.002921,measured,Experimental result as reported in the source.,,gravimetric,rigbyprausnitz1968_ch4
CH4_rigbyprausnitz1968_ch4_006,CH4,vapour,323.15,6.817146,none,0,,0.002185,measured,Experimental result as reported in the source.,,gravimetric,rigbyprausnitz1968_ch4
CH4_rigbyprausnitz1968_ch4_007,CH4,vapour,348.15,3.12081,none,0,,0.01335,measured,Experimental result as reported in the source.,,gravimetric,rigbyprausnitz1968_ch4
CH4_rigbyprausnitz1968_ch4_008,CH4,vapour,348.15,5.47256325,none,0,,0.00803,measured,Experimental result as reported in the source.,,gravimetric,rigbyprausnitz1968_ch4
CH4_rigbyprausnitz1968_ch4_009,CH4,vapour,348.15,6.72696675,none,0,,0.00671,measured,Experimental result as reported in the source.,,gravimetric,rigbyprausnitz1968_ch4
CH4_rigbyprausnitz1968_ch4_010,CH4,vapour,373.15,5.7410745,none,0,,0.01992,measured,Experimental result as reported in the source.,,gravimetric,rigbyprausnitz1968_ch4
CH4_rigbyprausnitz1968_ch4_011,CH4,vapour,373.15,7.18900875,none,0,,0.01643,measured,Experimental result as reported in the source.,,gravimetric,rigbyprausnitz1968_ch4
CH4_rigbyprausnitz1968_ch4_012,CH4,vapour,373.15,9.34723125,none,0,,0.01309,measured,Experimental result as reported in the source.,,gravimetric,rigbyprausnitz1968_ch4
CH4_sultanovskripkanamiot1972_ch4_064,CH4,vapour,423.2,9.81,none,0,,0.06,measured,Experimental result as reported in the source.,from_compilation,analytical_sampling,sultanovskripkanamiot1972_ch4
CH4_sultanovskripkanamiot1972_ch4_065,CH4,vapour,423.2,19.61,none,0,,0.037,measured,Experimental result as reported in the source.,from_compilation,analytical_sampling,sultanovskripkanamiot1972_ch4
CH4_sultanovskripkanamiot1972_ch4_066,CH4,vapour,423.2,39.23,none,0,,0.022,measured,Experimental result as reported in the source.,from_compilation,analytical_sampling,sultanovskripkanamiot1972_ch4
CH4_sultanovskripkanamiot1972_ch4_067,CH4,vapour,423.2,58.84,none,0,,0.017,measured,Experimental result as reported in the source.,from_compilation,analytical_sampling,sultanovskripkanamiot1972_ch4
CH4_sultanovskripkanamiot1972_ch4_068,CH4,vapour,423.2,78.45,none,0,,0.0165,measured,Experimental result as reported in the source.,from_compilation,analytical_sampling,sultanovskripkanamiot1972_ch4
CH4_sultanovskripkanamiot1972_ch4_069,CH4,vapour,423.2,98.07,none,0,,0.015,measured,Experimental result as reported in the source.,from_compilation,analytical_sampling,sultanovskripkanamiot1972_ch4
CH4_sultanovskripkanamiot1972_ch4_070,CH4,vapour,473.2,9.81,none,0,,0.19,measured,Experimental result as reported in the source.,from_compilation,analytical_sampling,sultanovskripkanamiot1972_ch4
CH4_sultanovskripkanamiot1972_ch4_071,CH4,vapour,473.2,19.61,none,0,,0.1085,measured,Experimental result as reported in the source.,from_compilation,analytical_sampling,sultanovskripkanamiot1972_ch4
CH4_sultanovskripkanamiot1972_ch4_072,CH4,vapour,473.2,39.23,none,0,,0.065,measured,Experimental result as reported in the source.,from_compilation,analytical_sampling,sultanovskripkanamiot1972_ch4
CH4_sultanovskripkanamiot1972_ch4_073,CH4,vapour,473.2,58.84,none,0,,0.052,measured,Experimental result as reported in the source.,from_compilation,analytical_sampling,sultanovskripkanamiot1972_ch4
CH4_sultanovskripkanamiot1972_ch4_074,CH4,vapour,473.2,78.45,none,0,,0.0455,measured,Experimental result as reported in the source.,from_compilation,analytical_sampling,sultanovskripkanamiot1972_ch4
CH4_sultanovskripkanamiot1972_ch4_075,CH4,vapour,473.2,98.07,none,0,,0.037,measured,Experimental result as reported in the source.,from_compilation,analytical_sampling,sultanovskripkanamiot1972_ch4
CH4_sultanovskripkanamiot1972_ch4_076,CH4,vapour,523.2,9.81,none,0,,0.47,measured,Experimental result as reported in the source.,from_compilation,analytical_sampling,sultanovskripkanamiot1972_ch4
CH4_sultanovskripkanamiot1972_ch4_077,CH4,vapour,523.2,19.61,none,0,,0.267,measured,Experimental result as reported in the source.,from_compilation,analytical_sampling,sultanovskripkanamiot1972_ch4
CH4_sultanovskripkanamiot1972_ch4_078,CH4,vapour,523.2,39.23,none,0,,0.1675,measured,Experimental result as reported in the source.,from_compilation,analytical_sampling,sultanovskripkanamiot1972_ch4
CH4_sultanovskripkanamiot1972_ch4_079,CH4,vapour,523.2,58.84,none,0,,0.128,measured,Experimental result as reported in the source.,from_compilation,analytical_sampling,sultanovskripkanamiot1972_ch4
CH4_sultanovskripkanamiot1972_ch4_080,CH4,vapour,523.2,78.45,none,0,,0.102,measured,Experimental result as reported in the source.,from_compilation,analytical_sampling,sultanovskripkanamiot1972_ch4
CH4_sultanovskripkanamiot1972_ch4_081,CH4,vapour,523.2,98.07,none,0,,0.09,measured,Experimental result as reported in the source.,from_compilation,analytical_sampling,sultanovskripkanamiot1972_ch4
CH4_sultanovskripkanamiot1972_ch4_082,CH4,vapour,573.2,9.81,none,0,,0.905,measured,Experimental result as reported in the source.,from_compilation,analytical_sampling,sultanovskripkanamiot1972_ch4
CH4_sultanovskripkanamiot1972_ch4_083,CH4,vapour,573.2,19.61,none,0,,0.564,measured,Experimental result as reported in the source.,from_compilation,analytical_sampling,sultanovskripkanamiot1972_ch4
CH4_sultanovskripkanamiot1972_ch4_084,CH4,vapour,573.2,39.23,none,0,,0.374,measured,Experimental result as reported in the source.,from_compilation,analytical_sampling,sultanovskripkanamiot1972_ch4
CH4_sultanovskripkanamiot1972_ch4_085,CH4,vapour,573.2,58.84,none,0,,0.321,measured,Experimental result as reported in the source.,from_compilation,analytical_sampling,sultanovskripkanamiot1972_ch4
CH4_sultanovskripkanamiot1972_ch4_086,CH4,vapour,573.2,78.45,none,0,,0.285,measured,Experimental result as reported in the source.,from_compilation,analytical_sampling,sultanovskripkanamiot1972_ch4
CH4_sultanovskripkanamiot1972_ch4_087,CH4,vapour,573.2,98.07,none,0,,0.25,measured,Experimental result as reported in the source.,from_compilation,analytical_sampling,sultanovskripkanamiot1972_ch4
CH4_sultanovskripkanamiot1972_ch4_088,CH4,vapour,603.2,19.61,none,0,,0.805,measured,Experimental result as reported in the source.,from_compilation,analytical_sampling,sultanovskripkanamiot1972_ch4
CH4_sultanovskripkanamiot1972_ch4_089,CH4,vapour,603.2,39.23,none,0,,0.583,measured,Experimental result as reported in the source.,from_compilation,analytical_sampling,sultanovskripkanamiot1972_ch4
CH4_sultanovskripkanamiot1972_ch4_090,CH4,vapour,603.2,58.84,none,0,,0.496,measured,Experimental result as reported in the source.,from_compilation,analytical_sampling,sultanovskripkanamiot1972_ch4
CH4_sultanovskripkanamiot1972_ch4_091,CH4,vapour,603.2,78.45,none,0,,0.446,measured,Experimental result as reported in the source.,from_compilation,analytical_sampling,sultanovskripkanamiot1972_ch4
CH4_sultanovskripkanamiot1972_ch4_092,CH4,vapour,603.2,98.07,none,0,,0.415,measured,Experimental result as reported in the source.,from_compilation,analytical_sampling,sultanovskripkanamiot1972_ch4
CH4_sultanovskripkanamiot1972_ch4_093,CH4,vapour,623.2,19.61,none,0,,0.92,measured,Experimental result as reported in the source.,from_compilation,analytical_sampling,sultanovskripkanamiot1972_ch4
CH4_sultanovskripkanamiot1972_ch4_094,CH4,vapour,623.2,39.23,none,0,,0.765,measured,Experimental result as reported in the source.,from_compilation,analytical_sampling,sultanovskripkanamiot1972_ch4
CH4_sultanovskripkanamiot1972_ch4_095,CH4,vapour,623.2,58.84,none,0,,0.702,measured,Experimental result as reported in the source.,from_compilation,analytical_sampling,sultanovskripkanamiot1972_ch4
CH4_sultanovskripkanamiot1972_ch4_096,CH4,vapour,623.2,78.45,none,0,,0.685,measured,Experimental result as reported in the source.,from_compilation,analytical_sampling,sultanovskripkanamiot1972_ch4
CH4_sultanovskripkanamiot1972_ch4_097,CH4,vapour,623.2,98.07,none,0,,0.665,measured,Experimental result as reported in the source.,from_compilation,analytical_sampling,sultanovskripkanamiot1972_ch4
CH4_sultanovskripkanamiot1972_ch4_098,CH4,vapour,625.2,24.52,none,0,,0.861,measured,Experimental result as reported in the source.,from_compilation,analytical_sampling,sultanovskripkanamiot1972_ch4
CH4_sultanovskripkanamiot1972_ch4_099,CH4,vapour,625.2,29.42,none,0,,0.815,measured,Experimental result as reported in the source.,from_compilation,analytical_sampling,sultanovskripkanamiot1972_ch4
CH4_sultanovskripkanamiot1972_ch4_100,CH4,vapour,625.2,39.23,none,0,,0.772,measured,Experimental result as reported in the source.,from_compilation,analytical_sampling,sultanovskripkanamiot1972_ch4
CH4_sultanovskripkanamiot1972_ch4_101,CH4,vapour,625.2,49.03,none,0,,0.751,measured,Experimental result as reported in the source.,from_compilation,analytical_sampling,sultanovskripkanamiot1972_ch4
CH4_sultanovskripkanamiot1972_ch4_102,CH4,vapour,625.2,58.84,none,0,,0.734,measured,Experimental result as reported in the source.,from_compilation,analytical_sampling,sultanovskripkanamiot1972_ch4
CH4_sultanovskripkanamiot1972_ch4_103,CH4,vapour,625.2,68.65,none,0,,0.722,measured,Experimental result as reported in the source.,from_compilation,analytical_sampling,sultanovskripkanamiot1972_ch4
CH4_sultanovskripkanamiot1972_ch4_104,CH4,vapour,625.2,78.45,none,0,,0.725,measured,Experimental result as reported in the source.,from_compilation,analytical_sampling,sultanovskripkanamiot1972_ch4
CH4_sultanovskripkanamiot1972_ch4_105,CH4,vapour,625.2,88.26,none,0,,0.769,measured,Experimental result as reported in the source.,from_compilation,analytical_sampling,sultanovskripkanamiot1972_ch4
CH4_sultanovskripkanamiot1972_ch4_106,CH4,vapour,625.2,98.07,none,0,,0.8,measured,Experimental result as reported in the source.,from_compilation,analytical_sampling,sultanovskripkanamiot1972_ch4
CH4_sultanovskripkanamiot1972_ch4_107,CH4,vapour,625.2,102.97,none,0,,0.76,measured,Experimental result as reported in the source.,from_compilation,analytical_sampling,sultanovskripkanamiot1972_ch4
CH4_sultanovskripkanamiot1972_ch4_108,CH4,vapour,625.2,113.27,none,0,,0.753,measured,Experimental result as reported in the source.,from_compilation,analytical_sampling,sultanovskripkanamiot1972_ch4
CH4_sultanovskripkanamiot1972_ch4_109,CH4,vapour,628.2,24.52,none,0,,0.895,measured,Experimental result as reported in the source.,from_compilation,analytical_sampling,sultanovskripkanamiot1972_ch4
CH4_sultanovskripkanamiot1972_ch4_110,CH4,vapour,628.2,29.42,none,0,,0.847,measured,Experimental result as reported in the source.,from_compilation,analytical_sampling,sultanovskripkanamiot1972_ch4
CH4_sultanovskripkanamiot1972_ch4_111,CH4,vapour,628.2,39.23,none,0,,0.795,measured,Experimental result as reported in the source.,from_compilation,analytical_sampling,sultanovskripkanamiot1972_ch4
CH4_sultanovskripkanamiot1972_ch4_112,CH4,vapour,628.2,49.03,none,0,,0.785,measured,Experimental result as reported in the source.,from_compilation,analytical_sampling,sultanovskripkanamiot1972_ch4
CH4_sultanovskripkanamiot1972_ch4_113,CH4,vapour,628.2,58.84,none,0,,0.786,measured,Experimental result as reported in the source.,from_compilation,analytical_sampling,sultanovskripkanamiot1972_ch4
CH4_sultanovskripkanamiot1972_ch4_114,CH4,vapour,628.2,63.74,none,0,,0.796,measured,Experimental result as reported in the source.,from_compilation,analytical_sampling,sultanovskripkanamiot1972_ch4
CH4_sultanovskripkanamiot1972_ch4_115,CH4,vapour,633.2,24.52,none,0,,0.918,measured,Experimental result as reported in the source.,from_compilation,analytical_sampling,sultanovskripkanamiot1972_ch4
CH4_sultanovskripkanamiot1972_ch4_116,CH4,vapour,633.2,29.42,none,0,,0.881,measured,Experimental result as reported in the source.,from_compilation,analytical_sampling,sultanovskripkanamiot1972_ch4
CH4_sultanovskripkanamiot1972_ch4_117,CH4,vapour,633.2,39.23,none,0,,0.841,measured,Experimental result as reported in the source.,from_compilation,analytical_sampling,sultanovskripkanamiot1972_ch4
CH4_sultanovskripkanamiot1972_ch4_118,CH4,vapour,633.2,49.03,none,0,,0.829,measured,Experimental result as reported in the source.,from_compilation,analytical_sampling,sultanovskripkanamiot1972_ch4
CH4_sultanovskripkanamiot1972_ch4_119,CH4,vapour,633.2,58.84,none,0,,0.843,measured,Experimental result as reported in the source.,from_compilation,analytical_sampling,sultanovskripkanamiot1972_ch4
CH4_tabasinejad2011_ch4_001,CH4,vapour,422.7,3.67,none,0,,0.1387,measured,Experimental result as reported in the source.,,gravimetric,tabasinejad2011_ch4
CH4_tabasinejad2011_ch4_002,CH4,vapour,422.7,7.18,none,0,,0.0756,measured,Experimental result as reported in the source.,,gravimetric,tabasinejad2011_ch4
CH4_tabasinejad2011_ch4_003,CH4,vapour,422.7,14.24,none,0,,0.0416,measured,Experimental result as reported in the source.,,gravimetric,tabasinejad2011_ch4
CH4_tabasinejad2011_ch4_004,CH4,vapour,422.7,21.26,none,0,,0.0313,measured,Experimental result as reported in the source.,,gravimetric,tabasinejad2011_ch4
CH4_tabasinejad2011_ch4_005,CH4,vapour,422.7,27.91,none,0,,0.0263,measured,Experimental result as reported in the source.,,gravimetric,tabasinejad2011_ch4
CH4_tabasinejad2011_ch4_006,CH4,vapour,422.7,35.32,none,0,,0.0226,measured,Experimental result as reported in the source.,,gravimetric,tabasinejad2011_ch4
CH4_tabasinejad2011_ch4_007,CH4,vapour,422.7,41.62,none,0,,0.0208,measured,Experimental result as reported in the source.,,gravimetric,tabasinejad2011_ch4
CH4_tabasinejad2011_ch4_008,CH4,vapour,422.7,68.66,none,0,,0.0167,measured,Experimental result as reported in the source.,,gravimetric,tabasinejad2011_ch4
CH4_tabasinejad2011_ch4_009,CH4,vapour,422.7,107.03,none,0,,0.0126,measured,Experimental result as reported in the source.,,gravimetric,tabasinejad2011_ch4
CH4_tabasinejad2011_ch4_010,CH4,vapour,444.1,3.87,none,0,,0.2304,measured,Experimental result as reported in the source.,,gravimetric,tabasinejad2011_ch4
CH4_tabasinejad2011_ch4_011,CH4,vapour,444.1,7.31,none,0,,0.1304,measured,Experimental result as reported in the source.,,gravimetric,tabasinejad2011_ch4
CH4_tabasinejad2011_ch4_012,CH4,vapour,444.1,14.6,none,0,,0.073,measured,Experimental result as reported in the source.,,gravimetric,tabasinejad2011_ch4
CH4_tabasinejad2011_ch4_013,CH4,vapour,444.1,19.83,none,0,,0.0565,measured,Experimental result as reported in the source.,,gravimetric,tabasinejad2011_ch4
CH4_tabasinejad2011_ch4_014,CH4,vapour,444.1,27.86,none,0,,0.0437,measured,Experimental result as reported in the source.,,gravimetric,tabasinejad2011_ch4
CH4_tabasinejad2011_ch4_015,CH4,vapour,444.1,34.53,none,0,,0.0381,measured,Experimental result as reported in the source.,,gravimetric,tabasinejad2011_ch4
CH4_tabasinejad2011_ch4_016,CH4,vapour,444.1,40.36,none,0,,0.0347,measured,Experimental result as reported in the source.,,gravimetric,tabasinejad2011_ch4
CH4_tabasinejad2011_ch4_017,CH4,vapour,444.1,69.29,none,0,,0.0269,measured,Experimental result as reported in the source.,,gravimetric,tabasinejad2011_ch4
CH4_tabasinejad2011_ch4_018,CH4,vapour,444.1,96.24,none,0,,0.0244,measured,Experimental result as reported in the source.,,gravimetric,tabasinejad2011_ch4
CH4_tabasinejad2011_ch4_019,CH4,vapour,444.1,133.39,none,0,,0.0219,measured,Experimental result as reported in the source.,,gravimetric,tabasinejad2011_ch4
CH4_tabasinejad2011_ch4_020,CH4,vapour,461.6,4.1,none,0,,0.3357,measured,Experimental result as reported in the source.,,gravimetric,tabasinejad2011_ch4
CH4_tabasinejad2011_ch4_021,CH4,vapour,461.6,7.65,none,0,,0.1921,measured,Experimental result as reported in the source.,,gravimetric,tabasinejad2011_ch4
CH4_tabasinejad2011_ch4_022,CH4,vapour,461.6,14.66,none,0,,0.1107,measured,Experimental result as reported in the source.,,gravimetric,tabasinejad2011_ch4
CH4_tabasinejad2011_ch4_023,CH4,vapour,461.6,21.62,none,0,,0.0815,measured,Experimental result as reported in the source.,,gravimetric,tabasinejad2011_ch4
CH4_tabasinejad2011_ch4_024,CH4,vapour,461.6,29.29,none,0,,0.0644,measured,Experimental result as reported in the source.,,gravimetric,tabasinejad2011_ch4
CH4_tabasinejad2011_ch4_025,CH4,vapour,461.6,36.62,none,0,,0.0549,measured,Experimental result as reported in the source.,,gravimetric,tabasinejad2011_ch4
CH4_tabasinejad2011_ch4_026,CH4,vapour,461.6,42.33,none,0,,0.0509,measured,Experimental result as reported in the source.,,gravimetric,tabasinejad2011_ch4
CH4_tabasinejad2011_ch4_027,CH4,vapour,461.6,68.37,none,0,,0.0402,measured,Experimental result as reported in the source.,,gravimetric,tabasinejad2011_ch4
CH4_tabasinejad2011_ch4_028,CH4,vapour,461.6,102.15,none,0,,0.0357,measured,Experimental result as reported in the source.,,gravimetric,tabasinejad2011_ch4
CH4_tabasinejad2011_ch4_029,CH4,vapour,461.6,121.13,none,0,,0.033,measured,Experimental result as reported in the source.,,gravimetric,tabasinejad2011_ch4
CH4_tabasinejad2011_ch4_030,CH4,vapour,483.15,7.4,none,0,,0.3037,measured,Experimental result as reported in the source.,,gravimetric,tabasinejad2011_ch4
CH4_tabasinejad2011_ch4_031,CH4,vapour,483.15,7.78,none,0,,0.2943,measured,Experimental result as reported in the source.,,gravimetric,tabasinejad2011_ch4
CH4_tabasinejad2011_ch4_032,CH4,vapour,483.15,14.85,none,0,,0.1721,measured,Experimental result as reported in the source.,,gravimetric,tabasinejad2011_ch4
CH4_tabasinejad2011_ch4_033,CH4,vapour,483.15,21.17,none,0,,0.1341,measured,Experimental result as reported in the source.,,gravimetric,tabasinejad2011_ch4
CH4_tabasinejad2011_ch4_034,CH4,vapour,483.15,29.47,none,0,,0.104,measured,Experimental result as reported in the source.,,gravimetric,tabasinejad2011_ch4
CH4_tabasinejad2011_ch4_035,CH4,vapour,483.15,37.06,none,0,,0.0913,measured,Experimental result as reported in the source.,,gravimetric,tabasinejad2011_ch4
CH4_tabasinejad2011_ch4_036,CH4,vapour,483.15,45.66,none,0,,0.0767,measured,Experimental result as reported in the source.,,gravimetric,tabasinejad2011_ch4
CH4_tabasinejad2011_ch4_037,CH4,vapour,483.15,73.3,none,0,,0.0568,measured,Experimental result as reported in the source.,,gravimetric,tabasinejad2011_ch4
CH4_tabasinejad2011_ch4_038,CH4,vapour,483.15,104.08,none,0,,0.0528,measured,Experimental result as reported in the source.,,gravimetric,tabasinejad2011_ch4
CH4_yarrison2006_ch4_001,CH4,vapour,311.0,3.45,none,0,,0.002209,measured,Experimental result as reported in the source.,from_compilation,unstated,yarrison2006_ch4
CH4_yarrison2006_ch4_002,CH4,vapour,311.0,6.89,none,0,,0.001248,measured,Experimental result as reported in the source.,from_compilation,unstated,yarrison2006_ch4
CH4_yarrison2006_ch4_003,CH4,vapour,311.0,20.68,none,0,,0.0007,measured,Experimental result as reported in the source.,from_compilation,unstated,yarrison2006_ch4
CH4_yarrison2006_ch4_004,CH4,vapour,311.0,41.37,none,0,,0.000564,measured,Experimental result as reported in the source.,from_compilation,unstated,yarrison2006_ch4
CH4_yarrison2006_ch4_005,CH4,vapour,313.0,62.05,none,0,,0.00049,measured,Experimental result as reported in the source.,from_compilation,unstated,yarrison2006_ch4
CH4_yarrison2006_ch4_006,CH4,vapour,313.0,75.84,none,0,,0.000472,measured,Experimental result as reported in the source.,from_compilation,unstated,yarrison2006_ch4
CH4_yarrison2006_ch4_007,CH4,vapour,313.0,89.63,none,0,,0.000467,measured,Experimental result as reported in the source.,from_compilation,unstated,yarrison2006_ch4
CH4_yarrison2006_ch4_008,CH4,vapour,367.0,3.45,none,0,,0.02354,measured,Experimental result as reported in the source.,from_compilation,unstated,yarrison2006_ch4
CH4_yarrison2006_ch4_009,CH4,vapour,367.0,6.89,none,0,,0.01325,measured,Experimental result as reported in the source.,from_compilation,unstated,yarrison2006_ch4
CH4_yarrison2006_ch4_010,CH4,vapour,367.0,20.68,none,0,,0.00656,measured,Experimental result as reported in the source.,from_compilation,unstated,yarrison2006_ch4
CH4_yarrison2006_ch4_011,CH4,vapour,367.0,41.37,none,0,,0.00396,measured,Experimental result as reported in the source.,from_compilation,unstated,yarrison2006_ch4
CH4_yarrison2006_ch4_012,CH4,vapour,367.0,62.05,none,0,,0.00344,measured,Experimental result as reported in the source.,from_compilation,unstated,yarrison2006_ch4
CH4_yarrison2006_ch4_013,CH4,vapour,367.0,75.84,none,0,,0.00313,measured,Experimental result as reported in the source.,from_compilation,unstated,yarrison2006_ch4
CH4_yarrison2006_ch4_014,CH4,vapour,367.0,89.63,none,0,,0.00288,measured,Experimental result as reported in the source.,from_compilation,unstated,yarrison2006_ch4
CH4_yarrison2006_ch4_015,CH4,vapour,423.0,3.45,none,0,,0.1246,measured,Experimental result as reported in the source.,from_compilation,unstated,yarrison2006_ch4
CH4_yarrison2006_ch4_016,CH4,vapour,423.0,6.89,none,0,,0.0746,measured,Experimental result as reported in the source.,from_compilation,unstated,yarrison2006_ch4
CH4_yarrison2006_ch4_017,CH4,vapour,423.0,20.68,none,0,,0.0316,measured,Experimental result as reported in the source.,from_compilation,unstated,yarrison2006_ch4
CH4_yarrison2006_ch4_018,CH4,vapour,423.0,41.37,none,0,,0.0204,measured,Experimental result as reported in the source.,from_compilation,unstated,yarrison2006_ch4
CH4_yarrison2006_ch4_019,CH4,vapour,423.0,62.05,none,0,,0.0165,measured,Experimental result as reported in the source.,from_compilation,unstated,yarrison2006_ch4
CH4_yarrison2006_ch4_020,CH4,vapour,423.0,75.84,none,0,,0.0143,measured,Experimental result as reported in the source.,from_compilation,unstated,yarrison2006_ch4
CH4_yarrison2006_ch4_021,CH4,vapour,423.0,89.63,none,0,,0.0137,measured,Experimental result as reported in the source.,from_compilation,unstated,yarrison2006_ch4
CH4_yarrison2006_ch4_022,CH4,vapour,467.0,3.45,none,0,,0.415,measured,Experimental result as reported in the source.,from_compilation,unstated,yarrison2006_ch4
CH4_yarrison2006_ch4_023,CH4,vapour,467.0,6.89,none,0,,0.224,measured,Experimental result as reported in the source.,from_compilation,unstated,yarrison2006_ch4
CH4_yarrison2006_ch4_024,CH4,vapour,467.0,20.68,none,0,,0.084,measured,Experimental result as reported in the source.,from_compilation,unstated,yarrison2006_ch4
CH4_yarrison2006_ch4_025,CH4,vapour,467.0,41.37,none,0,,0.06,measured,Experimental result as reported in the source.,from_compilation,unstated,yarrison2006_ch4
CH4_yarrison2006_ch4_026,CH4,vapour,467.0,62.05,none,0,,0.046,measured,Experimental result as reported in the source.,from_compilation,unstated,yarrison2006_ch4
CH4_yarrison2006_ch4_027,CH4,vapour,467.0,75.84,none,0,,0.04,measured,Experimental result as reported in the source.,from_compilation,unstated,yarrison2006_ch4
CH4_yarrison2006_ch4_028,CH4,vapour,467.0,96.53,none,0,,0.035,measured,Experimental result as reported in the source.,from_compilation,unstated,yarrison2006_ch4
CH4_yarrison2006_ch4_029,CH4,vapour,467.0,110.32,none,0,,0.033,measured,Experimental result as reported in the source.,from_compilation,unstated,yarrison2006_ch4
CH4_yarrison2006_ch4_030,CH4,vapour,478.0,3.45,none,0,,0.546,measured,Experimental result as reported in the source.,from_compilation,unstated,yarrison2006_ch4
CH4_yarrison2006_ch4_031,CH4,vapour,478.0,6.89,none,0,,0.295,measured,Experimental result as reported in the source.,from_compilation,unstated,yarrison2006_ch4
CH4_yarrison2006_ch4_032,CH4,vapour,478.0,20.68,none,0,,0.113,measured,Experimental result as reported in the source.,from_compilation,unstated,yarrison2006_ch4
CH4_yarrison2006_ch4_033,CH4,vapour,478.0,41.37,none,0,,0.07,measured,Experimental result as reported in the source.,from_compilation,unstated,yarrison2006_ch4
CH4_yarrison2006_ch4_034,CH4,vapour,478.0,62.05,none,0,,0.057,measured,Experimental result as reported in the source.,from_compilation,unstated,yarrison2006_ch4
CH4_yarrison2006_ch4_035,CH4,vapour,478.0,75.84,none,0,,0.051,measured,Experimental result as reported in the source.,from_compilation,unstated,yarrison2006_ch4
CH4_yarrison2006_ch4_036,CH4,vapour,478.0,96.53,none,0,,0.0494,measured,Experimental result as reported in the source.,from_compilation,unstated,yarrison2006_ch4
CH4_yarrison2006_ch4_037,CH4,vapour,478.0,110.32,none,0,,0.0455,measured,Experimental result as reported in the source.,from_compilation,unstated,yarrison2006_ch4
CH4_yokoyama1988_ch4_007,CH4,vapour,298.15,3.0,none,0,,0.003241,measured,Experimental result as reported in the source.,from_compilation,analytical_sampling,yokoyama1988_ch4
CH4_yokoyama1988_ch4_008,CH4,vapour,298.15,5.0,none,0,,0.002035,measured,Experimental result as reported in the source.,from_compilation,analytical_sampling,yokoyama1988_ch4
CH4_yokoyama1988_ch4_009,CH4,vapour,298.15,8.0,none,0,,0.001182,measured,Experimental result as reported in the source.,from_compilation,analytical_sampling,yokoyama1988_ch4
CH4_yokoyama1988_ch4_010,CH4,vapour,323.15,3.0,none,0,,0.01217,measured,Experimental result as reported in the source.,from_compilation,analytical_sampling,yokoyama1988_ch4
CH4_yokoyama1988_ch4_011,CH4,vapour,323.15,5.0,none,0,,0.007617,measured,Experimental result as reported in the source.,from_compilation,analytical_sampling,yokoyama1988_ch4
CH4_yokoyama1988_ch4_012,CH4,vapour,323.15,8.0,none,0,,0.00576,measured,Experimental result as reported in the source.,from_compilation,analytical_sampling,yokoyama1988_ch4
CO2_bambergeretal2000_co2_030,CO2,vapour,323.2,4.05,not_stated,,,0.0046,measured,Experimental result as reported in the source.,from_compilation,unstated,bambergeretal2000_co2
CO2_bambergeretal2000_co2_031,CO2,vapour,323.2,5.06,not_stated,,,0.0036,measured,Experimental result as reported in the source.,from_compilation,unstated,bambergeretal2000_co2
CO2_bambergeretal2000_co2_032,CO2,vapour,323.2,6.06,not_stated,,,0.0037,measured,Experimental result as reported in the source.,from_compilation,unstated,bambergeretal2000_co2
CO2_bambergeretal2000_co2_033,CO2,vapour,323.2,7.08,not_stated,,,0.0034,measured,Experimental result as reported in the source.,from_compilation,unstated,bambergeretal2000_co2
CO2_bambergeretal2000_co2_034,CO2,vapour,323.2,8.08,not_stated,,,0.0034,measured,Experimental result as reported in the source.,from_compilation,unstated,bambergeretal2000_co2
CO2_bambergeretal2000_co2_035,CO2,vapour,323.2,9.09,not_stated,,,0.0041,measured,Experimental result as reported in the source.,from_compilation,unstated,bambergeretal2000_co2
CO2_bambergeretal2000_co2_036,CO2,vapour,323.2,10.09,not_stated,,,0.0045,measured,Experimental result as reported in the source.,from_compilation,unstated,bambergeretal2000_co2
CO2_bambergeretal2000_co2_037,CO2,vapour,323.2,11.1,not_stated,,,0.005,measured,Experimental result as reported in the source.,from_compilation,unstated,bambergeretal2000_co2
CO2_bambergeretal2000_co2_038,CO2,vapour,323.2,12.1,not_stated,,,0.0055,measured,Experimental result as reported in the source.,from_compilation,unstated,bambergeretal2000_co2
CO2_bambergeretal2000_co2_039,CO2,vapour,323.2,14.11,not_stated,,,0.0061,measured,Experimental result as reported in the source.,from_compilation,unstated,bambergeretal2000_co2
CO2_bambergeretal2000_co2_040,CO2,vapour,333.2,4.05,not_stated,,,0.0066,measured,Experimental result as reported in the source.,from_compilation,unstated,bambergeretal2000_co2
CO2_bambergeretal2000_co2_041,CO2,vapour,333.2,5.06,not_stated,,,0.0055,measured,Experimental result as reported in the source.,from_compilation,unstated,bambergeretal2000_co2
CO2_bambergeretal2000_co2_042,CO2,vapour,333.2,6.06,not_stated,,,0.0055,measured,Experimental result as reported in the source.,from_compilation,unstated,bambergeretal2000_co2
CO2_bambergeretal2000_co2_043,CO2,vapour,333.2,7.08,not_stated,,,0.0051,measured,Experimental result as reported in the source.,from_compilation,unstated,bambergeretal2000_co2
CO2_bambergeretal2000_co2_044,CO2,vapour,333.2,8.08,not_stated,,,0.005,measured,Experimental result as reported in the source.,from_compilation,unstated,bambergeretal2000_co2
CO2_bambergeretal2000_co2_045,CO2,vapour,333.2,9.09,not_stated,,,0.0047,measured,Experimental result as reported in the source.,from_compilation,unstated,bambergeretal2000_co2
CO2_bambergeretal2000_co2_046,CO2,vapour,333.2,10.09,not_stated,,,0.0049,measured,Experimental result as reported in the source.,from_compilation,unstated,bambergeretal2000_co2
CO2_bambergeretal2000_co2_047,CO2,vapour,333.2,11.1,not_stated,,,0.0053,measured,Experimental result as reported in the source.,from_compilation,unstated,bambergeretal2000_co2
CO2_bambergeretal2000_co2_048,CO2,vapour,333.2,12.1,not_stated,,,0.0058,measured,Experimental result as reported in the source.,from_compilation,unstated,bambergeretal2000_co2
CO2_bambergeretal2000_co2_049,CO2,vapour,333.2,14.11,not_stated,,,0.0078,measured,Experimental result as reported in the source.,from_compilation,unstated,bambergeretal2000_co2
CO2_bambergeretal2000_co2_050,CO2,vapour,353.1,4.05,not_stated,,,0.0143,measured,Experimental result as reported in the source.,from_compilation,unstated,bambergeretal2000_co2
CO2_bambergeretal2000_co2_051,CO2,vapour,353.1,6.06,not_stated,,,0.0109,measured,Experimental result as reported in the source.,from_compilation,unstated,bambergeretal2000_co2
CO2_bambergeretal2000_co2_052,CO2,vapour,353.1,7.08,not_stated,,,0.0104,measured,Experimental result as reported in the source.,from_compilation,unstated,bambergeretal2000_co2
CO2_bambergeretal2000_co2_053,CO2,vapour,353.1,8.08,not_stated,,,0.0097,measured,Experimental result as reported in the source.,from_compilation,unstated,bambergeretal2000_co2
CO2_bambergeretal2000_co2_054,CO2,vapour,353.1,9.09,not_stated,,,0.0092,measured,Experimental result as reported in the source.,from_compilation,unstated,bambergeretal2000_co2
CO2_bambergeretal2000_co2_055,CO2,vapour,353.1,10.09,not_stated,,,0.0093,measured,Experimental result as reported in the source.,from_compilation,unstated,bambergeretal2000_co2
CO2_bambergeretal2000_co2_056,CO2,vapour,353.1,11.1,not_stated,,,0.009,measured,Experimental result as reported in the source.,from_compilation,unstated,bambergeretal2000_co2
CO2_bambergeretal2000_co2_057,CO2,vapour,353.1,12.1,not_stated,,,0.0096,measured,Experimental result as reported in the source.,from_compilation,unstated,bambergeretal2000_co2
CO2_bambergeretal2000_co2_058,CO2,vapour,353.1,13.1,not_stated,,,0.01,measured,Experimental result as reported in the source.,from_compilation,unstated,bambergeretal2000_co2
CO2_brionesetal1987_co2_009,CO2,vapour,323.15,6.82,not_stated,,,0.00339,measured,Experimental result as reported in the source.,from_compilation,unstated,brionesetal1987_co2
CO2_brionesetal1987_co2_010,CO2,vapour,323.15,7.53,not_stated,,,0.00345,measured,Experimental result as reported in the source.,from_compilation,unstated,brionesetal1987_co2
CO2_brionesetal1987_co2_011,CO2,vapour,323.15,8.72,not_stated,,,0.00364,measured,Experimental result as reported in the source.,from_compilation,unstated,brionesetal1987_co2
CO2_brionesetal1987_co2_012,CO2,vapour,323.15,10.13,not_stated,,,0.00436,measured,Experimental result as reported in the source.,from_compilation,unstated,brionesetal1987_co2
CO2_brionesetal1987_co2_013,CO2,vapour,323.15,12.21,not_stated,,,0.00543,measured,Experimental result as reported in the source.,from_compilation,unstated,brionesetal1987_co2
CO2_brionesetal1987_co2_014,CO2,vapour,323.15,14.75,not_stated,,,0.00608,measured,Experimental result as reported in the source.,from_compilation,unstated,brionesetal1987_co2
CO2_brionesetal1987_co2_015,CO2,vapour,323.15,17.68,not_stated,,,0.00643,measured,Experimental result as reported in the source.,from_compilation,unstated,brionesetal1987_co2
CO2_brionesetal1987_co2_016,CO2,vapour,323.15,10.06,not_stated,,,0.00429,measured,Experimental result as reported in the source.,from_compilation,unstated,brionesetal1987_co2
CO2_coanking1971_co2_001,CO2,vapour,298.15,2.26968,not_stated,,,0.00195,measured,Experimental result as reported in the source.,,gravimetric,coanking1971_co2
CO2_coanking1971_co2_002,CO2,vapour,298.15,2.97896,not_stated,,,0.00163,measured,Experimental result as reported in the source.,,gravimetric,coanking1971_co2
CO2_coanking1971_co2_003,CO2,vapour,298.15,2.99922,not_stated,,,0.00167,measured,Experimental result as reported in the source.,,gravimetric,coanking1971_co2
CO2_coanking1971_co2_004,CO2,vapour,298.15,3.72876,not_stated,,,0.00145,measured,Experimental result as reported in the source.,,gravimetric,coanking1971_co2
CO2_coanking1971_co2_005,CO2,vapour,298.15,3.73889,not_stated,,,0.00149,measured,Experimental result as reported in the source.,,gravimetric,coanking1971_co2
CO2_coanking1971_co2_006,CO2,vapour,323.15,1.73266,not_stated,,,0.00841,measured,Experimental result as reported in the source.,,gravimetric,coanking1971_co2
CO2_coanking1971_co2_007,CO2,vapour,323.15,2.55339,not_stated,,,0.00595,measured,Experimental result as reported in the source.,,gravimetric,coanking1971_co2
CO2_coanking1971_co2_008,CO2,vapour,323.15,2.58379,not_stated,,,0.00598,measured,Experimental result as reported in the source.,,gravimetric,coanking1971_co2
CO2_coanking1971_co2_009,CO2,vapour,323.15,3.63757,not_stated,,,0.00466,measured,Experimental result as reported in the source.,,gravimetric,coanking1971_co2
CO2_coanking1971_co2_010,CO2,vapour,323.15,3.63757,not_stated,,,0.00463,measured,Experimental result as reported in the source.,,gravimetric,coanking1971_co2
CO2_coanking1971_co2_011,CO2,vapour,323.15,4.63055,not_stated,,,0.00396,measured,Experimental result as reported in the source.,,gravimetric,coanking1971_co2
CO2_coanking1971_co2_012,CO2,vapour,348.15,2.33047,not_stated,,,0.02,measured,Experimental result as reported in the source.,,gravimetric,coanking1971_co2
CO2_coanking1971_co2_013,CO2,vapour,348.15,3.73889,not_stated,,,0.0125,measured,Experimental result as reported in the source.,,gravimetric,coanking1971_co2
CO2_coanking1971_co2_014,CO2,vapour,348.15,3.74903,not_stated,,,0.0126,measured,Experimental result as reported in the source.,,gravimetric,coanking1971_co2
CO2_coanking1971_co2_015,CO2,vapour,348.15,5.12704,not_stated,,,0.0104,measured,Experimental result as reported in the source.,,gravimetric,coanking1971_co2
CO2_coanking1971_co2_016,CO2,vapour,348.15,5.14731,not_stated,,,0.0102,measured,Experimental result as reported in the source.,,gravimetric,coanking1971_co2
CO2_coanking1971_co2_017,CO2,vapour,373.15,3.6781,not_stated,,,0.0328,measured,Experimental result as reported in the source.,,gravimetric,coanking1971_co2
CO2_coanking1971_co2_018,CO2,vapour,373.15,3.71863,not_stated,,,0.0323,measured,Experimental result as reported in the source.,,gravimetric,coanking1971_co2
CO2_coanking1971_co2_019,CO2,vapour,373.15,4.47857,not_stated,,,0.0277,measured,Experimental result as reported in the source.,,gravimetric,coanking1971_co2
CO2_coanking1971_co2_020,CO2,vapour,373.15,4.47857,not_stated,,,0.0274,measured,Experimental result as reported in the source.,,gravimetric,coanking1971_co2
CO2_coanking1971_co2_021,CO2,vapour,373.15,5.14731,not_stated,,,0.0248,measured,Experimental result as reported in the source.,,gravimetric,coanking1971_co2
CO2_coanking1971_co2_022,CO2,vapour,373.15,5.14731,not_stated,,,0.0251,measured,Experimental result as reported in the source.,,gravimetric,coanking1971_co2
CO2_dohrnetal1993_co2_003,CO2,vapour,323.15,10.1,not_stated,,,0.00547,measured,Experimental result as reported in the source.,from_compilation,unstated,dohrnetal1993_co2
CO2_dohrnetal1993_co2_004,CO2,vapour,323.15,20.1,not_stated,,,0.00682,measured,Experimental result as reported in the source.,from_compilation,unstated,dohrnetal1993_co2
CO2_dohrnetal1993_co2_005,CO2,vapour,323.15,30.1,not_stated,,,0.00782,measured,Experimental result as reported in the source.,from_compilation,unstated,dohrnetal1993_co2
CO2_dsouza1988_co2_001,CO2,vapour,323.15,10.133,not_stated,,,0.0055,measured,Experimental result as reported in the source.,from_compilation,unstated,dsouza1988_co2
CO2_dsouza1988_co2_002,CO2,vapour,323.15,15.2,not_stated,,,0.0079,measured,Experimental result as reported in the source.,from_compilation,unstated,dsouza1988_co2
CO2_dsouza1988_co2_003,CO2,vapour,348.15,10.133,not_stated,,,0.0074,measured,Experimental result as reported in the source.,from_compilation,unstated,dsouza1988_co2
CO2_dsouza1988_co2_004,CO2,vapour,348.15,15.2,not_stated,,,0.009,measured,Experimental result as reported in the source.,from_compilation,unstated,dsouza1988_co2
CO2_hou2013_co2_147,CO2,vapour,323.15,2.92,not_stated,,,0.00391,measured,Experimental result as reported in the source.,from_compilation,chromatography,hou2013_co2
CO2_hou2013_co2_148,CO2,vapour,323.15,3.027,not_stated,,,0.0034,measured,Experimental result as reported in the source.,from_compilation,chromatography,hou2013_co2
CO2_hou2013_co2_149,CO2,vapour,323.15,5.895,not_stated,,,0.00241,measured,Experimental result as reported in the source.,from_compilation,chromatography,hou2013_co2
CO2_hou2013_co2_150,CO2,vapour,323.15,5.959,not_stated,,,0.00199,measured,Experimental result as reported in the source.,from_compilation,chromatography,hou2013_co2
CO2_hou2013_co2_151,CO2,vapour,323.15,8.88,not_stated,,,0.00222,measured,Experimental result as reported in the source.,from_compilation,chromatography,hou2013_co2
CO2_hou2013_co2_152,CO2,vapour,323.15,8.998,not_stated,,,0.00177,measured,Experimental result as reported in the source.,from_compilation,chromatography,hou2013_co2
CO2_hou2013_co2_153,CO2,vapour,323.15,11.774,not_stated,,,0.00272,measured,Experimental result as reported in the source.,from_compilation,chromatography,hou2013_co2
CO2_hou2013_co2_154,CO2,vapour,323.15,12.084,not_stated,,,0.00247,measured,Experimental result as reported in the source.,from_compilation,chromatography,hou2013_co2
CO2_hou2013_co2_155,CO2,vapour,323.15,15.036,not_stated,,,0.00362,measured,Experimental result as reported in the source.,from_compilation,chromatography,hou2013_co2
CO2_hou2013_co2_156,CO2,vapour,323.15,15.062,not_stated,,,0.0038,measured,Experimental result as reported in the source.,from_compilation,chromatography,hou2013_co2
CO2_hou2013_co2_157,CO2,vapour,323.15,18.078,not_stated,,,0.00413,measured,Experimental result as reported in the source.,from_compilation,chromatography,hou2013_co2
CO2_hou2013_co2_158,CO2,vapour,323.15,18.184,not_stated,,,0.00402,measured,Experimental result as reported in the source.,from_compilation,chromatography,hou2013_co2
CO2_hou2013_co2_159,CO2,vapour,373.15,2.945,not_stated,,,0.03088,measured,Experimental result as reported in the source.,from_compilation,chromatography,hou2013_co2
CO2_hou2013_co2_160,CO2,vapour,373.15,3.025,not_stated,,,0.01649,measured,Experimental result as reported in the source.,from_compilation,chromatography,hou2013_co2
CO2_hou2013_co2_161,CO2,vapour,373.15,6.023,not_stated,,,0.00944,measured,Experimental result as reported in the source.,from_compilation,chromatography,hou2013_co2
CO2_hou2013_co2_162,CO2,vapour,373.15,6.08,not_stated,,,0.01244,measured,Experimental result as reported in the source.,from_compilation,chromatography,hou2013_co2
CO2_hou2013_co2_163,CO2,vapour,373.15,8.978,not_stated,,,0.00844,measured,Experimental result as reported in the source.,from_compilation,chromatography,hou2013_co2
CO2_hou2013_co2_164,CO2,vapour,373.15,9.071,not_stated,,,0.01166,measured,Experimental result as reported in the source.,from_compilation,chromatography,hou2013_co2
CO2_hou2013_co2_165,CO2,vapour,373.15,12.032,not_stated,,,0.00767,measured,Experimental result as reported in the source.,from_compilation,chromatography,hou2013_co2
CO2_hou2013_co2_166,CO2,vapour,373.15,12.032,not_stated,,,0.0107,measured,Experimental result as reported in the source.,from_compilation,chromatography,hou2013_co2
CO2_hou2013_co2_167,CO2,vapour,373.15,14.874,not_stated,,,0.0122,measured,Experimental result as reported in the source.,from_compilation,chromatography,hou2013_co2
CO2_hou2013_co2_168,CO2,vapour,373.15,15.103,not_stated,,,0.00938,measured,Experimental result as reported in the source.,from_compilation,chromatography,hou2013_co2
CO2_hou2013_co2_169,CO2,vapour,373.15,17.883,not_stated,,,0.01266,measured,Experimental result as reported in the source.,from_compilation,chromatography,hou2013_co2
CO2_hou2013_co2_170,CO2,vapour,373.15,18.215,not_stated,,,0.01038,measured,Experimental result as reported in the source.,from_compilation,chromatography,hou2013_co2
CO2_hou2013_co2_171,CO2,vapour,423.15,2.745,not_stated,,,0.18882,measured,Experimental result as reported in the source.,from_compilation,chromatography,hou2013_co2
CO2_hou2013_co2_172,CO2,vapour,423.15,2.908,not_stated,,,0.16007,measured,Experimental result as reported in the source.,from_compilation,chromatography,hou2013_co2
CO2_hou2013_co2_173,CO2,vapour,423.15,5.957,not_stated,,,0.08999,measured,Experimental result as reported in the source.,from_compilation,chromatography,hou2013_co2
CO2_hou2013_co2_174,CO2,vapour,423.15,6.074,not_stated,,,0.10112,measured,Experimental result as reported in the source.,from_compilation,chromatography,hou2013_co2
CO2_hou2013_co2_175,CO2,vapour,423.15,8.889,not_stated,,,0.07575,measured,Experimental result as reported in the source.,from_compilation,chromatography,hou2013_co2
CO2_hou2013_co2_176,CO2,vapour,423.15,8.984,not_stated,,,0.0648,measured,Experimental result as reported in the source.,from_compilation,chromatography,hou2013_co2
CO2_hou2013_co2_177,CO2,vapour,423.15,11.957,not_stated,,,0.06225,measured,Experimental result as reported in the source.,from_compilation,chromatography,hou2013_co2
CO2_hou2013_co2_178,CO2,vapour,423.15,12.035,not_stated,,,0.05495,measured,Experimental result as reported in the source.,from_compilation,chromatography,hou2013_co2
CO2_hou2013_co2_179,CO2,vapour,423.15,14.958,not_stated,,,0.05455,measured,Experimental result as reported in the source.,from_compilation,chromatography,hou2013_co2
CO2_hou2013_co2_180,CO2,vapour,423.15,14.991,not_stated,,,0.04767,measured,Experimental result as reported in the source.,from_compilation,chromatography,hou2013_co2
CO2_hou2013_co2_181,CO2,vapour,423.15,17.858,not_stated,,,0.05094,measured,Experimental result as reported in the source.,from_compilation,chromatography,hou2013_co2
CO2_hou2013_co2_182,CO2,vapour,423.15,18.12,not_stated,,,0.04322,measured,Experimental result as reported in the source.,from_compilation,chromatography,hou2013_co2
CO2_hou2013_co2_183,CO2,vapour,323.15,2.782,not_stated,,,0.00363,measured,Experimental result as reported in the source.,from_compilation,chromatography,hou2013_co2
CO2_hou2013_co2_184,CO2,vapour,323.15,2.983,not_stated,,,0.00294,measured,Experimental result as reported in the source.,from_compilation,chromatography,hou2013_co2
CO2_hou2013_co2_185,CO2,vapour,323.15,5.739,not_stated,,,0.00233,measured,Experimental result as reported in the source.,from_compilation,chromatography,hou2013_co2
CO2_hou2013_co2_186,CO2,vapour,323.15,5.954,not_stated,,,0.00191,measured,Experimental result as reported in the source.,from_compilation,chromatography,hou2013_co2
CO2_hou2013_co2_187,CO2,vapour,323.15,8.73,not_stated,,,0.00218,measured,Experimental result as reported in the source.,from_compilation,chromatography,hou2013_co2
CO2_hou2013_co2_188,CO2,vapour,323.15,8.953,not_stated,,,0.00164,measured,Experimental result as reported in the source.,from_compilation,chromatography,hou2013_co2
CO2_hou2013_co2_189,CO2,vapour,323.15,11.773,not_stated,,,0.00266,measured,Experimental result as reported in the source.,from_compilation,chromatography,hou2013_co2
CO2_hou2013_co2_190,CO2,vapour,323.15,12.017,not_stated,,,0.0024,measured,Experimental result as reported in the source.,from_compilation,chromatography,hou2013_co2
CO2_hou2013_co2_191,CO2,vapour,323.15,14.959,not_stated,,,0.00349,measured,Experimental result as reported in the source.,from_compilation,chromatography,hou2013_co2
CO2_hou2013_co2_192,CO2,vapour,323.15,15.02,not_stated,,,0.00374,measured,Experimental result as reported in the source.,from_compilation,chromatography,hou2013_co2
CO2_hou2013_co2_193,CO2,vapour,323.15,17.954,not_stated,,,0.00391,measured,Experimental result as reported in the source.,from_compilation,chromatography,hou2013_co2
CO2_hou2013_co2_194,CO2,vapour,323.15,18.211,not_stated,,,0.00409,measured,Experimental result as reported in the source.,from_compilation,chromatography,hou2013_co2
CO2_hou2013_co2_195,CO2,vapour,373.15,2.613,not_stated,,,0.02903,measured,Experimental result as reported in the source.,from_compilation,chromatography,hou2013_co2
CO2_hou2013_co2_196,CO2,vapour,373.15,2.951,not_stated,,,0.01419,measured,Experimental result as reported in the source.,from_compilation,chromatography,hou2013_co2
CO2_hou2013_co2_197,CO2,vapour,373.15,5.742,not_stated,,,0.01172,measured,Experimental result as reported in the source.,from_compilation,chromatography,hou2013_co2
CO2_hou2013_co2_198,CO2,vapour,373.15,6.068,not_stated,,,0.00902,measured,Experimental result as reported in the source.,from_compilation,chromatography,hou2013_co2
CO2_hou2013_co2_199,CO2,vapour,373.15,8.789,not_stated,,,0.01064,measured,Experimental result as reported in the source.,from_compilation,chromatography,hou2013_co2
CO2_hou2013_co2_200,CO2,vapour,373.15,8.916,not_stated,,,0.00811,measured,Experimental result as reported in the source.,from_compilation,chromatography,hou2013_co2
CO2_hou2013_co2_201,CO2,vapour,373.15,11.867,not_stated,,,0.00955,measured,Experimental result as reported in the source.,from_compilation,chromatography,hou2013_co2
CO2_hou2013_co2_202,CO2,vapour,373.15,12.003,not_stated,,,0.00742,measured,Experimental result as reported in the source.,from_compilation,chromatography,hou2013_co2
CO2_hou2013_co2_203,CO2,vapour,373.15,14.921,not_stated,,,0.01083,measured,Experimental result as reported in the source.,from_compilation,chromatography,hou2013_co2
CO2_hou2013_co2_204,CO2,vapour,373.15,14.924,not_stated,,,0.00847,measured,Experimental result as reported in the source.,from_compilation,chromatography,hou2013_co2
CO2_hou2013_co2_205,CO2,vapour,373.15,18.013,not_stated,,,0.01156,measured,Experimental result as reported in the source.,from_compilation,chromatography,hou2013_co2
CO2_hou2013_co2_206,CO2,vapour,373.15,18.162,not_stated,,,0.00945,measured,Experimental result as reported in the source.,from_compilation,chromatography,hou2013_co2
CO2_hou2013_co2_207,CO2,vapour,423.15,2.643,not_stated,,,0.18559,measured,Experimental result as reported in the source.,from_compilation,chromatography,hou2013_co2
CO2_hou2013_co2_208,CO2,vapour,423.15,3.093,not_stated,,,0.15439,measured,Experimental result as reported in the source.,from_compilation,chromatography,hou2013_co2
CO2_hou2013_co2_209,CO2,vapour,423.15,5.766,not_stated,,,0.10155,measured,Experimental result as reported in the source.,from_compilation,chromatography,hou2013_co2
CO2_hou2013_co2_210,CO2,vapour,423.15,5.816,not_stated,,,0.08669,measured,Experimental result as reported in the source.,from_compilation,chromatography,hou2013_co2
CO2_hou2013_co2_211,CO2,vapour,423.15,8.6,not_stated,,,0.07567,measured,Experimental result as reported in the source.,from_compilation,chromatography,hou2013_co2
CO2_hou2013_co2_212,CO2,vapour,423.15,8.857,not_stated,,,0.06268,measured,Experimental result as reported in the source.,from_compilation,chromatography,hou2013_co2
CO2_hou2013_co2_213,CO2,vapour,423.15,11.604,not_stated,,,0.06231,measured,Experimental result as reported in the source.,from_compilation,chromatography,hou2013_co2
CO2_hou2013_co2_214,CO2,vapour,423.15,11.922,not_stated,,,0.0531,measured,Experimental result as reported in the source.,from_compilation,chromatography,hou2013_co2
CO2_hou2013_co2_215,CO2,vapour,423.15,14.881,not_stated,,,0.05364,measured,Experimental result as reported in the source.,from_compilation,chromatography,hou2013_co2
CO2_hou2013_co2_216,CO2,vapour,423.15,14.979,not_stated,,,0.04672,measured,Experimental result as reported in the source.,from_compilation,chromatography,hou2013_co2
CO2_hou2013_co2_217,CO2,vapour,423.15,17.794,not_stated,,,0.05022,measured,Experimental result as reported in the source.,from_compilation,chromatography,hou2013_co2
CO2_hou2013_co2_218,CO2,vapour,423.15,18.079,not_stated,,,0.04304,measured,Experimental result as reported in the source.,from_compilation,chromatography,hou2013_co2
CO2_hou2013jsf73water_co2_043,CO2,vapour,298.15,1.666,not_stated,,,0.00268,measured,Experimental result as reported in the source.,from_compilation,chromatography,hou2013jsf73water_co2
CO2_hou2013jsf73water_co2_044,CO2,vapour,298.15,3.258,not_stated,,,0.0016,measured,Experimental result as reported in the source.,from_compilation,chromatography,hou2013jsf73water_co2
CO2_hou2013jsf73water_co2_045,CO2,vapour,298.15,6.391,not_stated,,,0.00194,measured,Experimental result as reported in the source.,from_compilation,chromatography,hou2013jsf73water_co2
CO2_hou2013jsf73water_co2_046,CO2,vapour,323.15,2.98,not_stated,,,0.00507,measured,Experimental result as reported in the source.,from_compilation,chromatography,hou2013jsf73water_co2
CO2_hou2013jsf73water_co2_047,CO2,vapour,323.15,7.406,not_stated,,,0.0035,measured,Experimental result as reported in the source.,from_compilation,chromatography,hou2013jsf73water_co2
CO2_hou2013jsf73water_co2_048,CO2,vapour,323.15,10.021,not_stated,,,0.00403,measured,Experimental result as reported in the source.,from_compilation,chromatography,hou2013jsf73water_co2
CO2_hou2013jsf73water_co2_049,CO2,vapour,323.15,12.973,not_stated,,,0.00533,measured,Experimental result as reported in the source.,from_compilation,chromatography,hou2013jsf73water_co2
CO2_hou2013jsf73water_co2_050,CO2,vapour,323.15,17.533,not_stated,,,0.00614,measured,Experimental result as reported in the source.,from_compilation,chromatography,hou2013jsf73water_co2
CO2_hou2013jsf73water_co2_051,CO2,vapour,348.15,1.101,not_stated,,,0.03132,measured,Experimental result as reported in the source.,from_compilation,chromatography,hou2013jsf73water_co2
CO2_hou2013jsf73water_co2_052,CO2,vapour,348.15,2.921,not_stated,,,0.01422,measured,Experimental result as reported in the source.,from_compilation,chromatography,hou2013jsf73water_co2
CO2_hou2013jsf73water_co2_053,CO2,vapour,348.15,7.123,not_stated,,,0.00845,measured,Experimental result as reported in the source.,from_compilation,chromatography,hou2013jsf73water_co2
CO2_hou2013jsf73water_co2_054,CO2,vapour,348.15,10.167,not_stated,,,0.00805,measured,Experimental result as reported in the source.,from_compilation,chromatography,hou2013jsf73water_co2
CO2_hou2013jsf73water_co2_055,CO2,vapour,348.15,13.282,not_stated,,,0.00836,measured,Experimental result as reported in the source.,from_compilation,chromatography,hou2013jsf73water_co2
CO2_hou2013jsf73water_co2_056,CO2,vapour,348.15,16.918,not_stated,,,0.00996,measured,Experimental result as reported in the source.,from_compilation,chromatography,hou2013jsf73water_co2
CO2_hou2013jsf73water_co2_057,CO2,vapour,373.15,1.107,not_stated,,,0.08802,measured,Experimental result as reported in the source.,from_compilation,chromatography,hou2013jsf73water_co2
CO2_hou2013jsf73water_co2_058,CO2,vapour,373.15,2.426,not_stated,,,0.04691,measured,Experimental result as reported in the source.,from_compilation,chromatography,hou2013jsf73water_co2
CO2_hou2013jsf73water_co2_059,CO2,vapour,373.15,7.088,not_stated,,,0.02102,measured,Experimental result as reported in the source.,from_compilation,chromatography,hou2013jsf73water_co2
CO2_hou2013jsf73water_co2_060,CO2,vapour,373.15,10.235,not_stated,,,0.01747,measured,Experimental result as reported in the source.,from_compilation,chromatography,hou2013jsf73water_co2
CO2_hou2013jsf73water_co2_061,CO2,vapour,373.15,13.352,not_stated,,,0.01675,measured,Experimental result as reported in the source.,from_compilation,chromatography,hou2013jsf73water_co2
CO2_hou2013jsf73water_co2_062,CO2,vapour,373.15,17.07,not_stated,,,0.01712,measured,Experimental result as reported in the source.,from_compilation,chromatography,hou2013jsf73water_co2
CO2_hou2013jsf73water_co2_063,CO2,vapour,423.15,1.428,not_stated,,,0.3464,measured,Experimental result as reported in the source.,from_compilation,chromatography,hou2013jsf73water_co2
CO2_hou2013jsf73water_co2_064,CO2,vapour,423.15,2.987,not_stated,,,0.18927,measured,Experimental result as reported in the source.,from_compilation,chromatography,hou2013jsf73water_co2
CO2_hou2013jsf73water_co2_065,CO2,vapour,423.15,7.197,not_stated,,,0.09452,measured,Experimental result as reported in the source.,from_compilation,chromatography,hou2013jsf73water_co2
CO2_hou2013jsf73water_co2_066,CO2,vapour,423.15,10.014,not_stated,,,0.07499,measured,Experimental result as reported in the source.,from_compilation,chromatography,hou2013jsf73water_co2
CO2_hou2013jsf73water_co2_067,CO2,vapour,423.15,13.418,not_stated,,,0.06368,measured,Experimental result as reported in the source.,from_compilation,chromatography,hou2013jsf73water_co2
CO2_hou2013jsf73water_co2_068,CO2,vapour,423.15,17.355,not_stated,,,0.05661,measured,Experimental result as reported in the source.,from_compilation,chromatography,hou2013jsf73water_co2
CO2_hou2013jsf73water_co2_069,CO2,vapour,448.15,1.327,not_stated,,,0.70431,measured,Experimental result as reported in the source.,from_compilation,chromatography,hou2013jsf73water_co2
CO2_hou2013jsf73water_co2_070,CO2,vapour,448.15,3.657,not_stated,,,0.29,measured,Experimental result as reported in the source.,from_compilation,chromatography,hou2013jsf73water_co2
CO2_hou2013jsf73water_co2_071,CO2,vapour,448.15,7.565,not_stated,,,0.15731,measured,Experimental result as reported in the source.,from_compilation,chromatography,hou2013jsf73water_co2
CO2_hou2013jsf73water_co2_072,CO2,vapour,448.15,10.497,not_stated,,,0.11921,measured,Experimental result as reported in the source.,from_compilation,chromatography,hou2013jsf73water_co2
CO2_hou2013jsf73water_co2_073,CO2,vapour,448.15,13.442,not_stated,,,0.10667,measured,Experimental result as reported in the source.,from_compilation,chromatography,hou2013jsf73water_co2
CO2_hou2013jsf73water_co2_074,CO2,vapour,448.15,17.459,not_stated,,,0.10175,measured,Experimental result as reported in the source.,from_compilation,chromatography,hou2013jsf73water_co2
CO2_hou2013jsf73water_co2_075,CO2,vapour,323.15,1.089,not_stated,,,0.02811,measured,Experimental result as reported in the source.,from_compilation,chromatography,hou2013jsf73water_co2
CO2_hou2013jsf73water_co2_076,CO2,vapour,398.15,1.158,not_stated,,,0.21312,measured,Experimental result as reported in the source.,from_compilation,chromatography,hou2013jsf73water_co2
CO2_hou2013jsf73water_co2_077,CO2,vapour,398.15,3.176,not_stated,,,0.08529,measured,Experimental result as reported in the source.,from_compilation,chromatography,hou2013jsf73water_co2
CO2_hou2013jsf73water_co2_078,CO2,vapour,398.15,7.321,not_stated,,,0.04458,measured,Experimental result as reported in the source.,from_compilation,chromatography,hou2013jsf73water_co2
CO2_hou2013jsf73water_co2_079,CO2,vapour,398.15,9.984,not_stated,,,0.0356,measured,Experimental result as reported in the source.,from_compilation,chromatography,hou2013jsf73water_co2
CO2_hou2013jsf73water_co2_080,CO2,vapour,398.15,13.456,not_stated,,,0.03363,measured,Experimental result as reported in the source.,from_compilation,chromatography,hou2013jsf73water_co2
CO2_hou2013jsf73water_co2_081,CO2,vapour,398.15,17.435,not_stated,,,0.0309,measured,Experimental result as reported in the source.,from_compilation,chromatography,hou2013jsf73water_co2
CO2_jacksonbowmanfulton1995_co2_001,CO2,vapour,323.15,34.48,not_stated,,,0.0075,measured,Experimental result as reported in the source.,,other,jacksonbowmanfulton1995_co2
CO2_jacksonbowmanfulton1995_co2_002,CO2,vapour,348.15,34.48,not_stated,,,0.0133,measured,Experimental result as reported in the source.,,other,jacksonbowmanfulton1995_co2
CO2_jooss2025_co2_001,CO2,vapour,308.14,1,not_stated,,,0.00636,measured,Experimental result as reported in the source.,,chromatography,jooss2025_co2
CO2_jooss2025_co2_002,CO2,vapour,308.14,2,not_stated,,,0.00345,measured,Experimental result as reported in the source.,,chromatography,jooss2025_co2
CO2_jooss2025_co2_003,CO2,vapour,308.13,4,not_stated,,,0.0022,measured,Experimental result as reported in the source.,,chromatography,jooss2025_co2
CO2_jooss2025_co2_004,CO2,vapour,308.13,6,not_stated,,,0.00205,measured,Experimental result as reported in the source.,,chromatography,jooss2025_co2
CO2_jooss2025_co2_005,CO2,vapour,308.13,7,not_stated,,,0.00209,measured,Experimental result as reported in the source.,,chromatography,jooss2025_co2
CO2_jooss2025_co2_006,CO2,vapour,308.15,8,not_stated,,,0.00291,measured,Experimental result as reported in the source.,,chromatography,jooss2025_co2
CO2_jooss2025_co2_007,CO2,vapour,308.13,9,not_stated,,,0.0038,measured,Experimental result as reported in the source.,,chromatography,jooss2025_co2
CO2_jooss2025_co2_008,CO2,vapour,308.13,19,not_stated,,,0.00467,measured,Experimental result as reported in the source.,,chromatography,jooss2025_co2
CO2_jooss2025_co2_009,CO2,vapour,308.15,30,not_stated,,,0.00492,measured,Experimental result as reported in the source.,,chromatography,jooss2025_co2
CO2_jooss2025_co2_010,CO2,vapour,323.15,1,not_stated,,,0.01363,measured,Experimental result as reported in the source.,,chromatography,jooss2025_co2
CO2_jooss2025_co2_011,CO2,vapour,323.33,3.5,not_stated,,,0.00468,measured,Experimental result as reported in the source.,,chromatography,jooss2025_co2
CO2_jooss2025_co2_012,CO2,vapour,323.34,6,not_stated,,,0.00348,measured,Experimental result as reported in the source.,,chromatography,jooss2025_co2
CO2_jooss2025_co2_013,CO2,vapour,323.34,7.3,not_stated,,,0.00345,measured,Experimental result as reported in the source.,,chromatography,jooss2025_co2
CO2_jooss2025_co2_014,CO2,vapour,323.34,7.8,not_stated,,,0.00333,measured,Experimental result as reported in the source.,,chromatography,jooss2025_co2
CO2_jooss2025_co2_015,CO2,vapour,323.34,8.4,not_stated,,,0.00347,measured,Experimental result as reported in the source.,,chromatography,jooss2025_co2
CO2_jooss2025_co2_016,CO2,vapour,323.35,12,not_stated,,,0.00527,measured,Experimental result as reported in the source.,,chromatography,jooss2025_co2
CO2_jooss2025_co2_017,CO2,vapour,323.34,17.5,not_stated,,,0.00637,measured,Experimental result as reported in the source.,,chromatography,jooss2025_co2
CO2_jooss2025_co2_018,CO2,vapour,323.16,42,not_stated,,,0.00724,measured,Experimental result as reported in the source.,,chromatography,jooss2025_co2
CO2_jooss2025_co2_019,CO2,vapour,338.15,1,not_stated,,,0.02622,measured,Experimental result as reported in the source.,,chromatography,jooss2025_co2
CO2_jooss2025_co2_020,CO2,vapour,338.15,2,not_stated,,,0.01399,measured,Experimental result as reported in the source.,,chromatography,jooss2025_co2
CO2_jooss2025_co2_021,CO2,vapour,338.15,6,not_stated,,,0.00644,measured,Experimental result as reported in the source.,,chromatography,jooss2025_co2
CO2_jooss2025_co2_022,CO2,vapour,338.15,9,not_stated,,,0.00579,measured,Experimental result as reported in the source.,,chromatography,jooss2025_co2
CO2_jooss2025_co2_023,CO2,vapour,338.16,11,not_stated,,,0.00615,measured,Experimental result as reported in the source.,,chromatography,jooss2025_co2
CO2_jooss2025_co2_024,CO2,vapour,338.15,17,not_stated,,,0.00833,measured,Experimental result as reported in the source.,,chromatography,jooss2025_co2
CO2_jooss2025_co2_025,CO2,vapour,338.14,27,not_stated,,,0.00968,measured,Experimental result as reported in the source.,,chromatography,jooss2025_co2
CO2_jooss2025_co2_026,CO2,vapour,338.14,42,not_stated,,,0.01028,measured,Experimental result as reported in the source.,,chromatography,jooss2025_co2
CO2_jooss2025_co2_027,CO2,vapour,338.14,52,not_stated,,,0.01048,measured,Experimental result as reported in the source.,,chromatography,jooss2025_co2
CO2_jooss2025_co2_028,CO2,vapour,358.16,1,not_stated,,,0.06055,measured,Experimental result as reported in the source.,,chromatography,jooss2025_co2
CO2_jooss2025_co2_029,CO2,vapour,358.16,2,not_stated,,,0.03178,measured,Experimental result as reported in the source.,,chromatography,jooss2025_co2
CO2_jooss2025_co2_030,CO2,vapour,358.15,6,not_stated,,,0.01358,measured,Experimental result as reported in the source.,,chromatography,jooss2025_co2
CO2_jooss2025_co2_031,CO2,vapour,358.16,10,not_stated,,,0.01115,measured,Experimental result as reported in the source.,,chromatography,jooss2025_co2
CO2_jooss2025_co2_032,CO2,vapour,358.16,14,not_stated,,,0.01141,measured,Experimental result as reported in the source.,,chromatography,jooss2025_co2
CO2_jooss2025_co2_033,CO2,vapour,358.16,19,not_stated,,,0.01297,measured,Experimental result as reported in the source.,,chromatography,jooss2025_co2
CO2_jooss2025_co2_034,CO2,vapour,358.16,27,not_stated,,,0.0146,measured,Experimental result as reported in the source.,,chromatography,jooss2025_co2
CO2_jooss2025_co2_035,CO2,vapour,358.17,42,not_stated,,,0.0157,measured,Experimental result as reported in the source.,,chromatography,jooss2025_co2
CO2_jooss2025_co2_036,CO2,vapour,358.16,70,not_stated,,,0.01653,measured,Experimental result as reported in the source.,,chromatography,jooss2025_co2
CO2_jooss2025_co2_037,CO2,vapour,368.17,1,not_stated,,,0.08852,measured,Experimental result as reported in the source.,,chromatography,jooss2025_co2
CO2_jooss2025_co2_038,CO2,vapour,368.17,2,not_stated,,,0.04633,measured,Experimental result as reported in the source.,,chromatography,jooss2025_co2
CO2_jooss2025_co2_039,CO2,vapour,368.17,4,not_stated,,,0.02552,measured,Experimental result as reported in the source.,,chromatography,jooss2025_co2
CO2_jooss2025_co2_040,CO2,vapour,368.17,10,not_stated,,,0.01486,measured,Experimental result as reported in the source.,,chromatography,jooss2025_co2
CO2_jooss2025_co2_041,CO2,vapour,368.17,13,not_stated,,,0.01436,measured,Experimental result as reported in the source.,,chromatography,jooss2025_co2
CO2_jooss2025_co2_042,CO2,vapour,368.17,18,not_stated,,,0.01541,measured,Experimental result as reported in the source.,,chromatography,jooss2025_co2
CO2_jooss2025_co2_043,CO2,vapour,368.18,27,not_stated,,,0.01686,measured,Experimental result as reported in the source.,,chromatography,jooss2025_co2
CO2_jooss2025_co2_044,CO2,vapour,368.2,42,not_stated,,,0.01922,measured,Experimental result as reported in the source.,,chromatography,jooss2025_co2
CO2_jooss2025_co2_045,CO2,vapour,368.2,70,not_stated,,,0.02049,measured,Experimental result as reported in the source.,,chromatography,jooss2025_co2
CO2_jooss2025_co2_046,CO2,vapour,393.17,2,not_stated,,,0.10842,measured,Experimental result as reported in the source.,,chromatography,jooss2025_co2
CO2_jooss2025_co2_047,CO2,vapour,393.16,4,not_stated,,,0.05873,measured,Experimental result as reported in the source.,,chromatography,jooss2025_co2
CO2_jooss2025_co2_048,CO2,vapour,393.15,8,not_stated,,,0.03551,measured,Experimental result as reported in the source.,,chromatography,jooss2025_co2
CO2_jooss2025_co2_049,CO2,vapour,393.17,11,not_stated,,,0.0301,measured,Experimental result as reported in the source.,,chromatography,jooss2025_co2
CO2_jooss2025_co2_050,CO2,vapour,393.16,16,not_stated,,,0.0273,measured,Experimental result as reported in the source.,,chromatography,jooss2025_co2
CO2_jooss2025_co2_051,CO2,vapour,393.16,22,not_stated,,,0.02791,measured,Experimental result as reported in the source.,,chromatography,jooss2025_co2
CO2_jooss2025_co2_052,CO2,vapour,393.16,27,not_stated,,,0.02908,measured,Experimental result as reported in the source.,,chromatography,jooss2025_co2
CO2_jooss2025_co2_053,CO2,vapour,393.21,42,not_stated,,,0.03115,measured,Experimental result as reported in the source.,,chromatography,jooss2025_co2
CO2_jooss2025_co2_054,CO2,vapour,393.22,70,not_stated,,,0.03347,measured,Experimental result as reported in the source.,,chromatography,jooss2025_co2
CO2_jooss2025_co2_055,CO2,vapour,323.15,1,not_stated,,,0.01262,measured,Experimental result as reported in the source.,,chromatography,jooss2025_co2
CO2_jooss2025_co2_056,CO2,vapour,323.16,2.8,not_stated,,,0.00495,measured,Experimental result as reported in the source.,,chromatography,jooss2025_co2
CO2_jooss2025_co2_057,CO2,vapour,323.16,3.5,not_stated,,,0.00424,measured,Experimental result as reported in the source.,,chromatography,jooss2025_co2
CO2_jooss2025_co2_058,CO2,vapour,323.15,6,not_stated,,,0.00308,measured,Experimental result as reported in the source.,,chromatography,jooss2025_co2
CO2_jooss2025_co2_059,CO2,vapour,323.16,7.3,not_stated,,,0.00291,measured,Experimental result as reported in the source.,,chromatography,jooss2025_co2
CO2_jooss2025_co2_060,CO2,vapour,323.16,8.4,not_stated,,,0.00305,measured,Experimental result as reported in the source.,,chromatography,jooss2025_co2
CO2_jooss2025_co2_061,CO2,vapour,323.16,12,not_stated,,,0.0046,measured,Experimental result as reported in the source.,,chromatography,jooss2025_co2
CO2_jooss2025_co2_062,CO2,vapour,323.16,17.5,not_stated,,,0.00536,measured,Experimental result as reported in the source.,,chromatography,jooss2025_co2
CO2_jooss2025_co2_063,CO2,vapour,323.15,42,not_stated,,,0.00634,measured,Experimental result as reported in the source.,,chromatography,jooss2025_co2
CO2_jooss2025_co2_064,CO2,vapour,358.14,1,not_stated,,,0.05822,measured,Experimental result as reported in the source.,,chromatography,jooss2025_co2
CO2_jooss2025_co2_065,CO2,vapour,358.14,2,not_stated,,,0.03068,measured,Experimental result as reported in the source.,,chromatography,jooss2025_co2
CO2_jooss2025_co2_066,CO2,vapour,358.13,6,not_stated,,,0.01298,measured,Experimental result as reported in the source.,,chromatography,jooss2025_co2
CO2_jooss2025_co2_067,CO2,vapour,358.14,10,not_stated,,,0.01043,measured,Experimental result as reported in the source.,,chromatography,jooss2025_co2
CO2_jooss2025_co2_068,CO2,vapour,358.14,14,not_stated,,,0.0107,measured,Experimental result as reported in the source.,,chromatography,jooss2025_co2
CO2_jooss2025_co2_069,CO2,vapour,358.14,19,not_stated,,,0.01217,measured,Experimental result as reported in the source.,,chromatography,jooss2025_co2
CO2_jooss2025_co2_070,CO2,vapour,358.14,27,not_stated,,,0.0136,measured,Experimental result as reported in the source.,,chromatography,jooss2025_co2
CO2_jooss2025_co2_071,CO2,vapour,358.14,42,not_stated,,,0.01477,measured,Experimental result as reported in the source.,,chromatography,jooss2025_co2
CO2_jooss2025_co2_072,CO2,vapour,358.15,70,not_stated,,,0.01576,measured,Experimental result as reported in the source.,,chromatography,jooss2025_co2
CO2_jooss2025_co2_073,CO2,vapour,358.2,1,not_stated,,,0.05479,measured,Experimental result as reported in the source.,,chromatography,jooss2025_co2
CO2_jooss2025_co2_074,CO2,vapour,358.2,2,not_stated,,,0.02857,measured,Experimental result as reported in the source.,,chromatography,jooss2025_co2
CO2_jooss2025_co2_075,CO2,vapour,358.12,6,not_stated,,,0.01185,measured,Experimental result as reported in the source.,,chromatography,jooss2025_co2
CO2_jooss2025_co2_076,CO2,vapour,358.12,10,not_stated,,,0.00952,measured,Experimental result as reported in the source.,,chromatography,jooss2025_co2
CO2_jooss2025_co2_077,CO2,vapour,358.12,14,not_stated,,,0.00966,measured,Experimental result as reported in the source.,,chromatography,jooss2025_co2
CO2_jooss2025_co2_078,CO2,vapour,358.12,19,not_stated,,,0.01112,measured,Experimental result as reported in the source.,,chromatography,jooss2025_co2
CO2_jooss2025_co2_079,CO2,vapour,358.15,27,not_stated,,,0.01256,measured,Experimental result as reported in the source.,,chromatography,jooss2025_co2
CO2_jooss2025_co2_080,CO2,vapour,358.15,42,not_stated,,,0.01368,measured,Experimental result as reported in the source.,,chromatography,jooss2025_co2
CO2_jooss2025_co2_081,CO2,vapour,358.13,70,not_stated,,,0.0147,measured,Experimental result as reported in the source.,,chromatography,jooss2025_co2
CO2_jooss2025_co2_082,CO2,vapour,393.18,2,not_stated,,,0.0986,measured,Experimental result as reported in the source.,,chromatography,jooss2025_co2
CO2_jooss2025_co2_083,CO2,vapour,393.18,4,not_stated,,,0.0535,measured,Experimental result as reported in the source.,,chromatography,jooss2025_co2
CO2_jooss2025_co2_084,CO2,vapour,393.17,8,not_stated,,,0.03192,measured,Experimental result as reported in the source.,,chromatography,jooss2025_co2
CO2_jooss2025_co2_085,CO2,vapour,393.18,11,not_stated,,,0.02696,measured,Experimental result as reported in the source.,,chromatography,jooss2025_co2
CO2_jooss2025_co2_086,CO2,vapour,393.17,16,not_stated,,,0.02456,measured,Experimental result as reported in the source.,,chromatography,jooss2025_co2
CO2_jooss2025_co2_087,CO2,vapour,393.15,21.5,not_stated,,,0.02459,measured,Experimental result as reported in the source.,,chromatography,jooss2025_co2
CO2_jooss2025_co2_088,CO2,vapour,393.18,27,not_stated,,,0.02606,measured,Experimental result as reported in the source.,,chromatography,jooss2025_co2
CO2_jooss2025_co2_089,CO2,vapour,393.18,42,not_stated,,,0.02759,measured,Experimental result as reported in the source.,,chromatography,jooss2025_co2
CO2_jooss2025_co2_090,CO2,vapour,393.19,70,not_stated,,,0.02924,measured,Experimental result as reported in the source.,,chromatography,jooss2025_co2
CO2_king1992_co2_028,CO2,liquid_hydrocarbon_or_co2,288.15,5.17,not_stated,,,0.00222,measured,Experimental result as reported in the source.,,analytical_sampling,king1992_co2
CO2_king1992_co2_029,CO2,liquid_hydrocarbon_or_co2,293.15,5.88,not_stated,,,0.00261,measured,Experimental result as reported in the source.,,analytical_sampling,king1992_co2
CO2_king1992_co2_030,CO2,liquid_hydrocarbon_or_co2,298.15,6.59,not_stated,,,0.003,measured,Experimental result as reported in the source.,,analytical_sampling,king1992_co2
CO2_king1992_co2_031,CO2,vapour,293.15,7.09,not_stated,,,0.00272,measured,Experimental result as reported in the source.,,analytical_sampling,king1992_co2
CO2_king1992_co2_032,CO2,vapour,298.15,7.09,not_stated,,,0.00307,measured,Experimental result as reported in the source.,,analytical_sampling,king1992_co2
CO2_king1992_co2_033,CO2,vapour,288.15,7.6,not_stated,,,0.00235,measured,Experimental result as reported in the source.,,analytical_sampling,king1992_co2
CO2_king1992_co2_034,CO2,vapour,293.15,7.6,not_stated,,,0.00276,measured,Experimental result as reported in the source.,,analytical_sampling,king1992_co2
CO2_king1992_co2_035,CO2,vapour,298.15,7.6,not_stated,,,0.00309,measured,Experimental result as reported in the source.,,analytical_sampling,king1992_co2
CO2_king1992_co2_036,CO2,vapour,293.15,8.11,not_stated,,,0.00278,measured,Experimental result as reported in the source.,,analytical_sampling,king1992_co2
CO2_king1992_co2_037,CO2,vapour,298.15,9.12,not_stated,,,0.00314,measured,Experimental result as reported in the source.,,analytical_sampling,king1992_co2
CO2_king1992_co2_038,CO2,vapour,308.15,9.12,not_stated,,,0.00384,measured,Experimental result as reported in the source.,,analytical_sampling,king1992_co2
CO2_king1992_co2_039,CO2,vapour,288.15,10.13,not_stated,,,0.00241,measured,Experimental result as reported in the source.,,analytical_sampling,king1992_co2
CO2_king1992_co2_040,CO2,vapour,293.15,10.13,not_stated,,,0.00293,measured,Experimental result as reported in the source.,,analytical_sampling,king1992_co2
CO2_king1992_co2_041,CO2,vapour,298.15,10.13,not_stated,,,0.00327,measured,Experimental result as reported in the source.,,analytical_sampling,king1992_co2
CO2_king1992_co2_042,CO2,vapour,308.15,10.13,not_stated,,,0.00407,measured,Experimental result as reported in the source.,,analytical_sampling,king1992_co2
CO2_king1992_co2_043,CO2,vapour,313.15,10.13,not_stated,,,0.00428,measured,Experimental result as reported in the source.,,analytical_sampling,king1992_co2
CO2_king1992_co2_044,CO2,vapour,298.15,11.15,not_stated,,,0.00337,measured,Experimental result as reported in the source.,,analytical_sampling,king1992_co2
CO2_king1992_co2_045,CO2,vapour,308.15,11.15,not_stated,,,0.00414,measured,Experimental result as reported in the source.,,analytical_sampling,king1992_co2
CO2_king1992_co2_046,CO2,vapour,313.15,11.15,not_stated,,,0.0044,measured,Experimental result as reported in the source.,,analytical_sampling,king1992_co2
CO2_king1992_co2_047,CO2,vapour,288.15,12.67,not_stated,,,0.00255,measured,Experimental result as reported in the source.,,analytical_sampling,king1992_co2
CO2_king1992_co2_048,CO2,vapour,293.15,12.67,not_stated,,,0.00287,measured,Experimental result as reported in the source.,,analytical_sampling,king1992_co2
CO2_king1992_co2_049,CO2,vapour,298.15,12.67,not_stated,,,0.00341,measured,Experimental result as reported in the source.,,analytical_sampling,king1992_co2
CO2_king1992_co2_050,CO2,vapour,308.15,12.67,not_stated,,,0.00435,measured,Experimental result as reported in the source.,,analytical_sampling,king1992_co2
CO2_king1992_co2_051,CO2,vapour,313.15,12.67,not_stated,,,0.00467,measured,Experimental result as reported in the source.,,analytical_sampling,king1992_co2
CO2_king1992_co2_052,CO2,vapour,308.15,13.68,not_stated,,,0.0044,measured,Experimental result as reported in the source.,,analytical_sampling,king1992_co2
CO2_king1992_co2_053,CO2,vapour,293.15,14.19,not_stated,,,0.00307,measured,Experimental result as reported in the source.,,analytical_sampling,king1992_co2
CO2_king1992_co2_054,CO2,vapour,298.15,14.19,not_stated,,,0.00344,measured,Experimental result as reported in the source.,,analytical_sampling,king1992_co2
CO2_king1992_co2_055,CO2,vapour,288.15,15.2,not_stated,,,0.00262,measured,Experimental result as reported in the source.,,analytical_sampling,king1992_co2
CO2_king1992_co2_056,CO2,vapour,293.15,15.2,not_stated,,,0.0032,measured,Experimental result as reported in the source.,,analytical_sampling,king1992_co2
CO2_king1992_co2_057,CO2,vapour,298.15,15.2,not_stated,,,0.00354,measured,Experimental result as reported in the source.,,analytical_sampling,king1992_co2
CO2_king1992_co2_058,CO2,vapour,308.15,15.2,not_stated,,,0.00457,measured,Experimental result as reported in the source.,,analytical_sampling,king1992_co2
CO2_king1992_co2_059,CO2,vapour,313.15,15.2,not_stated,,,0.00507,measured,Experimental result as reported in the source.,,analytical_sampling,king1992_co2
CO2_king1992_co2_060,CO2,vapour,288.15,17.73,not_stated,,,0.00272,measured,Experimental result as reported in the source.,,analytical_sampling,king1992_co2
CO2_king1992_co2_061,CO2,vapour,293.15,17.73,not_stated,,,0.00322,measured,Experimental result as reported in the source.,,analytical_sampling,king1992_co2
CO2_king1992_co2_062,CO2,vapour,298.15,17.73,not_stated,,,0.00369,measured,Experimental result as reported in the source.,,analytical_sampling,king1992_co2
CO2_king1992_co2_063,CO2,vapour,313.15,17.73,not_stated,,,0.00543,measured,Experimental result as reported in the source.,,analytical_sampling,king1992_co2
CO2_king1992_co2_064,CO2,vapour,288.15,20.27,not_stated,,,0.0028,measured,Experimental result as reported in the source.,,analytical_sampling,king1992_co2
CO2_king1992_co2_065,CO2,vapour,293.15,20.27,not_stated,,,0.00334,measured,Experimental result as reported in the source.,,analytical_sampling,king1992_co2
CO2_king1992_co2_066,CO2,vapour,298.15,20.27,not_stated,,,0.00378,measured,Experimental result as reported in the source.,,analytical_sampling,king1992_co2
CO2_king1992_co2_067,CO2,vapour,308.15,20.27,not_stated,,,0.00498,measured,Experimental result as reported in the source.,,analytical_sampling,king1992_co2
CO2_king1992_co2_068,CO2,vapour,313.15,20.27,not_stated,,,0.0058,measured,Experimental result as reported in the source.,,analytical_sampling,king1992_co2
CO2_meyer2015_co2_001,CO2,vapour,283.15,0.5002,not_stated,,,0.0026064,measured,Experimental result as reported in the source.,from_compilation,gravimetric,meyer2015_co2
CO2_meyer2015_co2_002,CO2,vapour,283.15,1.0004,not_stated,,,0.0013886,measured,Experimental result as reported in the source.,from_compilation,gravimetric,meyer2015_co2
CO2_meyer2015_co2_003,CO2,vapour,283.15,1.5007,not_stated,,,0.0009925,measured,Experimental result as reported in the source.,from_compilation,gravimetric,meyer2015_co2
CO2_meyer2015_co2_004,CO2,vapour,283.15,2.0028,not_stated,,,0.0008016,measured,Experimental result as reported in the source.,from_compilation,gravimetric,meyer2015_co2
CO2_meyer2015_co2_005,CO2,vapour,283.15,2.4986,not_stated,,,0.0006944,measured,Experimental result as reported in the source.,from_compilation,gravimetric,meyer2015_co2
CO2_meyer2015_co2_006,CO2,vapour,283.15,3.0182,not_stated,,,0.0006293,measured,Experimental result as reported in the source.,from_compilation,gravimetric,meyer2015_co2
CO2_meyer2015_co2_007,CO2,vapour,283.15,3.5009,not_stated,,,0.0005916,measured,Experimental result as reported in the source.,from_compilation,gravimetric,meyer2015_co2
CO2_meyer2015_co2_008,CO2,vapour,283.15,3.9937,not_stated,,,0.0005812,measured,Experimental result as reported in the source.,from_compilation,gravimetric,meyer2015_co2
CO2_meyer2015_co2_009,CO2,vapour,294.83,0.5,not_stated,,,0.0054788,measured,Experimental result as reported in the source.,from_compilation,gravimetric,meyer2015_co2
CO2_meyer2015_co2_010,CO2,vapour,294.83,1.0003,not_stated,,,0.0028883,measured,Experimental result as reported in the source.,from_compilation,gravimetric,meyer2015_co2
CO2_meyer2015_co2_011,CO2,vapour,294.83,1.5005,not_stated,,,0.0020413,measured,Experimental result as reported in the source.,from_compilation,gravimetric,meyer2015_co2
CO2_meyer2015_co2_012,CO2,vapour,294.83,2.0008,not_stated,,,0.0016239,measured,Experimental result as reported in the source.,from_compilation,gravimetric,meyer2015_co2
CO2_meyer2015_co2_013,CO2,vapour,294.83,2.501,not_stated,,,0.0013849,measured,Experimental result as reported in the source.,from_compilation,gravimetric,meyer2015_co2
CO2_meyer2015_co2_014,CO2,vapour,294.83,3.0013,not_stated,,,0.0012332,measured,Experimental result as reported in the source.,from_compilation,gravimetric,meyer2015_co2
CO2_meyer2015_co2_015,CO2,vapour,294.84,3.5016,not_stated,,,0.0011338,measured,Experimental result as reported in the source.,from_compilation,gravimetric,meyer2015_co2
CO2_meyer2015_co2_016,CO2,vapour,294.84,4.0112,not_stated,,,0.0010738,measured,Experimental result as reported in the source.,from_compilation,gravimetric,meyer2015_co2
CO2_meyer2015_co2_017,CO2,vapour,294.84,4.5027,not_stated,,,0.0010445,measured,Experimental result as reported in the source.,from_compilation,gravimetric,meyer2015_co2
CO2_meyer2015_co2_018,CO2,vapour,294.84,4.9854,not_stated,,,0.0010244,measured,Experimental result as reported in the source.,from_compilation,gravimetric,meyer2015_co2
CO2_meyer2015_co2_019,CO2,vapour,303.14,0.5002,not_stated,,,0.0088966,measured,Experimental result as reported in the source.,from_compilation,gravimetric,meyer2015_co2
CO2_meyer2015_co2_020,CO2,vapour,303.15,1.0003,not_stated,,,0.0046867,measured,Experimental result as reported in the source.,from_compilation,gravimetric,meyer2015_co2
CO2_meyer2015_co2_021,CO2,vapour,303.14,1.5008,not_stated,,,0.0032833,measured,Experimental result as reported in the source.,from_compilation,gravimetric,meyer2015_co2
CO2_meyer2015_co2_022,CO2,vapour,303.15,2.0008,not_stated,,,0.0026054,measured,Experimental result as reported in the source.,from_compilation,gravimetric,meyer2015_co2
CO2_meyer2015_co2_023,CO2,vapour,303.14,2.5013,not_stated,,,0.0022033,measured,Experimental result as reported in the source.,from_compilation,gravimetric,meyer2015_co2
CO2_meyer2015_co2_024,CO2,vapour,303.15,3.0013,not_stated,,,0.0019371,measured,Experimental result as reported in the source.,from_compilation,gravimetric,meyer2015_co2
CO2_meyer2015_co2_025,CO2,vapour,303.14,3.5017,not_stated,,,0.0017714,measured,Experimental result as reported in the source.,from_compilation,gravimetric,meyer2015_co2
CO2_meyer2015_co2_026,CO2,vapour,303.15,4.0019,not_stated,,,0.001665,measured,Experimental result as reported in the source.,from_compilation,gravimetric,meyer2015_co2
CO2_meyer2015_co2_027,CO2,vapour,303.14,4.502,not_stated,,,0.0015719,measured,Experimental result as reported in the source.,from_compilation,gravimetric,meyer2015_co2
CO2_meyer2015_co2_028,CO2,vapour,303.15,5.0055,not_stated,,,0.0015022,measured,Experimental result as reported in the source.,from_compilation,gravimetric,meyer2015_co2
CO2_meyer2015_co2_029,CO2,vapour,313.17,0.5002,not_stated,,,0.01534,measured,Experimental result as reported in the source.,from_compilation,gravimetric,meyer2015_co2
CO2_meyer2015_co2_030,CO2,vapour,313.17,1.0003,not_stated,,,0.0080707,measured,Experimental result as reported in the source.,from_compilation,gravimetric,meyer2015_co2
CO2_meyer2015_co2_031,CO2,vapour,313.17,1.5007,not_stated,,,0.0056219,measured,Experimental result as reported in the source.,from_compilation,gravimetric,meyer2015_co2
CO2_meyer2015_co2_032,CO2,vapour,313.17,2.001,not_stated,,,0.0044139,measured,Experimental result as reported in the source.,from_compilation,gravimetric,meyer2015_co2
CO2_meyer2015_co2_033,CO2,vapour,313.17,2.5012,not_stated,,,0.0037211,measured,Experimental result as reported in the source.,from_compilation,gravimetric,meyer2015_co2
CO2_meyer2015_co2_034,CO2,vapour,313.17,3.0013,not_stated,,,0.0032649,measured,Experimental result as reported in the source.,from_compilation,gravimetric,meyer2015_co2
CO2_meyer2015_co2_035,CO2,vapour,313.17,3.5016,not_stated,,,0.002937,measured,Experimental result as reported in the source.,from_compilation,gravimetric,meyer2015_co2
CO2_meyer2015_co2_036,CO2,vapour,313.17,4.0019,not_stated,,,0.002732,measured,Experimental result as reported in the source.,from_compilation,gravimetric,meyer2015_co2
CO2_meyer2015_co2_037,CO2,vapour,313.16,4.5022,not_stated,,,0.0025664,measured,Experimental result as reported in the source.,from_compilation,gravimetric,meyer2015_co2
CO2_meyer2015_co2_038,CO2,vapour,313.17,5.0024,not_stated,,,0.0024569,measured,Experimental result as reported in the source.,from_compilation,gravimetric,meyer2015_co2
CO2_meyer2015_co2_039,CO2,vapour,333.19,0.5,not_stated,,,0.041504,measured,Experimental result as reported in the source.,from_compilation,gravimetric,meyer2015_co2
CO2_meyer2015_co2_040,CO2,vapour,333.18,1.0002,not_stated,,,0.021461,measured,Experimental result as reported in the source.,from_compilation,gravimetric,meyer2015_co2
CO2_meyer2015_co2_041,CO2,vapour,333.18,1.5007,not_stated,,,0.014798,measured,Experimental result as reported in the source.,from_compilation,gravimetric,meyer2015_co2
CO2_meyer2015_co2_042,CO2,vapour,333.18,2.0009,not_stated,,,0.011514,measured,Experimental result as reported in the source.,from_compilation,gravimetric,meyer2015_co2
CO2_meyer2015_co2_043,CO2,vapour,333.18,2.501,not_stated,,,0.0095623,measured,Experimental result as reported in the source.,from_compilation,gravimetric,meyer2015_co2
CO2_meyer2015_co2_044,CO2,vapour,333.18,3.0012,not_stated,,,0.0082871,measured,Experimental result as reported in the source.,from_compilation,gravimetric,meyer2015_co2
CO2_meyer2015_co2_045,CO2,vapour,333.18,3.5015,not_stated,,,0.0073862,measured,Experimental result as reported in the source.,from_compilation,gravimetric,meyer2015_co2
CO2_meyer2015_co2_046,CO2,vapour,333.18,4.0018,not_stated,,,0.0067515,measured,Experimental result as reported in the source.,from_compilation,gravimetric,meyer2015_co2
CO2_meyer2015_co2_047,CO2,vapour,333.17,4.5019,not_stated,,,0.0062355,measured,Experimental result as reported in the source.,from_compilation,gravimetric,meyer2015_co2
CO2_meyer2015_co2_048,CO2,vapour,333.18,5.0024,not_stated,,,0.0058609,measured,Experimental result as reported in the source.,from_compilation,gravimetric,meyer2015_co2
CO2_meyer2015_co2_049,CO2,vapour,353.15,0.4999,not_stated,,,0.097482,measured,Experimental result as reported in the source.,from_compilation,gravimetric,meyer2015_co2
CO2_meyer2015_co2_050,CO2,vapour,353.15,1.0001,not_stated,,,0.050406,measured,Experimental result as reported in the source.,from_compilation,gravimetric,meyer2015_co2
CO2_meyer2015_co2_051,CO2,vapour,353.14,1.5005,not_stated,,,0.034562,measured,Experimental result as reported in the source.,from_compilation,gravimetric,meyer2015_co2
CO2_meyer2015_co2_052,CO2,vapour,353.15,2.0007,not_stated,,,0.026675,measured,Experimental result as reported in the source.,from_compilation,gravimetric,meyer2015_co2
CO2_meyer2015_co2_053,CO2,vapour,353.14,2.501,not_stated,,,0.021942,measured,Experimental result as reported in the source.,from_compilation,gravimetric,meyer2015_co2
CO2_meyer2015_co2_054,CO2,vapour,353.14,3.0012,not_stated,,,0.018871,measured,Experimental result as reported in the source.,from_compilation,gravimetric,meyer2015_co2
CO2_meyer2015_co2_055,CO2,vapour,353.15,3.5017,not_stated,,,0.016681,measured,Experimental result as reported in the source.,from_compilation,gravimetric,meyer2015_co2
CO2_meyer2015_co2_056,CO2,vapour,353.14,4.0016,not_stated,,,0.015051,measured,Experimental result as reported in the source.,from_compilation,gravimetric,meyer2015_co2
CO2_meyer2015_co2_057,CO2,vapour,353.15,4.502,not_stated,,,0.013793,measured,Experimental result as reported in the source.,from_compilation,gravimetric,meyer2015_co2
CO2_meyer2015_co2_058,CO2,vapour,353.15,5.0023,not_stated,,,0.012819,measured,Experimental result as reported in the source.,from_compilation,gravimetric,meyer2015_co2
CO2_muller1988_co2_050,CO2,vapour,373.15,0.6,not_stated,,,0.155,measured,Experimental result as reported in the source.,from_compilation,analytical_sampling,muller1988_co2
CO2_muller1988_co2_051,CO2,vapour,373.15,0.92,not_stated,,,0.107,measured,Experimental result as reported in the source.,from_compilation,analytical_sampling,muller1988_co2
CO2_muller1988_co2_052,CO2,vapour,373.15,1.19,not_stated,,,0.077,measured,Experimental result as reported in the source.,from_compilation,analytical_sampling,muller1988_co2
CO2_muller1988_co2_053,CO2,vapour,373.15,1.45,not_stated,,,0.069,measured,Experimental result as reported in the source.,from_compilation,analytical_sampling,muller1988_co2
CO2_muller1988_co2_054,CO2,vapour,373.15,1.82,not_stated,,,0.054,measured,Experimental result as reported in the source.,from_compilation,analytical_sampling,muller1988_co2
CO2_muller1988_co2_055,CO2,vapour,373.15,2.31,not_stated,,,0.045,measured,Experimental result as reported in the source.,from_compilation,analytical_sampling,muller1988_co2
CO2_muller1988_co2_056,CO2,vapour,393.15,0.6,not_stated,,,0.337,measured,Experimental result as reported in the source.,from_compilation,analytical_sampling,muller1988_co2
CO2_muller1988_co2_057,CO2,vapour,393.15,0.94,not_stated,,,0.205,measured,Experimental result as reported in the source.,from_compilation,analytical_sampling,muller1988_co2
CO2_muller1988_co2_058,CO2,vapour,393.15,1.27,not_stated,,,0.16,measured,Experimental result as reported in the source.,from_compilation,analytical_sampling,muller1988_co2
CO2_muller1988_co2_059,CO2,vapour,393.15,1.63,not_stated,,,0.122,measured,Experimental result as reported in the source.,from_compilation,analytical_sampling,muller1988_co2
CO2_muller1988_co2_060,CO2,vapour,393.15,2,not_stated,,,0.102,measured,Experimental result as reported in the source.,from_compilation,analytical_sampling,muller1988_co2
CO2_muller1988_co2_061,CO2,vapour,393.15,2.41,not_stated,,,0.083,measured,Experimental result as reported in the source.,from_compilation,analytical_sampling,muller1988_co2
CO2_muller1988_co2_062,CO2,vapour,393.15,2.85,not_stated,,,0.074,measured,Experimental result as reported in the source.,from_compilation,analytical_sampling,muller1988_co2
CO2_muller1988_co2_063,CO2,vapour,413.15,0.65,not_stated,,,0.569,measured,Experimental result as reported in the source.,from_compilation,analytical_sampling,muller1988_co2
CO2_muller1988_co2_064,CO2,vapour,413.15,0.93,not_stated,,,0.406,measured,Experimental result as reported in the source.,from_compilation,analytical_sampling,muller1988_co2
CO2_muller1988_co2_065,CO2,vapour,413.15,1.19,not_stated,,,0.317,measured,Experimental result as reported in the source.,from_compilation,analytical_sampling,muller1988_co2
CO2_muller1988_co2_066,CO2,vapour,413.15,1.6,not_stated,,,0.242,measured,Experimental result as reported in the source.,from_compilation,analytical_sampling,muller1988_co2
CO2_muller1988_co2_067,CO2,vapour,413.15,2.01,not_stated,,,0.2,measured,Experimental result as reported in the source.,from_compilation,analytical_sampling,muller1988_co2
CO2_muller1988_co2_068,CO2,vapour,413.15,2.49,not_stated,,,0.161,measured,Experimental result as reported in the source.,from_compilation,analytical_sampling,muller1988_co2
CO2_muller1988_co2_069,CO2,vapour,413.15,3.25,not_stated,,,0.128,measured,Experimental result as reported in the source.,from_compilation,analytical_sampling,muller1988_co2
CO2_muller1988_co2_070,CO2,vapour,433.15,0.88,not_stated,,,0.732,measured,Experimental result as reported in the source.,from_compilation,analytical_sampling,muller1988_co2
CO2_muller1988_co2_071,CO2,vapour,433.15,1.14,not_stated,,,0.579,measured,Experimental result as reported in the source.,from_compilation,analytical_sampling,muller1988_co2
CO2_muller1988_co2_072,CO2,vapour,433.15,1.42,not_stated,,,0.476,measured,Experimental result as reported in the source.,from_compilation,analytical_sampling,muller1988_co2
CO2_muller1988_co2_073,CO2,vapour,433.15,1.78,not_stated,,,0.388,measured,Experimental result as reported in the source.,from_compilation,analytical_sampling,muller1988_co2
CO2_muller1988_co2_074,CO2,vapour,433.15,2.18,not_stated,,,0.323,measured,Experimental result as reported in the source.,from_compilation,analytical_sampling,muller1988_co2
CO2_muller1988_co2_075,CO2,vapour,433.15,2.588,not_stated,,,0.275,measured,Experimental result as reported in the source.,from_compilation,analytical_sampling,muller1988_co2
CO2_muller1988_co2_076,CO2,vapour,433.15,3.48,not_stated,,,0.211,measured,Experimental result as reported in the source.,from_compilation,analytical_sampling,muller1988_co2
CO2_muller1988_co2_077,CO2,vapour,453.15,1.44,not_stated,,,0.728,measured,Experimental result as reported in the source.,from_compilation,analytical_sampling,muller1988_co2
CO2_muller1988_co2_078,CO2,vapour,453.15,2.1,not_stated,,,0.522,measured,Experimental result as reported in the source.,from_compilation,analytical_sampling,muller1988_co2
CO2_muller1988_co2_079,CO2,vapour,453.15,2.62,not_stated,,,0.431,measured,Experimental result as reported in the source.,from_compilation,analytical_sampling,muller1988_co2
CO2_muller1988_co2_080,CO2,vapour,453.15,3.28,not_stated,,,0.359,measured,Experimental result as reported in the source.,from_compilation,analytical_sampling,muller1988_co2
CO2_muller1988_co2_081,CO2,vapour,453.15,4.07,not_stated,,,0.3,measured,Experimental result as reported in the source.,from_compilation,analytical_sampling,muller1988_co2
CO2_muller1988_co2_082,CO2,vapour,453.15,4.91,not_stated,,,0.257,measured,Experimental result as reported in the source.,from_compilation,analytical_sampling,muller1988_co2
CO2_muller1988_co2_083,CO2,vapour,453.15,6.27,not_stated,,,0.207,measured,Experimental result as reported in the source.,from_compilation,analytical_sampling,muller1988_co2
CO2_muller1988_co2_084,CO2,vapour,473.15,2,not_stated,,,0.767,measured,Experimental result as reported in the source.,from_compilation,analytical_sampling,muller1988_co2
CO2_muller1988_co2_085,CO2,vapour,473.15,2.49,not_stated,,,0.629,measured,Experimental result as reported in the source.,from_compilation,analytical_sampling,muller1988_co2
CO2_muller1988_co2_086,CO2,vapour,473.15,3.1,not_stated,,,0.514,measured,Experimental result as reported in the source.,from_compilation,analytical_sampling,muller1988_co2
CO2_muller1988_co2_087,CO2,vapour,473.15,3.76,not_stated,,,0.426,measured,Experimental result as reported in the source.,from_compilation,analytical_sampling,muller1988_co2
CO2_muller1988_co2_088,CO2,vapour,473.15,4.57,not_stated,,,0.365,measured,Experimental result as reported in the source.,from_compilation,analytical_sampling,muller1988_co2
CO2_muller1988_co2_089,CO2,vapour,473.15,6.04,not_stated,,,0.292,measured,Experimental result as reported in the source.,from_compilation,analytical_sampling,muller1988_co2
CO2_muller1988_co2_090,CO2,vapour,473.15,7.8,not_stated,,,0.244,measured,Experimental result as reported in the source.,from_compilation,analytical_sampling,muller1988_co2
CO2_muller1988_co2_091,CO2,vapour,373.15,0.325,not_stated,,,0.288,measured,Experimental result as reported in the source.,from_compilation,analytical_sampling,muller1988_co2
CO2_sakoetal1991_co2_002,CO2,vapour,348.3,10.34,not_stated,,,0.0063,measured,Experimental result as reported in the source.,from_compilation,unstated,sakoetal1991_co2
CO2_sakoetal1991_co2_003,CO2,vapour,348.3,15.31,not_stated,,,0.0075,measured,Experimental result as reported in the source.,from_compilation,unstated,sakoetal1991_co2
CO2_sakoetal1991_co2_004,CO2,vapour,348.2,20.94,not_stated,,,0.0084,measured,Experimental result as reported in the source.,from_compilation,unstated,sakoetal1991_co2
CO2_sakoetal1991_co2_005,CO2,vapour,421.4,10.18,not_stated,,,0.0607,measured,Experimental result as reported in the source.,from_compilation,unstated,sakoetal1991_co2
CO2_sakoetal1991_co2_006,CO2,vapour,420.9,12.65,not_stated,,,0.0523,measured,Experimental result as reported in the source.,from_compilation,unstated,sakoetal1991_co2
CO2_sakoetal1991_co2_007,CO2,vapour,421.4,14.81,not_stated,,,0.0507,measured,Experimental result as reported in the source.,from_compilation,unstated,sakoetal1991_co2
CO2_sakoetal1991_co2_008,CO2,vapour,420.9,17.45,not_stated,,,0.0464,measured,Experimental result as reported in the source.,from_compilation,unstated,sakoetal1991_co2
CO2_sakoetal1991_co2_009,CO2,vapour,421.4,19.72,not_stated,,,0.0474,measured,Experimental result as reported in the source.,from_compilation,unstated,sakoetal1991_co2
CO2_songkobayashi1987_co2_001,CO2,vapour,251.75,0.689476,not_stated,,,0.00018,measured,Experimental result as reported in the source.,,analytical_sampling,songkobayashi1987_co2
CO2_songkobayashi1987_co2_002,CO2,vapour,254.15,0.689476,not_stated,,,0.000219,measured,Experimental result as reported in the source.,,analytical_sampling,songkobayashi1987_co2
CO2_songkobayashi1987_co2_003,CO2,vapour,265.15,0.689476,not_stated,,,0.000557,measured,Experimental result as reported in the source.,,analytical_sampling,songkobayashi1987_co2
CO2_songkobayashi1987_co2_004,CO2,vapour,294.25,0.689476,not_stated,,,0.0043276,measured,Experimental result as reported in the source.,,analytical_sampling,songkobayashi1987_co2
CO2_songkobayashi1987_co2_005,CO2,vapour,255.15,1.37895,not_stated,,,0.0001142,measured,Experimental result as reported in the source.,,analytical_sampling,songkobayashi1987_co2
CO2_songkobayashi1987_co2_006,CO2,vapour,257.95,1.37895,not_stated,,,0.0001471,measured,Experimental result as reported in the source.,,analytical_sampling,songkobayashi1987_co2
CO2_songkobayashi1987_co2_007,CO2,vapour,262.15,1.37895,not_stated,,,0.0002201,measured,Experimental result as reported in the source.,,analytical_sampling,songkobayashi1987_co2
CO2_songkobayashi1987_co2_008,CO2,vapour,271.15,1.37895,not_stated,,,0.0004885,measured,Experimental result as reported in the source.,,analytical_sampling,songkobayashi1987_co2
CO2_songkobayashi1987_co2_009,CO2,vapour,275.15,1.37895,not_stated,,,0.0006836,measured,Experimental result as reported in the source.,,analytical_sampling,songkobayashi1987_co2
CO2_songkobayashi1987_co2_010,CO2,vapour,273.15,2.06843,not_stated,,,0.0002775,measured,Experimental result as reported in the source.,,analytical_sampling,songkobayashi1987_co2
CO2_songkobayashi1987_co2_011,CO2,vapour,275.65,2.06843,not_stated,,,0.0004368,measured,Experimental result as reported in the source.,,analytical_sampling,songkobayashi1987_co2
CO2_songkobayashi1987_co2_012,CO2,vapour,288.71,2.06843,not_stated,,,0.0010656,measured,Experimental result as reported in the source.,,analytical_sampling,songkobayashi1987_co2
CO2_songkobayashi1987_co2_013,CO2,vapour,268.84,2.06843,not_stated,,,0.0002321,measured,Experimental result as reported in the source.,,analytical_sampling,songkobayashi1987_co2
CO2_songkobayashi1987_co2_014,CO2,vapour,260.65,2.06843,not_stated,,,0.0001194,measured,Experimental result as reported in the source.,,analytical_sampling,songkobayashi1987_co2
CO2_songkobayashi1987_co2_015,CO2,vapour,257.15,2.06843,not_stated,,,8.9e-05,measured,Experimental result as reported in the source.,,analytical_sampling,songkobayashi1987_co2
CO2_songkobayashi1987_co2_016,CO2,vapour,252.65,2.06843,not_stated,,,0.0002013,measured,Experimental result as reported in the source.,,analytical_sampling,songkobayashi1987_co2
CO2_songkobayashi1987_co2_017,CO2,vapour,245.15,2.06843,not_stated,,,0.0001361,measured,Experimental result as reported in the source.,,analytical_sampling,songkobayashi1987_co2
CO2_songkobayashi1987_co2_018,CO2,vapour,255.37,3.44738,not_stated,,,0.0002616,measured,Experimental result as reported in the source.,,analytical_sampling,songkobayashi1987_co2
CO2_songkobayashi1987_co2_019,CO2,vapour,260.15,3.44738,not_stated,,,0.0003222,measured,Experimental result as reported in the source.,,analytical_sampling,songkobayashi1987_co2
CO2_songkobayashi1987_co2_020,CO2,vapour,269.65,3.44738,not_stated,,,0.0004585,measured,Experimental result as reported in the source.,,analytical_sampling,songkobayashi1987_co2
CO2_songkobayashi1987_co2_021,CO2,vapour,274.15,3.44738,not_stated,,,0.000241,measured,Experimental result as reported in the source.,,analytical_sampling,songkobayashi1987_co2
CO2_songkobayashi1987_co2_022,CO2,vapour,278.65,3.44738,not_stated,,,0.0003794,measured,Experimental result as reported in the source.,,analytical_sampling,songkobayashi1987_co2
CO2_songkobayashi1987_co2_023,CO2,vapour,285.15,3.44738,not_stated,,,0.000603,measured,Experimental result as reported in the source.,,analytical_sampling,songkobayashi1987_co2
CO2_songkobayashi1987_co2_024,CO2,vapour,293.15,3.44738,not_stated,,,0.001001,measured,Experimental result as reported in the source.,,analytical_sampling,songkobayashi1987_co2
CO2_songkobayashi1987_co2_025,CO2,vapour,255.39,4.82633,not_stated,,,0.0003313,measured,Experimental result as reported in the source.,,analytical_sampling,songkobayashi1987_co2
CO2_songkobayashi1987_co2_026,CO2,vapour,263.15,4.82633,not_stated,,,0.0004705,measured,Experimental result as reported in the source.,,analytical_sampling,songkobayashi1987_co2
CO2_songkobayashi1987_co2_027,CO2,vapour,269.65,4.82633,not_stated,,,0.0005402,measured,Experimental result as reported in the source.,,analytical_sampling,songkobayashi1987_co2
CO2_songkobayashi1987_co2_028,CO2,vapour,276.15,4.82633,not_stated,,,0.0007182,measured,Experimental result as reported in the source.,,analytical_sampling,songkobayashi1987_co2
CO2_songkobayashi1987_co2_029,CO2,vapour,290.15,4.82633,not_stated,,,0.0008229,measured,Experimental result as reported in the source.,,analytical_sampling,songkobayashi1987_co2
CO2_songkobayashi1987_co2_030,CO2,vapour,298.15,4.82633,not_stated,,,0.0012787,measured,Experimental result as reported in the source.,,analytical_sampling,songkobayashi1987_co2
CO2_songkobayashi1987_co2_031,CO2,vapour,288.71,5.24002,not_stated,,,0.00064,measured,Experimental result as reported in the source.,,analytical_sampling,songkobayashi1987_co2
CO2_songkobayashi1987_co2_032,CO2,vapour,288.71,5.24002,not_stated,,,0.00112,measured,Experimental result as reported in the source.,,analytical_sampling,songkobayashi1987_co2
CO2_songkobayashi1987_co2_033,CO2,vapour,293.35,5.7916,not_stated,,,0.0008999,measured,Experimental result as reported in the source.,,analytical_sampling,songkobayashi1987_co2
CO2_songkobayashi1987_co2_034,CO2,vapour,293.35,5.7916,not_stated,,,0.0015,measured,Experimental result as reported in the source.,,analytical_sampling,songkobayashi1987_co2
CO2_songkobayashi1987_co2_035,CO2,vapour,257.15,6.20528,not_stated,,,0.000517,measured,Experimental result as reported in the source.,,analytical_sampling,songkobayashi1987_co2
CO2_songkobayashi1987_co2_036,CO2,vapour,263.71,6.20528,not_stated,,,0.0006647,measured,Experimental result as reported in the source.,,analytical_sampling,songkobayashi1987_co2
CO2_songkobayashi1987_co2_037,CO2,vapour,280.15,6.20528,not_stated,,,0.001096,measured,Experimental result as reported in the source.,,analytical_sampling,songkobayashi1987_co2
CO2_songkobayashi1987_co2_038,CO2,vapour,299.82,6.68791,not_stated,,,0.00127,measured,Experimental result as reported in the source.,,analytical_sampling,songkobayashi1987_co2
CO2_songkobayashi1987_co2_039,CO2,vapour,299.82,6.68791,not_stated,,,0.0019541,measured,Experimental result as reported in the source.,,analytical_sampling,songkobayashi1987_co2
CO2_songkobayashi1987_co2_040,CO2,vapour,302.65,7.17055,not_stated,,,0.0014981,measured,Experimental result as reported in the source.,,analytical_sampling,songkobayashi1987_co2
CO2_songkobayashi1987_co2_041,CO2,vapour,302.65,7.17055,not_stated,,,0.002194,measured,Experimental result as reported in the source.,,analytical_sampling,songkobayashi1987_co2
CO2_songkobayashi1987_co2_042,CO2,vapour,304.21,7.38428,not_stated,,,0.0021079,measured,Experimental result as reported in the source.,,analytical_sampling,songkobayashi1987_co2
CO2_songkobayashi1987_co2_043,CO2,vapour,256.15,8.27371,not_stated,,,0.001089,measured,Experimental result as reported in the source.,,analytical_sampling,songkobayashi1987_co2
CO2_songkobayashi1987_co2_044,CO2,vapour,265.93,8.27371,not_stated,,,0.0015741,measured,Experimental result as reported in the source.,,analytical_sampling,songkobayashi1987_co2
CO2_songkobayashi1987_co2_045,CO2,vapour,270.15,8.27371,not_stated,,,0.0018695,measured,Experimental result as reported in the source.,,analytical_sampling,songkobayashi1987_co2
CO2_songkobayashi1987_co2_046,CO2,vapour,286.93,8.27371,not_stated,,,0.0027852,measured,Experimental result as reported in the source.,,analytical_sampling,songkobayashi1987_co2
CO2_songkobayashi1987_co2_047,CO2,vapour,298.15,8.27371,not_stated,,,0.0030152,measured,Experimental result as reported in the source.,,analytical_sampling,songkobayashi1987_co2
CO2_songkobayashi1987_co2_048,CO2,vapour,256.15,10.3421,not_stated,,,0.0012738,measured,Experimental result as reported in the source.,,analytical_sampling,songkobayashi1987_co2
CO2_songkobayashi1987_co2_049,CO2,vapour,264.15,10.3421,not_stated,,,0.0016509,measured,Experimental result as reported in the source.,,analytical_sampling,songkobayashi1987_co2
CO2_songkobayashi1987_co2_050,CO2,vapour,276.15,10.3421,not_stated,,,0.0024687,measured,Experimental result as reported in the source.,,analytical_sampling,songkobayashi1987_co2
CO2_songkobayashi1987_co2_051,CO2,vapour,298.15,10.3421,not_stated,,,0.0033739,measured,Experimental result as reported in the source.,,analytical_sampling,songkobayashi1987_co2
CO2_songkobayashi1987_co2_052,CO2,vapour,255.35,13.7895,not_stated,,,0.0015091,measured,Experimental result as reported in the source.,,analytical_sampling,songkobayashi1987_co2
CO2_songkobayashi1987_co2_053,CO2,vapour,260.09,13.7895,not_stated,,,0.0018057,measured,Experimental result as reported in the source.,,analytical_sampling,songkobayashi1987_co2
CO2_songkobayashi1987_co2_054,CO2,vapour,267.71,13.7895,not_stated,,,0.0022043,measured,Experimental result as reported in the source.,,analytical_sampling,songkobayashi1987_co2
CO2_songkobayashi1987_co2_055,CO2,vapour,275.87,13.7895,not_stated,,,0.0027441,measured,Experimental result as reported in the source.,,analytical_sampling,songkobayashi1987_co2
CO2_songkobayashi1987_co2_056,CO2,vapour,286.32,13.7895,not_stated,,,0.0033627,measured,Experimental result as reported in the source.,,analytical_sampling,songkobayashi1987_co2
CO2_springer2012_co2_001,CO2,vapour,313.15,9.11925,not_stated,,,0.0032,measured,Experimental result as reported in the source.,,other,springer2012_co2
CO2_springer2012_co2_002,CO2,vapour,313.15,9.11925,not_stated,,,0.0022,measured,Experimental result as reported in the source.,,other,springer2012_co2
CO2_springer2012_co2_003,CO2,vapour,313.15,9.11925,not_stated,,,0.0025,measured,Experimental result as reported in the source.,,other,springer2012_co2
CO2_springer2012_co2_004,CO2,vapour,313.15,9.11925,not_stated,,,0.0016,measured,Experimental result as reported in the source.,,other,springer2012_co2
CO2_springer2012_co2_005,CO2,vapour,313.15,9.11925,not_stated,,,0.0005,measured,Experimental result as reported in the source.,,other,springer2012_co2
CO2_springer2012_co2_006,CO2,vapour,323.15,9.11925,not_stated,,,0.0049,measured,Experimental result as reported in the source.,,other,springer2012_co2
CO2_springer2012_co2_007,CO2,vapour,323.15,9.11925,not_stated,,,0.0048,measured,Experimental result as reported in the source.,,other,springer2012_co2
CO2_springer2012_co2_008,CO2,vapour,323.15,9.11925,not_stated,,,0.0047,measured,Experimental result as reported in the source.,,other,springer2012_co2
CO2_springer2012_co2_009,CO2,vapour,323.15,9.11925,not_stated,,,0.0038,measured,Experimental result as reported in the source.,,other,springer2012_co2
CO2_springer2012_co2_010,CO2,vapour,323.15,9.11925,not_stated,,,0.004,measured,Experimental result as reported in the source.,,other,springer2012_co2
CO2_springer2012_co2_011,CO2,vapour,323.15,9.11925,not_stated,,,0.0042,measured,Experimental result as reported in the source.,,other,springer2012_co2
CO2_springer2012_co2_012,CO2,vapour,323.15,9.11925,not_stated,,,0.0044,measured,Experimental result as reported in the source.,,other,springer2012_co2
CO2_springer2012_co2_013,CO2,vapour,323.15,9.11925,not_stated,,,0.0031,measured,Experimental result as reported in the source.,,other,springer2012_co2
CO2_springer2012_co2_014,CO2,vapour,323.15,9.11925,not_stated,,,0.002,measured,Experimental result as reported in the source.,,other,springer2012_co2
CO2_springer2012_co2_015,CO2,vapour,323.15,9.11925,not_stated,,,0.0017,measured,Experimental result as reported in the source.,,other,springer2012_co2
CO2_springer2012_co2_016,CO2,vapour,323.15,9.11925,not_stated,,,0.0011,measured,Experimental result as reported in the source.,,other,springer2012_co2
CO2_springer2012_co2_017,CO2,vapour,348.15,9.11925,not_stated,,,0.0085,measured,Experimental result as reported in the source.,,other,springer2012_co2
CO2_springer2012_co2_018,CO2,vapour,348.15,9.11925,not_stated,,,0.0088,measured,Experimental result as reported in the source.,,other,springer2012_co2
CO2_springer2012_co2_019,CO2,vapour,348.15,9.11925,not_stated,,,0.0089,measured,Experimental result as reported in the source.,,other,springer2012_co2
CO2_springer2012_co2_020,CO2,vapour,348.15,9.11925,not_stated,,,0.0062,measured,Experimental result as reported in the source.,,other,springer2012_co2
CO2_springer2012_co2_021,CO2,vapour,348.15,9.11925,not_stated,,,0.002,measured,Experimental result as reported in the source.,,other,springer2012_co2
CO2_springer2012_co2_022,CO2,vapour,373.15,9.11925,not_stated,,,0.0161,measured,Experimental result as reported in the source.,,other,springer2012_co2
CO2_springer2012_co2_023,CO2,vapour,373.15,9.11925,not_stated,,,0.0168,measured,Experimental result as reported in the source.,,other,springer2012_co2
CO2_springer2012_co2_024,CO2,vapour,373.15,9.11925,not_stated,,,0.016,measured,Experimental result as reported in the source.,,other,springer2012_co2
CO2_springer2012_co2_025,CO2,vapour,373.15,9.11925,not_stated,,,0.0112,measured,Experimental result as reported in the source.,,other,springer2012_co2
CO2_springer2012_co2_026,CO2,vapour,373.15,9.11925,not_stated,,,0.0046,measured,Experimental result as reported in the source.,,other,springer2012_co2
CO2_tabasinejad2011_co2_001,CO2,vapour,422.98,3.91,not_stated,,,0.1385,measured,Experimental result as reported in the source.,,gravimetric,tabasinejad2011_co2
CO2_tabasinejad2011_co2_002,CO2,vapour,422.98,7.29,not_stated,,,0.0822,measured,Experimental result as reported in the source.,,gravimetric,tabasinejad2011_co2
CO2_tabasinejad2011_co2_003,CO2,vapour,422.98,14.39,not_stated,,,0.0557,measured,Experimental result as reported in the source.,,gravimetric,tabasinejad2011_co2
CO2_tabasinejad2011_co2_004,CO2,vapour,422.98,21.98,not_stated,,,0.0459,measured,Experimental result as reported in the source.,,gravimetric,tabasinejad2011_co2
CO2_tabasinejad2011_co2_005,CO2,vapour,422.98,28.49,not_stated,,,0.0447,measured,Experimental result as reported in the source.,,gravimetric,tabasinejad2011_co2
CO2_tabasinejad2011_co2_006,CO2,vapour,422.98,36.03,not_stated,,,0.0447,measured,Experimental result as reported in the source.,,gravimetric,tabasinejad2011_co2
CO2_tabasinejad2011_co2_007,CO2,vapour,422.98,42.91,not_stated,,,0.0458,measured,Experimental result as reported in the source.,,gravimetric,tabasinejad2011_co2
CO2_tabasinejad2011_co2_008,CO2,vapour,422.98,73.19,not_stated,,,0.0482,measured,Experimental result as reported in the source.,,gravimetric,tabasinejad2011_co2
CO2_tabasinejad2011_co2_009,CO2,vapour,422.98,103.32,not_stated,,,0.0507,measured,Experimental result as reported in the source.,,gravimetric,tabasinejad2011_co2
CO2_tabasinejad2011_co2_010,CO2,vapour,422.98,124.26,not_stated,,,0.0518,measured,Experimental result as reported in the source.,,gravimetric,tabasinejad2011_co2
CO2_tabasinejad2011_co2_011,CO2,vapour,445.74,3.85,not_stated,,,0.25,measured,Experimental result as reported in the source.,,gravimetric,tabasinejad2011_co2
CO2_tabasinejad2011_co2_012,CO2,vapour,445.74,7.39,not_stated,,,0.1429,measured,Experimental result as reported in the source.,,gravimetric,tabasinejad2011_co2
CO2_tabasinejad2011_co2_013,CO2,vapour,445.74,16.64,not_stated,,,0.0878,measured,Experimental result as reported in the source.,,gravimetric,tabasinejad2011_co2
CO2_tabasinejad2011_co2_014,CO2,vapour,445.74,22.35,not_stated,,,0.0745,measured,Experimental result as reported in the source.,,gravimetric,tabasinejad2011_co2
CO2_tabasinejad2011_co2_015,CO2,vapour,445.74,28.78,not_stated,,,0.0707,measured,Experimental result as reported in the source.,,gravimetric,tabasinejad2011_co2
CO2_tabasinejad2011_co2_016,CO2,vapour,445.74,36.05,not_stated,,,0.0704,measured,Experimental result as reported in the source.,,gravimetric,tabasinejad2011_co2
CO2_tabasinejad2011_co2_017,CO2,vapour,445.74,42.89,not_stated,,,0.071,measured,Experimental result as reported in the source.,,gravimetric,tabasinejad2011_co2
CO2_tabasinejad2011_co2_018,CO2,vapour,445.74,70.65,not_stated,,,0.0737,measured,Experimental result as reported in the source.,,gravimetric,tabasinejad2011_co2
CO2_tabasinejad2011_co2_019,CO2,vapour,445.74,110.41,not_stated,,,0.0752,measured,Experimental result as reported in the source.,,gravimetric,tabasinejad2011_co2
CO2_tabasinejad2011_co2_020,CO2,vapour,445.74,124.26,not_stated,,,0.0757,measured,Experimental result as reported in the source.,,gravimetric,tabasinejad2011_co2
CO2_tabasinejad2011_co2_021,CO2,vapour,461.62,3.89,not_stated,,,0.346,measured,Experimental result as reported in the source.,,gravimetric,tabasinejad2011_co2
CO2_tabasinejad2011_co2_022,CO2,vapour,461.62,7.13,not_stated,,,0.2118,measured,Experimental result as reported in the source.,,gravimetric,tabasinejad2011_co2
CO2_tabasinejad2011_co2_023,CO2,vapour,461.62,14.86,not_stated,,,0.1299,measured,Experimental result as reported in the source.,,gravimetric,tabasinejad2011_co2
CO2_tabasinejad2011_co2_024,CO2,vapour,461.62,21.13,not_stated,,,0.1056,measured,Experimental result as reported in the source.,,gravimetric,tabasinejad2011_co2
CO2_tabasinejad2011_co2_025,CO2,vapour,461.62,28.58,not_stated,,,0.0987,measured,Experimental result as reported in the source.,,gravimetric,tabasinejad2011_co2
CO2_tabasinejad2011_co2_026,CO2,vapour,461.62,35.6,not_stated,,,0.0965,measured,Experimental result as reported in the source.,,gravimetric,tabasinejad2011_co2
CO2_tabasinejad2011_co2_027,CO2,vapour,461.62,43.48,not_stated,,,0.0946,measured,Experimental result as reported in the source.,,gravimetric,tabasinejad2011_co2
CO2_tabasinejad2011_co2_028,CO2,vapour,461.62,73.21,not_stated,,,0.0967,measured,Experimental result as reported in the source.,,gravimetric,tabasinejad2011_co2
CO2_tabasinejad2011_co2_029,CO2,vapour,461.62,96.57,not_stated,,,0.0983,measured,Experimental result as reported in the source.,,gravimetric,tabasinejad2011_co2
CO2_tabasinejad2011_co2_030,CO2,vapour,461.62,124.14,not_stated,,,0.1003,measured,Experimental result as reported in the source.,,gravimetric,tabasinejad2011_co2
CO2_tabasinejad2011_co2_031,CO2,vapour,478.35,4.05,not_stated,,,0.4704,measured,Experimental result as reported in the source.,,gravimetric,tabasinejad2011_co2
CO2_tabasinejad2011_co2_032,CO2,vapour,478.35,7.2,not_stated,,,0.2996,measured,Experimental result as reported in the source.,,gravimetric,tabasinejad2011_co2
CO2_tabasinejad2011_co2_033,CO2,vapour,478.35,15.42,not_stated,,,0.1745,measured,Experimental result as reported in the source.,,gravimetric,tabasinejad2011_co2
CO2_tabasinejad2011_co2_034,CO2,vapour,478.35,21.79,not_stated,,,0.1476,measured,Experimental result as reported in the source.,,gravimetric,tabasinejad2011_co2
CO2_tabasinejad2011_co2_035,CO2,vapour,478.35,30.21,not_stated,,,0.1298,measured,Experimental result as reported in the source.,,gravimetric,tabasinejad2011_co2
CO2_tabasinejad2011_co2_036,CO2,vapour,478.35,36.7,not_stated,,,0.1308,measured,Experimental result as reported in the source.,,gravimetric,tabasinejad2011_co2
CO2_tabasinejad2011_co2_037,CO2,vapour,478.35,42.27,not_stated,,,0.1291,measured,Experimental result as reported in the source.,,gravimetric,tabasinejad2011_co2
CO2_tabasinejad2011_co2_038,CO2,vapour,478.35,71.09,not_stated,,,0.13,measured,Experimental result as reported in the source.,,gravimetric,tabasinejad2011_co2
CO2_tabasinejad2011_co2_039,CO2,vapour,478.35,99.39,not_stated,,,0.1332,measured,Experimental result as reported in the source.,,gravimetric,tabasinejad2011_co2
CO2_tabasinejad2011_co2_040,CO2,vapour,478.35,129.19,not_stated,,,0.1324,measured,Experimental result as reported in the source.,,gravimetric,tabasinejad2011_co2
CO2_takenouchikennedy1964_co2_123,CO2,vapour,383,10,not_stated,,,0.044,measured,Experimental result as reported in the source.,from_compilation,analytical_sampling,takenouchikennedy1964_co2
CO2_takenouchikennedy1964_co2_124,CO2,vapour,383,20,not_stated,,,0.042,measured,Experimental result as reported in the source.,from_compilation,analytical_sampling,takenouchikennedy1964_co2
CO2_takenouchikennedy1964_co2_125,CO2,vapour,383,30,not_stated,,,0.052,measured,Experimental result as reported in the source.,from_compilation,analytical_sampling,takenouchikennedy1964_co2
CO2_takenouchikennedy1964_co2_126,CO2,vapour,383,40,not_stated,,,0.068,measured,Experimental result as reported in the source.,from_compilation,analytical_sampling,takenouchikennedy1964_co2
CO2_takenouchikennedy1964_co2_127,CO2,vapour,383,50,not_stated,,,0.086,measured,Experimental result as reported in the source.,from_compilation,analytical_sampling,takenouchikennedy1964_co2
CO2_takenouchikennedy1964_co2_128,CO2,vapour,383,60,not_stated,,,0.107,measured,Experimental result as reported in the source.,from_compilation,analytical_sampling,takenouchikennedy1964_co2
CO2_takenouchikennedy1964_co2_129,CO2,vapour,383,70,not_stated,,,0.128,measured,Experimental result as reported in the source.,from_compilation,analytical_sampling,takenouchikennedy1964_co2
CO2_takenouchikennedy1964_co2_130,CO2,vapour,383,80,not_stated,,,0.146,measured,Experimental result as reported in the source.,from_compilation,analytical_sampling,takenouchikennedy1964_co2
CO2_takenouchikennedy1964_co2_131,CO2,vapour,383,90,not_stated,,,0.16,measured,Experimental result as reported in the source.,from_compilation,analytical_sampling,takenouchikennedy1964_co2
CO2_takenouchikennedy1964_co2_132,CO2,vapour,383,100,not_stated,,,0.17,measured,Experimental result as reported in the source.,from_compilation,analytical_sampling,takenouchikennedy1964_co2
CO2_takenouchikennedy1964_co2_133,CO2,vapour,383.15,110,not_stated,,,0.178,measured,Experimental result as reported in the source.,from_compilation,analytical_sampling,takenouchikennedy1964_co2
CO2_takenouchikennedy1964_co2_134,CO2,vapour,383.15,120,not_stated,,,0.184,measured,Experimental result as reported in the source.,from_compilation,analytical_sampling,takenouchikennedy1964_co2
CO2_takenouchikennedy1964_co2_135,CO2,vapour,383.15,130,not_stated,,,0.19,measured,Experimental result as reported in the source.,from_compilation,analytical_sampling,takenouchikennedy1964_co2
CO2_takenouchikennedy1964_co2_136,CO2,vapour,383.15,140,not_stated,,,0.196,measured,Experimental result as reported in the source.,from_compilation,analytical_sampling,takenouchikennedy1964_co2
CO2_takenouchikennedy1964_co2_137,CO2,vapour,383.15,150,not_stated,,,0.2,measured,Experimental result as reported in the source.,from_compilation,analytical_sampling,takenouchikennedy1964_co2
CO2_takenouchikennedy1964_co2_138,CO2,vapour,423,10,not_stated,,,0.12,measured,Experimental result as reported in the source.,from_compilation,analytical_sampling,takenouchikennedy1964_co2
CO2_takenouchikennedy1964_co2_139,CO2,vapour,423,20,not_stated,,,0.09,measured,Experimental result as reported in the source.,from_compilation,analytical_sampling,takenouchikennedy1964_co2
CO2_takenouchikennedy1964_co2_140,CO2,vapour,423,30,not_stated,,,0.1,measured,Experimental result as reported in the source.,from_compilation,analytical_sampling,takenouchikennedy1964_co2
CO2_takenouchikennedy1964_co2_141,CO2,vapour,423,40,not_stated,,,0.118,measured,Experimental result as reported in the source.,from_compilation,analytical_sampling,takenouchikennedy1964_co2
CO2_takenouchikennedy1964_co2_142,CO2,vapour,423,50,not_stated,,,0.138,measured,Experimental result as reported in the source.,from_compilation,analytical_sampling,takenouchikennedy1964_co2
CO2_takenouchikennedy1964_co2_143,CO2,vapour,423,60,not_stated,,,0.16,measured,Experimental result as reported in the source.,from_compilation,analytical_sampling,takenouchikennedy1964_co2
CO2_takenouchikennedy1964_co2_144,CO2,vapour,423,70,not_stated,,,0.176,measured,Experimental result as reported in the source.,from_compilation,analytical_sampling,takenouchikennedy1964_co2
CO2_takenouchikennedy1964_co2_145,CO2,vapour,423,80,not_stated,,,0.192,measured,Experimental result as reported in the source.,from_compilation,analytical_sampling,takenouchikennedy1964_co2
CO2_takenouchikennedy1964_co2_146,CO2,vapour,423,90,not_stated,,,0.206,measured,Experimental result as reported in the source.,from_compilation,analytical_sampling,takenouchikennedy1964_co2
CO2_takenouchikennedy1964_co2_147,CO2,vapour,423,100,not_stated,,,0.22,measured,Experimental result as reported in the source.,from_compilation,analytical_sampling,takenouchikennedy1964_co2
CO2_takenouchikennedy1964_co2_148,CO2,vapour,423.15,110,not_stated,,,0.23,measured,Experimental result as reported in the source.,from_compilation,analytical_sampling,takenouchikennedy1964_co2
CO2_takenouchikennedy1964_co2_149,CO2,vapour,423.15,120,not_stated,,,0.236,measured,Experimental result as reported in the source.,from_compilation,analytical_sampling,takenouchikennedy1964_co2
CO2_takenouchikennedy1964_co2_150,CO2,vapour,423.15,130,not_stated,,,0.242,measured,Experimental result as reported in the source.,from_compilation,analytical_sampling,takenouchikennedy1964_co2
CO2_takenouchikennedy1964_co2_151,CO2,vapour,423.15,140,not_stated,,,0.246,measured,Experimental result as reported in the source.,from_compilation,analytical_sampling,takenouchikennedy1964_co2
CO2_takenouchikennedy1964_co2_152,CO2,vapour,423.15,150,not_stated,,,0.248,measured,Experimental result as reported in the source.,from_compilation,analytical_sampling,takenouchikennedy1964_co2
CO2_takenouchikennedy1964_co2_153,CO2,vapour,473,10,not_stated,,,0.285,measured,Experimental result as reported in the source.,from_compilation,analytical_sampling,takenouchikennedy1964_co2
CO2_takenouchikennedy1964_co2_154,CO2,vapour,473,20,not_stated,,,0.18,measured,Experimental result as reported in the source.,from_compilation,analytical_sampling,takenouchikennedy1964_co2
CO2_takenouchikennedy1964_co2_155,CO2,vapour,473,30,not_stated,,,0.175,measured,Experimental result as reported in the source.,from_compilation,analytical_sampling,takenouchikennedy1964_co2
CO2_takenouchikennedy1964_co2_156,CO2,vapour,473,40,not_stated,,,0.184,measured,Experimental result as reported in the source.,from_compilation,analytical_sampling,takenouchikennedy1964_co2
CO2_takenouchikennedy1964_co2_157,CO2,vapour,473,50,not_stated,,,0.2,measured,Experimental result as reported in the source.,from_compilation,analytical_sampling,takenouchikennedy1964_co2
CO2_takenouchikennedy1964_co2_158,CO2,vapour,473,60,not_stated,,,0.22,measured,Experimental result as reported in the source.,from_compilation,analytical_sampling,takenouchikennedy1964_co2
CO2_takenouchikennedy1964_co2_159,CO2,vapour,473,70,not_stated,,,0.24,measured,Experimental result as reported in the source.,from_compilation,analytical_sampling,takenouchikennedy1964_co2
CO2_takenouchikennedy1964_co2_160,CO2,vapour,473,80,not_stated,,,0.255,measured,Experimental result as reported in the source.,from_compilation,analytical_sampling,takenouchikennedy1964_co2
CO2_takenouchikennedy1964_co2_161,CO2,vapour,473,90,not_stated,,,0.268,measured,Experimental result as reported in the source.,from_compilation,analytical_sampling,takenouchikennedy1964_co2
CO2_takenouchikennedy1964_co2_162,CO2,vapour,473,100,not_stated,,,0.28,measured,Experimental result as reported in the source.,from_compilation,analytical_sampling,takenouchikennedy1964_co2
CO2_takenouchikennedy1964_co2_163,CO2,vapour,473.15,110,not_stated,,,0.284,measured,Experimental result as reported in the source.,from_compilation,analytical_sampling,takenouchikennedy1964_co2
CO2_takenouchikennedy1964_co2_164,CO2,vapour,473.15,120,not_stated,,,0.294,measured,Experimental result as reported in the source.,from_compilation,analytical_sampling,takenouchikennedy1964_co2
CO2_takenouchikennedy1964_co2_165,CO2,vapour,473.15,130,not_stated,,,0.3,measured,Experimental result as reported in the source.,from_compilation,analytical_sampling,takenouchikennedy1964_co2
CO2_takenouchikennedy1964_co2_166,CO2,vapour,473.15,140,not_stated,,,0.306,measured,Experimental result as reported in the source.,from_compilation,analytical_sampling,takenouchikennedy1964_co2
CO2_takenouchikennedy1964_co2_167,CO2,vapour,473.15,150,not_stated,,,0.31,measured,Experimental result as reported in the source.,from_compilation,analytical_sampling,takenouchikennedy1964_co2
CO2_takenouchikennedy1964_co2_168,CO2,vapour,523.15,10,not_stated,,,0.59,measured,Experimental result as reported in the source.,from_compilation,analytical_sampling,takenouchikennedy1964_co2
CO2_takenouchikennedy1964_co2_169,CO2,vapour,523.15,20,not_stated,,,0.364,measured,Experimental result as reported in the source.,from_compilation,analytical_sampling,takenouchikennedy1964_co2
CO2_takenouchikennedy1964_co2_170,CO2,vapour,523.15,30,not_stated,,,0.32,measured,Experimental result as reported in the source.,from_compilation,analytical_sampling,takenouchikennedy1964_co2
CO2_takenouchikennedy1964_co2_171,CO2,vapour,523.15,40,not_stated,,,0.324,measured,Experimental result as reported in the source.,from_compilation,analytical_sampling,takenouchikennedy1964_co2
CO2_takenouchikennedy1964_co2_172,CO2,vapour,523.15,50,not_stated,,,0.34,measured,Experimental result as reported in the source.,from_compilation,analytical_sampling,takenouchikennedy1964_co2
CO2_takenouchikennedy1964_co2_173,CO2,vapour,523.15,60,not_stated,,,0.364,measured,Experimental result as reported in the source.,from_compilation,analytical_sampling,takenouchikennedy1964_co2
CO2_takenouchikennedy1964_co2_174,CO2,vapour,523.15,70,not_stated,,,0.387,measured,Experimental result as reported in the source.,from_compilation,analytical_sampling,takenouchikennedy1964_co2
CO2_takenouchikennedy1964_co2_175,CO2,vapour,523.15,80,not_stated,,,0.407,measured,Experimental result as reported in the source.,from_compilation,analytical_sampling,takenouchikennedy1964_co2
CO2_takenouchikennedy1964_co2_176,CO2,vapour,523.15,90,not_stated,,,0.42,measured,Experimental result as reported in the source.,from_compilation,analytical_sampling,takenouchikennedy1964_co2
CO2_takenouchikennedy1964_co2_177,CO2,vapour,523.15,100,not_stated,,,0.433,measured,Experimental result as reported in the source.,from_compilation,analytical_sampling,takenouchikennedy1964_co2
CO2_takenouchikennedy1964_co2_178,CO2,vapour,523.15,110,not_stated,,,0.445,measured,Experimental result as reported in the source.,from_compilation,analytical_sampling,takenouchikennedy1964_co2
CO2_takenouchikennedy1964_co2_179,CO2,vapour,523.15,120,not_stated,,,0.452,measured,Experimental result as reported in the source.,from_compilation,analytical_sampling,takenouchikennedy1964_co2
CO2_takenouchikennedy1964_co2_180,CO2,vapour,523.15,130,not_stated,,,0.458,measured,Experimental result as reported in the source.,from_compilation,analytical_sampling,takenouchikennedy1964_co2
CO2_takenouchikennedy1964_co2_181,CO2,vapour,523.15,140,not_stated,,,0.46,measured,Experimental result as reported in the source.,from_compilation,analytical_sampling,takenouchikennedy1964_co2
CO2_takenouchikennedy1964_co2_182,CO2,vapour,523.15,150,not_stated,,,0.46,measured,Experimental result as reported in the source.,from_compilation,analytical_sampling,takenouchikennedy1964_co2
CO2_takenouchikennedy1964_co2_183,CO2,vapour,533.15,20,not_stated,,,0.428,measured,Experimental result as reported in the source.,from_compilation,analytical_sampling,takenouchikennedy1964_co2
CO2_takenouchikennedy1964_co2_184,CO2,vapour,533.15,25,not_stated,,,0.38,measured,Experimental result as reported in the source.,from_compilation,analytical_sampling,takenouchikennedy1964_co2
CO2_takenouchikennedy1964_co2_185,CO2,vapour,533.15,30,not_stated,,,0.36,measured,Experimental result as reported in the source.,from_compilation,analytical_sampling,takenouchikennedy1964_co2
CO2_takenouchikennedy1964_co2_186,CO2,vapour,533.15,40,not_stated,,,0.358,measured,Experimental result as reported in the source.,from_compilation,analytical_sampling,takenouchikennedy1964_co2
CO2_takenouchikennedy1964_co2_187,CO2,vapour,533.15,50,not_stated,,,0.376,measured,Experimental result as reported in the source.,from_compilation,analytical_sampling,takenouchikennedy1964_co2
CO2_takenouchikennedy1964_co2_188,CO2,vapour,533.15,60,not_stated,,,0.396,measured,Experimental result as reported in the source.,from_compilation,analytical_sampling,takenouchikennedy1964_co2
CO2_takenouchikennedy1964_co2_189,CO2,vapour,533.15,70,not_stated,,,0.42,measured,Experimental result as reported in the source.,from_compilation,analytical_sampling,takenouchikennedy1964_co2
CO2_takenouchikennedy1964_co2_190,CO2,vapour,533.15,80,not_stated,,,0.44,measured,Experimental result as reported in the source.,from_compilation,analytical_sampling,takenouchikennedy1964_co2
CO2_takenouchikennedy1964_co2_191,CO2,vapour,533.15,90,not_stated,,,0.452,measured,Experimental result as reported in the source.,from_compilation,analytical_sampling,takenouchikennedy1964_co2
CO2_takenouchikennedy1964_co2_192,CO2,vapour,533.15,100,not_stated,,,0.464,measured,Experimental result as reported in the source.,from_compilation,analytical_sampling,takenouchikennedy1964_co2
CO2_takenouchikennedy1964_co2_193,CO2,vapour,533.15,110,not_stated,,,0.476,measured,Experimental result as reported in the source.,from_compilation,analytical_sampling,takenouchikennedy1964_co2
CO2_takenouchikennedy1964_co2_194,CO2,vapour,533.15,120,not_stated,,,0.49,measured,Experimental result as reported in the source.,from_compilation,analytical_sampling,takenouchikennedy1964_co2
CO2_takenouchikennedy1964_co2_195,CO2,vapour,533.15,130,not_stated,,,0.496,measured,Experimental result as reported in the source.,from_compilation,analytical_sampling,takenouchikennedy1964_co2
CO2_takenouchikennedy1964_co2_196,CO2,vapour,533.15,140,not_stated,,,0.498,measured,Experimental result as reported in the source.,from_compilation,analytical_sampling,takenouchikennedy1964_co2
CO2_takenouchikennedy1964_co2_197,CO2,vapour,533.15,150,not_stated,,,0.5,measured,Experimental result as reported in the source.,from_compilation,analytical_sampling,takenouchikennedy1964_co2
CO2_takenouchikennedy1964_co2_198,CO2,vapour,548.15,10,not_stated,,,0.744,measured,Experimental result as reported in the source.,from_compilation,analytical_sampling,takenouchikennedy1964_co2
CO2_takenouchikennedy1964_co2_199,CO2,vapour,548.15,15,not_stated,,,0.574,measured,Experimental result as reported in the source.,from_compilation,analytical_sampling,takenouchikennedy1964_co2
CO2_takenouchikennedy1964_co2_200,CO2,vapour,548.15,20,not_stated,,,0.5,measured,Experimental result as reported in the source.,from_compilation,analytical_sampling,takenouchikennedy1964_co2
CO2_takenouchikennedy1964_co2_201,CO2,vapour,548.15,25,not_stated,,,0.46,measured,Experimental result as reported in the source.,from_compilation,analytical_sampling,takenouchikennedy1964_co2
CO2_takenouchikennedy1964_co2_202,CO2,vapour,548.15,30,not_stated,,,0.442,measured,Experimental result as reported in the source.,from_compilation,analytical_sampling,takenouchikennedy1964_co2
CO2_takenouchikennedy1964_co2_203,CO2,vapour,548.15,40,not_stated,,,0.442,measured,Experimental result as reported in the source.,from_compilation,analytical_sampling,takenouchikennedy1964_co2
CO2_takenouchikennedy1964_co2_204,CO2,vapour,548.15,50,not_stated,,,0.47,measured,Experimental result as reported in the source.,from_compilation,analytical_sampling,takenouchikennedy1964_co2
CO2_takenouchikennedy1964_co2_205,CO2,vapour,548.15,60,not_stated,,,0.504,measured,Experimental result as reported in the source.,from_compilation,analytical_sampling,takenouchikennedy1964_co2
CO2_takenouchikennedy1964_co2_206,CO2,vapour,548.15,70,not_stated,,,0.54,measured,Experimental result as reported in the source.,from_compilation,analytical_sampling,takenouchikennedy1964_co2
CO2_takenouchikennedy1964_co2_207,CO2,vapour,548.15,80,not_stated,,,0.58,measured,Experimental result as reported in the source.,from_compilation,analytical_sampling,takenouchikennedy1964_co2
CO2_takenouchikennedy1964_co2_208,CO2,vapour,548.15,88.5,not_stated,,,0.73,measured,Experimental result as reported in the source.,from_compilation,analytical_sampling,takenouchikennedy1964_co2
CO2_takenouchikennedy1964_co2_209,CO2,vapour,573.15,10,not_stated,,,0.92,measured,Experimental result as reported in the source.,from_compilation,analytical_sampling,takenouchikennedy1964_co2
CO2_takenouchikennedy1964_co2_210,CO2,vapour,573.15,15,not_stated,,,0.71,measured,Experimental result as reported in the source.,from_compilation,analytical_sampling,takenouchikennedy1964_co2
CO2_takenouchikennedy1964_co2_211,CO2,vapour,573.15,20,not_stated,,,0.61,measured,Experimental result as reported in the source.,from_compilation,analytical_sampling,takenouchikennedy1964_co2
CO2_takenouchikennedy1964_co2_212,CO2,vapour,573.15,25,not_stated,,,0.566,measured,Experimental result as reported in the source.,from_compilation,analytical_sampling,takenouchikennedy1964_co2
CO2_takenouchikennedy1964_co2_213,CO2,vapour,573.15,30,not_stated,,,0.546,measured,Experimental result as reported in the source.,from_compilation,analytical_sampling,takenouchikennedy1964_co2
CO2_takenouchikennedy1964_co2_214,CO2,vapour,573.15,35,not_stated,,,0.544,measured,Experimental result as reported in the source.,from_compilation,analytical_sampling,takenouchikennedy1964_co2
CO2_takenouchikennedy1964_co2_215,CO2,vapour,573.15,40,not_stated,,,0.552,measured,Experimental result as reported in the source.,from_compilation,analytical_sampling,takenouchikennedy1964_co2
CO2_takenouchikennedy1964_co2_216,CO2,vapour,573.15,45,not_stated,,,0.578,measured,Experimental result as reported in the source.,from_compilation,analytical_sampling,takenouchikennedy1964_co2
CO2_takenouchikennedy1964_co2_217,CO2,vapour,573.15,50,not_stated,,,0.62,measured,Experimental result as reported in the source.,from_compilation,analytical_sampling,takenouchikennedy1964_co2
CO2_takenouchikennedy1964_co2_218,CO2,vapour,573.15,55,not_stated,,,0.68,measured,Experimental result as reported in the source.,from_compilation,analytical_sampling,takenouchikennedy1964_co2
CO2_takenouchikennedy1964_co2_219,CO2,vapour,573.15,57.5,not_stated,,,0.764,measured,Experimental result as reported in the source.,from_compilation,analytical_sampling,takenouchikennedy1964_co2
CO2_takenouchikennedy1964_co2_220,CO2,vapour,598.15,15,not_stated,,,0.894,measured,Experimental result as reported in the source.,from_compilation,analytical_sampling,takenouchikennedy1964_co2
CO2_takenouchikennedy1964_co2_221,CO2,vapour,598.15,20,not_stated,,,0.754,measured,Experimental result as reported in the source.,from_compilation,analytical_sampling,takenouchikennedy1964_co2
CO2_takenouchikennedy1964_co2_222,CO2,vapour,598.15,25,not_stated,,,0.679,measured,Experimental result as reported in the source.,from_compilation,analytical_sampling,takenouchikennedy1964_co2
CO2_takenouchikennedy1964_co2_223,CO2,vapour,598.15,30,not_stated,,,0.658,measured,Experimental result as reported in the source.,from_compilation,analytical_sampling,takenouchikennedy1964_co2
CO2_takenouchikennedy1964_co2_224,CO2,vapour,598.15,35,not_stated,,,0.666,measured,Experimental result as reported in the source.,from_compilation,analytical_sampling,takenouchikennedy1964_co2
CO2_takenouchikennedy1964_co2_225,CO2,vapour,598.15,40,not_stated,,,0.714,measured,Experimental result as reported in the source.,from_compilation,analytical_sampling,takenouchikennedy1964_co2
CO2_takenouchikennedy1964_co2_226,CO2,vapour,598.15,43.5,not_stated,,,0.82,measured,Experimental result as reported in the source.,from_compilation,analytical_sampling,takenouchikennedy1964_co2
CO2_takenouchikennedy1964_co2_227,CO2,vapour,623.15,20,not_stated,,,0.91,measured,Experimental result as reported in the source.,from_compilation,analytical_sampling,takenouchikennedy1964_co2
CO2_takenouchikennedy1964_co2_228,CO2,vapour,623.15,25,not_stated,,,0.838,measured,Experimental result as reported in the source.,from_compilation,analytical_sampling,takenouchikennedy1964_co2
CO2_takenouchikennedy1964_co2_229,CO2,vapour,623.15,30,not_stated,,,0.834,measured,Experimental result as reported in the source.,from_compilation,analytical_sampling,takenouchikennedy1964_co2
CO2_takenouchikennedy1964_co2_230,CO2,vapour,623.15,32.5,not_stated,,,0.895,measured,Experimental result as reported in the source.,from_compilation,analytical_sampling,takenouchikennedy1964_co2
CO2_takenouchikennedy1964_co2_231,CO2,vapour,543.15,20,not_stated,,,0.47,measured,Experimental result as reported in the source.,from_compilation,analytical_sampling,takenouchikennedy1964_co2
CO2_takenouchikennedy1964_co2_232,CO2,vapour,543.15,25,not_stated,,,0.43,measured,Experimental result as reported in the source.,from_compilation,analytical_sampling,takenouchikennedy1964_co2
CO2_takenouchikennedy1964_co2_233,CO2,vapour,543.15,30,not_stated,,,0.41,measured,Experimental result as reported in the source.,from_compilation,analytical_sampling,takenouchikennedy1964_co2
CO2_takenouchikennedy1964_co2_234,CO2,vapour,543.15,40,not_stated,,,0.41,measured,Experimental result as reported in the source.,from_compilation,analytical_sampling,takenouchikennedy1964_co2
CO2_takenouchikennedy1964_co2_235,CO2,vapour,543.15,50,not_stated,,,0.43,measured,Experimental result as reported in the source.,from_compilation,analytical_sampling,takenouchikennedy1964_co2
CO2_takenouchikennedy1964_co2_236,CO2,vapour,543.15,60,not_stated,,,0.454,measured,Experimental result as reported in the source.,from_compilation,analytical_sampling,takenouchikennedy1964_co2
CO2_takenouchikennedy1964_co2_237,CO2,vapour,543.15,70,not_stated,,,0.48,measured,Experimental result as reported in the source.,from_compilation,analytical_sampling,takenouchikennedy1964_co2
CO2_takenouchikennedy1964_co2_238,CO2,vapour,543.15,80,not_stated,,,0.504,measured,Experimental result as reported in the source.,from_compilation,analytical_sampling,takenouchikennedy1964_co2
CO2_takenouchikennedy1964_co2_239,CO2,vapour,543.15,90,not_stated,,,0.538,measured,Experimental result as reported in the source.,from_compilation,analytical_sampling,takenouchikennedy1964_co2
CO2_takenouchikennedy1964_co2_240,CO2,vapour,543.15,100,not_stated,,,0.576,measured,Experimental result as reported in the source.,from_compilation,analytical_sampling,takenouchikennedy1964_co2
CO2_takenouchikennedy1964_co2_241,CO2,vapour,543.15,110,not_stated,,,0.618,measured,Experimental result as reported in the source.,from_compilation,analytical_sampling,takenouchikennedy1964_co2
CO2_takenouchikennedy1964_co2_242,CO2,vapour,543.15,120,not_stated,,,0.66,measured,Experimental result as reported in the source.,from_compilation,analytical_sampling,takenouchikennedy1964_co2
CO2_todheide1963_co2_001,CO2,vapour,323.15,20,not_stated,,,0.01,measured,"The source prints smoothed values, not single readings.",from_compilation,unstated,todheide1963_co2
CO2_todheide1963_co2_002,CO2,vapour,323.15,50,not_stated,,,0.01,measured,"The source prints smoothed values, not single readings.",from_compilation,unstated,todheide1963_co2
CO2_todheide1963_co2_003,CO2,vapour,323.15,100,not_stated,,,0.01,measured,"The source prints smoothed values, not single readings.",from_compilation,unstated,todheide1963_co2
CO2_todheide1963_co2_004,CO2,vapour,323.15,150,not_stated,,,0.01,measured,"The source prints smoothed values, not single readings.",from_compilation,unstated,todheide1963_co2
CO2_todheide1963_co2_005,CO2,vapour,323.15,200,not_stated,,,0.01,measured,"The source prints smoothed values, not single readings.",from_compilation,unstated,todheide1963_co2
CO2_todheide1963_co2_006,CO2,vapour,323.15,250,not_stated,,,0.01,measured,"The source prints smoothed values, not single readings.",from_compilation,unstated,todheide1963_co2
CO2_todheide1963_co2_007,CO2,vapour,323.15,300,not_stated,,,0.01,measured,"The source prints smoothed values, not single readings.",from_compilation,unstated,todheide1963_co2
CO2_todheide1963_co2_008,CO2,vapour,323.15,350,not_stated,,,0.01,measured,"The source prints smoothed values, not single readings.",from_compilation,unstated,todheide1963_co2
CO2_todheide1963_co2_009,CO2,vapour,373.15,20,not_stated,,,0.029,measured,"The source prints smoothed values, not single readings.",from_compilation,unstated,todheide1963_co2
CO2_todheide1963_co2_010,CO2,vapour,373.15,50,not_stated,,,0.03,measured,"The source prints smoothed values, not single readings.",from_compilation,unstated,todheide1963_co2
CO2_todheide1963_co2_011,CO2,vapour,373.15,100,not_stated,,,0.03,measured,"The source prints smoothed values, not single readings.",from_compilation,unstated,todheide1963_co2
CO2_todheide1963_co2_012,CO2,vapour,373.15,150,not_stated,,,0.029,measured,"The source prints smoothed values, not single readings.",from_compilation,unstated,todheide1963_co2
CO2_todheide1963_co2_013,CO2,vapour,373.15,200,not_stated,,,0.029,measured,"The source prints smoothed values, not single readings.",from_compilation,unstated,todheide1963_co2
CO2_todheide1963_co2_014,CO2,vapour,373.15,250,not_stated,,,0.029,measured,"The source prints smoothed values, not single readings.",from_compilation,unstated,todheide1963_co2
CO2_todheide1963_co2_015,CO2,vapour,373.15,300,not_stated,,,0.028,measured,"The source prints smoothed values, not single readings.",from_compilation,unstated,todheide1963_co2
CO2_todheide1963_co2_016,CO2,vapour,373.15,350,not_stated,,,0.028,measured,"The source prints smoothed values, not single readings.",from_compilation,unstated,todheide1963_co2
CO2_todheide1963_co2_017,CO2,vapour,423.15,20,not_stated,,,0.06,measured,"The source prints smoothed values, not single readings.",from_compilation,unstated,todheide1963_co2
CO2_todheide1963_co2_018,CO2,vapour,423.15,50,not_stated,,,0.063,measured,"The source prints smoothed values, not single readings.",from_compilation,unstated,todheide1963_co2
CO2_todheide1963_co2_019,CO2,vapour,423.15,100,not_stated,,,0.065,measured,"The source prints smoothed values, not single readings.",from_compilation,unstated,todheide1963_co2
CO2_todheide1963_co2_020,CO2,vapour,423.15,150,not_stated,,,0.068,measured,"The source prints smoothed values, not single readings.",from_compilation,unstated,todheide1963_co2
CO2_todheide1963_co2_021,CO2,vapour,423.15,200,not_stated,,,0.068,measured,"The source prints smoothed values, not single readings.",from_compilation,unstated,todheide1963_co2
CO2_todheide1963_co2_022,CO2,vapour,423.15,250,not_stated,,,0.067,measured,"The source prints smoothed values, not single readings.",from_compilation,unstated,todheide1963_co2
CO2_todheide1963_co2_023,CO2,vapour,423.15,300,not_stated,,,0.065,measured,"The source prints smoothed values, not single readings.",from_compilation,unstated,todheide1963_co2
CO2_todheide1963_co2_024,CO2,vapour,423.15,350,not_stated,,,0.063,measured,"The source prints smoothed values, not single readings.",from_compilation,unstated,todheide1963_co2
CO2_todheide1963_co2_025,CO2,vapour,473.15,20,not_stated,,,0.155,measured,"The source prints smoothed values, not single readings.",from_compilation,unstated,todheide1963_co2
CO2_todheide1963_co2_026,CO2,vapour,473.15,50,not_stated,,,0.14,measured,"The source prints smoothed values, not single readings.",from_compilation,unstated,todheide1963_co2
CO2_todheide1963_co2_027,CO2,vapour,473.15,100,not_stated,,,0.145,measured,"The source prints smoothed values, not single readings.",from_compilation,unstated,todheide1963_co2
CO2_todheide1963_co2_028,CO2,vapour,473.15,150,not_stated,,,0.15,measured,"The source prints smoothed values, not single readings.",from_compilation,unstated,todheide1963_co2
CO2_todheide1963_co2_029,CO2,vapour,473.15,200,not_stated,,,0.145,measured,"The source prints smoothed values, not single readings.",from_compilation,unstated,todheide1963_co2
CO2_todheide1963_co2_030,CO2,vapour,473.15,250,not_stated,,,0.14,measured,"The source prints smoothed values, not single readings.",from_compilation,unstated,todheide1963_co2
CO2_todheide1963_co2_031,CO2,vapour,473.15,300,not_stated,,,0.133,measured,"The source prints smoothed values, not single readings.",from_compilation,unstated,todheide1963_co2
CO2_todheide1963_co2_032,CO2,vapour,473.15,350,not_stated,,,0.125,measured,"The source prints smoothed values, not single readings.",from_compilation,unstated,todheide1963_co2
CO2_todheide1963_co2_033,CO2,vapour,523.15,20,not_stated,,,0.335,measured,"The source prints smoothed values, not single readings.",from_compilation,unstated,todheide1963_co2
CO2_todheide1963_co2_034,CO2,vapour,523.15,50,not_stated,,,0.28,measured,"The source prints smoothed values, not single readings.",from_compilation,unstated,todheide1963_co2
CO2_todheide1963_co2_035,CO2,vapour,523.15,100,not_stated,,,0.305,measured,"The source prints smoothed values, not single readings.",from_compilation,unstated,todheide1963_co2
CO2_todheide1963_co2_036,CO2,vapour,523.15,150,not_stated,,,0.315,measured,"The source prints smoothed values, not single readings.",from_compilation,unstated,todheide1963_co2
CO2_todheide1963_co2_037,CO2,vapour,523.15,200,not_stated,,,0.325,measured,"The source prints smoothed values, not single readings.",from_compilation,unstated,todheide1963_co2
CO2_todheide1963_co2_038,CO2,vapour,523.15,250,not_stated,,,0.325,measured,"The source prints smoothed values, not single readings.",from_compilation,unstated,todheide1963_co2
CO2_todheide1963_co2_039,CO2,vapour,523.15,300,not_stated,,,0.307,measured,"The source prints smoothed values, not single readings.",from_compilation,unstated,todheide1963_co2
CO2_todheide1963_co2_040,CO2,vapour,523.15,350,not_stated,,,0.295,measured,"The source prints smoothed values, not single readings.",from_compilation,unstated,todheide1963_co2
CO2_todheide1963_co2_041,CO2,vapour,533.15,20,not_stated,,,0.399,measured,"The source prints smoothed values, not single readings.",from_compilation,unstated,todheide1963_co2
CO2_todheide1963_co2_042,CO2,vapour,533.15,50,not_stated,,,0.318,measured,"The source prints smoothed values, not single readings.",from_compilation,unstated,todheide1963_co2
CO2_todheide1963_co2_043,CO2,vapour,533.15,100,not_stated,,,0.368,measured,"The source prints smoothed values, not single readings.",from_compilation,unstated,todheide1963_co2
CO2_todheide1963_co2_044,CO2,vapour,533.15,150,not_stated,,,0.415,measured,"The source prints smoothed values, not single readings.",from_compilation,unstated,todheide1963_co2
CO2_todheide1963_co2_045,CO2,vapour,533.15,200,not_stated,,,0.425,measured,"The source prints smoothed values, not single readings.",from_compilation,unstated,todheide1963_co2
CO2_todheide1963_co2_046,CO2,vapour,533.15,250,not_stated,,,0.405,measured,"The source prints smoothed values, not single readings.",from_compilation,unstated,todheide1963_co2
CO2_todheide1963_co2_047,CO2,vapour,533.15,300,not_stated,,,0.385,measured,"The source prints smoothed values, not single readings.",from_compilation,unstated,todheide1963_co2
CO2_todheide1963_co2_048,CO2,vapour,533.15,350,not_stated,,,0.37,measured,"The source prints smoothed values, not single readings.",from_compilation,unstated,todheide1963_co2
CO2_todheide1963_co2_049,CO2,vapour,538.15,20,not_stated,,,0.423,measured,"The source prints smoothed values, not single readings.",from_compilation,unstated,todheide1963_co2
CO2_todheide1963_co2_050,CO2,vapour,538.15,50,not_stated,,,0.343,measured,"The source prints smoothed values, not single readings.",from_compilation,unstated,todheide1963_co2
CO2_todheide1963_co2_051,CO2,vapour,538.15,100,not_stated,,,0.4,measured,"The source prints smoothed values, not single readings.",from_compilation,unstated,todheide1963_co2
CO2_todheide1963_co2_052,CO2,vapour,538.15,150,not_stated,,,0.454,measured,"The source prints smoothed values, not single readings.",from_compilation,unstated,todheide1963_co2
CO2_todheide1963_co2_053,CO2,vapour,538.15,200,not_stated,,,0.492,measured,"The source prints smoothed values, not single readings.",from_compilation,unstated,todheide1963_co2
CO2_todheide1963_co2_054,CO2,vapour,538.15,250,not_stated,,,0.507,measured,"The source prints smoothed values, not single readings.",from_compilation,unstated,todheide1963_co2
CO2_todheide1963_co2_055,CO2,vapour,541.15,20,not_stated,,,0.441,measured,"The source prints smoothed values, not single readings.",from_compilation,unstated,todheide1963_co2
CO2_todheide1963_co2_056,CO2,vapour,541.15,30,not_stated,,,0.38,measured,"The source prints smoothed values, not single readings.",from_compilation,unstated,todheide1963_co2
CO2_todheide1963_co2_057,CO2,vapour,541.15,40,not_stated,,,0.356,measured,"The source prints smoothed values, not single readings.",from_compilation,unstated,todheide1963_co2
CO2_todheide1963_co2_058,CO2,vapour,541.15,50,not_stated,,,0.358,measured,"The source prints smoothed values, not single readings.",from_compilation,unstated,todheide1963_co2
CO2_todheide1963_co2_059,CO2,vapour,541.15,60,not_stated,,,0.362,measured,"The source prints smoothed values, not single readings.",from_compilation,unstated,todheide1963_co2
CO2_todheide1963_co2_060,CO2,vapour,541.15,70,not_stated,,,0.378,measured,"The source prints smoothed values, not single readings.",from_compilation,unstated,todheide1963_co2
CO2_todheide1963_co2_061,CO2,vapour,541.15,80,not_stated,,,0.397,measured,"The source prints smoothed values, not single readings.",from_compilation,unstated,todheide1963_co2
CO2_todheide1963_co2_062,CO2,vapour,541.15,90,not_stated,,,0.414,measured,"The source prints smoothed values, not single readings.",from_compilation,unstated,todheide1963_co2
CO2_todheide1963_co2_063,CO2,vapour,541.15,100,not_stated,,,0.431,measured,"The source prints smoothed values, not single readings.",from_compilation,unstated,todheide1963_co2
CO2_todheide1963_co2_064,CO2,vapour,541.15,110,not_stated,,,0.444,measured,"The source prints smoothed values, not single readings.",from_compilation,unstated,todheide1963_co2
CO2_todheide1963_co2_065,CO2,vapour,541.15,120,not_stated,,,0.453,measured,"The source prints smoothed values, not single readings.",from_compilation,unstated,todheide1963_co2
CO2_todheide1963_co2_066,CO2,vapour,541.15,130,not_stated,,,0.47,measured,"The source prints smoothed values, not single readings.",from_compilation,unstated,todheide1963_co2
CO2_todheide1963_co2_067,CO2,vapour,541.15,140,not_stated,,,0.482,measured,"The source prints smoothed values, not single readings.",from_compilation,unstated,todheide1963_co2
CO2_todheide1963_co2_068,CO2,vapour,541.15,150,not_stated,,,0.503,measured,"The source prints smoothed values, not single readings.",from_compilation,unstated,todheide1963_co2
CO2_todheide1963_co2_069,CO2,vapour,541.15,162,not_stated,,,0.615,measured,Experimental result as reported in the source.,from_compilation,unstated,todheide1963_co2
CO2_todheide1963_co2_070,CO2,vapour,543.15,20,not_stated,,,0.453,measured,"The source prints smoothed values, not single readings.",from_compilation,unstated,todheide1963_co2
CO2_todheide1963_co2_071,CO2,vapour,543.15,30,not_stated,,,0.386,measured,"The source prints smoothed values, not single readings.",from_compilation,unstated,todheide1963_co2
CO2_todheide1963_co2_072,CO2,vapour,543.15,40,not_stated,,,0.365,measured,"The source prints smoothed values, not single readings.",from_compilation,unstated,todheide1963_co2
CO2_todheide1963_co2_073,CO2,vapour,543.15,50,not_stated,,,0.369,measured,"The source prints smoothed values, not single readings.",from_compilation,unstated,todheide1963_co2
CO2_todheide1963_co2_074,CO2,vapour,543.15,60,not_stated,,,0.372,measured,"The source prints smoothed values, not single readings.",from_compilation,unstated,todheide1963_co2
CO2_todheide1963_co2_075,CO2,vapour,543.15,70,not_stated,,,0.393,measured,"The source prints smoothed values, not single readings.",from_compilation,unstated,todheide1963_co2
CO2_todheide1963_co2_076,CO2,vapour,543.15,80,not_stated,,,0.415,measured,"The source prints smoothed values, not single readings.",from_compilation,unstated,todheide1963_co2
CO2_todheide1963_co2_077,CO2,vapour,543.15,90,not_stated,,,0.435,measured,"The source prints smoothed values, not single readings.",from_compilation,unstated,todheide1963_co2
CO2_todheide1963_co2_078,CO2,vapour,543.15,100,not_stated,,,0.455,measured,"The source prints smoothed values, not single readings.",from_compilation,unstated,todheide1963_co2
CO2_todheide1963_co2_079,CO2,vapour,543.15,110,not_stated,,,0.475,measured,"The source prints smoothed values, not single readings.",from_compilation,unstated,todheide1963_co2
CO2_todheide1963_co2_080,CO2,vapour,543.15,120,not_stated,,,0.497,measured,"The source prints smoothed values, not single readings.",from_compilation,unstated,todheide1963_co2
CO2_todheide1963_co2_081,CO2,vapour,543.15,130,not_stated,,,0.534,measured,"The source prints smoothed values, not single readings.",from_compilation,unstated,todheide1963_co2
CO2_todheide1963_co2_082,CO2,vapour,543.15,137,not_stated,,,0.633,measured,Experimental result as reported in the source.,from_compilation,unstated,todheide1963_co2
CO2_todheide1963_co2_083,CO2,vapour,548.15,20,not_stated,,,0.481,measured,"The source prints smoothed values, not single readings.",from_compilation,unstated,todheide1963_co2
CO2_todheide1963_co2_084,CO2,vapour,548.15,30,not_stated,,,0.409,measured,"The source prints smoothed values, not single readings.",from_compilation,unstated,todheide1963_co2
CO2_todheide1963_co2_085,CO2,vapour,548.15,40,not_stated,,,0.388,measured,"The source prints smoothed values, not single readings.",from_compilation,unstated,todheide1963_co2
CO2_todheide1963_co2_086,CO2,vapour,548.15,50,not_stated,,,0.389,measured,"The source prints smoothed values, not single readings.",from_compilation,unstated,todheide1963_co2
CO2_todheide1963_co2_087,CO2,vapour,548.15,60,not_stated,,,0.405,measured,"The source prints smoothed values, not single readings.",from_compilation,unstated,todheide1963_co2
CO2_todheide1963_co2_088,CO2,vapour,548.15,70,not_stated,,,0.428,measured,"The source prints smoothed values, not single readings.",from_compilation,unstated,todheide1963_co2
CO2_todheide1963_co2_089,CO2,vapour,548.15,80,not_stated,,,0.459,measured,"The source prints smoothed values, not single readings.",from_compilation,unstated,todheide1963_co2
CO2_todheide1963_co2_090,CO2,vapour,548.15,90,not_stated,,,0.493,measured,"The source prints smoothed values, not single readings.",from_compilation,unstated,todheide1963_co2
CO2_todheide1963_co2_091,CO2,vapour,548.15,100,not_stated,,,0.545,measured,"The source prints smoothed values, not single readings.",from_compilation,unstated,todheide1963_co2
CO2_todheide1963_co2_092,CO2,vapour,548.15,108,not_stated,,,0.653,measured,Experimental result as reported in the source.,from_compilation,unstated,todheide1963_co2
CO2_todheide1963_co2_093,CO2,vapour,573.15,20,not_stated,,,0.648,measured,"The source prints smoothed values, not single readings.",from_compilation,unstated,todheide1963_co2
CO2_todheide1963_co2_094,CO2,vapour,573.15,30,not_stated,,,0.546,measured,"The source prints smoothed values, not single readings.",from_compilation,unstated,todheide1963_co2
CO2_todheide1963_co2_095,CO2,vapour,573.15,40,not_stated,,,0.52,measured,"The source prints smoothed values, not single readings.",from_compilation,unstated,todheide1963_co2
CO2_todheide1963_co2_096,CO2,vapour,573.15,50,not_stated,,,0.54,measured,"The source prints smoothed values, not single readings.",from_compilation,unstated,todheide1963_co2
CO2_todheide1963_co2_097,CO2,vapour,573.15,60,not_stated,,,0.665,measured,"The source prints smoothed values, not single readings.",from_compilation,unstated,todheide1963_co2
CO2_todheide1963_co2_098,CO2,vapour,573.15,60.8,not_stated,,,0.733,measured,Experimental result as reported in the source.,from_compilation,unstated,todheide1963_co2
CO2_todheide1963_co2_099,CO2,vapour,623.15,20,not_stated,,,0.945,measured,"The source prints smoothed values, not single readings.",from_compilation,unstated,todheide1963_co2
CO2_todheide1963_co2_100,CO2,vapour,623.15,25,not_stated,,,0.88,measured,"The source prints smoothed values, not single readings.",from_compilation,unstated,todheide1963_co2
CO2_todheide1963_co2_101,CO2,vapour,623.15,30,not_stated,,,0.838,measured,"The source prints smoothed values, not single readings.",from_compilation,unstated,todheide1963_co2
CO2_todheide1963_co2_102,CO2,vapour,623.15,32.5,not_stated,,,0.84,measured,"The source prints smoothed values, not single readings.",from_compilation,unstated,todheide1963_co2
CO2_todheide1963_co2_103,CO2,vapour,623.15,33.3,not_stated,,,0.875,measured,Experimental result as reported in the source.,from_compilation,unstated,todheide1963_co2
CO2_todheide1963_co2_104,CO2,vapour,538.15,300,not_stated,,,0.45,measured,Experimental result as reported in the source.,from_compilation,unstated,todheide1963_co2
CO2_todheide1963_co2_105,CO2,vapour,538.15,350,not_stated,,,0.43,measured,Experimental result as reported in the source.,from_compilation,unstated,todheide1963_co2
CO2_todheide1963_co2_106,CO2,vapour,540.15,20,not_stated,,,0.433,measured,Experimental result as reported in the source.,from_compilation,unstated,todheide1963_co2
CO2_todheide1963_co2_107,CO2,vapour,540.15,50,not_stated,,,0.35,measured,Experimental result as reported in the source.,from_compilation,unstated,todheide1963_co2
CO2_todheide1963_co2_108,CO2,vapour,540.15,100,not_stated,,,0.425,measured,Experimental result as reported in the source.,from_compilation,unstated,todheide1963_co2
CO2_todheide1963_co2_109,CO2,vapour,540.15,150,not_stated,,,0.474,measured,Experimental result as reported in the source.,from_compilation,unstated,todheide1963_co2
CO2_todheide1963_co2_110,CO2,vapour,540.15,350,not_stated,,,0.49,measured,Experimental result as reported in the source.,from_compilation,unstated,todheide1963_co2
CO2_valtzetal2004_co2_020,CO2,vapour,278.22,0.501,not_stated,,,0.0015,measured,Experimental result as reported in the source.,from_compilation,unstated,valtzetal2004_co2
CO2_valtzetal2004_co2_021,CO2,vapour,278.22,0.755,not_stated,,,0.0011,measured,Experimental result as reported in the source.,from_compilation,unstated,valtzetal2004_co2
CO2_valtzetal2004_co2_022,CO2,vapour,278.22,1.016,not_stated,,,0.0007,measured,Experimental result as reported in the source.,from_compilation,unstated,valtzetal2004_co2
CO2_valtzetal2004_co2_023,CO2,vapour,288.26,0.496,not_stated,,,0.0031,measured,Experimental result as reported in the source.,from_compilation,unstated,valtzetal2004_co2
CO2_valtzetal2004_co2_024,CO2,vapour,288.26,1.103,not_stated,,,0.0014,measured,Experimental result as reported in the source.,from_compilation,unstated,valtzetal2004_co2
CO2_valtzetal2004_co2_025,CO2,vapour,288.26,1.941,not_stated,,,0.0009,measured,Experimental result as reported in the source.,from_compilation,unstated,valtzetal2004_co2
CO2_valtzetal2004_co2_026,CO2,vapour,298.28,0.504,not_stated,,,0.0065,measured,Experimental result as reported in the source.,from_compilation,unstated,valtzetal2004_co2
CO2_valtzetal2004_co2_027,CO2,vapour,298.28,1.007,not_stated,,,0.0038,measured,Experimental result as reported in the source.,from_compilation,unstated,valtzetal2004_co2
CO2_valtzetal2004_co2_028,CO2,vapour,298.28,1.496,not_stated,,,0.0028,measured,Experimental result as reported in the source.,from_compilation,unstated,valtzetal2004_co2
CO2_valtzetal2004_co2_029,CO2,vapour,298.28,2.483,not_stated,,,0.0014,measured,Experimental result as reported in the source.,from_compilation,unstated,valtzetal2004_co2
CO2_valtzetal2004_co2_030,CO2,vapour,298.28,3.491,not_stated,,,0.0013,measured,Experimental result as reported in the source.,from_compilation,unstated,valtzetal2004_co2
CO2_valtzetal2004_co2_031,CO2,vapour,304,0.68,not_stated,,,0.0068,measured,Experimental result as reported in the source.,from_compilation,unstated,valtzetal2004_co2
CO2_valtzetal2004_co2_032,CO2,vapour,304,2.5,not_stated,,,0.0023,measured,Experimental result as reported in the source.,from_compilation,unstated,valtzetal2004_co2
CO2_valtzetal2004_co2_033,CO2,vapour,304,5.1,not_stated,,,0.0016,measured,Experimental result as reported in the source.,from_compilation,unstated,valtzetal2004_co2
CO2_valtzetal2004_co2_034,CO2,vapour,304,10.2,not_stated,,,0.0041,measured,Experimental result as reported in the source.,from_compilation,unstated,valtzetal2004_co2
CO2_valtzetal2004_co2_035,CO2,vapour,304,20.4,not_stated,,,0.0046,measured,Experimental result as reported in the source.,from_compilation,unstated,valtzetal2004_co2
CO2_valtzetal2004_co2_036,CO2,vapour,308.21,0.582,not_stated,,,0.0096,measured,Experimental result as reported in the source.,from_compilation,unstated,valtzetal2004_co2
CO2_valtzetal2004_co2_037,CO2,vapour,308.21,0.819,not_stated,,,0.0079,measured,Experimental result as reported in the source.,from_compilation,unstated,valtzetal2004_co2
CO2_valtzetal2004_co2_038,CO2,vapour,308.21,1.889,not_stated,,,0.0034,measured,Experimental result as reported in the source.,from_compilation,unstated,valtzetal2004_co2
CO2_valtzetal2004_co2_039,CO2,vapour,308.21,3.029,not_stated,,,0.0023,measured,Experimental result as reported in the source.,from_compilation,unstated,valtzetal2004_co2
CO2_valtzetal2004_co2_040,CO2,vapour,308.21,4.005,not_stated,,,0.002,measured,Experimental result as reported in the source.,from_compilation,unstated,valtzetal2004_co2
CO2_valtzetal2004_co2_041,CO2,vapour,308.21,4.985,not_stated,,,0.0017,measured,Experimental result as reported in the source.,from_compilation,unstated,valtzetal2004_co2
CO2_valtzetal2004_co2_042,CO2,vapour,308.21,5.949,not_stated,,,0.0016,measured,Experimental result as reported in the source.,from_compilation,unstated,valtzetal2004_co2
CO2_valtzetal2004_co2_043,CO2,vapour,308.21,7.056,not_stated,,,0.0017,measured,Experimental result as reported in the source.,from_compilation,unstated,valtzetal2004_co2
CO2_valtzetal2004_co2_044,CO2,vapour,308.21,7.963,not_stated,,,0.0025,measured,Experimental result as reported in the source.,from_compilation,unstated,valtzetal2004_co2
CO2_valtzetal2004_co2_045,CO2,vapour,318.22,0.464,not_stated,,,0.025,measured,Experimental result as reported in the source.,from_compilation,unstated,valtzetal2004_co2
CO2_valtzetal2004_co2_046,CO2,vapour,318.22,1.044,not_stated,,,0.0125,measured,Experimental result as reported in the source.,from_compilation,unstated,valtzetal2004_co2
CO2_valtzetal2004_co2_047,CO2,vapour,318.22,1.863,not_stated,,,0.0065,measured,Experimental result as reported in the source.,from_compilation,unstated,valtzetal2004_co2
CO2_valtzetal2004_co2_048,CO2,vapour,318.22,3.001,not_stated,,,0.0044,measured,Experimental result as reported in the source.,from_compilation,unstated,valtzetal2004_co2
CO2_valtzetal2004_co2_049,CO2,vapour,318.22,3.98,not_stated,,,0.0038,measured,Experimental result as reported in the source.,from_compilation,unstated,valtzetal2004_co2
CO2_valtzetal2004_co2_050,CO2,vapour,318.22,4.956,not_stated,,,0.0035,measured,Experimental result as reported in the source.,from_compilation,unstated,valtzetal2004_co2
CO2_valtzetal2004_co2_051,CO2,vapour,318.22,5.992,not_stated,,,0.0033,measured,Experimental result as reported in the source.,from_compilation,unstated,valtzetal2004_co2
CO2_valtzetal2004_co2_052,CO2,vapour,318.22,6.93,not_stated,,,0.0029,measured,Experimental result as reported in the source.,from_compilation,unstated,valtzetal2004_co2
CO2_valtzetal2004_co2_053,CO2,vapour,308.21,2.97,not_stated,,,0.0023,measured,Experimental result as reported in the source.,from_compilation,unstated,valtzetal2004_co2
CO2_valtzetal2004_co2_054,CO2,vapour,308.21,7.93,not_stated,,,0.0023,measured,Experimental result as reported in the source.,from_compilation,unstated,valtzetal2004_co2
CO2_wiebegaddy1941_co2_001,CO2,vapour,298.15,0.101325,not_stated,,,0.0278197,measured,Experimental result as reported in the source.,,analytical_sampling,wiebegaddy1941_co2
CO2_wiebegaddy1941_co2_002,CO2,vapour,304.19,0.101325,not_stated,,,0.0382889,measured,Experimental result as reported in the source.,,analytical_sampling,wiebegaddy1941_co2
CO2_wiebegaddy1941_co2_003,CO2,vapour,323.15,0.101325,not_stated,,,0.103708,measured,Experimental result as reported in the source.,,analytical_sampling,wiebegaddy1941_co2
CO2_wiebegaddy1941_co2_004,CO2,vapour,348.15,0.101325,not_stated,,,0.231412,measured,Experimental result as reported in the source.,,analytical_sampling,wiebegaddy1941_co2
CO2_wiebegaddy1941_co2_005,CO2,vapour,298.15,2.53313,not_stated,,,0.0016396,measured,Experimental result as reported in the source.,,analytical_sampling,wiebegaddy1941_co2
CO2_wiebegaddy1941_co2_006,CO2,vapour,304.19,2.53313,not_stated,,,0.00227165,measured,Experimental result as reported in the source.,,analytical_sampling,wiebegaddy1941_co2
CO2_wiebegaddy1941_co2_007,CO2,vapour,323.15,2.53313,not_stated,,,0.00615779,measured,Experimental result as reported in the source.,,analytical_sampling,wiebegaddy1941_co2
CO2_wiebegaddy1941_co2_008,CO2,vapour,348.15,2.53313,not_stated,,,0.0105256,measured,Experimental result as reported in the source.,,analytical_sampling,wiebegaddy1941_co2
CO2_wiebegaddy1941_co2_009,CO2,vapour,298.15,5.06625,not_stated,,,0.00129226,measured,Experimental result as reported in the source.,,analytical_sampling,wiebegaddy1941_co2
CO2_wiebegaddy1941_co2_010,CO2,vapour,304.19,5.06625,not_stated,,,0.0016024,measured,Experimental result as reported in the source.,,analytical_sampling,wiebegaddy1941_co2
CO2_wiebegaddy1941_co2_011,CO2,vapour,323.15,5.06625,not_stated,,,0.0038174,measured,Experimental result as reported in the source.,,analytical_sampling,wiebegaddy1941_co2
CO2_wiebegaddy1941_co2_012,CO2,vapour,323.15,6.0795,not_stated,,,0.00355805,measured,Experimental result as reported in the source.,,analytical_sampling,wiebegaddy1941_co2
CO2_wiebegaddy1941_co2_013,CO2,vapour,323.15,7.59938,not_stated,,,0.00348392,measured,Experimental result as reported in the source.,,analytical_sampling,wiebegaddy1941_co2
CO2_wiebegaddy1941_co2_014,CO2,vapour,298.15,10.1325,not_stated,,,0.00331092,measured,Experimental result as reported in the source.,,analytical_sampling,wiebegaddy1941_co2
CO2_wiebegaddy1941_co2_015,CO2,vapour,304.19,10.1325,not_stated,,,0.00363216,measured,Experimental result as reported in the source.,,analytical_sampling,wiebegaddy1941_co2
CO2_wiebegaddy1941_co2_016,CO2,vapour,323.15,10.1325,not_stated,,,0.00447135,measured,Experimental result as reported in the source.,,analytical_sampling,wiebegaddy1941_co2
CO2_wiebegaddy1941_co2_017,CO2,vapour,348.15,10.1325,not_stated,,,0.00821804,measured,Experimental result as reported in the source.,,analytical_sampling,wiebegaddy1941_co2
CO2_wiebegaddy1941_co2_018,CO2,vapour,348.15,11.1457,not_stated,,,0.00804668,measured,Experimental result as reported in the source.,,analytical_sampling,wiebegaddy1941_co2
CO2_wiebegaddy1941_co2_019,CO2,vapour,348.15,12.6656,not_stated,,,0.00847497,measured,Experimental result as reported in the source.,,analytical_sampling,wiebegaddy1941_co2
CO2_wiebegaddy1941_co2_020,CO2,vapour,298.15,15.1988,not_stated,,,0.00358275,measured,Experimental result as reported in the source.,,analytical_sampling,wiebegaddy1941_co2
CO2_wiebegaddy1941_co2_021,CO2,vapour,323.15,15.1988,not_stated,,,0.00605947,measured,Experimental result as reported in the source.,,analytical_sampling,wiebegaddy1941_co2
CO2_wiebegaddy1941_co2_022,CO2,vapour,348.15,15.1988,not_stated,,,0.00946475,measured,Experimental result as reported in the source.,,analytical_sampling,wiebegaddy1941_co2
CO2_wiebegaddy1941_co2_023,CO2,vapour,298.15,20.265,not_stated,,,0.00375566,measured,Experimental result as reported in the source.,,analytical_sampling,wiebegaddy1941_co2
CO2_wiebegaddy1941_co2_024,CO2,vapour,304.19,20.265,not_stated,,,0.00418767,measured,Experimental result as reported in the source.,,analytical_sampling,wiebegaddy1941_co2
CO2_wiebegaddy1941_co2_025,CO2,vapour,323.15,20.265,not_stated,,,0.00672275,measured,Experimental result as reported in the source.,,analytical_sampling,wiebegaddy1941_co2
CO2_wiebegaddy1941_co2_026,CO2,vapour,348.15,20.265,not_stated,,,0.0111951,measured,Experimental result as reported in the source.,,analytical_sampling,wiebegaddy1941_co2
CO2_wiebegaddy1941_co2_027,CO2,vapour,304.19,40.53,not_stated,,,0.00474255,measured,Experimental result as reported in the source.,,analytical_sampling,wiebegaddy1941_co2
CO2_wiebegaddy1941_co2_028,CO2,vapour,323.15,40.53,not_stated,,,0.00753224,measured,Experimental result as reported in the source.,,analytical_sampling,wiebegaddy1941_co2
CO2_wiebegaddy1941_co2_029,CO2,vapour,348.15,40.53,not_stated,,,0.0130165,measured,Experimental result as reported in the source.,,analytical_sampling,wiebegaddy1941_co2
CO2_wiebegaddy1941_co2_030,CO2,vapour,298.15,45.5962,not_stated,,,0.00399022,measured,Experimental result as reported in the source.,,analytical_sampling,wiebegaddy1941_co2
CO2_wiebegaddy1941_co2_031,CO2,vapour,298.15,48.1294,not_stated,,,0.00397788,measured,Experimental result as reported in the source.,,analytical_sampling,wiebegaddy1941_co2
CO2_wiebegaddy1941_co2_032,CO2,vapour,298.15,50.6625,not_stated,,,0.0039532,measured,Experimental result as reported in the source.,,analytical_sampling,wiebegaddy1941_co2
CO2_wiebegaddy1941_co2_033,CO2,vapour,304.19,50.6625,not_stated,,,0.00477952,measured,Experimental result as reported in the source.,,analytical_sampling,wiebegaddy1941_co2
CO2_wiebegaddy1941_co2_034,CO2,vapour,304.19,53.1956,not_stated,,,0.00473023,measured,Experimental result as reported in the source.,,analytical_sampling,wiebegaddy1941_co2
CO2_wiebegaddy1941_co2_035,CO2,vapour,304.19,55.7287,not_stated,,,0.00475488,measured,Experimental result as reported in the source.,,analytical_sampling,wiebegaddy1941_co2
CO2_wiebegaddy1941_co2_036,CO2,vapour,323.15,60.795,not_stated,,,0.00786301,measured,Experimental result as reported in the source.,,analytical_sampling,wiebegaddy1941_co2
CO2_wiebegaddy1941_co2_037,CO2,vapour,348.15,60.795,not_stated,,,0.0137431,measured,Experimental result as reported in the source.,,analytical_sampling,wiebegaddy1941_co2
CO2_wiebegaddy1941_co2_038,CO2,vapour,323.15,70.9275,not_stated,,,0.00672275,measured,Experimental result as reported in the source.,,analytical_sampling,wiebegaddy1941_co2
CO2_wiebegaddy1941_co2_039,CO2,vapour,348.15,70.9275,not_stated,,,0.0138036,measured,Experimental result as reported in the source.,,analytical_sampling,wiebegaddy1941_co2
H2_bartlett1927_h2_002,H2,vapour,323.15,10.1325,not_stated,,,0.00138495,measured,Experimental result as reported in the source.,,gravimetric,bartlett1927_h2
H2_bartlett1927_h2_003,H2,vapour,323.15,20.265,not_stated,,,0.000784465,measured,Experimental result as reported in the source.,,gravimetric,bartlett1927_h2
H2_bartlett1927_h2_004,H2,vapour,323.15,40.53,not_stated,,,0.000464029,measured,Experimental result as reported in the source.,,gravimetric,bartlett1927_h2
H2_bartlett1927_h2_005,H2,vapour,323.15,60.795,not_stated,,,0.000360808,measured,Experimental result as reported in the source.,,gravimetric,bartlett1927_h2
H2_bartlett1927_h2_006,H2,vapour,323.15,101.325,not_stated,,,0.000280188,measured,Experimental result as reported in the source.,,gravimetric,bartlett1927_h2
H2_gillespiewilson1980_h2_019,H2,vapour,310.928,0.344738,not_stated,,,0.01962,measured,Experimental result as reported in the source.,,analytical_sampling,gillespiewilson1980_h2
H2_gillespiewilson1980_h2_020,H2,vapour,310.928,1.37895,not_stated,,,0.00488,measured,Experimental result as reported in the source.,,analytical_sampling,gillespiewilson1980_h2
H2_gillespiewilson1980_h2_021,H2,vapour,310.928,3.10264,not_stated,,,0.00222,measured,Experimental result as reported in the source.,,analytical_sampling,gillespiewilson1980_h2
H2_gillespiewilson1980_h2_022,H2,vapour,310.928,6.55002,not_stated,,,0.00116,measured,Experimental result as reported in the source.,,analytical_sampling,gillespiewilson1980_h2
H2_gillespiewilson1980_h2_023,H2,vapour,310.928,10.3421,not_stated,,,0.00076,calculated,Interpolated between neighbouring measured points; no analysis of the gas phase is stated for this pressure.,,analytical_sampling,gillespiewilson1980_h2
H2_gillespiewilson1980_h2_024,H2,vapour,310.928,13.7895,not_stated,,,0.0006,measured,Experimental result as reported in the source.,,analytical_sampling,gillespiewilson1980_h2
H2_gillespiewilson1980_h2_025,H2,vapour,366.483,0.344738,not_stated,,,0.2469,measured,Experimental result as reported in the source.,,analytical_sampling,gillespiewilson1980_h2
H2_gillespiewilson1980_h2_026,H2,vapour,366.483,1.37895,not_stated,,,0.0586,measured,Experimental result as reported in the source.,,analytical_sampling,gillespiewilson1980_h2
H2_gillespiewilson1980_h2_027,H2,vapour,366.483,3.10264,not_stated,,,0.0264,measured,Experimental result as reported in the source.,,analytical_sampling,gillespiewilson1980_h2
H2_gillespiewilson1980_h2_028,H2,vapour,366.483,6.55002,not_stated,,,0.0132,measured,Experimental result as reported in the source.,,analytical_sampling,gillespiewilson1980_h2
H2_gillespiewilson1980_h2_029,H2,vapour,366.483,13.7895,not_stated,,,0.00668,measured,Experimental result as reported in the source.,,analytical_sampling,gillespiewilson1980_h2
H2_gillespiewilson1980_h2_030,H2,vapour,422.039,3.10264,not_stated,,,0.1566,measured,Experimental result as reported in the source.,,analytical_sampling,gillespiewilson1980_h2
H2_gillespiewilson1980_h2_031,H2,vapour,422.039,6.55002,not_stated,,,0.0753,measured,Experimental result as reported in the source.,,analytical_sampling,gillespiewilson1980_h2
H2_gillespiewilson1980_h2_032,H2,vapour,422.039,10.3421,not_stated,,,0.0513,measured,Experimental result as reported in the source.,,analytical_sampling,gillespiewilson1980_h2
H2_gillespiewilson1980_h2_033,H2,vapour,477.594,3.10264,not_stated,,,0.5549,measured,Experimental result as reported in the source.,,analytical_sampling,gillespiewilson1980_h2
H2_gillespiewilson1980_h2_034,H2,vapour,477.594,6.55002,not_stated,,,0.2848,measured,Experimental result as reported in the source.,,analytical_sampling,gillespiewilson1980_h2
H2_gillespiewilson1980_h2_035,H2,vapour,477.594,10.3421,not_stated,,,0.1878,measured,Experimental result as reported in the source.,,analytical_sampling,gillespiewilson1980_h2
H2_gillespiewilson1980_h2_036,H2,vapour,588.706,13.7895,not_stated,,,0.8096,measured,Experimental result as reported in the source.,,analytical_sampling,gillespiewilson1980_h2
H2_suciuzosssibbittcompiledpurduetheses19511952_h2_056,H2,vapour,298.7,6.895,not_stated,,,0.0067,measured,Experimental result as reported in the source.,from_compilation;suspect_value,unstated,suciuzosssibbittcompiledpurduetheses19511952_h2
H2_suciuzosssibbittcompiledpurduetheses19511952_h2_058,H2,vapour,335.9,6.895,not_stated,,,0.0145,measured,Experimental result as reported in the source.,from_compilation;suspect_value,unstated,suciuzosssibbittcompiledpurduetheses19511952_h2
H2_suciuzosssibbittcompiledpurduetheses19511952_h2_060,H2,vapour,341.5,6.895,not_stated,,,0.0134,measured,Experimental result as reported in the source.,from_compilation;suspect_value,unstated,suciuzosssibbittcompiledpurduetheses19511952_h2
H2_suciuzosssibbittcompiledpurduetheses19511952_h2_061,H2,vapour,362,6.895,not_stated,,,0.022,measured,Experimental result as reported in the source.,from_compilation;suspect_value,unstated,suciuzosssibbittcompiledpurduetheses19511952_h2
H2_suciuzosssibbittcompiledpurduetheses19511952_h2_063,H2,vapour,392,6.895,not_stated,,,0.031,measured,Experimental result as reported in the source.,from_compilation,unstated,suciuzosssibbittcompiledpurduetheses19511952_h2
H2_suciuzosssibbittcompiledpurduetheses19511952_h2_064,H2,vapour,420.9,6.895,not_stated,,,0.067,measured,Experimental result as reported in the source.,from_compilation,unstated,suciuzosssibbittcompiledpurduetheses19511952_h2
H2_suciuzosssibbittcompiledpurduetheses19511952_h2_067,H2,vapour,454.8,6.895,not_stated,,,0.15,measured,Experimental result as reported in the source.,from_compilation,unstated,suciuzosssibbittcompiledpurduetheses19511952_h2
H2_suciuzosssibbittcompiledpurduetheses19511952_h2_068,H2,vapour,477.6,6.895,not_stated,,,0.263,measured,Experimental result as reported in the source.,from_compilation,unstated,suciuzosssibbittcompiledpurduetheses19511952_h2
H2_suciuzosssibbittcompiledpurduetheses19511952_h2_070,H2,vapour,508.15,6.895,not_stated,,,0.489,measured,Experimental result as reported in the source.,from_compilation,unstated,suciuzosssibbittcompiledpurduetheses19511952_h2
H2_suciuzosssibbittcompiledpurduetheses19511952_h2_071,H2,vapour,533.15,6.895,not_stated,,,0.661,measured,Experimental result as reported in the source.,from_compilation,unstated,suciuzosssibbittcompiledpurduetheses19511952_h2
H2_suciuzosssibbittcompiledpurduetheses19511952_h2_072,H2,vapour,542.6,6.895,not_stated,,,0.75,measured,Experimental result as reported in the source.,from_compilation,unstated,suciuzosssibbittcompiledpurduetheses19511952_h2
H2_suciuzosssibbittcompiledpurduetheses19511952_h2_075,H2,vapour,367.6,13.79,not_stated,,,0.0065,measured,Experimental result as reported in the source.,from_compilation,unstated,suciuzosssibbittcompiledpurduetheses19511952_h2
H2_suciuzosssibbittcompiledpurduetheses19511952_h2_076,H2,vapour,396.5,13.79,not_stated,,,0.0189,measured,Experimental result as reported in the source.,from_compilation,unstated,suciuzosssibbittcompiledpurduetheses19511952_h2
H2_suciuzosssibbittcompiledpurduetheses19511952_h2_077,H2,vapour,422,13.79,not_stated,,,0.04,measured,Experimental result as reported in the source.,from_compilation,unstated,suciuzosssibbittcompiledpurduetheses19511952_h2
H2_suciuzosssibbittcompiledpurduetheses19511952_h2_080,H2,vapour,478.15,13.79,not_stated,,,0.131,measured,Experimental result as reported in the source.,from_compilation,unstated,suciuzosssibbittcompiledpurduetheses19511952_h2
H2_suciuzosssibbittcompiledpurduetheses19511952_h2_081,H2,vapour,478.7,13.79,not_stated,,,0.144,measured,Experimental result as reported in the source.,from_compilation,unstated,suciuzosssibbittcompiledpurduetheses19511952_h2
H2_suciuzosssibbittcompiledpurduetheses19511952_h2_083,H2,vapour,525.9,13.79,not_stated,,,0.295,measured,Experimental result as reported in the source.,from_compilation,unstated,suciuzosssibbittcompiledpurduetheses19511952_h2
H2_suciuzosssibbittcompiledpurduetheses19511952_h2_085,H2,vapour,533.15,13.79,not_stated,,,0.345,measured,Experimental result as reported in the source.,from_compilation,unstated,suciuzosssibbittcompiledpurduetheses19511952_h2
H2_suciuzosssibbittcompiledpurduetheses19511952_h2_087,H2,vapour,570.4,13.79,not_stated,,,0.535,measured,Experimental result as reported in the source.,from_compilation,unstated,suciuzosssibbittcompiledpurduetheses19511952_h2
H2_suciuzosssibbittcompiledpurduetheses19511952_h2_089,H2,vapour,575.9,13.79,not_stated,,,0.695,measured,Experimental result as reported in the source.,from_compilation,unstated,suciuzosssibbittcompiledpurduetheses19511952_h2
H2_suciuzosssibbittcompiledpurduetheses19511952_h2_090,H2,vapour,599.8,13.79,not_stated,,,0.782,measured,Experimental result as reported in the source.,from_compilation,unstated,suciuzosssibbittcompiledpurduetheses19511952_h2
H2_suciuzosssibbittcompiledpurduetheses19511952_h2_094,H2,vapour,444.3,20.68,not_stated,,,0.035,measured,Experimental result as reported in the source.,from_compilation,unstated,suciuzosssibbittcompiledpurduetheses19511952_h2
H2_suciuzosssibbittcompiledpurduetheses19511952_h2_096,H2,vapour,480.4,20.68,not_stated,,,0.101,measured,Experimental result as reported in the source.,from_compilation,unstated,suciuzosssibbittcompiledpurduetheses19511952_h2
H2_suciuzosssibbittcompiledpurduetheses19511952_h2_098,H2,vapour,538.7,20.68,not_stated,,,0.175,measured,Experimental result as reported in the source.,from_compilation,unstated,suciuzosssibbittcompiledpurduetheses19511952_h2
H2_suciuzosssibbittcompiledpurduetheses19511952_h2_100,H2,vapour,574.8,20.68,not_stated,,,0.218,measured,Experimental result as reported in the source.,from_compilation,unstated,suciuzosssibbittcompiledpurduetheses19511952_h2
H2_suciuzosssibbittcompiledpurduetheses19511952_h2_102,H2,vapour,606.5,20.68,not_stated,,,0.266,measured,Experimental result as reported in the source.,from_compilation,unstated,suciuzosssibbittcompiledpurduetheses19511952_h2
H2_torres2026_h2_001,H2,vapour,273.15,0.88,not_stated,,,0.0007459,measured,Experimental result as reported in the source.,from_compilation,other,torres2026_h2
H2_torres2026_h2_002,H2,vapour,273.15,4.74,not_stated,,,0.0001432,measured,Experimental result as reported in the source.,from_compilation,other,torres2026_h2
H2_torres2026_h2_003,H2,vapour,273.15,9.7,not_stated,,,7.63e-05,measured,Experimental result as reported in the source.,from_compilation,other,torres2026_h2
H2_torres2026_h2_004,H2,vapour,273.15,15.23,not_stated,,,5.28e-05,measured,Experimental result as reported in the source.,from_compilation,other,torres2026_h2
H2_torres2026_h2_005,H2,vapour,273.15,24.95,not_stated,,,3.83e-05,measured,Experimental result as reported in the source.,from_compilation,other,torres2026_h2
H2_torres2026_h2_006,H2,vapour,283.15,5.52,not_stated,,,0.000262,measured,Experimental result as reported in the source.,from_compilation,other,torres2026_h2
H2_torres2026_h2_007,H2,vapour,283.15,12.41,not_stated,,,0.0001343,measured,Experimental result as reported in the source.,from_compilation,other,torres2026_h2
H2_torres2026_h2_008,H2,vapour,283.15,15.86,not_stated,,,0.0001107,measured,Experimental result as reported in the source.,from_compilation,other,torres2026_h2
H2_torres2026_h2_009,H2,vapour,283.15,24.83,not_stated,,,8.89e-05,measured,Experimental result as reported in the source.,from_compilation,other,torres2026_h2
H2S_chapoy2005_h2s_032,H2S,vapour,298.16,0.503,none,0,,0.00653,measured,Experimental result as reported in the source.,,chromatography,chapoy2005_h2s
H2S_chapoy2005_h2s_033,H2S,vapour,298.16,0.69,none,0,,0.0047,measured,Experimental result as reported in the source.,,chromatography,chapoy2005_h2s
H2S_chapoy2005_h2s_034,H2S,vapour,308.2,0.503,none,0,,0.01046,measured,Experimental result as reported in the source.,,chromatography,chapoy2005_h2s
H2S_chapoy2005_h2s_035,H2S,vapour,308.2,0.762,none,0,,0.00719,measured,Experimental result as reported in the source.,,chromatography,chapoy2005_h2s
H2S_chapoy2005_h2s_036,H2S,vapour,308.2,0.967,none,0,,0.00577,measured,Experimental result as reported in the source.,,chromatography,chapoy2005_h2s
H2S_chapoy2005_h2s_037,H2S,vapour,308.2,1.401,none,0,,0.00438,measured,Experimental result as reported in the source.,,chromatography,chapoy2005_h2s
H2S_chapoy2005_h2s_038,H2S,vapour,308.2,1.803,none,0,,0.00364,measured,Experimental result as reported in the source.,,chromatography,chapoy2005_h2s
H2S_chapoy2005_h2s_039,H2S,vapour,308.2,2.249,none,0,,0.0032,measured,Experimental result as reported in the source.,,chromatography,chapoy2005_h2s
H2S_chapoy2005_h2s_040,H2S,vapour,318.21,0.518,none,0,,0.02128,measured,Experimental result as reported in the source.,,chromatography,chapoy2005_h2s
H2S_chapoy2005_h2s_041,H2S,vapour,318.21,0.999,none,0,,0.0113,measured,Experimental result as reported in the source.,,chromatography,chapoy2005_h2s
H2S_chapoy2005_h2s_042,H2S,vapour,318.21,1.053,none,0,,0.01116,measured,Experimental result as reported in the source.,,chromatography,chapoy2005_h2s
H2S_chapoy2005_h2s_043,H2S,vapour,318.21,1.519,none,0,,0.00744,measured,Experimental result as reported in the source.,,chromatography,chapoy2005_h2s
H2S_chapoy2005_h2s_044,H2S,vapour,318.21,1.944,none,0,,0.00592,measured,Experimental result as reported in the source.,,chromatography,chapoy2005_h2s
H2S_chapoy2005_h2s_045,H2S,vapour,318.21,2.531,none,0,,0.0047,measured,Experimental result as reported in the source.,,chromatography,chapoy2005_h2s
H2S_chapoy2005_h2s_046,H2S,vapour,318.21,2.778,none,0,,0.00461,measured,Experimental result as reported in the source.,,chromatography,chapoy2005_h2s
N2_bartlett1927_n2_002,N2,vapour,323.15,10.1325,none,0,,0.00157637,measured,Experimental result as reported in the source.,,gravimetric,bartlett1927_n2
N2_bartlett1927_n2_003,N2,vapour,323.15,20.265,none,0,,0.000992611,measured,Experimental result as reported in the source.,,gravimetric,bartlett1927_n2
N2_bartlett1927_n2_004,N2,vapour,323.15,40.53,none,0,,0.000683165,measured,Experimental result as reported in the source.,,gravimetric,bartlett1927_n2
N2_bartlett1927_n2_005,N2,vapour,323.15,60.795,none,0,,0.000582408,measured,Experimental result as reported in the source.,,gravimetric,bartlett1927_n2
N2_bartlett1927_n2_006,N2,vapour,323.15,101.325,none,0,,0.000481778,measured,Experimental result as reported in the source.,,gravimetric,bartlett1927_n2
N2_foltran2015_n2_001,N2,vapour,313.15,8.9,none,0,,0.0036,measured,Experimental result as reported in the source.,,other,foltran2015_n2
N2_foltran2015_n2_002,N2,vapour,313.15,10.21,none,0,,0.0034,measured,Experimental result as reported in the source.,,other,foltran2015_n2
N2_foltran2015_n2_003,N2,vapour,313.15,11.14,none,0,,0.00334,measured,Experimental result as reported in the source.,,other,foltran2015_n2
N2_foltran2015_n2_004,N2,vapour,313.15,12.41,none,0,,0.00376,measured,Experimental result as reported in the source.,,other,foltran2015_n2
N2_foltran2015_n2_005,N2,vapour,313.15,13.79,none,0,,0.00404,measured,Experimental result as reported in the source.,,other,foltran2015_n2
N2_foltran2015_n2_006,N2,vapour,313.15,15.86,none,0,,0.00418,measured,Experimental result as reported in the source.,,other,foltran2015_n2
N2_foltran2015_n2_007,N2,vapour,313.15,17.24,none,0,,0.00432,measured,Experimental result as reported in the source.,,other,foltran2015_n2
N2_foltran2015_n2_008,N2,vapour,313.15,8.9,none,0,,0.00388,measured,Experimental result as reported in the source.,,other,foltran2015_n2
N2_foltran2015_n2_009,N2,vapour,313.15,10.21,none,0,,0.00373,measured,Experimental result as reported in the source.,,other,foltran2015_n2
N2_foltran2015_n2_010,N2,vapour,313.15,11.03,none,0,,0.00393,measured,Experimental result as reported in the source.,,other,foltran2015_n2
N2_foltran2015_n2_011,N2,vapour,313.15,12.41,none,0,,0.00424,measured,Experimental result as reported in the source.,,other,foltran2015_n2
N2_foltran2015_n2_012,N2,vapour,313.15,13.79,none,0,,0.00444,measured,Experimental result as reported in the source.,,other,foltran2015_n2
N2_foltran2015_n2_013,N2,vapour,313.15,15.86,none,0,,0.00455,measured,Experimental result as reported in the source.,,other,foltran2015_n2
N2_foltran2015_n2_014,N2,vapour,313.15,17.24,none,0,,0.00466,measured,Experimental result as reported in the source.,,other,foltran2015_n2
N2_gillespiewilson1980_n2_017,N2,vapour,310.928,0.344738,none,0,,0.0202,measured,Experimental result as reported in the source.,,analytical_sampling,gillespiewilson1980_n2
N2_gillespiewilson1980_n2_018,N2,vapour,310.928,1.37895,none,0,,0.00502,measured,Experimental result as reported in the source.,,analytical_sampling,gillespiewilson1980_n2
N2_gillespiewilson1980_n2_019,N2,vapour,310.928,3.10264,none,0,,0.00236,measured,Experimental result as reported in the source.,,analytical_sampling,gillespiewilson1980_n2
N2_gillespiewilson1980_n2_020,N2,vapour,310.928,6.55002,none,0,,0.00122,measured,Experimental result as reported in the source.,,analytical_sampling,gillespiewilson1980_n2
N2_gillespiewilson1980_n2_021,N2,vapour,310.928,10.3421,none,0,,0.00085,calculated,No analysis of the gas phase was made at this pressure; the value is interpolated between neighbouring measured points.,,analytical_sampling,gillespiewilson1980_n2
N2_gillespiewilson1980_n2_022,N2,vapour,310.928,13.7895,none,0,,0.00069,measured,Experimental result as reported in the source.,,analytical_sampling,gillespiewilson1980_n2
N2_gillespiewilson1980_n2_023,N2,vapour,366.483,0.344738,none,0,,0.233,measured,Experimental result as reported in the source.,,analytical_sampling,gillespiewilson1980_n2
N2_gillespiewilson1980_n2_024,N2,vapour,366.483,1.37895,none,0,,0.0605,measured,Experimental result as reported in the source.,,analytical_sampling,gillespiewilson1980_n2
N2_gillespiewilson1980_n2_025,N2,vapour,366.483,3.10264,none,0,,0.0277,measured,Experimental result as reported in the source.,,analytical_sampling,gillespiewilson1980_n2
N2_gillespiewilson1980_n2_026,N2,vapour,366.483,6.55002,none,0,,0.0137,measured,Experimental result as reported in the source.,,analytical_sampling,gillespiewilson1980_n2
N2_gillespiewilson1980_n2_027,N2,vapour,366.483,13.7895,none,0,,0.00747,measured,Experimental result as reported in the source.,,analytical_sampling,gillespiewilson1980_n2
N2_gillespiewilson1980_n2_028,N2,vapour,422.039,6.55002,none,0,,0.0786,measured,Experimental result as reported in the source.,,analytical_sampling,gillespiewilson1980_n2
N2_gillespiewilson1980_n2_029,N2,vapour,477.594,3.10264,none,0,,0.5734,measured,Experimental result as reported in the source.,,analytical_sampling,gillespiewilson1980_n2
N2_gillespiewilson1980_n2_030,N2,vapour,477.594,6.55002,none,0,,0.2945,measured,Experimental result as reported in the source.,,analytical_sampling,gillespiewilson1980_n2
N2_gillespiewilson1980_n2_031,N2,vapour,477.594,10.3421,none,0,,0.1975,measured,Experimental result as reported in the source.,,analytical_sampling,gillespiewilson1980_n2
N2_gillespiewilson1980_n2_032,N2,vapour,588.706,13.7895,none,0,,0.8555,measured,Experimental result as reported in the source.,,analytical_sampling,gillespiewilson1980_n2
N2_mohammadi2005_n2_001,N2,vapour,282.86,0.607,none,0,,0.00204,measured,Experimental result as reported in the source.,,unstated,mohammadi2005_n2
N2_mohammadi2005_n2_002,N2,vapour,282.99,1.799,none,0,,0.000714,measured,Experimental result as reported in the source.,,unstated,mohammadi2005_n2
N2_mohammadi2005_n2_003,N2,vapour,282.99,3.036,none,0,,0.000446,measured,Experimental result as reported in the source.,,unstated,mohammadi2005_n2
N2_mohammadi2005_n2_004,N2,vapour,283.03,4.408,none,0,,0.000317,measured,Experimental result as reported in the source.,,unstated,mohammadi2005_n2
N2_mohammadi2005_n2_005,N2,vapour,293.1,0.558,none,0,,0.00425,measured,Experimental result as reported in the source.,,unstated,mohammadi2005_n2
N2_mohammadi2005_n2_006,N2,vapour,293.1,2.991,none,0,,0.000844,measured,Experimental result as reported in the source.,,unstated,mohammadi2005_n2
N2_mohammadi2005_n2_007,N2,vapour,293.1,4.81,none,0,,0.000558,measured,Experimental result as reported in the source.,,unstated,mohammadi2005_n2
N2_mohammadi2005_n2_008,N2,vapour,293.19,1.828,none,0,,0.00136,measured,Experimental result as reported in the source.,,unstated,mohammadi2005_n2
N2_mohammadi2005_n2_009,N2,vapour,304.02,0.578,none,0,,0.00793,measured,Experimental result as reported in the source.,,unstated,mohammadi2005_n2
N2_mohammadi2005_n2_010,N2,vapour,304.36,1.257,none,0,,0.0037,measured,Experimental result as reported in the source.,,unstated,mohammadi2005_n2
N2_mohammadi2005_n2_011,N2,vapour,304.51,2.539,none,0,,0.00188,measured,Experimental result as reported in the source.,,unstated,mohammadi2005_n2
N2_mohammadi2005_n2_012,N2,vapour,304.61,4.638,none,0,,0.00112,measured,Experimental result as reported in the source.,,unstated,mohammadi2005_n2
N2_mohammadi2005_n2_013,N2,vapour,313.15,1.246,none,0,,0.00609,measured,Experimental result as reported in the source.,,unstated,mohammadi2005_n2
N2_mohammadi2005_n2_014,N2,vapour,313.16,4.781,none,0,,0.00175,measured,Experimental result as reported in the source.,,unstated,mohammadi2005_n2
N2_mohammadi2005_n2_015,N2,vapour,313.26,2.836,none,0,,0.00278,measured,Experimental result as reported in the source.,,unstated,mohammadi2005_n2
N2_mohammadi2005_n2_016,N2,vapour,313.3,0.498,none,0,,0.0153,measured,Experimental result as reported in the source.,,unstated,mohammadi2005_n2
N2_mohammadi2005_n2_017,N2,vapour,322.88,0.499,none,0,,0.024,measured,Experimental result as reported in the source.,,unstated,mohammadi2005_n2
N2_mohammadi2005_n2_018,N2,vapour,322.93,3.397,none,0,,0.00396,measured,Experimental result as reported in the source.,,unstated,mohammadi2005_n2
N2_mohammadi2005_n2_019,N2,vapour,322.93,4.841,none,0,,0.00292,measured,Experimental result as reported in the source.,,unstated,mohammadi2005_n2
N2_mohammadi2005_n2_020,N2,vapour,323.1,1.42,none,0,,0.00872,measured,Experimental result as reported in the source.,,unstated,mohammadi2005_n2
N2_mohammadi2005_n2_021,N2,vapour,332.45,1.448,none,0,,0.0134,measured,Experimental result as reported in the source.,,unstated,mohammadi2005_n2
N2_mohammadi2005_n2_022,N2,vapour,332.52,0.461,none,0,,0.0427,measured,Experimental result as reported in the source.,,unstated,mohammadi2005_n2
N2_mohammadi2005_n2_023,N2,vapour,332.52,2.454,none,0,,0.00855,measured,Experimental result as reported in the source.,,unstated,mohammadi2005_n2
N2_mohammadi2005_n2_024,N2,vapour,332.52,4.358,none,0,,0.00488,measured,Experimental result as reported in the source.,,unstated,mohammadi2005_n2
N2_mohammadi2005_n2_025,N2,vapour,342.31,0.425,none,0,,0.0719,measured,Experimental result as reported in the source.,,unstated,mohammadi2005_n2
N2_mohammadi2005_n2_026,N2,vapour,342.31,0.462,none,0,,0.0658,measured,Experimental result as reported in the source.,,unstated,mohammadi2005_n2
N2_mohammadi2005_n2_027,N2,vapour,342.31,4.962,none,0,,0.00666,measured,Experimental result as reported in the source.,,unstated,mohammadi2005_n2
N2_mohammadi2005_n2_028,N2,vapour,342.39,1.466,none,0,,0.0219,measured,Experimental result as reported in the source.,,unstated,mohammadi2005_n2
N2_mohammadi2005_n2_029,N2,vapour,342.42,2.899,none,0,,0.0103,measured,Experimental result as reported in the source.,,unstated,mohammadi2005_n2
N2_mohammadi2005_n2_030,N2,vapour,351.87,0.54,none,0,,0.0849,measured,Experimental result as reported in the source.,,unstated,mohammadi2005_n2
N2_mohammadi2005_n2_031,N2,vapour,351.92,2.957,none,0,,0.0162,measured,Experimental result as reported in the source.,,unstated,mohammadi2005_n2
N2_mohammadi2005_n2_032,N2,vapour,351.95,4.797,none,0,,0.0111,measured,Experimental result as reported in the source.,,unstated,mohammadi2005_n2
N2_mohammadi2005_n2_033,N2,vapour,352.12,1.48,none,0,,0.0335,measured,Experimental result as reported in the source.,,unstated,mohammadi2005_n2
N2_mohammadi2005_n2_034,N2,vapour,363,0.555,none,0,,0.126,measured,Experimental result as reported in the source.,,unstated,mohammadi2005_n2
N2_mohammadi2005_n2_035,N2,vapour,363.08,4.874,none,0,,0.0161,measured,Experimental result as reported in the source.,,unstated,mohammadi2005_n2
N2_rigbyprausnitz1968_n2_001,N2,vapour,298.15,2.24941,none,0,,0.001529,measured,Experimental result as reported in the source.,,analytical_sampling,rigbyprausnitz1968_n2
N2_rigbyprausnitz1968_n2_002,N2,vapour,298.15,3.09041,none,0,,0.001149,measured,Experimental result as reported in the source.,,analytical_sampling,rigbyprausnitz1968_n2
N2_rigbyprausnitz1968_n2_003,N2,vapour,298.15,3.8696,none,0,,0.000941,measured,Experimental result as reported in the source.,,analytical_sampling,rigbyprausnitz1968_n2
N2_rigbyprausnitz1968_n2_004,N2,vapour,323.15,2.10857,none,0,,0.00626,measured,Experimental result as reported in the source.,,analytical_sampling,rigbyprausnitz1968_n2
N2_rigbyprausnitz1968_n2_005,N2,vapour,323.15,3.74193,none,0,,0.00368,measured,Experimental result as reported in the source.,,analytical_sampling,rigbyprausnitz1968_n2
N2_rigbyprausnitz1968_n2_006,N2,vapour,323.15,5.98223,none,0,,0.00242,measured,Experimental result as reported in the source.,,analytical_sampling,rigbyprausnitz1968_n2
N2_rigbyprausnitz1968_n2_007,N2,vapour,323.15,7.69969,none,0,,0.001956,measured,Experimental result as reported in the source.,,analytical_sampling,rigbyprausnitz1968_n2
N2_rigbyprausnitz1968_n2_008,N2,vapour,348.15,4.2212,none,0,,0.01009,measured,Experimental result as reported in the source.,,analytical_sampling,rigbyprausnitz1968_n2
N2_rigbyprausnitz1968_n2_009,N2,vapour,348.15,6.11496,none,0,,0.00721,measured,Experimental result as reported in the source.,,analytical_sampling,rigbyprausnitz1968_n2
N2_rigbyprausnitz1968_n2_010,N2,vapour,348.15,8.97233,none,0,,0.00523,measured,Experimental result as reported in the source.,,analytical_sampling,rigbyprausnitz1968_n2
N2_rigbyprausnitz1968_n2_011,N2,vapour,373.15,5.71676,none,0,,0.01994,measured,Experimental result as reported in the source.,,analytical_sampling,rigbyprausnitz1968_n2
N2_rigbyprausnitz1968_n2_012,N2,vapour,373.15,7.94793,none,0,,0.01503,measured,Experimental result as reported in the source.,,analytical_sampling,rigbyprausnitz1968_n2
N2_rigbyprausnitz1968_n2_013,N2,vapour,373.15,10.1518,none,0,,0.01218,measured,Experimental result as reported in the source.,,analytical_sampling,rigbyprausnitz1968_n2
N2_sanchezvicentetrusler2022_n2_053,N2,vapour,323.22,1.21,none,0,,0.01238,measured,Experimental result as reported in the source.,,analytical_sampling,sanchezvicentetrusler2022_n2
N2_sanchezvicentetrusler2022_n2_054,N2,vapour,323.2,2.03,none,0,,0.00742,measured,Experimental result as reported in the source.,,analytical_sampling,sanchezvicentetrusler2022_n2
N2_sanchezvicentetrusler2022_n2_055,N2,vapour,323.21,5.04,none,0,,0.00291,measured,Experimental result as reported in the source.,,analytical_sampling,sanchezvicentetrusler2022_n2
N2_sanchezvicentetrusler2022_n2_056,N2,vapour,323.21,6.22,none,0,,0.00241,measured,Experimental result as reported in the source.,,analytical_sampling,sanchezvicentetrusler2022_n2
N2_sanchezvicentetrusler2022_n2_057,N2,vapour,323.21,7.94,none,0,,0.00183,measured,Experimental result as reported in the source.,,analytical_sampling,sanchezvicentetrusler2022_n2
N2_sanchezvicentetrusler2022_n2_058,N2,vapour,323.22,15.32,none,0,,0.00161,measured,Experimental result as reported in the source.,,analytical_sampling,sanchezvicentetrusler2022_n2
N2_sanchezvicentetrusler2022_n2_059,N2,vapour,373.22,1.22,none,0,,0.08956,measured,Experimental result as reported in the source.,,analytical_sampling,sanchezvicentetrusler2022_n2
N2_sanchezvicentetrusler2022_n2_060,N2,vapour,373.23,1.22,none,0,,0.08679,measured,Experimental result as reported in the source.,,analytical_sampling,sanchezvicentetrusler2022_n2
N2_sanchezvicentetrusler2022_n2_061,N2,vapour,373.23,1.22,none,0,,0.08203,measured,Experimental result as reported in the source.,,analytical_sampling,sanchezvicentetrusler2022_n2
N2_sanchezvicentetrusler2022_n2_062,N2,vapour,373.26,2.59,none,0,,0.04247,measured,Experimental result as reported in the source.,,analytical_sampling,sanchezvicentetrusler2022_n2
N2_sanchezvicentetrusler2022_n2_063,N2,vapour,373.27,5,none,0,,0.02187,measured,Experimental result as reported in the source.,,analytical_sampling,sanchezvicentetrusler2022_n2
N2_sanchezvicentetrusler2022_n2_064,N2,vapour,373.31,7.22,none,0,,0.01451,measured,Experimental result as reported in the source.,,analytical_sampling,sanchezvicentetrusler2022_n2
N2_sanchezvicentetrusler2022_n2_065,N2,vapour,373.27,7.69,none,0,,0.0135,measured,Experimental result as reported in the source.,,analytical_sampling,sanchezvicentetrusler2022_n2
N2_sanchezvicentetrusler2022_n2_066,N2,vapour,373.26,10.47,none,0,,0.01284,measured,Experimental result as reported in the source.,,analytical_sampling,sanchezvicentetrusler2022_n2
N2_sanchezvicentetrusler2022_n2_067,N2,vapour,373.26,13.46,none,0,,0.00861,measured,Experimental result as reported in the source.,,analytical_sampling,sanchezvicentetrusler2022_n2
N2_sanchezvicentetrusler2022_n2_068,N2,vapour,373.27,13.52,none,0,,0.00855,measured,Experimental result as reported in the source.,,analytical_sampling,sanchezvicentetrusler2022_n2
N2_sanchezvicentetrusler2022_n2_069,N2,vapour,373.26,15.05,none,0,,0.00864,measured,Experimental result as reported in the source.,,analytical_sampling,sanchezvicentetrusler2022_n2
N2_sanchezvicentetrusler2022_n2_070,N2,vapour,373.25,17.56,none,0,,0.00762,measured,Experimental result as reported in the source.,,analytical_sampling,sanchezvicentetrusler2022_n2
N2_sanchezvicentetrusler2022_n2_071,N2,vapour,373.27,20.29,none,0,,0.00678,measured,Experimental result as reported in the source.,,analytical_sampling,sanchezvicentetrusler2022_n2
N2_sanchezvicentetrusler2022_n2_072,N2,vapour,423.01,1.55,none,0,,0.27129,measured,Experimental result as reported in the source.,,analytical_sampling,sanchezvicentetrusler2022_n2
N2_sanchezvicentetrusler2022_n2_073,N2,vapour,423.01,1.55,none,0,,0.24613,measured,Experimental result as reported in the source.,,analytical_sampling,sanchezvicentetrusler2022_n2
N2_sanchezvicentetrusler2022_n2_074,N2,vapour,423.39,2.51,none,0,,0.15648,measured,Experimental result as reported in the source.,,analytical_sampling,sanchezvicentetrusler2022_n2
N2_sanchezvicentetrusler2022_n2_075,N2,vapour,423.23,5.19,none,0,,0.08907,measured,Experimental result as reported in the source.,,analytical_sampling,sanchezvicentetrusler2022_n2
N2_sanchezvicentetrusler2022_n2_076,N2,vapour,423.23,7.64,none,0,,0.06089,measured,Experimental result as reported in the source.,,analytical_sampling,sanchezvicentetrusler2022_n2
N2_sanchezvicentetrusler2022_n2_077,N2,vapour,423.25,9.97,none,0,,0.05784,measured,Experimental result as reported in the source.,,analytical_sampling,sanchezvicentetrusler2022_n2
N2_sanchezvicentetrusler2022_n2_078,N2,vapour,423.26,12.7,none,0,,0.04426,measured,Experimental result as reported in the source.,,analytical_sampling,sanchezvicentetrusler2022_n2
N2_sanchezvicentetrusler2022_n2_079,N2,vapour,423.26,15.18,none,0,,0.03558,measured,Experimental result as reported in the source.,,analytical_sampling,sanchezvicentetrusler2022_n2
N2_sanchezvicentetrusler2022_n2_080,N2,vapour,423.26,17.56,none,0,,0.02868,measured,Experimental result as reported in the source.,,analytical_sampling,sanchezvicentetrusler2022_n2
N2_sanchezvicentetrusler2022_n2_081,N2,vapour,423.26,20.35,none,0,,0.02606,measured,Experimental result as reported in the source.,,analytical_sampling,sanchezvicentetrusler2022_n2
N2_tabasinejad2011_n2_001,N2,vapour,422.44,3.81,none,0,,0.1312,measured,Experimental result as reported in the source.,,gravimetric,tabasinejad2011_n2
N2_tabasinejad2011_n2_002,N2,vapour,422.44,7.35,none,0,,0.0709,measured,Experimental result as reported in the source.,,gravimetric,tabasinejad2011_n2
N2_tabasinejad2011_n2_003,N2,vapour,422.44,14.01,none,0,,0.0397,measured,Experimental result as reported in the source.,,gravimetric,tabasinejad2011_n2
N2_tabasinejad2011_n2_004,N2,vapour,422.44,21.07,none,0,,0.029,measured,Experimental result as reported in the source.,,gravimetric,tabasinejad2011_n2
N2_tabasinejad2011_n2_005,N2,vapour,422.44,28.07,none,0,,0.0235,measured,Experimental result as reported in the source.,,gravimetric,tabasinejad2011_n2
N2_tabasinejad2011_n2_006,N2,vapour,422.44,34.23,none,0,,0.0195,measured,Experimental result as reported in the source.,,gravimetric,tabasinejad2011_n2
N2_tabasinejad2011_n2_007,N2,vapour,422.44,35.28,none,0,,0.019,measured,Experimental result as reported in the source.,,gravimetric,tabasinejad2011_n2
N2_tabasinejad2011_n2_008,N2,vapour,422.44,41.41,none,0,,0.0173,measured,Experimental result as reported in the source.,,gravimetric,tabasinejad2011_n2
N2_tabasinejad2011_n2_009,N2,vapour,422.44,70.26,none,0,,0.0132,measured,Experimental result as reported in the source.,,gravimetric,tabasinejad2011_n2
N2_tabasinejad2011_n2_010,N2,vapour,422.44,106.29,none,0,,0.0092,measured,Experimental result as reported in the source.,,gravimetric,tabasinejad2011_n2
N2_tabasinejad2011_n2_011,N2,vapour,445.6,4.05,none,0,,0.2289,measured,Experimental result as reported in the source.,,gravimetric,tabasinejad2011_n2
N2_tabasinejad2011_n2_012,N2,vapour,445.6,7.42,none,0,,0.13,measured,Experimental result as reported in the source.,,gravimetric,tabasinejad2011_n2
N2_tabasinejad2011_n2_013,N2,vapour,445.6,14.35,none,0,,0.0744,measured,Experimental result as reported in the source.,,gravimetric,tabasinejad2011_n2
N2_tabasinejad2011_n2_014,N2,vapour,445.6,20.88,none,0,,0.0574,measured,Experimental result as reported in the source.,,gravimetric,tabasinejad2011_n2
N2_tabasinejad2011_n2_015,N2,vapour,445.6,28.38,none,0,,0.0457,measured,Experimental result as reported in the source.,,gravimetric,tabasinejad2011_n2
N2_tabasinejad2011_n2_016,N2,vapour,445.6,37.02,none,0,,0.038,measured,Experimental result as reported in the source.,,gravimetric,tabasinejad2011_n2
N2_tabasinejad2011_n2_017,N2,vapour,445.6,42.28,none,0,,0.0348,measured,Experimental result as reported in the source.,,gravimetric,tabasinejad2011_n2
N2_tabasinejad2011_n2_018,N2,vapour,445.6,72.98,none,0,,0.0264,measured,Experimental result as reported in the source.,,gravimetric,tabasinejad2011_n2
N2_tabasinejad2011_n2_019,N2,vapour,445.6,102.86,none,0,,0.0214,measured,Experimental result as reported in the source.,,gravimetric,tabasinejad2011_n2
N2_tabasinejad2011_n2_020,N2,vapour,445.6,134.9,none,0,,0.0181,measured,Experimental result as reported in the source.,,gravimetric,tabasinejad2011_n2
N2_tabasinejad2011_n2_021,N2,vapour,461.6,3.87,none,0,,0.3385,measured,Experimental result as reported in the source.,,gravimetric,tabasinejad2011_n2
N2_tabasinejad2011_n2_022,N2,vapour,461.6,7.5,none,0,,0.1877,measured,Experimental result as reported in the source.,,gravimetric,tabasinejad2011_n2
N2_tabasinejad2011_n2_023,N2,vapour,461.6,14.29,none,0,,0.1097,measured,Experimental result as reported in the source.,,gravimetric,tabasinejad2011_n2
N2_tabasinejad2011_n2_024,N2,vapour,461.6,21.15,none,0,,0.0805,measured,Experimental result as reported in the source.,,gravimetric,tabasinejad2011_n2
N2_tabasinejad2011_n2_025,N2,vapour,461.6,28.22,none,0,,0.069,measured,Experimental result as reported in the source.,,gravimetric,tabasinejad2011_n2
N2_tabasinejad2011_n2_026,N2,vapour,461.6,34.78,none,0,,0.058,measured,Experimental result as reported in the source.,,gravimetric,tabasinejad2011_n2
N2_tabasinejad2011_n2_027,N2,vapour,461.6,41.82,none,0,,0.0508,measured,Experimental result as reported in the source.,,gravimetric,tabasinejad2011_n2
N2_tabasinejad2011_n2_028,N2,vapour,461.6,72.23,none,0,,0.0379,measured,Experimental result as reported in the source.,,gravimetric,tabasinejad2011_n2
N2_tabasinejad2011_n2_029,N2,vapour,461.6,101.64,none,0,,0.0289,measured,Experimental result as reported in the source.,,gravimetric,tabasinejad2011_n2
N2_tabasinejad2011_n2_030,N2,vapour,461.6,133.73,none,0,,0.026,measured,Experimental result as reported in the source.,,gravimetric,tabasinejad2011_n2
N2_tabasinejad2011_n2_031,N2,vapour,483.15,4.13,none,0,,0.5115,measured,Experimental result as reported in the source.,,gravimetric,tabasinejad2011_n2
N2_tabasinejad2011_n2_032,N2,vapour,483.15,7.33,none,0,,0.3116,measured,Experimental result as reported in the source.,,gravimetric,tabasinejad2011_n2
N2_tabasinejad2011_n2_033,N2,vapour,483.15,15.33,none,0,,0.1687,measured,Experimental result as reported in the source.,,gravimetric,tabasinejad2011_n2
N2_tabasinejad2011_n2_034,N2,vapour,483.15,21.24,none,0,,0.1293,measured,Experimental result as reported in the source.,,gravimetric,tabasinejad2011_n2
N2_tabasinejad2011_n2_035,N2,vapour,483.15,28.45,none,0,,0.1029,measured,Experimental result as reported in the source.,,gravimetric,tabasinejad2011_n2
N2_tabasinejad2011_n2_036,N2,vapour,483.15,35.39,none,0,,0.0891,measured,Experimental result as reported in the source.,,gravimetric,tabasinejad2011_n2
N2_tabasinejad2011_n2_037,N2,vapour,483.15,41.78,none,0,,0.0801,measured,Experimental result as reported in the source.,,gravimetric,tabasinejad2011_n2
N2_tabasinejad2011_n2_038,N2,vapour,483.15,73.14,none,0,,0.056,measured,Experimental result as reported in the source.,,gravimetric,tabasinejad2011_n2
N2_tabasinejad2011_n2_039,N2,vapour,483.15,109.6,none,0,,0.0433,measured,Experimental result as reported in the source.,,gravimetric,tabasinejad2011_n2
N2O_coanking1971_c2c4_001,N2O,vapour,298.15,2.4318,none,0,,0.00172,measured,Experimental result as reported in the source.,,gravimetric,coanking1971_c2c4
N2O_coanking1971_c2c4_002,N2O,vapour,298.15,2.9688225,none,0,,0.00158,measured,Experimental result as reported in the source.,,gravimetric,coanking1971_c2c4
N2O_coanking1971_c2c4_003,N2O,vapour,298.15,3.1917375,none,0,,0.00144,measured,Experimental result as reported in the source.,,gravimetric,coanking1971_c2c4
N2O_coanking1971_c2c4_004,N2O,vapour,298.15,3.20187,none,0,,0.00144,measured,Experimental result as reported in the source.,,gravimetric,coanking1971_c2c4
N2O_coanking1971_c2c4_005,N2O,vapour,298.15,3.6983625,none,0,,0.00127,measured,Experimental result as reported in the source.,,gravimetric,coanking1971_c2c4
N2O_coanking1971_c2c4_006,N2O,vapour,298.15,3.7186275,none,0,,0.00151,measured,Experimental result as reported in the source.,,gravimetric,coanking1971_c2c4
N2O_coanking1971_c2c4_007,N2O,vapour,298.15,3.7186275,none,0,,0.00137,measured,Experimental result as reported in the source.,,gravimetric,coanking1971_c2c4
N2O_coanking1971_c2c4_008,N2O,vapour,298.15,4.3873725,none,0,,0.00124,measured,Experimental result as reported in the source.,,gravimetric,coanking1971_c2c4
N2O_coanking1971_c2c4_009,N2O,vapour,323.15,2.330475,none,0,,0.00659,measured,Experimental result as reported in the source.,,gravimetric,coanking1971_c2c4
N2O_coanking1971_c2c4_010,N2O,vapour,323.15,2.978955,none,0,,0.00537,measured,Experimental result as reported in the source.,,gravimetric,coanking1971_c2c4
N2O_coanking1971_c2c4_011,N2O,vapour,323.15,2.99922,none,0,,0.0052,measured,Experimental result as reported in the source.,,gravimetric,coanking1971_c2c4
N2O_coanking1971_c2c4_012,N2O,vapour,323.15,3.0498825,none,0,,0.0051,measured,Experimental result as reported in the source.,,gravimetric,coanking1971_c2c4
N2O_coanking1971_c2c4_013,N2O,vapour,323.15,3.6983625,none,0,,0.00462,measured,Experimental result as reported in the source.,,gravimetric,coanking1971_c2c4
N2O_coanking1971_c2c4_014,N2O,vapour,323.15,3.89088,none,0,,0.00481,measured,Experimental result as reported in the source.,,gravimetric,coanking1971_c2c4
N2O_coanking1971_c2c4_015,N2O,vapour,348.15,2.4014025,none,0,,0.0189,measured,Experimental result as reported in the source.,,gravimetric,coanking1971_c2c4
N2O_coanking1971_c2c4_016,N2O,vapour,348.15,2.4216675,none,0,,0.019,measured,Experimental result as reported in the source.,,gravimetric,coanking1971_c2c4
N2O_coanking1971_c2c4_017,N2O,vapour,348.15,2.4318,none,0,,0.018,measured,Experimental result as reported in the source.,,gravimetric,coanking1971_c2c4
N2O_coanking1971_c2c4_018,N2O,vapour,348.15,2.4621975,none,0,,0.0177,measured,Experimental result as reported in the source.,,gravimetric,coanking1971_c2c4
N2O_coanking1971_c2c4_019,N2O,vapour,348.15,2.9688225,none,0,,0.0158,measured,Experimental result as reported in the source.,,gravimetric,coanking1971_c2c4
N2O_coanking1971_c2c4_020,N2O,vapour,348.15,2.978955,none,0,,0.0158,measured,Experimental result as reported in the source.,,gravimetric,coanking1971_c2c4
N2O_coanking1971_c2c4_021,N2O,vapour,348.15,3.12081,none,0,,0.0149,measured,Experimental result as reported in the source.,,gravimetric,coanking1971_c2c4
N2O_coanking1971_c2c4_022,N2O,vapour,348.15,3.6375675,none,0,,0.0135,measured,Experimental result as reported in the source.,,gravimetric,coanking1971_c2c4
N2O_coanking1971_c2c4_023,N2O,vapour,348.15,3.6477,none,0,,0.0134,measured,Experimental result as reported in the source.,,gravimetric,coanking1971_c2c4
N2O_coanking1971_c2c4_024,N2O,vapour,348.15,3.68823,none,0,,0.0129,measured,Experimental result as reported in the source.,,gravimetric,coanking1971_c2c4
N2O_coanking1971_c2c4_025,N2O,vapour,348.15,3.708495,none,0,,0.013,measured,Experimental result as reported in the source.,,gravimetric,coanking1971_c2c4
N2O_coanking1971_c2c4_026,N2O,vapour,348.15,3.76929,none,0,,0.0132,measured,Experimental result as reported in the source.,,gravimetric,coanking1971_c2c4
N2O_coanking1971_c2c4_027,N2O,vapour,373.15,2.2190175,none,0,,0.0507,measured,Experimental result as reported in the source.,,gravimetric,coanking1971_c2c4
N2O_coanking1971_c2c4_028,N2O,vapour,373.15,2.95869,none,0,,0.0404,measured,Experimental result as reported in the source.,,gravimetric,coanking1971_c2c4
N2O_coanking1971_c2c4_029,N2O,vapour,373.15,2.9688225,none,0,,0.0407,measured,Experimental result as reported in the source.,,gravimetric,coanking1971_c2c4
N2O_coanking1971_c2c4_030,N2O,vapour,373.15,2.978955,none,0,,0.0392,measured,Experimental result as reported in the source.,,gravimetric,coanking1971_c2c4
N2O_coanking1971_c2c4_031,N2O,vapour,373.15,2.978955,none,0,,0.0377,measured,Experimental result as reported in the source.,,gravimetric,coanking1971_c2c4
N2O_coanking1971_c2c4_032,N2O,vapour,373.15,3.5362425,none,0,,0.035,measured,Experimental result as reported in the source.,,gravimetric,coanking1971_c2c4
N2O_coanking1971_c2c4_033,N2O,vapour,373.15,3.6375675,none,0,,0.0326,measured,Experimental result as reported in the source.,,gravimetric,coanking1971_c2c4
N2O_coanking1971_c2c4_034,N2O,vapour,373.15,3.6477,none,0,,0.0329,measured,Experimental result as reported in the source.,,gravimetric,coanking1971_c2c4
N2O_coanking1971_c2c4_035,N2O,vapour,373.15,4.356975,none,0,,0.0282,measured,Experimental result as reported in the source.,,gravimetric,coanking1971_c2c4
N2O_coanking1971_c2c4_036,N2O,vapour,373.15,4.356975,none,0,,0.0288,measured,Experimental result as reported in the source.,,gravimetric,coanking1971_c2c4
N2O_coanking1971_c2c4_037,N2O,vapour,373.15,4.9953225,none,0,,0.0251,measured,Experimental result as reported in the source.,,gravimetric,coanking1971_c2c4
N2O_coanking1971_c2c4_038,N2O,vapour,373.15,4.9953225,none,0,,0.0252,measured,Experimental result as reported in the source.,,gravimetric,coanking1971_c2c4
nC4H10_reamer1944_c2c4_001,nC4H10,vapour,310.9278,0.36163,none,0,,0.0167,measured,Experimental result as reported in the source.,,gravimetric,reamer1944_c2c4
nC4H10_reamer1944_c2c4_002,nC4H10,vapour,327.5944,0.57088588,none,0,,0.0245,measured,Experimental result as reported in the source.,,gravimetric,reamer1944_c2c4
nC4H10_reamer1944_c2c4_003,nC4H10,vapour,344.2611,0.86460253,none,0,,0.0338,measured,Experimental result as reported in the source.,,gravimetric,reamer1944_c2c4
nC4H10_reamer1944_c2c4_004,nC4H10,vapour,360.9278,1.26036158,none,0,,0.0439,measured,Experimental result as reported in the source.,,gravimetric,reamer1944_c2c4
nC4H10_reamer1944_c2c4_005,nC4H10,vapour,377.5944,1.78781049,none,0,,0.0541,measured,Experimental result as reported in the source.,,gravimetric,reamer1944_c2c4
nC4H10_reamer1944_c2c4_006,nC4H10,vapour,394.2611,2.48211252,none,0,,0.0639,measured,Experimental result as reported in the source.,,gravimetric,reamer1944_c2c4
nC4H10_reamer1944_c2c4_007,nC4H10,vapour,410.9278,3.38463621,none,0,,0.0708,measured,Experimental result as reported in the source.,,gravimetric,reamer1944_c2c4
nC4H10_reamer1944_c2c4_008,nC4H10,vapour,416.4833,3.7397162,none,0,,0.0698,measured,Experimental result as reported in the source.,,gravimetric,reamer1944_c2c4
nC4H10_reamer1944_c2c4_009,nC4H10,vapour,422.0389,4.14030158,none,0,,0.0625,measured,Experimental result as reported in the source.,,gravimetric,reamer1944_c2c4
nC4H10_reamer1944_c2c4_010,nC4H10,vapour,425.15,4.39540759,none,0,,0.0483,measured,Experimental result as reported in the source.,,gravimetric,reamer1944_c2c4
nC4H10_reamer1944_c2c4_011,nC4H10,liquid_hydrocarbon_or_co2,310.9278,0.36163,none,0,,0.0005,measured,Experimental result as reported in the source.,,gravimetric,reamer1944_c2c4
nC4H10_reamer1944_c2c4_012,nC4H10,liquid_hydrocarbon_or_co2,327.5944,0.57088588,none,0,,0.001,measured,Experimental result as reported in the source.,,gravimetric,reamer1944_c2c4
nC4H10_reamer1944_c2c4_013,nC4H10,liquid_hydrocarbon_or_co2,344.2611,0.86460253,none,0,,0.0021,measured,Experimental result as reported in the source.,,gravimetric,reamer1944_c2c4
nC4H10_reamer1944_c2c4_014,nC4H10,liquid_hydrocarbon_or_co2,360.9278,1.26036158,none,0,,0.0043,measured,Experimental result as reported in the source.,,gravimetric,reamer1944_c2c4
nC4H10_reamer1944_c2c4_015,nC4H10,liquid_hydrocarbon_or_co2,377.5944,1.78781049,none,0,,0.0085,measured,Experimental result as reported in the source.,,gravimetric,reamer1944_c2c4
nC4H10_reamer1944_c2c4_016,nC4H10,liquid_hydrocarbon_or_co2,394.2611,2.48211252,none,0,,0.0157,measured,Experimental result as reported in the source.,,gravimetric,reamer1944_c2c4
nC4H10_reamer1944_c2c4_017,nC4H10,liquid_hydrocarbon_or_co2,410.9278,3.38463621,none,0,,0.0268,measured,Experimental result as reported in the source.,,gravimetric,reamer1944_c2c4
nC4H10_reamer1944_c2c4_018,nC4H10,liquid_hydrocarbon_or_co2,416.4833,3.7397162,none,0,,0.0317,measured,Experimental result as reported in the source.,,gravimetric,reamer1944_c2c4
nC4H10_reamer1944_c2c4_019,nC4H10,liquid_hydrocarbon_or_co2,422.0389,4.14030158,none,0,,0.0379,measured,Experimental result as reported in the source.,,gravimetric,reamer1944_c2c4
nC4H10_reamer1944_c2c4_020,nC4H10,liquid_hydrocarbon_or_co2,425.15,4.39540759,none,0,,0.0483,measured,Experimental result as reported in the source.,,gravimetric,reamer1944_c2c4
nC4H10_reamer1952_c2c4_156,nC4H10,liquid_hydrocarbon_or_co2,410.9278,0.6894757,none,0,,0.491,measured,Experimental result as reported in the source.,,analytical_sampling,reamer1952_c2c4
nC4H10_reamer1952_c2c4_157,nC4H10,liquid_hydrocarbon_or_co2,410.9278,4.1368542,none,0,,0.0262,measured,Experimental result as reported in the source.,,analytical_sampling,reamer1952_c2c4
nC4H10_reamer1952_c2c4_158,nC4H10,liquid_hydrocarbon_or_co2,410.9278,5.5158056,none,0,,0.0244,measured,Experimental result as reported in the source.,,analytical_sampling,reamer1952_c2c4
nC4H10_reamer1952_c2c4_159,nC4H10,liquid_hydrocarbon_or_co2,410.9278,6.894757,none,0,,0.0226,measured,Experimental result as reported in the source.,,analytical_sampling,reamer1952_c2c4
nC4H10_reamer1952_c2c4_160,nC4H10,liquid_hydrocarbon_or_co2,410.9278,8.61844625,none,0,,0.0209,measured,Experimental result as reported in the source.,,analytical_sampling,reamer1952_c2c4
nC4H10_reamer1952_c2c4_161,nC4H10,liquid_hydrocarbon_or_co2,410.9278,10.3421355,none,0,,0.0196,measured,Experimental result as reported in the source.,,analytical_sampling,reamer1952_c2c4
nC4H10_reamer1952_c2c4_162,nC4H10,liquid_hydrocarbon_or_co2,410.9278,12.06582475,none,0,,0.0184,measured,Experimental result as reported in the source.,,analytical_sampling,reamer1952_c2c4
nC4H10_reamer1952_c2c4_163,nC4H10,liquid_hydrocarbon_or_co2,410.9278,13.789514,none,0,,0.0175,measured,Experimental result as reported in the source.,,analytical_sampling,reamer1952_c2c4
nC4H10_reamer1952_c2c4_164,nC4H10,liquid_hydrocarbon_or_co2,410.9278,17.2368925,none,0,,0.0163,measured,Experimental result as reported in the source.,,analytical_sampling,reamer1952_c2c4
nC4H10_reamer1952_c2c4_165,nC4H10,liquid_hydrocarbon_or_co2,410.9278,20.684271,none,0,,0.0154,measured,Experimental result as reported in the source.,,analytical_sampling,reamer1952_c2c4
nC4H10_reamer1952_c2c4_166,nC4H10,liquid_hydrocarbon_or_co2,410.9278,27.579028,none,0,,0.0139,measured,Experimental result as reported in the source.,,analytical_sampling,reamer1952_c2c4
nC4H10_reamer1952_c2c4_167,nC4H10,liquid_hydrocarbon_or_co2,410.9278,34.473785,none,0,,0.013,measured,Experimental result as reported in the source.,,analytical_sampling,reamer1952_c2c4
nC4H10_reamer1952_c2c4_168,nC4H10,liquid_hydrocarbon_or_co2,410.9278,41.368542,none,0,,0.0121,measured,Experimental result as reported in the source.,,analytical_sampling,reamer1952_c2c4
nC4H10_reamer1952_c2c4_169,nC4H10,liquid_hydrocarbon_or_co2,410.9278,48.263299,none,0,,0.0113,measured,Experimental result as reported in the source.,,analytical_sampling,reamer1952_c2c4
nC4H10_reamer1952_c2c4_170,nC4H10,liquid_hydrocarbon_or_co2,410.9278,55.158056,none,0,,0.0106,measured,Experimental result as reported in the source.,,analytical_sampling,reamer1952_c2c4
nC4H10_reamer1952_c2c4_171,nC4H10,liquid_hydrocarbon_or_co2,410.9278,62.052813,none,0,,0.01,measured,Experimental result as reported in the source.,,analytical_sampling,reamer1952_c2c4
nC4H10_reamer1952_c2c4_172,nC4H10,liquid_hydrocarbon_or_co2,410.9278,68.94757,none,0,,0.0095,measured,Experimental result as reported in the source.,,analytical_sampling,reamer1952_c2c4
nC4H10_reamer1952_c2c4_173,nC4H10,liquid_hydrocarbon_or_co2,444.2611,1.3789514,none,0,,0.594,measured,Experimental result as reported in the source.,,analytical_sampling,reamer1952_c2c4
nC4H10_reamer1952_c2c4_174,nC4H10,liquid_hydrocarbon_or_co2,444.2611,2.0684271,none,0,,0.391,measured,Experimental result as reported in the source.,,analytical_sampling,reamer1952_c2c4
nC4H10_reamer1952_c2c4_175,nC4H10,liquid_hydrocarbon_or_co2,444.2611,2.7579028,none,0,,0.275,measured,Experimental result as reported in the source.,,analytical_sampling,reamer1952_c2c4
nC4H10_reamer1952_c2c4_176,nC4H10,liquid_hydrocarbon_or_co2,444.2611,3.4473785,none,0,,0.198,measured,Experimental result as reported in the source.,,analytical_sampling,reamer1952_c2c4
nC4H10_reamer1952_c2c4_177,nC4H10,liquid_hydrocarbon_or_co2,444.2611,4.1368542,none,0,,0.142,measured,Experimental result as reported in the source.,,analytical_sampling,reamer1952_c2c4
nC4H10_reamer1952_c2c4_178,nC4H10,liquid_hydrocarbon_or_co2,444.2611,5.5158056,none,0,,0.0816,measured,Experimental result as reported in the source.,,analytical_sampling,reamer1952_c2c4
nC4H10_reamer1952_c2c4_179,nC4H10,liquid_hydrocarbon_or_co2,444.2611,6.894757,none,0,,0.0618,measured,Experimental result as reported in the source.,,analytical_sampling,reamer1952_c2c4
nC4H10_reamer1952_c2c4_180,nC4H10,liquid_hydrocarbon_or_co2,444.2611,8.61844625,none,0,,0.0545,measured,Experimental result as reported in the source.,,analytical_sampling,reamer1952_c2c4
nC4H10_reamer1952_c2c4_181,nC4H10,liquid_hydrocarbon_or_co2,444.2611,10.3421355,none,0,,0.0497,measured,Experimental result as reported in the source.,,analytical_sampling,reamer1952_c2c4
nC4H10_reamer1952_c2c4_182,nC4H10,liquid_hydrocarbon_or_co2,444.2611,12.06582475,none,0,,0.0461,measured,Experimental result as reported in the source.,,analytical_sampling,reamer1952_c2c4
nC4H10_reamer1952_c2c4_183,nC4H10,liquid_hydrocarbon_or_co2,444.2611,13.789514,none,0,,0.0433,measured,Experimental result as reported in the source.,,analytical_sampling,reamer1952_c2c4
nC4H10_reamer1952_c2c4_184,nC4H10,liquid_hydrocarbon_or_co2,444.2611,17.2368925,none,0,,0.0397,measured,Experimental result as reported in the source.,,analytical_sampling,reamer1952_c2c4
nC4H10_reamer1952_c2c4_185,nC4H10,liquid_hydrocarbon_or_co2,444.2611,20.684271,none,0,,0.0369,measured,Experimental result as reported in the source.,,analytical_sampling,reamer1952_c2c4
nC4H10_reamer1952_c2c4_186,nC4H10,liquid_hydrocarbon_or_co2,444.2611,27.579028,none,0,,0.0333,measured,Experimental result as reported in the source.,,analytical_sampling,reamer1952_c2c4
nC4H10_reamer1952_c2c4_187,nC4H10,liquid_hydrocarbon_or_co2,444.2611,34.473785,none,0,,0.0309,measured,Experimental result as reported in the source.,,analytical_sampling,reamer1952_c2c4
nC4H10_reamer1952_c2c4_188,nC4H10,liquid_hydrocarbon_or_co2,444.2611,41.368542,none,0,,0.0287,measured,Experimental result as reported in the source.,,analytical_sampling,reamer1952_c2c4
nC4H10_reamer1952_c2c4_189,nC4H10,liquid_hydrocarbon_or_co2,444.2611,48.263299,none,0,,0.0266,measured,Experimental result as reported in the source.,,analytical_sampling,reamer1952_c2c4
nC4H10_reamer1952_c2c4_190,nC4H10,liquid_hydrocarbon_or_co2,444.2611,55.158056,none,0,,0.0248,measured,Experimental result as reported in the source.,,analytical_sampling,reamer1952_c2c4
nC4H10_reamer1952_c2c4_191,nC4H10,liquid_hydrocarbon_or_co2,444.2611,62.052813,none,0,,0.0233,measured,Experimental result as reported in the source.,,analytical_sampling,reamer1952_c2c4
nC4H10_reamer1952_c2c4_192,nC4H10,liquid_hydrocarbon_or_co2,444.2611,68.94757,none,0,,0.0221,measured,Experimental result as reported in the source.,,analytical_sampling,reamer1952_c2c4
nC4H10_reamer1952_c2c4_193,nC4H10,liquid_hydrocarbon_or_co2,477.5944,2.0684271,none,0,,0.831,measured,Experimental result as reported in the source.,,analytical_sampling,reamer1952_c2c4
nC4H10_reamer1952_c2c4_194,nC4H10,liquid_hydrocarbon_or_co2,477.5944,2.7579028,none,0,,0.635,measured,Experimental result as reported in the source.,,analytical_sampling,reamer1952_c2c4
nC4H10_reamer1952_c2c4_195,nC4H10,liquid_hydrocarbon_or_co2,477.5944,3.4473785,none,0,,0.512,measured,Experimental result as reported in the source.,,analytical_sampling,reamer1952_c2c4
nC4H10_reamer1952_c2c4_196,nC4H10,liquid_hydrocarbon_or_co2,477.5944,4.1368542,none,0,,0.423,measured,Experimental result as reported in the source.,,analytical_sampling,reamer1952_c2c4
nC4H10_reamer1952_c2c4_197,nC4H10,liquid_hydrocarbon_or_co2,477.5944,5.5158056,none,0,,0.303,measured,Experimental result as reported in the source.,,analytical_sampling,reamer1952_c2c4
nC4H10_reamer1952_c2c4_198,nC4H10,liquid_hydrocarbon_or_co2,477.5944,6.894757,none,0,,0.225,measured,Experimental result as reported in the source.,,analytical_sampling,reamer1952_c2c4
nC4H10_reamer1952_c2c4_199,nC4H10,liquid_hydrocarbon_or_co2,477.5944,8.61844625,none,0,,0.168,measured,Experimental result as reported in the source.,,analytical_sampling,reamer1952_c2c4
nC4H10_reamer1952_c2c4_200,nC4H10,liquid_hydrocarbon_or_co2,477.5944,10.3421355,none,0,,0.14,measured,Experimental result as reported in the source.,,analytical_sampling,reamer1952_c2c4
nC4H10_reamer1952_c2c4_201,nC4H10,liquid_hydrocarbon_or_co2,477.5944,12.06582475,none,0,,0.123,measured,Experimental result as reported in the source.,,analytical_sampling,reamer1952_c2c4
nC4H10_reamer1952_c2c4_202,nC4H10,liquid_hydrocarbon_or_co2,477.5944,13.789514,none,0,,0.11,measured,Experimental result as reported in the source.,,analytical_sampling,reamer1952_c2c4
nC4H10_reamer1952_c2c4_203,nC4H10,liquid_hydrocarbon_or_co2,477.5944,17.2368925,none,0,,0.0948,measured,Experimental result as reported in the source.,,analytical_sampling,reamer1952_c2c4
nC4H10_reamer1952_c2c4_204,nC4H10,liquid_hydrocarbon_or_co2,477.5944,20.684271,none,0,,0.085,measured,Experimental result as reported in the source.,,analytical_sampling,reamer1952_c2c4
nC4H10_reamer1952_c2c4_205,nC4H10,liquid_hydrocarbon_or_co2,477.5944,27.579028,none,0,,0.0736,measured,Experimental result as reported in the source.,,analytical_sampling,reamer1952_c2c4
nC4H10_reamer1952_c2c4_206,nC4H10,liquid_hydrocarbon_or_co2,477.5944,34.473785,none,0,,0.0665,measured,Experimental result as reported in the source.,,analytical_sampling,reamer1952_c2c4
nC4H10_reamer1952_c2c4_207,nC4H10,liquid_hydrocarbon_or_co2,477.5944,41.368542,none,0,,0.061,measured,Experimental result as reported in the source.,,analytical_sampling,reamer1952_c2c4
nC4H10_reamer1952_c2c4_208,nC4H10,liquid_hydrocarbon_or_co2,477.5944,48.263299,none,0,,0.0579,measured,Experimental result as reported in the source.,,analytical_sampling,reamer1952_c2c4
nC4H10_reamer1952_c2c4_209,nC4H10,liquid_hydrocarbon_or_co2,477.5944,55.158056,none,0,,0.0547,measured,Experimental result as reported in the source.,,analytical_sampling,reamer1952_c2c4
nC4H10_reamer1952_c2c4_210,nC4H10,liquid_hydrocarbon_or_co2,477.5944,62.052813,none,0,,0.0519,measured,Experimental result as reported in the source.,,analytical_sampling,reamer1952_c2c4
nC4H10_reamer1952_c2c4_211,nC4H10,liquid_hydrocarbon_or_co2,477.5944,68.94757,none,0,,0.0497,measured,Experimental result as reported in the source.,,analytical_sampling,reamer1952_c2c4
nC4H10_reamer1952_c2c4_212,nC4H10,liquid_hydrocarbon_or_co2,510.9278,3.4473785,none,0,,0.944,measured,Experimental result as reported in the source.,,analytical_sampling,reamer1952_c2c4
nC4H10_reamer1952_c2c4_213,nC4H10,liquid_hydrocarbon_or_co2,510.9278,4.1368542,none,0,,0.811,measured,Experimental result as reported in the source.,,analytical_sampling,reamer1952_c2c4
nC4H10_reamer1952_c2c4_214,nC4H10,liquid_hydrocarbon_or_co2,510.9278,5.5158056,none,0,,0.623,measured,Experimental result as reported in the source.,,analytical_sampling,reamer1952_c2c4
nC4H10_reamer1952_c2c4_215,nC4H10,liquid_hydrocarbon_or_co2,510.9278,6.894757,none,0,,0.493,measured,Experimental result as reported in the source.,,analytical_sampling,reamer1952_c2c4
nC4H10_reamer1952_c2c4_216,nC4H10,liquid_hydrocarbon_or_co2,510.9278,8.61844625,none,0,,0.382,measured,Experimental result as reported in the source.,,analytical_sampling,reamer1952_c2c4
nC4H10_reamer1952_c2c4_217,nC4H10,liquid_hydrocarbon_or_co2,510.9278,10.3421355,none,0,,0.311,measured,Experimental result as reported in the source.,,analytical_sampling,reamer1952_c2c4
nC4H10_reamer1952_c2c4_218,nC4H10,liquid_hydrocarbon_or_co2,510.9278,12.06582475,none,0,,0.268,measured,Experimental result as reported in the source.,,analytical_sampling,reamer1952_c2c4
nC4H10_reamer1952_c2c4_219,nC4H10,liquid_hydrocarbon_or_co2,510.9278,13.789514,none,0,,0.238,measured,Experimental result as reported in the source.,,analytical_sampling,reamer1952_c2c4
nC4H10_reamer1952_c2c4_220,nC4H10,liquid_hydrocarbon_or_co2,510.9278,17.2368925,none,0,,0.202,measured,Experimental result as reported in the source.,,analytical_sampling,reamer1952_c2c4
nC4H10_reamer1952_c2c4_221,nC4H10,liquid_hydrocarbon_or_co2,510.9278,20.684271,none,0,,0.179,measured,Experimental result as reported in the source.,,analytical_sampling,reamer1952_c2c4
nC4H10_reamer1952_c2c4_222,nC4H10,liquid_hydrocarbon_or_co2,510.9278,27.579028,none,0,,0.15,measured,Experimental result as reported in the source.,,analytical_sampling,reamer1952_c2c4
nC4H10_reamer1952_c2c4_223,nC4H10,liquid_hydrocarbon_or_co2,510.9278,34.473785,none,0,,0.135,measured,Experimental result as reported in the source.,,analytical_sampling,reamer1952_c2c4
nC4H10_reamer1952_c2c4_224,nC4H10,liquid_hydrocarbon_or_co2,510.9278,41.368542,none,0,,0.126,measured,Experimental result as reported in the source.,,analytical_sampling,reamer1952_c2c4
nC4H10_reamer1952_c2c4_225,nC4H10,liquid_hydrocarbon_or_co2,510.9278,48.263299,none,0,,0.12,measured,Experimental result as reported in the source.,,analytical_sampling,reamer1952_c2c4
nC4H10_reamer1952_c2c4_226,nC4H10,liquid_hydrocarbon_or_co2,510.9278,55.158056,none,0,,0.115,measured,Experimental result as reported in the source.,,analytical_sampling,reamer1952_c2c4
nC4H10_reamer1952_c2c4_227,nC4H10,liquid_hydrocarbon_or_co2,510.9278,62.052813,none,0,,0.111,measured,Experimental result as reported in the source.,,analytical_sampling,reamer1952_c2c4
nC4H10_reamer1952_c2c4_228,nC4H10,liquid_hydrocarbon_or_co2,510.9278,68.94757,none,0,,0.108,measured,Experimental result as reported in the source.,,analytical_sampling,reamer1952_c2c4
nC4H10_wehemcketta1961nc4h10water_c2c4_007,nC4H10,vapour,311.0389,0.35990632,none,0,,0.0143,measured,Experimental result as reported in the source.,,electrochemical,wehemcketta1961nc4h10water_c2c4
nC4H10_wehemcketta1961nc4h10water_c2c4_008,nC4H10,vapour,310.8722,0.35921684,none,0,,0.0157,measured,Experimental result as reported in the source.,,electrochemical,wehemcketta1961nc4h10water_c2c4
nC4H10_wehemcketta1961nc4h10water_c2c4_009,nC4H10,vapour,344.2056,0.86115515,none,0,,0.0351,measured,Experimental result as reported in the source.,,electrochemical,wehemcketta1961nc4h10water_c2c4
nC4H10_wehemcketta1961nc4h10water_c2c4_010,nC4H10,vapour,377.7056,1.7933263,none,0,,0.0556,measured,Experimental result as reported in the source.,,electrochemical,wehemcketta1961nc4h10water_c2c4
nC4H10_wehemcketta1961nc4h10water_c2c4_011,nC4H10,vapour,377.7611,1.7988421,none,0,,0.053,measured,Experimental result as reported in the source.,,electrochemical,wehemcketta1961nc4h10water_c2c4
nC4H10_wehemcketta1961nc4h10water_c2c4_012,nC4H10,vapour,410.9278,3.38946254,none,0,,0.0751,measured,Experimental result as reported in the source.,,electrochemical,wehemcketta1961nc4h10water_c2c4
nC4H10_wehemcketta1961nc4h10water_c2c4_013,nC4H10,vapour,410.9278,3.38877307,none,0,,0.0746,measured,Experimental result as reported in the source.,,electrochemical,wehemcketta1961nc4h10water_c2c4
nC4H10_wehemcketta1961nc4h10water_c2c4_014,nC4H10,liquid_hydrocarbon_or_co2,311.0389,0.35990632,none,0,,0.00091,measured,Experimental result as reported in the source.,,electrochemical,wehemcketta1961nc4h10water_c2c4
nC4H10_wehemcketta1961nc4h10water_c2c4_015,nC4H10,liquid_hydrocarbon_or_co2,310.8722,0.35921684,none,0,,0.00083,measured,Experimental result as reported in the source.,,electrochemical,wehemcketta1961nc4h10water_c2c4
nC4H10_wehemcketta1961nc4h10water_c2c4_016,nC4H10,liquid_hydrocarbon_or_co2,344.2056,0.86115515,none,0,,0.00338,measured,Experimental result as reported in the source.,,electrochemical,wehemcketta1961nc4h10water_c2c4
nC4H10_wehemcketta1961nc4h10water_c2c4_017,nC4H10,liquid_hydrocarbon_or_co2,377.7056,1.7933263,none,0,,0.01,measured,Experimental result as reported in the source.,,electrochemical,wehemcketta1961nc4h10water_c2c4
nC4H10_wehemcketta1961nc4h10water_c2c4_018,nC4H10,liquid_hydrocarbon_or_co2,377.7611,1.7988421,none,0,,0.00925,measured,Experimental result as reported in the source.,,electrochemical,wehemcketta1961nc4h10water_c2c4
nC4H10_wehemcketta1961nc4h10water_c2c4_019,nC4H10,liquid_hydrocarbon_or_co2,410.9278,3.38946254,none,0,,0.028,measured,Experimental result as reported in the source.,,electrochemical,wehemcketta1961nc4h10water_c2c4
nC4H10_wehemcketta1961nc4h10water_c2c4_020,nC4H10,liquid_hydrocarbon_or_co2,410.9278,3.38877307,none,0,,0.0278,measured,Experimental result as reported in the source.,,electrochemical,wehemcketta1961nc4h10water_c2c4
