old_point_id,what_happened,new_point_id,reason
C2H6_amirijafari1972_c2c4_001,renamed,CH4_amirijafari1972_c2c4_001,The id named C2H6 but the row reports CH4; the gas part of the id now names CH4. The source part and the running number are unchanged.
C2H6_amirijafari1972_c2c4_003,renamed,CH4_amirijafari1972_c2c4_003,The id named C2H6 but the row reports CH4; the gas part of the id now names CH4. The source part and the running number are unchanged.
C2H6_amirijafari1972_c2c4_005,renamed,CH4_amirijafari1972_c2c4_005,The id named C2H6 but the row reports CH4; the gas part of the id now names CH4. The source part and the running number are unchanged.
C2H6_amirijafari1972_c2c4_007,renamed,CH4_amirijafari1972_c2c4_007,The id named C2H6 but the row reports CH4; the gas part of the id now names CH4. The source part and the running number are unchanged.
C2H6_amirijafari1972_c2c4_009,renamed,CH4_amirijafari1972_c2c4_009,The id named C2H6 but the row reports CH4; the gas part of the id now names CH4. The source part and the running number are unchanged.
C2H6_amirijafari1972_c2c4_011,renamed,CH4_amirijafari1972_c2c4_011,The id named C2H6 but the row reports CH4; the gas part of the id now names CH4. The source part and the running number are unchanged.
C2H6_amirijafari1972_c2c4_013,renamed,CH4_amirijafari1972_c2c4_013,The id named C2H6 but the row reports CH4; the gas part of the id now names CH4. The source part and the running number are unchanged.
C2H6_amirijafari1972_c2c4_015,renamed,CH4_amirijafari1972_c2c4_015,The id named C2H6 but the row reports CH4; the gas part of the id now names CH4. The source part and the running number are unchanged.
C2H6_amirijafari1972_c2c4_017,renamed,CH4_amirijafari1972_c2c4_017,The id named C2H6 but the row reports CH4; the gas part of the id now names CH4. The source part and the running number are unchanged.
C2H6_amirijafari1972_c2c4_019,renamed,CH4_amirijafari1972_c2c4_019,The id named C2H6 but the row reports CH4; the gas part of the id now names CH4. The source part and the running number are unchanged.
C2H6_amirijafari1972_c2c4_021,renamed,CH4_amirijafari1972_c2c4_021,The id named C2H6 but the row reports CH4; the gas part of the id now names CH4. The source part and the running number are unchanged.
C2H6_amirijafari1972_c2c4_023,renamed,CH4_amirijafari1972_c2c4_023,The id named C2H6 but the row reports CH4; the gas part of the id now names CH4. The source part and the running number are unchanged.
C2H6_amirijafari1972_c2c4_025,renamed,CH4_amirijafari1972_c2c4_025,The id named C2H6 but the row reports CH4; the gas part of the id now names CH4. The source part and the running number are unchanged.
C2H6_amirijafari1972_c2c4_027,renamed,CH4_amirijafari1972_c2c4_027,The id named C2H6 but the row reports CH4; the gas part of the id now names CH4. The source part and the running number are unchanged.
C2H6_amirijafari1972_c2c4_029,renamed,CH4_amirijafari1972_c2c4_029,The id named C2H6 but the row reports CH4; the gas part of the id now names CH4. The source part and the running number are unchanged.
C2H6_amirijafari1972_c2c4_031,renamed,CH4_amirijafari1972_c2c4_031,The id named C2H6 but the row reports CH4; the gas part of the id now names CH4. The source part and the running number are unchanged.
C2H6_amirijafari1972_c2c4_033,renamed,CH4_amirijafari1972_c2c4_033,The id named C2H6 but the row reports CH4; the gas part of the id now names CH4. The source part and the running number are unchanged.
C2H6_amirijafari1972_c2c4_035,renamed,CH4_amirijafari1972_c2c4_035,The id named C2H6 but the row reports CH4; the gas part of the id now names CH4. The source part and the running number are unchanged.
C2H6_amirijafari1972_c2c4_037,renamed,CH4_amirijafari1972_c2c4_037,The id named C2H6 but the row reports CH4; the gas part of the id now names CH4. The source part and the running number are unchanged.
C2H6_amirijafari1972_c2c4_039,renamed,CH4_amirijafari1972_c2c4_039,The id named C2H6 but the row reports CH4; the gas part of the id now names CH4. The source part and the running number are unchanged.
C2H6_amirijafari1972_c2c4_041,renamed,CH4_amirijafari1972_c2c4_041,The id named C2H6 but the row reports CH4; the gas part of the id now names CH4. The source part and the running number are unchanged.
C2H6_amirijafari1972_c2c4_043,renamed,CH4_amirijafari1972_c2c4_043,The id named C2H6 but the row reports CH4; the gas part of the id now names CH4. The source part and the running number are unchanged.
C2H6_amirijafari1972_c2c4_045,renamed,CH4_amirijafari1972_c2c4_045,The id named C2H6 but the row reports CH4; the gas part of the id now names CH4. The source part and the running number are unchanged.
C2H6_amirijafari1972_c2c4_047,renamed,CH4_amirijafari1972_c2c4_047,The id named C2H6 but the row reports CH4; the gas part of the id now names CH4. The source part and the running number are unchanged.
C2H6_amirijafari1972_c2c4_049,renamed,CH4_amirijafari1972_c2c4_049,The id named C2H6 but the row reports CH4; the gas part of the id now names CH4. The source part and the running number are unchanged.
C2H6_amirijafari1972_c2c4_051,renamed,CH4_amirijafari1972_c2c4_051,The id named C2H6 but the row reports CH4; the gas part of the id now names CH4. The source part and the running number are unchanged.
C2H6_amirijafari1972_c2c4_053,renamed,CH4_amirijafari1972_c2c4_053,The id named C2H6 but the row reports CH4; the gas part of the id now names CH4. The source part and the running number are unchanged.
C2H6_claussenpolglase1952_c2c4_004,removed,,Removed as a duplicate: the average at 19.8 C of readings that are also listed one by one; the single readings are kept.
C2H6_song2004_c2c4_001,renamed,CH4_song2004_c2c4_001,The id named C2H6 but the row reports CH4; the gas part of the id now names CH4. The source part and the running number are unchanged.
C2H6_song2004_c2c4_002,renamed,CH4_song2004_c2c4_002,The id named C2H6 but the row reports CH4; the gas part of the id now names CH4. The source part and the running number are unchanged.
C2H6_song2004_c2c4_003,renamed,CH4_song2004_c2c4_003,The id named C2H6 but the row reports CH4; the gas part of the id now names CH4. The source part and the running number are unchanged.
C2H6_song2004_c2c4_004,renamed,CH4_song2004_c2c4_004,The id named C2H6 but the row reports CH4; the gas part of the id now names CH4. The source part and the running number are unchanged.
C2H6_song2004_c2c4_005,renamed,CH4_song2004_c2c4_005,The id named C2H6 but the row reports CH4; the gas part of the id now names CH4. The source part and the running number are unchanged.
C2H6_song2004_c2c4_006,renamed,CH4_song2004_c2c4_006,The id named C2H6 but the row reports CH4; the gas part of the id now names CH4. The source part and the running number are unchanged.
C2H6_song2004_c2c4_007,renamed,CH4_song2004_c2c4_007,The id named C2H6 but the row reports CH4; the gas part of the id now names CH4. The source part and the running number are unchanged.
C2H6_song2004_c2c4_008,removed,,"Removed: the row holds only a value the paper cites from Song & Kobayashi 1994, not the paper's own measurement; the paper's own values are kept on its other rows."
C2H6_song2004_c2c4_009,removed,,"Removed: the row holds only a value the paper cites from Song & Kobayashi 1994, not the paper's own measurement; the paper's own values are kept on its other rows."
C2H6_song2004_c2c4_010,removed,,"Removed: the row holds only a value the paper cites from Song & Kobayashi 1994, not the paper's own measurement; the paper's own values are kept on its other rows."
C2H6_song2004_c2c4_014,removed,,"Removed: the row holds only a value the paper cites from Song & Kobayashi 1994, not the paper's own measurement; the paper's own values are kept on its other rows."
C2H6_yaacobibennaim1974_c2c4_001,removed,,Removed as a duplicate: Yaacobi & Ben-Naim 1974 reprint values first printed by Ben-Naim 1973; the 1973 rows are kept.
C2H6_yaacobibennaim1974_c2c4_002,removed,,Removed as a duplicate: Yaacobi & Ben-Naim 1974 reprint values first printed by Ben-Naim 1973; the 1973 rows are kept.
C2H6_yaacobibennaim1974_c2c4_003,removed,,Removed as a duplicate: Yaacobi & Ben-Naim 1974 reprint values first printed by Ben-Naim 1973; the 1973 rows are kept.
C2H6_yaacobibennaim1974_c2c4_004,removed,,Removed as a duplicate: Yaacobi & Ben-Naim 1974 reprint values first printed by Ben-Naim 1973; the 1973 rows are kept.
C3H8_song2004_c2c4_001,removed,,"Removed: the row holds only a value the paper cites from Song & Kobayashi 1994, not the paper's own measurement; the paper's own values are kept on its other rows."
C3H8_song2004_c2c4_002,removed,,"Removed: the row holds only a value the paper cites from Song & Kobayashi 1994, not the paper's own measurement; the paper's own values are kept on its other rows."
C3H8_song2004_c2c4_003,removed,,"Removed: the row holds only a value the paper cites from Song & Kobayashi 1994, not the paper's own measurement; the paper's own values are kept on its other rows."
C3H8_song2004_c2c4_004,removed,,"Removed: the row holds only a value the paper cites from Song & Kobayashi 1994, not the paper's own measurement; the paper's own values are kept on its other rows."
C3H8_song2004_c2c4_005,removed,,"Removed: the row holds only a value the paper cites from Song & Kobayashi 1994, not the paper's own measurement; the paper's own values are kept on its other rows."
C3H8_song2004_c2c4_006,removed,,"Removed: the row holds only a value the paper cites from Song & Kobayashi 1994, not the paper's own measurement; the paper's own values are kept on its other rows."
C3H8_song2004_c2c4_007,removed,,"Removed: the row holds only a value the paper cites from Song & Kobayashi 1994, not the paper's own measurement; the paper's own values are kept on its other rows."
C3H8_song2004_c2c4_008,removed,,"Removed: the row holds only a value the paper cites from Song & Kobayashi 1994, not the paper's own measurement; the paper's own values are kept on its other rows."
C3H8_wenhung1970_c2c4_001,removed,,Removed as a duplicate: a salt-sheet copy of a Wen & Hung 1970 pure-water row; the water-sheet row is kept.
C3H8_wenhung1970_c2c4_007,removed,,Removed as a duplicate: a salt-sheet copy of a Wen & Hung 1970 pure-water row; the water-sheet row is kept.
C3H8_wenhung1970_c2c4_013,removed,,Removed as a duplicate: a salt-sheet copy of a Wen & Hung 1970 pure-water row; the water-sheet row is kept.
C3H8_wenhung1970_c2c4_019,removed,,Removed as a duplicate: a salt-sheet copy of a Wen & Hung 1970 pure-water row; the water-sheet row is kept.
C3H8_yano1974_c2c4_001,removed,,Removed as a duplicate: a second copy of one control value (1.44 mmol/L); one copy is kept.
C3H8_yano1974_c2c4_006,removed,,Removed as a duplicate: a further copy of the one 1.44 mmol/L value of Yano 1974; one copy is kept.
C3H8_yano1974_c2c4_009,removed,,Removed as a duplicate: a further copy of the one 1.44 mmol/L value of Yano 1974; one copy is kept.
C3H8_yano1974_c2c4_012,removed,,Removed as a duplicate: a second copy of one control value (1.44 mmol/L); one copy is kept.
C3H8_yano1974_c2c4_017,removed,,Removed as a duplicate: a further copy of the one 1.44 mmol/L value of Yano 1974; one copy is kept.
CH4_abdi2017_ch4_001,removed,,Removed as a duplicate: Tables 4 and 6 of Abdi 2017 repeat the 8-minute rows of Tables 5 and 7; the time-series rows are kept.
CH4_abdi2017_ch4_002,removed,,Removed as a duplicate: Tables 4 and 6 of Abdi 2017 repeat the 8-minute rows of Tables 5 and 7; the time-series rows are kept.
CH4_abdi2017_ch4_003,removed,,Removed as a duplicate: Tables 4 and 6 of Abdi 2017 repeat the 8-minute rows of Tables 5 and 7; the time-series rows are kept.
CH4_abdi2017_ch4_004,removed,,Removed as a duplicate: Tables 4 and 6 of Abdi 2017 repeat the 8-minute rows of Tables 5 and 7; the time-series rows are kept.
CH4_abdi2017_ch4_005,removed,,Removed as a duplicate: Tables 4 and 6 of Abdi 2017 repeat the 8-minute rows of Tables 5 and 7; the time-series rows are kept.
CH4_abdi2017_ch4_006,removed,,Removed as a duplicate: Tables 4 and 6 of Abdi 2017 repeat the 8-minute rows of Tables 5 and 7; the time-series rows are kept.
CH4_abdi2017_ch4_007,removed,,Removed as a duplicate: Tables 4 and 6 of Abdi 2017 repeat the 8-minute rows of Tables 5 and 7; the time-series rows are kept.
CH4_abdi2017_ch4_008,removed,,Removed as a duplicate: Tables 4 and 6 of Abdi 2017 repeat the 8-minute rows of Tables 5 and 7; the time-series rows are kept.
CH4_abdi2017_ch4_009,removed,,Removed as a duplicate: Tables 4 and 6 of Abdi 2017 repeat the 8-minute rows of Tables 5 and 7; the time-series rows are kept.
CH4_abdi2017_ch4_010,removed,,Removed as a duplicate: Tables 4 and 6 of Abdi 2017 repeat the 8-minute rows of Tables 5 and 7; the time-series rows are kept.
CH4_abdi2017_ch4_011,removed,,Removed as a duplicate: Tables 4 and 6 of Abdi 2017 repeat the 8-minute rows of Tables 5 and 7; the time-series rows are kept.
CH4_abdi2017_ch4_012,removed,,Removed as a duplicate: Tables 4 and 6 of Abdi 2017 repeat the 8-minute rows of Tables 5 and 7; the time-series rows are kept.
CH4_abdi2017_ch4_013,removed,,Removed as a duplicate: Tables 4 and 6 of Abdi 2017 repeat the 8-minute rows of Tables 5 and 7; the time-series rows are kept.
CH4_abdi2017_ch4_014,removed,,Removed as a duplicate: Tables 4 and 6 of Abdi 2017 repeat the 8-minute rows of Tables 5 and 7; the time-series rows are kept.
CH4_abdi2017_ch4_015,removed,,Removed as a duplicate: Tables 4 and 6 of Abdi 2017 repeat the 8-minute rows of Tables 5 and 7; the time-series rows are kept.
CH4_abdi2017_ch4_016,removed,,Removed as a duplicate: Tables 4 and 6 of Abdi 2017 repeat the 8-minute rows of Tables 5 and 7; the time-series rows are kept.
CH4_abdi2017_ch4_017,removed,,Removed as a duplicate: Tables 4 and 6 of Abdi 2017 repeat the 8-minute rows of Tables 5 and 7; the time-series rows are kept.
CH4_abdi2017_ch4_018,removed,,Removed as a duplicate: Tables 4 and 6 of Abdi 2017 repeat the 8-minute rows of Tables 5 and 7; the time-series rows are kept.
CH4_abdi2017_ch4_019,removed,,Removed as a duplicate: Tables 4 and 6 of Abdi 2017 repeat the 8-minute rows of Tables 5 and 7; the time-series rows are kept.
CH4_abdi2017_ch4_020,removed,,Removed as a duplicate: Tables 4 and 6 of Abdi 2017 repeat the 8-minute rows of Tables 5 and 7; the time-series rows are kept.
CH4_abdi2017_ch4_121,removed,,Removed as a duplicate: Tables 4 and 6 of Abdi 2017 repeat the 8-minute rows of Tables 5 and 7; the time-series rows are kept.
CH4_abdi2017_ch4_122,removed,,Removed as a duplicate: Tables 4 and 6 of Abdi 2017 repeat the 8-minute rows of Tables 5 and 7; the time-series rows are kept.
CH4_abdi2017_ch4_123,removed,,Removed as a duplicate: Tables 4 and 6 of Abdi 2017 repeat the 8-minute rows of Tables 5 and 7; the time-series rows are kept.
CH4_abdi2017_ch4_124,removed,,Removed as a duplicate: Tables 4 and 6 of Abdi 2017 repeat the 8-minute rows of Tables 5 and 7; the time-series rows are kept.
CH4_abdi2017_ch4_125,removed,,Removed as a duplicate: Tables 4 and 6 of Abdi 2017 repeat the 8-minute rows of Tables 5 and 7; the time-series rows are kept.
CH4_abdi2017_ch4_126,removed,,Removed as a duplicate: Tables 4 and 6 of Abdi 2017 repeat the 8-minute rows of Tables 5 and 7; the time-series rows are kept.
CH4_abdi2017_ch4_127,removed,,Removed as a duplicate: Tables 4 and 6 of Abdi 2017 repeat the 8-minute rows of Tables 5 and 7; the time-series rows are kept.
CH4_abdi2017_ch4_128,removed,,Removed as a duplicate: Tables 4 and 6 of Abdi 2017 repeat the 8-minute rows of Tables 5 and 7; the time-series rows are kept.
CH4_abdi2017_ch4_129,removed,,Removed as a duplicate: Tables 4 and 6 of Abdi 2017 repeat the 8-minute rows of Tables 5 and 7; the time-series rows are kept.
CH4_abdi2017_ch4_130,removed,,Removed as a duplicate: Tables 4 and 6 of Abdi 2017 repeat the 8-minute rows of Tables 5 and 7; the time-series rows are kept.
CH4_abdi2017_ch4_131,removed,,Removed as a duplicate: Tables 4 and 6 of Abdi 2017 repeat the 8-minute rows of Tables 5 and 7; the time-series rows are kept.
CH4_abdi2017_ch4_132,removed,,Removed as a duplicate: Tables 4 and 6 of Abdi 2017 repeat the 8-minute rows of Tables 5 and 7; the time-series rows are kept.
CH4_abdi2017_ch4_133,removed,,Removed as a duplicate: Tables 4 and 6 of Abdi 2017 repeat the 8-minute rows of Tables 5 and 7; the time-series rows are kept.
CH4_abdi2017_ch4_134,removed,,Removed as a duplicate: Tables 4 and 6 of Abdi 2017 repeat the 8-minute rows of Tables 5 and 7; the time-series rows are kept.
CH4_abdi2017_ch4_135,removed,,Removed as a duplicate: Tables 4 and 6 of Abdi 2017 repeat the 8-minute rows of Tables 5 and 7; the time-series rows are kept.
CH4_abdi2017_ch4_136,removed,,Removed as a duplicate: Tables 4 and 6 of Abdi 2017 repeat the 8-minute rows of Tables 5 and 7; the time-series rows are kept.
CH4_abdi2017_ch4_137,removed,,Removed as a duplicate: Tables 4 and 6 of Abdi 2017 repeat the 8-minute rows of Tables 5 and 7; the time-series rows are kept.
CH4_abdi2017_ch4_138,removed,,Removed as a duplicate: Tables 4 and 6 of Abdi 2017 repeat the 8-minute rows of Tables 5 and 7; the time-series rows are kept.
CH4_abdi2017_ch4_139,removed,,Removed as a duplicate: Tables 4 and 6 of Abdi 2017 repeat the 8-minute rows of Tables 5 and 7; the time-series rows are kept.
CH4_abdi2017_ch4_140,removed,,Removed as a duplicate: Tables 4 and 6 of Abdi 2017 repeat the 8-minute rows of Tables 5 and 7; the time-series rows are kept.
CH4_bennaimyaacobi1974_ch4_001,removed,,"Removed as a duplicate: one smoothed curve printed three times; one row per state, from the first printing, is kept."
CH4_bennaimyaacobi1974_ch4_002,removed,,"Removed as a duplicate: one smoothed curve printed three times; one row per state, from the first printing, is kept."
CH4_bennaimyaacobi1974_ch4_003,removed,,"Removed as a duplicate: one smoothed curve printed three times; one row per state, from the first printing, is kept."
CH4_bennaimyaacobi1974_ch4_004,removed,,"Removed as a duplicate: one smoothed curve printed three times; one row per state, from the first printing, is kept."
CH4_bruusgaard2010_ch4_002,renamed,CO2_bruusgaard2010_ch4_002,The id named CH4 but the row reports CO2; the gas part of the id now names CO2. The source part and the running number are unchanged.
CH4_bruusgaard2010_ch4_004,renamed,CO2_bruusgaard2010_ch4_004,The id named CH4 but the row reports CO2; the gas part of the id now names CO2. The source part and the running number are unchanged.
CH4_bruusgaard2010_ch4_006,renamed,CO2_bruusgaard2010_ch4_006,The id named CH4 but the row reports CO2; the gas part of the id now names CO2. The source part and the running number are unchanged.
CH4_bruusgaard2010_ch4_008,renamed,CO2_bruusgaard2010_ch4_008,The id named CH4 but the row reports CO2; the gas part of the id now names CO2. The source part and the running number are unchanged.
CH4_bruusgaard2010_ch4_010,renamed,CO2_bruusgaard2010_ch4_010,The id named CH4 but the row reports CO2; the gas part of the id now names CO2. The source part and the running number are unchanged.
CH4_bruusgaard2010_ch4_012,renamed,CO2_bruusgaard2010_ch4_012,The id named CH4 but the row reports CO2; the gas part of the id now names CO2. The source part and the running number are unchanged.
CH4_bruusgaard2010_ch4_014,renamed,CO2_bruusgaard2010_ch4_014,The id named CH4 but the row reports CO2; the gas part of the id now names CO2. The source part and the running number are unchanged.
CH4_bruusgaard2010_ch4_016,renamed,CO2_bruusgaard2010_ch4_016,The id named CH4 but the row reports CO2; the gas part of the id now names CO2. The source part and the running number are unchanged.
CH4_bruusgaard2010_ch4_018,renamed,CO2_bruusgaard2010_ch4_018,The id named CH4 but the row reports CO2; the gas part of the id now names CO2. The source part and the running number are unchanged.
CH4_bruusgaard2010_ch4_020,renamed,CO2_bruusgaard2010_ch4_020,The id named CH4 but the row reports CO2; the gas part of the id now names CO2. The source part and the running number are unchanged.
CH4_bruusgaard2010_ch4_022,renamed,CO2_bruusgaard2010_ch4_022,The id named CH4 but the row reports CO2; the gas part of the id now names CO2. The source part and the running number are unchanged.
CH4_bruusgaard2010_ch4_024,renamed,CO2_bruusgaard2010_ch4_024,The id named CH4 but the row reports CO2; the gas part of the id now names CO2. The source part and the running number are unchanged.
CH4_byrnestoessell1982_ch4_001,removed,,Removed as a duplicate: the Stoessell & Byrne 1982 pure-water point reprinted on a salt sheet; one copy per state is kept.
CH4_cramer1984_ch4_095,removed,,Removed as a duplicate: a compilation-sheet copy of a Cramer 1984 row that is also read from the original paper; the row read from the paper is kept.
CH4_cramer1984_ch4_096,removed,,Removed as a duplicate: a compilation-sheet copy of a Cramer 1984 row that is also read from the original paper; the row read from the paper is kept.
CH4_cramer1984_ch4_097,removed,,Removed as a duplicate: a compilation-sheet copy of a Cramer 1984 row that is also read from the original paper; the row read from the paper is kept.
CH4_cramer1984_ch4_098,removed,,Removed as a duplicate: a compilation-sheet copy of a Cramer 1984 row that is also read from the original paper; the row read from the paper is kept.
CH4_cramer1984_ch4_099,removed,,Removed as a duplicate: a compilation-sheet copy of a Cramer 1984 row that is also read from the original paper; the row read from the paper is kept.
CH4_cramer1984_ch4_100,removed,,Removed as a duplicate: a compilation-sheet copy of a Cramer 1984 row that is also read from the original paper; the row read from the paper is kept.
CH4_cramer1984_ch4_101,removed,,Removed as a duplicate: a compilation-sheet copy of a Cramer 1984 row that is also read from the original paper; the row read from the paper is kept.
CH4_cramer1984_ch4_102,removed,,Removed as a duplicate: a compilation-sheet copy of a Cramer 1984 row that is also read from the original paper; the row read from the paper is kept.
CH4_cramer1984_ch4_103,removed,,Removed as a duplicate: a compilation-sheet copy of a Cramer 1984 row that is also read from the original paper; the row read from the paper is kept.
CH4_cramer1984_ch4_104,removed,,Removed as a duplicate: a compilation-sheet copy of a Cramer 1984 row that is also read from the original paper; the row read from the paper is kept.
CH4_cramer1984_ch4_105,removed,,Removed as a duplicate: a compilation-sheet copy of a Cramer 1984 row that is also read from the original paper; the row read from the paper is kept.
CH4_cramer1984_ch4_106,removed,,Removed as a duplicate: a compilation-sheet copy of a Cramer 1984 row that is also read from the original paper; the row read from the paper is kept.
CH4_cramer1984_ch4_107,removed,,Removed as a duplicate: a compilation-sheet copy of a Cramer 1984 row that is also read from the original paper; the row read from the paper is kept.
CH4_cramer1984_ch4_108,removed,,Removed as a duplicate: a compilation-sheet copy of a Cramer 1984 row that is also read from the original paper; the row read from the paper is kept.
CH4_cramer1984_ch4_109,removed,,Removed as a duplicate: a compilation-sheet copy of a Cramer 1984 row that is also read from the original paper; the row read from the paper is kept.
CH4_cramer1984_ch4_110,removed,,Removed as a duplicate: a compilation-sheet copy of a Cramer 1984 row that is also read from the original paper; the row read from the paper is kept.
CH4_culbersonmcketta1951_ch4_074,removed,,Removed as a duplicate: a compilation-sheet copy of a Culberson & McKetta 1951 row that is also read from the original paper; the row read from the paper is kept.
CH4_culbersonmcketta1951_ch4_075,removed,,Removed as a duplicate: a compilation-sheet copy of a Culberson & McKetta 1951 row that is also read from the original paper; the row read from the paper is kept.
CH4_culbersonmcketta1951_ch4_076,removed,,Removed as a duplicate: a compilation-sheet copy of a Culberson & McKetta 1951 row that is also read from the original paper; the row read from the paper is kept.
CH4_culbersonmcketta1951_ch4_077,removed,,Removed as a duplicate: a compilation-sheet copy of a Culberson & McKetta 1951 row that is also read from the original paper; the row read from the paper is kept.
CH4_culbersonmcketta1951_ch4_078,removed,,Removed as a duplicate: a compilation-sheet copy of a Culberson & McKetta 1951 row that is also read from the original paper; the row read from the paper is kept.
CH4_culbersonmcketta1951_ch4_079,removed,,Removed as a duplicate: a compilation-sheet copy of a Culberson & McKetta 1951 row that is also read from the original paper; the row read from the paper is kept.
CH4_culbersonmcketta1951_ch4_080,removed,,Removed as a duplicate: a compilation-sheet copy of a Culberson & McKetta 1951 row that is also read from the original paper; the row read from the paper is kept.
CH4_culbersonmcketta1951_ch4_081,removed,,Removed as a duplicate: a compilation-sheet copy of a Culberson & McKetta 1951 row that is also read from the original paper; the row read from the paper is kept.
CH4_culbersonmcketta1951_ch4_082,removed,,Removed as a duplicate: a compilation-sheet copy of a Culberson & McKetta 1951 row that is also read from the original paper; the row read from the paper is kept.
CH4_culbersonmcketta1951_ch4_083,removed,,Removed as a duplicate: a compilation-sheet copy of a Culberson & McKetta 1951 row that is also read from the original paper; the row read from the paper is kept.
CH4_culbersonmcketta1951_ch4_084,removed,,Removed as a duplicate: a compilation-sheet copy of a Culberson & McKetta 1951 row that is also read from the original paper; the row read from the paper is kept.
CH4_culbersonmcketta1951_ch4_085,removed,,Removed as a duplicate: a compilation-sheet copy of a Culberson & McKetta 1951 row that is also read from the original paper; the row read from the paper is kept.
CH4_kastanidis2017_ch4_002,renamed,CO2_kastanidis2017_ch4_002,The id named CH4 but the row reports CO2; the gas part of the id now names CO2. The source part and the running number are unchanged.
CH4_kastanidis2017_ch4_004,renamed,CO2_kastanidis2017_ch4_004,The id named CH4 but the row reports CO2; the gas part of the id now names CO2. The source part and the running number are unchanged.
CH4_kastanidis2017_ch4_006,renamed,CO2_kastanidis2017_ch4_006,The id named CH4 but the row reports CO2; the gas part of the id now names CO2. The source part and the running number are unchanged.
CH4_kastanidis2017_ch4_008,renamed,CO2_kastanidis2017_ch4_008,The id named CH4 but the row reports CO2; the gas part of the id now names CO2. The source part and the running number are unchanged.
CH4_kastanidis2017_ch4_010,renamed,CO2_kastanidis2017_ch4_010,The id named CH4 but the row reports CO2; the gas part of the id now names CO2. The source part and the running number are unchanged.
CH4_kastanidis2017_ch4_012,renamed,CO2_kastanidis2017_ch4_012,The id named CH4 but the row reports CO2; the gas part of the id now names CO2. The source part and the running number are unchanged.
CH4_kastanidis2017_ch4_014,renamed,CO2_kastanidis2017_ch4_014,The id named CH4 but the row reports CO2; the gas part of the id now names CO2. The source part and the running number are unchanged.
CH4_kastanidis2017_ch4_016,renamed,CO2_kastanidis2017_ch4_016,The id named CH4 but the row reports CO2; the gas part of the id now names CO2. The source part and the running number are unchanged.
CH4_kastanidis2017_ch4_018,renamed,CO2_kastanidis2017_ch4_018,The id named CH4 but the row reports CO2; the gas part of the id now names CO2. The source part and the running number are unchanged.
CH4_kastanidis2017_ch4_020,renamed,CO2_kastanidis2017_ch4_020,The id named CH4 but the row reports CO2; the gas part of the id now names CO2. The source part and the running number are unchanged.
CH4_kastanidis2017_ch4_022,renamed,CO2_kastanidis2017_ch4_022,The id named CH4 but the row reports CO2; the gas part of the id now names CO2. The source part and the running number are unchanged.
CH4_kastanidis2017_ch4_024,renamed,CO2_kastanidis2017_ch4_024,The id named CH4 but the row reports CO2; the gas part of the id now names CO2. The source part and the running number are unchanged.
CH4_kastanidis2017_ch4_026,renamed,CO2_kastanidis2017_ch4_026,The id named CH4 but the row reports CO2; the gas part of the id now names CO2. The source part and the running number are unchanged.
CH4_kastanidis2017_ch4_028,renamed,CO2_kastanidis2017_ch4_028,The id named CH4 but the row reports CO2; the gas part of the id now names CO2. The source part and the running number are unchanged.
CH4_kastanidis2017_ch4_030,renamed,CO2_kastanidis2017_ch4_030,The id named CH4 but the row reports CO2; the gas part of the id now names CO2. The source part and the running number are unchanged.
CH4_kastanidis2017_ch4_032,renamed,CO2_kastanidis2017_ch4_032,The id named CH4 but the row reports CO2; the gas part of the id now names CO2. The source part and the running number are unchanged.
CH4_kastanidis2017_ch4_034,renamed,CO2_kastanidis2017_ch4_034,The id named CH4 but the row reports CO2; the gas part of the id now names CO2. The source part and the running number are unchanged.
CH4_kastanidis2017_ch4_036,renamed,CO2_kastanidis2017_ch4_036,The id named CH4 but the row reports CO2; the gas part of the id now names CO2. The source part and the running number are unchanged.
CH4_kastanidis2017_ch4_038,renamed,CO2_kastanidis2017_ch4_038,The id named CH4 but the row reports CO2; the gas part of the id now names CO2. The source part and the running number are unchanged.
CH4_kastanidis2017_ch4_040,renamed,CO2_kastanidis2017_ch4_040,The id named CH4 but the row reports CO2; the gas part of the id now names CO2. The source part and the running number are unchanged.
CH4_kastanidis2017_ch4_042,renamed,CO2_kastanidis2017_ch4_042,The id named CH4 but the row reports CO2; the gas part of the id now names CO2. The source part and the running number are unchanged.
CH4_kastanidis2017_ch4_044,renamed,CO2_kastanidis2017_ch4_044,The id named CH4 but the row reports CO2; the gas part of the id now names CO2. The source part and the running number are unchanged.
CH4_kastanidis2017_ch4_046,renamed,CO2_kastanidis2017_ch4_046,The id named CH4 but the row reports CO2; the gas part of the id now names CO2. The source part and the running number are unchanged.
CH4_kastanidis2017_ch4_048,renamed,CO2_kastanidis2017_ch4_048,The id named CH4 but the row reports CO2; the gas part of the id now names CO2. The source part and the running number are unchanged.
CH4_kastanidis2017_ch4_050,renamed,CO2_kastanidis2017_ch4_050,The id named CH4 but the row reports CO2; the gas part of the id now names CO2. The source part and the running number are unchanged.
CH4_kastanidis2017_ch4_052,renamed,CO2_kastanidis2017_ch4_052,The id named CH4 but the row reports CO2; the gas part of the id now names CO2. The source part and the running number are unchanged.
CH4_kastanidis2017_ch4_054,renamed,CO2_kastanidis2017_ch4_054,The id named CH4 but the row reports CO2; the gas part of the id now names CO2. The source part and the running number are unchanged.
CH4_kastanidis2017_ch4_056,renamed,CO2_kastanidis2017_ch4_056,The id named CH4 but the row reports CO2; the gas part of the id now names CO2. The source part and the running number are unchanged.
CH4_kastanidis2017_ch4_058,renamed,CO2_kastanidis2017_ch4_058,The id named CH4 but the row reports CO2; the gas part of the id now names CO2. The source part and the running number are unchanged.
CH4_kastanidis2017_ch4_060,renamed,CO2_kastanidis2017_ch4_060,The id named CH4 but the row reports CO2; the gas part of the id now names CO2. The source part and the running number are unchanged.
CH4_kastanidis2017_ch4_062,renamed,CO2_kastanidis2017_ch4_062,The id named CH4 but the row reports CO2; the gas part of the id now names CO2. The source part and the running number are unchanged.
CH4_kastanidis2017_ch4_064,renamed,CO2_kastanidis2017_ch4_064,The id named CH4 but the row reports CO2; the gas part of the id now names CO2. The source part and the running number are unchanged.
CH4_kastanidis2017_ch4_066,renamed,CO2_kastanidis2017_ch4_066,The id named CH4 but the row reports CO2; the gas part of the id now names CO2. The source part and the running number are unchanged.
CH4_kastanidis2017_ch4_068,renamed,CO2_kastanidis2017_ch4_068,The id named CH4 but the row reports CO2; the gas part of the id now names CO2. The source part and the running number are unchanged.
CH4_kastanidis2017_ch4_071,renamed,CO2_kastanidis2017_ch4_071,The id named CH4 but the row reports CO2; the gas part of the id now names CO2. The source part and the running number are unchanged.
CH4_kastanidis2017_ch4_073,renamed,CO2_kastanidis2017_ch4_073,The id named CH4 but the row reports CO2; the gas part of the id now names CO2. The source part and the running number are unchanged.
CH4_kastanidis2017_ch4_075,renamed,CO2_kastanidis2017_ch4_075,The id named CH4 but the row reports CO2; the gas part of the id now names CO2. The source part and the running number are unchanged.
CH4_kastanidis2017_ch4_077,renamed,CO2_kastanidis2017_ch4_077,The id named CH4 but the row reports CO2; the gas part of the id now names CO2. The source part and the running number are unchanged.
CH4_kastanidis2017_ch4_079,renamed,CO2_kastanidis2017_ch4_079,The id named CH4 but the row reports CO2; the gas part of the id now names CO2. The source part and the running number are unchanged.
CH4_kastanidis2017_ch4_081,renamed,CO2_kastanidis2017_ch4_081,The id named CH4 but the row reports CO2; the gas part of the id now names CO2. The source part and the running number are unchanged.
CH4_kastanidis2017_ch4_083,renamed,CO2_kastanidis2017_ch4_083,The id named CH4 but the row reports CO2; the gas part of the id now names CO2. The source part and the running number are unchanged.
CH4_kastanidis2017_ch4_085,renamed,CO2_kastanidis2017_ch4_085,The id named CH4 but the row reports CO2; the gas part of the id now names CO2. The source part and the running number are unchanged.
CH4_kastanidis2017_ch4_087,renamed,CO2_kastanidis2017_ch4_087,The id named CH4 but the row reports CO2; the gas part of the id now names CO2. The source part and the running number are unchanged.
CH4_kastanidis2017_ch4_089,renamed,CO2_kastanidis2017_ch4_089,The id named CH4 but the row reports CO2; the gas part of the id now names CO2. The source part and the running number are unchanged.
CH4_kastanidis2017_ch4_091,renamed,CO2_kastanidis2017_ch4_091,The id named CH4 but the row reports CO2; the gas part of the id now names CO2. The source part and the running number are unchanged.
CH4_kastanidis2017_ch4_093,renamed,CO2_kastanidis2017_ch4_093,The id named CH4 but the row reports CO2; the gas part of the id now names CO2. The source part and the running number are unchanged.
CH4_kastanidis2017_ch4_096,renamed,CO2_kastanidis2017_ch4_096,The id named CH4 but the row reports CO2; the gas part of the id now names CO2. The source part and the running number are unchanged.
CH4_kastanidis2017_ch4_098,renamed,CO2_kastanidis2017_ch4_098,The id named CH4 but the row reports CO2; the gas part of the id now names CO2. The source part and the running number are unchanged.
CH4_kastanidis2017_ch4_100,renamed,CO2_kastanidis2017_ch4_100,The id named CH4 but the row reports CO2; the gas part of the id now names CO2. The source part and the running number are unchanged.
CH4_kastanidis2017_ch4_102,renamed,CO2_kastanidis2017_ch4_102,The id named CH4 but the row reports CO2; the gas part of the id now names CO2. The source part and the running number are unchanged.
CH4_kastanidis2017_ch4_104,renamed,CO2_kastanidis2017_ch4_104,The id named CH4 but the row reports CO2; the gas part of the id now names CO2. The source part and the running number are unchanged.
CH4_kastanidis2017_ch4_106,renamed,CO2_kastanidis2017_ch4_106,The id named CH4 but the row reports CO2; the gas part of the id now names CO2. The source part and the running number are unchanged.
CH4_kastanidis2017_ch4_108,renamed,CO2_kastanidis2017_ch4_108,The id named CH4 but the row reports CO2; the gas part of the id now names CO2. The source part and the running number are unchanged.
CH4_kastanidis2017_ch4_110,renamed,CO2_kastanidis2017_ch4_110,The id named CH4 but the row reports CO2; the gas part of the id now names CO2. The source part and the running number are unchanged.
CH4_kastanidis2017_ch4_112,renamed,CO2_kastanidis2017_ch4_112,The id named CH4 but the row reports CO2; the gas part of the id now names CO2. The source part and the running number are unchanged.
CH4_kastanidis2017_ch4_114,renamed,CO2_kastanidis2017_ch4_114,The id named CH4 but the row reports CO2; the gas part of the id now names CO2. The source part and the running number are unchanged.
CH4_kastanidis2017_ch4_116,renamed,CO2_kastanidis2017_ch4_116,The id named CH4 but the row reports CO2; the gas part of the id now names CO2. The source part and the running number are unchanged.
CH4_kastanidis2017_ch4_118,renamed,CO2_kastanidis2017_ch4_118,The id named CH4 but the row reports CO2; the gas part of the id now names CO2. The source part and the running number are unchanged.
CH4_kastanidis2017_ch4_120,renamed,CO2_kastanidis2017_ch4_120,The id named CH4 but the row reports CO2; the gas part of the id now names CO2. The source part and the running number are unchanged.
CH4_kastanidis2017_ch4_122,renamed,CO2_kastanidis2017_ch4_122,The id named CH4 but the row reports CO2; the gas part of the id now names CO2. The source part and the running number are unchanged.
CH4_kastanidis2017_ch4_124,renamed,CO2_kastanidis2017_ch4_124,The id named CH4 but the row reports CO2; the gas part of the id now names CO2. The source part and the running number are unchanged.
CH4_kastanidis2017_ch4_126,renamed,CO2_kastanidis2017_ch4_126,The id named CH4 but the row reports CO2; the gas part of the id now names CO2. The source part and the running number are unchanged.
CH4_marinakis2013_ch4_002,renamed,C2H6_marinakis2013_ch4_002,The id named CH4 but the row reports C2H6; the gas part of the id now names C2H6. The source part and the running number are unchanged.
CH4_marinakis2013_ch4_003,renamed,C3H8_marinakis2013_ch4_003,The id named CH4 but the row reports C3H8; the gas part of the id now names C3H8. The source part and the running number are unchanged.
CH4_marinakis2013_ch4_005,renamed,C2H6_marinakis2013_ch4_005,The id named CH4 but the row reports C2H6; the gas part of the id now names C2H6. The source part and the running number are unchanged.
CH4_marinakis2013_ch4_006,renamed,C3H8_marinakis2013_ch4_006,The id named CH4 but the row reports C3H8; the gas part of the id now names C3H8. The source part and the running number are unchanged.
CH4_marinakis2013_ch4_008,renamed,C2H6_marinakis2013_ch4_008,The id named CH4 but the row reports C2H6; the gas part of the id now names C2H6. The source part and the running number are unchanged.
CH4_marinakis2013_ch4_009,renamed,C3H8_marinakis2013_ch4_009,The id named CH4 but the row reports C3H8; the gas part of the id now names C3H8. The source part and the running number are unchanged.
CH4_marinakis2013_ch4_011,renamed,C2H6_marinakis2013_ch4_011,The id named CH4 but the row reports C2H6; the gas part of the id now names C2H6. The source part and the running number are unchanged.
CH4_marinakis2013_ch4_012,renamed,C3H8_marinakis2013_ch4_012,The id named CH4 but the row reports C3H8; the gas part of the id now names C3H8. The source part and the running number are unchanged.
CH4_marinakis2013_ch4_014,renamed,C2H6_marinakis2013_ch4_014,The id named CH4 but the row reports C2H6; the gas part of the id now names C2H6. The source part and the running number are unchanged.
CH4_marinakis2013_ch4_015,renamed,C3H8_marinakis2013_ch4_015,The id named CH4 but the row reports C3H8; the gas part of the id now names C3H8. The source part and the running number are unchanged.
CH4_marinakis2013_ch4_017,renamed,C2H6_marinakis2013_ch4_017,The id named CH4 but the row reports C2H6; the gas part of the id now names C2H6. The source part and the running number are unchanged.
CH4_marinakis2013_ch4_018,renamed,C3H8_marinakis2013_ch4_018,The id named CH4 but the row reports C3H8; the gas part of the id now names C3H8. The source part and the running number are unchanged.
CH4_marinakis2013_ch4_020,renamed,C2H6_marinakis2013_ch4_020,The id named CH4 but the row reports C2H6; the gas part of the id now names C2H6. The source part and the running number are unchanged.
CH4_marinakis2013_ch4_021,renamed,C3H8_marinakis2013_ch4_021,The id named CH4 but the row reports C3H8; the gas part of the id now names C3H8. The source part and the running number are unchanged.
CH4_marinakis2013_ch4_023,renamed,C2H6_marinakis2013_ch4_023,The id named CH4 but the row reports C2H6; the gas part of the id now names C2H6. The source part and the running number are unchanged.
CH4_marinakis2013_ch4_024,renamed,C3H8_marinakis2013_ch4_024,The id named CH4 but the row reports C3H8; the gas part of the id now names C3H8. The source part and the running number are unchanged.
CH4_marinakis2013_ch4_026,renamed,C2H6_marinakis2013_ch4_026,The id named CH4 but the row reports C2H6; the gas part of the id now names C2H6. The source part and the running number are unchanged.
CH4_marinakis2013_ch4_027,renamed,C3H8_marinakis2013_ch4_027,The id named CH4 but the row reports C3H8; the gas part of the id now names C3H8. The source part and the running number are unchanged.
CH4_marinakis2013_ch4_029,renamed,C2H6_marinakis2013_ch4_029,The id named CH4 but the row reports C2H6; the gas part of the id now names C2H6. The source part and the running number are unchanged.
CH4_marinakis2013_ch4_030,renamed,C3H8_marinakis2013_ch4_030,The id named CH4 but the row reports C3H8; the gas part of the id now names C3H8. The source part and the running number are unchanged.
CH4_marinakis2013_ch4_032,renamed,C2H6_marinakis2013_ch4_032,The id named CH4 but the row reports C2H6; the gas part of the id now names C2H6. The source part and the running number are unchanged.
CH4_marinakis2013_ch4_033,renamed,C3H8_marinakis2013_ch4_033,The id named CH4 but the row reports C3H8; the gas part of the id now names C3H8. The source part and the running number are unchanged.
CH4_marinakis2013_ch4_035,renamed,C2H6_marinakis2013_ch4_035,The id named CH4 but the row reports C2H6; the gas part of the id now names C2H6. The source part and the running number are unchanged.
CH4_marinakis2013_ch4_036,renamed,C3H8_marinakis2013_ch4_036,The id named CH4 but the row reports C3H8; the gas part of the id now names C3H8. The source part and the running number are unchanged.
CH4_marinakis2013_ch4_038,renamed,C2H6_marinakis2013_ch4_038,The id named CH4 but the row reports C2H6; the gas part of the id now names C2H6. The source part and the running number are unchanged.
CH4_marinakis2013_ch4_039,renamed,C3H8_marinakis2013_ch4_039,The id named CH4 but the row reports C3H8; the gas part of the id now names C3H8. The source part and the running number are unchanged.
CH4_marinakis2013_ch4_041,renamed,C2H6_marinakis2013_ch4_041,The id named CH4 but the row reports C2H6; the gas part of the id now names C2H6. The source part and the running number are unchanged.
CH4_marinakis2013_ch4_042,renamed,C3H8_marinakis2013_ch4_042,The id named CH4 but the row reports C3H8; the gas part of the id now names C3H8. The source part and the running number are unchanged.
CH4_marinakis2013_ch4_044,renamed,C2H6_marinakis2013_ch4_044,The id named CH4 but the row reports C2H6; the gas part of the id now names C2H6. The source part and the running number are unchanged.
CH4_marinakis2013_ch4_045,renamed,C3H8_marinakis2013_ch4_045,The id named CH4 but the row reports C3H8; the gas part of the id now names C3H8. The source part and the running number are unchanged.
CH4_marinakis2013_ch4_047,renamed,C2H6_marinakis2013_ch4_047,The id named CH4 but the row reports C2H6; the gas part of the id now names C2H6. The source part and the running number are unchanged.
CH4_marinakis2013_ch4_048,renamed,C3H8_marinakis2013_ch4_048,The id named CH4 but the row reports C3H8; the gas part of the id now names C3H8. The source part and the running number are unchanged.
CH4_marinakis2013_ch4_050,renamed,C2H6_marinakis2013_ch4_050,The id named CH4 but the row reports C2H6; the gas part of the id now names C2H6. The source part and the running number are unchanged.
CH4_marinakis2013_ch4_051,renamed,C3H8_marinakis2013_ch4_051,The id named CH4 but the row reports C3H8; the gas part of the id now names C3H8. The source part and the running number are unchanged.
CH4_marinakis2013_ch4_053,renamed,C2H6_marinakis2013_ch4_053,The id named CH4 but the row reports C2H6; the gas part of the id now names C2H6. The source part and the running number are unchanged.
CH4_marinakis2013_ch4_054,renamed,C3H8_marinakis2013_ch4_054,The id named CH4 but the row reports C3H8; the gas part of the id now names C3H8. The source part and the running number are unchanged.
CH4_marinakis2013_ch4_056,renamed,C2H6_marinakis2013_ch4_056,The id named CH4 but the row reports C2H6; the gas part of the id now names C2H6. The source part and the running number are unchanged.
CH4_marinakis2013_ch4_057,renamed,C3H8_marinakis2013_ch4_057,The id named CH4 but the row reports C3H8; the gas part of the id now names C3H8. The source part and the running number are unchanged.
CH4_marinakis2013_ch4_059,renamed,C2H6_marinakis2013_ch4_059,The id named CH4 but the row reports C2H6; the gas part of the id now names C2H6. The source part and the running number are unchanged.
CH4_marinakis2013_ch4_060,renamed,C3H8_marinakis2013_ch4_060,The id named CH4 but the row reports C3H8; the gas part of the id now names C3H8. The source part and the running number are unchanged.
CH4_marinakis2013_ch4_062,renamed,C2H6_marinakis2013_ch4_062,The id named CH4 but the row reports C2H6; the gas part of the id now names C2H6. The source part and the running number are unchanged.
CH4_marinakis2013_ch4_063,renamed,C3H8_marinakis2013_ch4_063,The id named CH4 but the row reports C3H8; the gas part of the id now names C3H8. The source part and the running number are unchanged.
CH4_marinakis2013_ch4_065,renamed,C2H6_marinakis2013_ch4_065,The id named CH4 but the row reports C2H6; the gas part of the id now names C2H6. The source part and the running number are unchanged.
CH4_marinakis2013_ch4_066,renamed,C3H8_marinakis2013_ch4_066,The id named CH4 but the row reports C3H8; the gas part of the id now names C3H8. The source part and the running number are unchanged.
CH4_marinakis2013_ch4_068,renamed,C2H6_marinakis2013_ch4_068,The id named CH4 but the row reports C2H6; the gas part of the id now names C2H6. The source part and the running number are unchanged.
CH4_marinakis2013_ch4_069,renamed,C3H8_marinakis2013_ch4_069,The id named CH4 but the row reports C3H8; the gas part of the id now names C3H8. The source part and the running number are unchanged.
CH4_marinakis2013_ch4_071,renamed,C2H6_marinakis2013_ch4_071,The id named CH4 but the row reports C2H6; the gas part of the id now names C2H6. The source part and the running number are unchanged.
CH4_marinakis2013_ch4_072,renamed,C3H8_marinakis2013_ch4_072,The id named CH4 but the row reports C3H8; the gas part of the id now names C3H8. The source part and the running number are unchanged.
CH4_marinakis2013_ch4_074,renamed,C2H6_marinakis2013_ch4_074,The id named CH4 but the row reports C2H6; the gas part of the id now names C2H6. The source part and the running number are unchanged.
CH4_marinakis2013_ch4_075,renamed,C3H8_marinakis2013_ch4_075,The id named CH4 but the row reports C3H8; the gas part of the id now names C3H8. The source part and the running number are unchanged.
CH4_marinakis2013_ch4_077,renamed,C2H6_marinakis2013_ch4_077,The id named CH4 but the row reports C2H6; the gas part of the id now names C2H6. The source part and the running number are unchanged.
CH4_marinakis2013_ch4_078,renamed,C3H8_marinakis2013_ch4_078,The id named CH4 but the row reports C3H8; the gas part of the id now names C3H8. The source part and the running number are unchanged.
CH4_marinakis2013_ch4_080,renamed,C2H6_marinakis2013_ch4_080,The id named CH4 but the row reports C2H6; the gas part of the id now names C2H6. The source part and the running number are unchanged.
CH4_marinakis2013_ch4_081,renamed,C3H8_marinakis2013_ch4_081,The id named CH4 but the row reports C3H8; the gas part of the id now names C3H8. The source part and the running number are unchanged.
CH4_marinakis2013_ch4_083,renamed,C2H6_marinakis2013_ch4_083,The id named CH4 but the row reports C2H6; the gas part of the id now names C2H6. The source part and the running number are unchanged.
CH4_marinakis2013_ch4_084,renamed,C3H8_marinakis2013_ch4_084,The id named CH4 but the row reports C3H8; the gas part of the id now names C3H8. The source part and the running number are unchanged.
CH4_marinakis2013_ch4_086,renamed,C2H6_marinakis2013_ch4_086,The id named CH4 but the row reports C2H6; the gas part of the id now names C2H6. The source part and the running number are unchanged.
CH4_marinakis2013_ch4_087,renamed,C3H8_marinakis2013_ch4_087,The id named CH4 but the row reports C3H8; the gas part of the id now names C3H8. The source part and the running number are unchanged.
CH4_marinakis2013_ch4_089,renamed,C2H6_marinakis2013_ch4_089,The id named CH4 but the row reports C2H6; the gas part of the id now names C2H6. The source part and the running number are unchanged.
CH4_marinakis2013_ch4_090,renamed,C3H8_marinakis2013_ch4_090,The id named CH4 but the row reports C3H8; the gas part of the id now names C3H8. The source part and the running number are unchanged.
CH4_marinakis2013_ch4_092,renamed,C2H6_marinakis2013_ch4_092,The id named CH4 but the row reports C2H6; the gas part of the id now names C2H6. The source part and the running number are unchanged.
CH4_marinakis2013_ch4_093,renamed,C3H8_marinakis2013_ch4_093,The id named CH4 but the row reports C3H8; the gas part of the id now names C3H8. The source part and the running number are unchanged.
CH4_marinakis2013_ch4_095,renamed,C2H6_marinakis2013_ch4_095,The id named CH4 but the row reports C2H6; the gas part of the id now names C2H6. The source part and the running number are unchanged.
CH4_marinakis2013_ch4_096,renamed,C3H8_marinakis2013_ch4_096,The id named CH4 but the row reports C3H8; the gas part of the id now names C3H8. The source part and the running number are unchanged.
CH4_marinakis2013_ch4_098,renamed,C2H6_marinakis2013_ch4_098,The id named CH4 but the row reports C2H6; the gas part of the id now names C2H6. The source part and the running number are unchanged.
CH4_marinakis2013_ch4_099,renamed,C3H8_marinakis2013_ch4_099,The id named CH4 but the row reports C3H8; the gas part of the id now names C3H8. The source part and the running number are unchanged.
CH4_marinakis2013_ch4_101,renamed,C2H6_marinakis2013_ch4_101,The id named CH4 but the row reports C2H6; the gas part of the id now names C2H6. The source part and the running number are unchanged.
CH4_marinakis2013_ch4_102,renamed,C3H8_marinakis2013_ch4_102,The id named CH4 but the row reports C3H8; the gas part of the id now names C3H8. The source part and the running number are unchanged.
CH4_marinakis2013_ch4_104,renamed,C2H6_marinakis2013_ch4_104,The id named CH4 but the row reports C2H6; the gas part of the id now names C2H6. The source part and the running number are unchanged.
CH4_marinakis2013_ch4_105,renamed,C3H8_marinakis2013_ch4_105,The id named CH4 but the row reports C3H8; the gas part of the id now names C3H8. The source part and the running number are unchanged.
CH4_marinakis2013_ch4_107,renamed,C2H6_marinakis2013_ch4_107,The id named CH4 but the row reports C2H6; the gas part of the id now names C2H6. The source part and the running number are unchanged.
CH4_marinakis2013_ch4_108,renamed,C3H8_marinakis2013_ch4_108,The id named CH4 but the row reports C3H8; the gas part of the id now names C3H8. The source part and the running number are unchanged.
CH4_marinakis2013_ch4_110,renamed,C2H6_marinakis2013_ch4_110,The id named CH4 but the row reports C2H6; the gas part of the id now names C2H6. The source part and the running number are unchanged.
CH4_marinakis2013_ch4_111,renamed,C3H8_marinakis2013_ch4_111,The id named CH4 but the row reports C3H8; the gas part of the id now names C3H8. The source part and the running number are unchanged.
CH4_marinakis2013_ch4_113,renamed,C2H6_marinakis2013_ch4_113,The id named CH4 but the row reports C2H6; the gas part of the id now names C2H6. The source part and the running number are unchanged.
CH4_marinakis2013_ch4_114,renamed,C3H8_marinakis2013_ch4_114,The id named CH4 but the row reports C3H8; the gas part of the id now names C3H8. The source part and the running number are unchanged.
CH4_marinakis2013_ch4_116,renamed,C2H6_marinakis2013_ch4_116,The id named CH4 but the row reports C2H6; the gas part of the id now names C2H6. The source part and the running number are unchanged.
CH4_marinakis2013_ch4_117,renamed,C3H8_marinakis2013_ch4_117,The id named CH4 but the row reports C3H8; the gas part of the id now names C3H8. The source part and the running number are unchanged.
CH4_marinakis2013_ch4_119,renamed,C2H6_marinakis2013_ch4_119,The id named CH4 but the row reports C2H6; the gas part of the id now names C2H6. The source part and the running number are unchanged.
CH4_marinakis2013_ch4_120,renamed,C3H8_marinakis2013_ch4_120,The id named CH4 but the row reports C3H8; the gas part of the id now names C3H8. The source part and the running number are unchanged.
CH4_marinakis2013_ch4_122,renamed,C2H6_marinakis2013_ch4_122,The id named CH4 but the row reports C2H6; the gas part of the id now names C2H6. The source part and the running number are unchanged.
CH4_marinakis2013_ch4_123,renamed,C3H8_marinakis2013_ch4_123,The id named CH4 but the row reports C3H8; the gas part of the id now names C3H8. The source part and the running number are unchanged.
CH4_marinakis2013_ch4_125,renamed,C2H6_marinakis2013_ch4_125,The id named CH4 but the row reports C2H6; the gas part of the id now names C2H6. The source part and the running number are unchanged.
CH4_marinakis2013_ch4_126,renamed,C3H8_marinakis2013_ch4_126,The id named CH4 but the row reports C3H8; the gas part of the id now names C3H8. The source part and the running number are unchanged.
CH4_marinakis2013_ch4_128,renamed,C2H6_marinakis2013_ch4_128,The id named CH4 but the row reports C2H6; the gas part of the id now names C2H6. The source part and the running number are unchanged.
CH4_marinakis2013_ch4_129,renamed,C3H8_marinakis2013_ch4_129,The id named CH4 but the row reports C3H8; the gas part of the id now names C3H8. The source part and the running number are unchanged.
CH4_marinakis2013_ch4_131,renamed,C2H6_marinakis2013_ch4_131,The id named CH4 but the row reports C2H6; the gas part of the id now names C2H6. The source part and the running number are unchanged.
CH4_marinakis2013_ch4_132,renamed,C3H8_marinakis2013_ch4_132,The id named CH4 but the row reports C3H8; the gas part of the id now names C3H8. The source part and the running number are unchanged.
CH4_marinakis2013_ch4_134,renamed,C2H6_marinakis2013_ch4_134,The id named CH4 but the row reports C2H6; the gas part of the id now names C2H6. The source part and the running number are unchanged.
CH4_marinakis2013_ch4_135,renamed,C3H8_marinakis2013_ch4_135,The id named CH4 but the row reports C3H8; the gas part of the id now names C3H8. The source part and the running number are unchanged.
CH4_marinakis2013_ch4_137,renamed,C2H6_marinakis2013_ch4_137,The id named CH4 but the row reports C2H6; the gas part of the id now names C2H6. The source part and the running number are unchanged.
CH4_marinakis2013_ch4_138,renamed,C3H8_marinakis2013_ch4_138,The id named CH4 but the row reports C3H8; the gas part of the id now names C3H8. The source part and the running number are unchanged.
CH4_marinakis2013_ch4_140,renamed,C2H6_marinakis2013_ch4_140,The id named CH4 but the row reports C2H6; the gas part of the id now names C2H6. The source part and the running number are unchanged.
CH4_marinakis2013_ch4_141,renamed,C3H8_marinakis2013_ch4_141,The id named CH4 but the row reports C3H8; the gas part of the id now names C3H8. The source part and the running number are unchanged.
CH4_marinakis2013_ch4_143,renamed,C2H6_marinakis2013_ch4_143,The id named CH4 but the row reports C2H6; the gas part of the id now names C2H6. The source part and the running number are unchanged.
CH4_marinakis2013_ch4_144,renamed,C3H8_marinakis2013_ch4_144,The id named CH4 but the row reports C3H8; the gas part of the id now names C3H8. The source part and the running number are unchanged.
CH4_marinakis2013_ch4_146,renamed,C2H6_marinakis2013_ch4_146,The id named CH4 but the row reports C2H6; the gas part of the id now names C2H6. The source part and the running number are unchanged.
CH4_marinakis2013_ch4_147,renamed,C3H8_marinakis2013_ch4_147,The id named CH4 but the row reports C3H8; the gas part of the id now names C3H8. The source part and the running number are unchanged.
CH4_marinakis2013_ch4_149,renamed,C2H6_marinakis2013_ch4_149,The id named CH4 but the row reports C2H6; the gas part of the id now names C2H6. The source part and the running number are unchanged.
CH4_marinakis2013_ch4_150,renamed,C3H8_marinakis2013_ch4_150,The id named CH4 but the row reports C3H8; the gas part of the id now names C3H8. The source part and the running number are unchanged.
CH4_marinakis2013_ch4_152,renamed,C2H6_marinakis2013_ch4_152,The id named CH4 but the row reports C2H6; the gas part of the id now names C2H6. The source part and the running number are unchanged.
CH4_marinakis2013_ch4_153,renamed,C3H8_marinakis2013_ch4_153,The id named CH4 but the row reports C3H8; the gas part of the id now names C3H8. The source part and the running number are unchanged.
CH4_marinakis2013_ch4_155,renamed,C2H6_marinakis2013_ch4_155,The id named CH4 but the row reports C2H6; the gas part of the id now names C2H6. The source part and the running number are unchanged.
CH4_marinakis2013_ch4_156,renamed,C3H8_marinakis2013_ch4_156,The id named CH4 but the row reports C3H8; the gas part of the id now names C3H8. The source part and the running number are unchanged.
CH4_marinakis2013_ch4_158,renamed,C2H6_marinakis2013_ch4_158,The id named CH4 but the row reports C2H6; the gas part of the id now names C2H6. The source part and the running number are unchanged.
CH4_marinakis2013_ch4_159,renamed,C3H8_marinakis2013_ch4_159,The id named CH4 but the row reports C3H8; the gas part of the id now names C3H8. The source part and the running number are unchanged.
CH4_marinakis2013_ch4_161,renamed,C2H6_marinakis2013_ch4_161,The id named CH4 but the row reports C2H6; the gas part of the id now names C2H6. The source part and the running number are unchanged.
CH4_marinakis2013_ch4_162,renamed,C3H8_marinakis2013_ch4_162,The id named CH4 but the row reports C3H8; the gas part of the id now names C3H8. The source part and the running number are unchanged.
CH4_osullivansmith1970_ch4_071,removed,,Removed as a duplicate: a compilation-sheet copy of an O'Sullivan & Smith 1970 row that is also read from the original paper; the row read from the paper is kept.
CH4_osullivansmith1970_ch4_072,removed,,Removed as a duplicate: a compilation-sheet copy of an O'Sullivan & Smith 1970 row that is also read from the original paper; the row read from the paper is kept.
CH4_osullivansmith1970_ch4_073,removed,,Removed as a duplicate: a compilation-sheet copy of an O'Sullivan & Smith 1970 row that is also read from the original paper; the row read from the paper is kept.
CH4_osullivansmith1970_ch4_074,removed,,Removed as a duplicate: a compilation-sheet copy of an O'Sullivan & Smith 1970 row that is also read from the original paper; the row read from the paper is kept.
CH4_stoessellbyrne1982_ch4_002,removed,,Removed as a duplicate: this water-sheet row holds the first printed series (a) of a Stoessell & Byrne 1982 pure-water point; the series-b copy of the same state is kept.
CH4_stoessellbyrne1982_ch4_003,removed,,Removed as a duplicate: this water-sheet row holds the first printed series (a) of a Stoessell & Byrne 1982 pure-water point; the series-b copy of the same state is kept.
CH4_stoessellbyrne1982_ch4_021,removed,,Removed as a duplicate: the Stoessell & Byrne 1982 pure-water point reprinted on a salt sheet; one copy per state is kept.
CH4_stoessellbyrne1982_ch4_025,removed,,Removed as a duplicate: the Stoessell & Byrne 1982 pure-water point reprinted on a salt sheet; one copy per state is kept.
CH4_stoessellbyrne1982_ch4_032,removed,,Removed as a duplicate: Stoessell & Byrne 1982 print the pure-water points at 3.79 and 5.17 MPa on the water sheet and again on four salt sheets; one copy per state (series b) is kept.
CH4_stoessellbyrne1982_ch4_036,removed,,Removed as a duplicate: Stoessell & Byrne 1982 print the pure-water points at 3.79 and 5.17 MPa on the water sheet and again on four salt sheets; one copy per state (series b) is kept.
CH4_stoessellbyrne1982_ch4_044,removed,,Removed as a duplicate: Stoessell & Byrne 1982 print the pure-water points at 3.79 and 5.17 MPa on the water sheet and again on four salt sheets; one copy per state (series b) is kept.
CH4_stoessellbyrne1982_ch4_049,removed,,Removed as a duplicate: Stoessell & Byrne 1982 print the pure-water points at 3.79 and 5.17 MPa on the water sheet and again on four salt sheets; one copy per state (series b) is kept.
CH4_stoessellbyrne1982_ch4_056,removed,,Removed as a duplicate: the Stoessell & Byrne 1982 pure-water point reprinted on a salt sheet; one copy per state is kept.
CH4_stoessellbyrne1982_ch4_059,removed,,Removed as a duplicate: the Stoessell & Byrne 1982 pure-water point reprinted on a salt sheet; one copy per state is kept.
CH4_stoessellbyrne1982_ch4_064,removed,,Removed as a duplicate: the Stoessell & Byrne 1982 pure-water point reprinted on a salt sheet; one copy per state is kept.
CH4_stoessellbyrne1982_ch4_067,removed,,Removed as a duplicate: the Stoessell & Byrne 1982 pure-water point reprinted on a salt sheet; one copy per state is kept.
CH4_stoessellbyrne1982_ch4_073,removed,,Removed as a duplicate: the Stoessell & Byrne 1982 pure-water point reprinted on a salt sheet; one copy per state is kept.
CH4_stoessellbyrne1982_ch4_077,removed,,Removed as a duplicate: the Stoessell & Byrne 1982 pure-water point reprinted on a salt sheet; one copy per state is kept.
CH4_stoessellbyrne1982_ch4_085,removed,,Removed as a duplicate: Stoessell & Byrne 1982 print the pure-water points at 3.79 and 5.17 MPa on the water sheet and again on four salt sheets; one copy per state (series b) is kept.
CH4_stoessellbyrne1982_ch4_090,removed,,Removed as a duplicate: Stoessell & Byrne 1982 print the pure-water points at 3.79 and 5.17 MPa on the water sheet and again on four salt sheets; one copy per state (series b) is kept.
CH4_stoessellbyrne1982_ch4_097,removed,,Removed as a duplicate: the Stoessell & Byrne 1982 pure-water point reprinted on a salt sheet; one copy per state is kept.
CH4_stoessellbyrne1982_ch4_100,removed,,Removed as a duplicate: the Stoessell & Byrne 1982 pure-water point reprinted on a salt sheet; one copy per state is kept.
CH4_stoessellbyrne1982_ch4_105,removed,,Removed as a duplicate: the Stoessell & Byrne 1982 pure-water point reprinted on a salt sheet; one copy per state is kept.
CH4_stoessellbyrne1982_ch4_108,removed,,Removed as a duplicate: the Stoessell & Byrne 1982 pure-water point reprinted on a salt sheet; one copy per state is kept.
CH4_stoessellbyrne1982_ch4_114,removed,,Removed as a duplicate: the Stoessell & Byrne 1982 pure-water point reprinted on a salt sheet; one copy per state is kept.
CH4_stoessellbyrne1982_ch4_118,removed,,Removed as a duplicate: the Stoessell & Byrne 1982 pure-water point reprinted on a salt sheet; one copy per state is kept.
CH4_sultanovskripkanamiot1972_ch4_046,retired,CH4_sultanovskripkanamiot1972_ch4_120,Published in v1.2 as a CH4 solubility row; the measurement is a critical point and now ships in phase_boundaries as CH4_sultanovskripkanamiot1972_ch4_120. This id is not reused.
CH4_sultanovskripkanamiot1972_ch4_047,retired,CH4_sultanovskripkanamiot1972_ch4_121,Published in v1.2 as a CH4 solubility row; the measurement is a critical point and now ships in phase_boundaries as CH4_sultanovskripkanamiot1972_ch4_121. This id is not reused.
CH4_sultanovskripkanamiot1972_ch4_057,retired,CH4_sultanovskripkanamiot1972_ch4_122,Published in v1.2 as a CH4 solubility row; the measurement is a critical point and now ships in phase_boundaries as CH4_sultanovskripkanamiot1972_ch4_122. This id is not reused.
CH4_sultanovskripkanamiot1972_ch4_063,retired,CH4_sultanovskripkanamiot1972_ch4_123,Published in v1.2 as a CH4 solubility row; the measurement is a critical point and now ships in phase_boundaries as CH4_sultanovskripkanamiot1972_ch4_123. This id is not reused.
CH4_wenhung1970_ch4_005,removed,,Removed as a duplicate: a Wen & Hung 1970 pure-water value reprinted on a salt sheet; the water-sheet row is kept.
CH4_wenhung1970_ch4_007,removed,,Removed as a duplicate: a Wen & Hung 1970 pure-water value reprinted on a salt sheet; the water-sheet row is kept.
CH4_wenhung1970_ch4_009,removed,,Removed as a duplicate: a Wen & Hung 1970 pure-water value reprinted on a salt sheet; the water-sheet row is kept.
CH4_wenhung1970_ch4_011,removed,,Removed as a duplicate: a Wen & Hung 1970 pure-water value reprinted on a salt sheet; the water-sheet row is kept.
CH4_winkler1901_ch4_001,removed,,"Removed as a duplicate: one of the nine averages of Winkler 1901, whose 38 single readings are kept."
CH4_winkler1901_ch4_002,removed,,"Removed as a duplicate: one of the nine averages of Winkler 1901, whose 38 single readings are kept."
CH4_winkler1901_ch4_003,removed,,"Removed as a duplicate: one of the nine averages of Winkler 1901, whose 38 single readings are kept."
CH4_winkler1901_ch4_004,removed,,"Removed as a duplicate: one of the nine averages of Winkler 1901, whose 38 single readings are kept."
CH4_winkler1901_ch4_005,removed,,"Removed as a duplicate: one of the nine averages of Winkler 1901, whose 38 single readings are kept."
CH4_winkler1901_ch4_006,removed,,"Removed as a duplicate: one of the nine averages of Winkler 1901, whose 38 single readings are kept."
CH4_winkler1901_ch4_007,removed,,"Removed as a duplicate: one of the nine averages of Winkler 1901, whose 38 single readings are kept."
CH4_winkler1901_ch4_008,removed,,"Removed as a duplicate: one of the nine averages of Winkler 1901, whose 38 single readings are kept."
CH4_winkler1901_ch4_009,removed,,"Removed as a duplicate: one of the nine averages of Winkler 1901, whose 38 single readings are kept."
CH4_yaacobibennaim1973_ch4_001,removed,,"Removed as a duplicate: one smoothed curve printed three times; one row per state, from the first printing, is kept."
CH4_yaacobibennaim1973_ch4_002,removed,,"Removed as a duplicate: one smoothed curve printed three times; one row per state, from the first printing, is kept."
CH4_yaacobibennaim1973_ch4_003,removed,,"Removed as a duplicate: one smoothed curve printed three times; one row per state, from the first printing, is kept."
CH4_yaacobibennaim1973_ch4_004,removed,,"Removed as a duplicate: one smoothed curve printed three times; one row per state, from the first printing, is kept."
CO2_alimohammadi2025_co2_009,removed,,Removed as a duplicate: the 5-day average row of Alimohammadi 2025 (Table 1); the two 5-day single readings are kept.
CO2_liu2021_co2_076,removed,,Removed as a duplicate: a Liu 2021 row at 333 K that is digit for digit a row of Mohammadian 2015; the Mohammadian row is kept.
CO2_liu2021_co2_077,removed,,Removed as a duplicate: a Liu 2021 row at 333 K that is digit for digit a row of Mohammadian 2015; the Mohammadian row is kept.
CO2_liu2021_co2_078,removed,,Removed as a duplicate: a Liu 2021 row at 333 K that is digit for digit a row of Mohammadian 2015; the Mohammadian row is kept.
CO2_liu2021_co2_080,removed,,Removed as a duplicate: a Liu 2021 row at 333 K that is digit for digit a row of Mohammadian 2015; the Mohammadian row is kept.
CO2_liu2021_co2_081,removed,,Removed as a duplicate: a Liu 2021 row at 333 K that is digit for digit a row of Mohammadian 2015; the Mohammadian row is kept.
CO2_liu2021_co2_084,removed,,Removed as a duplicate: a Liu 2021 row at 333 K that is digit for digit a row of Mohammadian 2015; the Mohammadian row is kept.
CO2_liu2021_co2_088,removed,,Removed as a duplicate: a Liu 2021 row at 333 K that is digit for digit a row of Mohammadian 2015; the Mohammadian row is kept.
CO2_liu2021_co2_090,removed,,Removed as a duplicate: a Liu 2021 row at 333 K that is digit for digit a row of Mohammadian 2015; the Mohammadian row is kept.
CO2_malinin1959_co2_027,removed,,Removed as a duplicate: the Malinin 1959 values at 490 bar are printed twice across a column break; the first printing is kept.
CO2_malinin1959_co2_028,removed,,Removed as a duplicate: the Malinin 1959 values at 490 bar are printed twice across a column break; the first printing is kept.
CO2_malinin1959_co2_029,removed,,Removed as a duplicate: the Malinin 1959 values at 490 bar are printed twice across a column break; the first printing is kept.
CO2_markhamkobe1941_co2_001,removed,,Removed as a duplicate: the Markham & Kobe 1941 values were stored twice; the copy read from the original paper is kept.
CO2_markhamkobe1941_co2_002,removed,,Removed as a duplicate: the Markham & Kobe 1941 values were stored twice; the copy read from the original paper is kept.
CO2_markhamkobe1941_co2_003,removed,,Removed as a duplicate: the Markham & Kobe 1941 values were stored twice; the copy read from the original paper is kept.
CO2_nighswanderetal1989_co2_008,removed,,Removed as a duplicate: a copy of Nighswander et al. 1989 taken from a later database; the copy in the IUPAC handbook is kept.
CO2_nighswanderetal1989_co2_009,removed,,Removed as a duplicate: a copy of Nighswander et al. 1989 taken from a later database; the copy in the IUPAC handbook is kept.
CO2_nighswanderetal1989_co2_010,removed,,Removed as a duplicate: a copy of Nighswander et al. 1989 taken from a later database; the copy in the IUPAC handbook is kept.
CO2_nighswanderetal1989_co2_011,removed,,Removed as a duplicate: a copy of Nighswander et al. 1989 taken from a later database; the copy in the IUPAC handbook is kept.
CO2_nighswanderetal1989_co2_012,removed,,Removed as a duplicate: a copy of Nighswander et al. 1989 taken from a later database; the copy in the IUPAC handbook is kept.
CO2_nighswanderetal1989_co2_013,removed,,Removed as a duplicate: a copy of Nighswander et al. 1989 taken from a later database; the copy in the IUPAC handbook is kept.
CO2_sander1912_co2_055,removed,,Removed as a duplicate: a copy of Sander 1912 taken from a later database; the copy in the IUPAC handbook is kept.
CO2_sander1912_co2_056,removed,,Removed as a duplicate: a copy of Sander 1912 taken from a later database; the copy in the IUPAC handbook is kept.
CO2_sander1912_co2_057,removed,,Removed as a duplicate: a copy of Sander 1912 taken from a later database; the copy in the IUPAC handbook is kept.
CO2_sander1912_co2_058,removed,,Removed as a duplicate: a copy of Sander 1912 taken from a later database; the copy in the IUPAC handbook is kept.
CO2_sander1912_co2_059,removed,,Removed as a duplicate: a copy of Sander 1912 taken from a later database; the copy in the IUPAC handbook is kept.
CO2_sander1912_co2_060,removed,,Removed as a duplicate: a copy of Sander 1912 taken from a later database; the copy in the IUPAC handbook is kept.
CO2_sander1912_co2_061,removed,,Removed as a duplicate: a copy of Sander 1912 taken from a later database; the copy in the IUPAC handbook is kept.
CO2_sander1912_co2_062,removed,,Removed as a duplicate: a copy of Sander 1912 taken from a later database; the copy in the IUPAC handbook is kept.
CO2_sander1912_co2_063,removed,,Removed as a duplicate: a copy of Sander 1912 taken from a later database; the copy in the IUPAC handbook is kept.
CO2_sechenov1892_co2_001,removed,,Removed as a duplicate: Sechenov's 1887 values printed again in a later reprint; the copies from the 1887 publication are kept.
CO2_sechenov1892_co2_034,removed,,Removed as a duplicate: Sechenov's 1887 values printed again in a later reprint; the copies from the 1887 publication are kept.
CO2_sechenov1892_co2_035,removed,,Removed as a duplicate: Sechenov's 1887 values printed again in a later reprint; the copies from the 1887 publication are kept.
CO2_sechenov1892_co2_036,removed,,Removed as a duplicate: Sechenov's 1887 values printed again in a later reprint; the copies from the 1887 publication are kept.
CO2_sechenov1892_co2_037,removed,,Removed as a duplicate: Sechenov's 1887 values printed again in a later reprint; the copies from the 1887 publication are kept.
CO2_sechenov1892_co2_038,removed,,Removed as a duplicate: Sechenov's 1887 values printed again in a later reprint; the copies from the 1887 publication are kept.
CO2_sechenov1892_co2_039,removed,,Removed as a duplicate: Sechenov's 1887 values printed again in a later reprint; the copies from the 1887 publication are kept.
CO2_sechenov1892_co2_040,removed,,Removed as a duplicate: Sechenov's 1887 values printed again in a later reprint; the copies from the 1887 publication are kept.
CO2_sechenov1892_co2_041,removed,,Removed as a duplicate: Sechenov's 1887 values printed again in a later reprint; the copies from the 1887 publication are kept.
CO2_shagiakhmetovandtarzimanov1981_co2_001,removed,,Removed as a duplicate: a copy taken from a later database; the copy in the IUPAC handbook is kept.
CO2_shagiakhmetovandtarzimanov1981_co2_002,removed,,Removed as a duplicate: a copy taken from a later database; the copy in the IUPAC handbook is kept.
CO2_shagiakhmetovandtarzimanov1981_co2_003,removed,,Removed as a duplicate: a copy taken from a later database; the copy in the IUPAC handbook is kept.
CO2_shagiakhmetovandtarzimanov1981_co2_004,removed,,Removed as a duplicate: a copy taken from a later database; the copy in the IUPAC handbook is kept.
CO2_takenouchikennedy1964_co2_117,removed,,Removed as a duplicate: Takenouchi & Kennedy 1964 values entered a second time through a later report; the copy read from the paper is kept.
CO2_takenouchikennedy1964_co2_118,removed,,Removed as a duplicate: Takenouchi & Kennedy 1964 values entered a second time through a later report; the copy read from the paper is kept.
CO2_takenouchikennedy1964_co2_119,removed,,Removed as a duplicate: Takenouchi & Kennedy 1964 values entered a second time through a later report; the copy read from the paper is kept.
CO2_takenouchikennedy1964_co2_120,removed,,Removed as a duplicate: Takenouchi & Kennedy 1964 values entered a second time through a later report; the copy read from the paper is kept.
CO2_takenouchikennedy1964_co2_121,removed,,Removed as a duplicate: Takenouchi & Kennedy 1964 values entered a second time through a later report; the copy read from the paper is kept.
CO2_takenouchikennedy1964_co2_122,removed,,Removed as a duplicate: Takenouchi & Kennedy 1964 values entered a second time through a later report; the copy read from the paper is kept.
CO2_takenouchikennedy1965_co2_001,removed,,Removed as a duplicate: the 1965 water column of Takenouchi & Kennedy reprints their 1964 smoothed table; the 1964 rows are kept.
CO2_takenouchikennedy1965_co2_002,removed,,Removed as a duplicate: the 1965 water column of Takenouchi & Kennedy reprints their 1964 smoothed table; the 1964 rows are kept.
CO2_takenouchikennedy1965_co2_003,removed,,Removed as a duplicate: the 1965 water column of Takenouchi & Kennedy reprints their 1964 smoothed table; the 1964 rows are kept.
CO2_takenouchikennedy1965_co2_004,removed,,Removed as a duplicate: the 1965 water column of Takenouchi & Kennedy reprints their 1964 smoothed table; the 1964 rows are kept.
CO2_takenouchikennedy1965_co2_005,removed,,Removed as a duplicate: the 1965 water column of Takenouchi & Kennedy reprints their 1964 smoothed table; the 1964 rows are kept.
CO2_takenouchikennedy1965_co2_006,removed,,Removed as a duplicate: the 1965 water column of Takenouchi & Kennedy reprints their 1964 smoothed table; the 1964 rows are kept.
CO2_takenouchikennedy1965_co2_007,removed,,Removed as a duplicate: the 1965 water column of Takenouchi & Kennedy reprints their 1964 smoothed table; the 1964 rows are kept.
CO2_takenouchikennedy1965_co2_008,removed,,Removed as a duplicate: the 1965 water column of Takenouchi & Kennedy reprints their 1964 smoothed table; the 1964 rows are kept.
CO2_takenouchikennedy1965_co2_009,removed,,Removed as a duplicate: the 1965 water column of Takenouchi & Kennedy reprints their 1964 smoothed table; the 1964 rows are kept.
CO2_takenouchikennedy1965_co2_010,removed,,Removed as a duplicate: the 1965 water column of Takenouchi & Kennedy reprints their 1964 smoothed table; the 1964 rows are kept.
CO2_takenouchikennedy1965_co2_011,removed,,Removed as a duplicate: the 1965 water column of Takenouchi & Kennedy reprints their 1964 smoothed table; the 1964 rows are kept.
CO2_takenouchikennedy1965_co2_012,removed,,Removed as a duplicate: the 1965 water column of Takenouchi & Kennedy reprints their 1964 smoothed table; the 1964 rows are kept.
CO2_takenouchikennedy1965_co2_013,removed,,Removed as a duplicate: the 1965 water column of Takenouchi & Kennedy reprints their 1964 smoothed table; the 1964 rows are kept.
CO2_takenouchikennedy1965_co2_014,removed,,Removed as a duplicate: the 1965 water column of Takenouchi & Kennedy reprints their 1964 smoothed table; the 1964 rows are kept.
CO2_vilcuandgainar1967_co2_001,removed,,Removed as a duplicate: a copy taken from a later database; the copy in the IUPAC handbook is kept.
H2S_gamsjagerrainerschindler1967_h2s_001,removed,,"Removed as a duplicate: a compilation-sheet copy of Table 1 of Gamsjager, Rainer & Schindler 1967; the rows read from the original table are kept."
H2S_gamsjagerrainerschindler1967_h2s_002,removed,,"Removed as a duplicate: a compilation-sheet copy of Table 1 of Gamsjager, Rainer & Schindler 1967; the rows read from the original table are kept."
H2S_gamsjagerrainerschindler1967_h2s_003,removed,,"Removed as a duplicate: a compilation-sheet copy of Table 1 of Gamsjager, Rainer & Schindler 1967; the rows read from the original table are kept."
H2S_gamsjagerrainerschindler1967_h2s_004,removed,,"Removed as a duplicate: a compilation-sheet copy of Table 1 of Gamsjager, Rainer & Schindler 1967; the rows read from the original table are kept."
H2S_gamsjagerrainerschindler1967_h2s_005,removed,,"Removed as a duplicate: a compilation-sheet copy of Table 1 of Gamsjager, Rainer & Schindler 1967; the rows read from the original table are kept."
H2S_gamsjagerrainerschindler1967_h2s_006,removed,,"Removed as a duplicate: a compilation-sheet copy of Table 1 of Gamsjager, Rainer & Schindler 1967; the rows read from the original table are kept."
H2S_gamsjagerrainerschindler1967_h2s_007,removed,,"Removed as a duplicate: a compilation-sheet copy of Table 1 of Gamsjager, Rainer & Schindler 1967; the rows read from the original table are kept."
H2S_gamsjagerrainerschindler1967_h2s_008,removed,,"Removed as a duplicate: a compilation-sheet copy of Table 1 of Gamsjager, Rainer & Schindler 1967; the rows read from the original table are kept."
H2S_gamsjagerrainerschindler1967_h2s_009,removed,,"Removed as a duplicate: a compilation-sheet copy of Table 1 of Gamsjager, Rainer & Schindler 1967; the rows read from the original table are kept."
H2S_gamsjagerrainerschindler1967_h2s_010,removed,,"Removed as a duplicate: a compilation-sheet copy of Table 1 of Gamsjager, Rainer & Schindler 1967; the rows read from the original table are kept."
H2S_gamsjagerrainerschindler1967_h2s_011,removed,,"Removed as a duplicate: a compilation-sheet copy of Table 1 of Gamsjager, Rainer & Schindler 1967; the rows read from the original table are kept."
H2S_gamsjagerrainerschindler1967_h2s_012,removed,,"Removed as a duplicate: a compilation-sheet copy of Table 1 of Gamsjager, Rainer & Schindler 1967; the rows read from the original table are kept."
H2S_gamsjagerrainerschindler1967_h2s_013,removed,,"Removed as a duplicate: a compilation-sheet copy of Table 1 of Gamsjager, Rainer & Schindler 1967; the rows read from the original table are kept."
H2S_gamsjagerrainerschindler1967_h2s_014,removed,,"Removed as a duplicate: a compilation-sheet copy of Table 1 of Gamsjager, Rainer & Schindler 1967; the rows read from the original table are kept."
H2S_gamsjagerrainerschindler1967_h2s_015,removed,,"Removed as a duplicate: a compilation-sheet copy of Table 1 of Gamsjager, Rainer & Schindler 1967; the rows read from the original table are kept."
H2S_gamsjagerrainerschindler1967_h2s_016,removed,,"Removed as a duplicate: a compilation-sheet copy of Table 1 of Gamsjager, Rainer & Schindler 1967; the rows read from the original table are kept."
H2S_gamsjagerrainerschindler1967_h2s_018,removed,,"Removed as a duplicate: a compilation-sheet copy of Table 1 of Gamsjager, Rainer & Schindler 1967; the rows read from the original table are kept."
H2S_gamsjagerrainerschindler1967_h2s_019,removed,,"Removed as a duplicate: a compilation-sheet copy of Table 1 of Gamsjager, Rainer & Schindler 1967; the rows read from the original table are kept."
H2S_gamsjagerrainerschindler1967_h2s_020,removed,,"Removed as a duplicate: a compilation-sheet copy of Table 1 of Gamsjager, Rainer & Schindler 1967; the rows read from the original table are kept."
H2S_gamsjagerrainerschindler1967_h2s_021,removed,,"Removed as a duplicate: a compilation-sheet copy of Table 1 of Gamsjager, Rainer & Schindler 1967; the rows read from the original table are kept."
H2S_gamsjagerrainerschindler1967_h2s_022,removed,,"Removed as a duplicate: a compilation-sheet copy of Table 1 of Gamsjager, Rainer & Schindler 1967; the rows read from the original table are kept."
H2S_gamsjagerrainerschindler1967_h2s_023,removed,,"Removed as a duplicate: a compilation-sheet copy of Table 1 of Gamsjager, Rainer & Schindler 1967; the rows read from the original table are kept."
H2S_gamsjagerrainerschindler1967_h2s_024,removed,,"Removed as a duplicate: a compilation-sheet copy of Table 1 of Gamsjager, Rainer & Schindler 1967; the rows read from the original table are kept."
H2S_gamsjagerschindler1969_h2s_001,removed,,Removed as a duplicate: a compilation-sheet copy of Gamsjager & Schindler 1969; the rows read from the original paper are kept.
H2S_gamsjagerschindler1969_h2s_004,removed,,Removed as a duplicate: a compilation-sheet copy of Gamsjager & Schindler 1969; the rows read from the original paper are kept.
H2S_gamsjagerschindler1969_h2s_005,removed,,Removed as a duplicate: a compilation-sheet copy of Gamsjager & Schindler 1969; the rows read from the original paper are kept.
H2S_huang1985_h2s_001,renamed,CH4_huang1985_h2s_001,The id named H2S but the row reports CH4; the gas part of the id now names CH4. The source part and the running number are unchanged.
H2S_huang1985_h2s_002,renamed,CO2_huang1985_h2s_002,The id named H2S but the row reports CO2; the gas part of the id now names CO2. The source part and the running number are unchanged.
H2S_huang1985_h2s_005,renamed,CH4_huang1985_h2s_005,The id named H2S but the row reports CH4; the gas part of the id now names CH4. The source part and the running number are unchanged.
H2S_huang1985_h2s_006,renamed,CO2_huang1985_h2s_006,The id named H2S but the row reports CO2; the gas part of the id now names CO2. The source part and the running number are unchanged.
H2S_huang1985_h2s_009,renamed,CH4_huang1985_h2s_009,The id named H2S but the row reports CH4; the gas part of the id now names CH4. The source part and the running number are unchanged.
H2S_huang1985_h2s_010,renamed,CO2_huang1985_h2s_010,The id named H2S but the row reports CO2; the gas part of the id now names CO2. The source part and the running number are unchanged.
H2S_huang1985_h2s_013,renamed,CH4_huang1985_h2s_013,The id named H2S but the row reports CH4; the gas part of the id now names CH4. The source part and the running number are unchanged.
H2S_huang1985_h2s_014,renamed,CO2_huang1985_h2s_014,The id named H2S but the row reports CO2; the gas part of the id now names CO2. The source part and the running number are unchanged.
H2S_huang1985_h2s_017,renamed,CH4_huang1985_h2s_017,The id named H2S but the row reports CH4; the gas part of the id now names CH4. The source part and the running number are unchanged.
H2S_huang1985_h2s_018,renamed,CO2_huang1985_h2s_018,The id named H2S but the row reports CO2; the gas part of the id now names CO2. The source part and the running number are unchanged.
H2S_huang1985_h2s_021,renamed,CH4_huang1985_h2s_021,The id named H2S but the row reports CH4; the gas part of the id now names CH4. The source part and the running number are unchanged.
H2S_huang1985_h2s_022,renamed,CO2_huang1985_h2s_022,The id named H2S but the row reports CO2; the gas part of the id now names CO2. The source part and the running number are unchanged.
H2S_huang1985_h2s_025,renamed,CH4_huang1985_h2s_025,The id named H2S but the row reports CH4; the gas part of the id now names CH4. The source part and the running number are unchanged.
H2S_huang1985_h2s_026,renamed,CO2_huang1985_h2s_026,The id named H2S but the row reports CO2; the gas part of the id now names CO2. The source part and the running number are unchanged.
H2S_huang1985_h2s_029,renamed,CH4_huang1985_h2s_029,The id named H2S but the row reports CH4; the gas part of the id now names CH4. The source part and the running number are unchanged.
H2S_huang1985_h2s_030,renamed,CO2_huang1985_h2s_030,The id named H2S but the row reports CO2; the gas part of the id now names CO2. The source part and the running number are unchanged.
H2S_huang1985_h2s_033,renamed,CH4_huang1985_h2s_033,The id named H2S but the row reports CH4; the gas part of the id now names CH4. The source part and the running number are unchanged.
H2S_huang1985_h2s_034,renamed,CO2_huang1985_h2s_034,The id named H2S but the row reports CO2; the gas part of the id now names CO2. The source part and the running number are unchanged.
H2S_huang1985_h2s_037,renamed,CH4_huang1985_h2s_037,The id named H2S but the row reports CH4; the gas part of the id now names CH4. The source part and the running number are unchanged.
H2S_huang1985_h2s_038,renamed,CO2_huang1985_h2s_038,The id named H2S but the row reports CO2; the gas part of the id now names CO2. The source part and the running number are unchanged.
H2S_huang1985_h2s_041,renamed,CH4_huang1985_h2s_041,The id named H2S but the row reports CH4; the gas part of the id now names CH4. The source part and the running number are unchanged.
H2S_huang1985_h2s_042,renamed,CO2_huang1985_h2s_042,The id named H2S but the row reports CO2; the gas part of the id now names CO2. The source part and the running number are unchanged.
H2S_huang1985_h2s_045,renamed,CH4_huang1985_h2s_045,The id named H2S but the row reports CH4; the gas part of the id now names CH4. The source part and the running number are unchanged.
H2S_huang1985_h2s_046,renamed,CO2_huang1985_h2s_046,The id named H2S but the row reports CO2; the gas part of the id now names CO2. The source part and the running number are unchanged.
H2S_huang1985_h2s_049,renamed,CH4_huang1985_h2s_049,The id named H2S but the row reports CH4; the gas part of the id now names CH4. The source part and the running number are unchanged.
H2S_huang1985_h2s_050,renamed,CO2_huang1985_h2s_050,The id named H2S but the row reports CO2; the gas part of the id now names CO2. The source part and the running number are unchanged.
H2S_huang1985_h2s_053,renamed,CH4_huang1985_h2s_053,The id named H2S but the row reports CH4; the gas part of the id now names CH4. The source part and the running number are unchanged.
H2S_huang1985_h2s_054,renamed,CO2_huang1985_h2s_054,The id named H2S but the row reports CO2; the gas part of the id now names CO2. The source part and the running number are unchanged.
H2S_huang1985_h2s_057,renamed,CH4_huang1985_h2s_057,The id named H2S but the row reports CH4; the gas part of the id now names CH4. The source part and the running number are unchanged.
H2S_huang1985_h2s_058,renamed,CO2_huang1985_h2s_058,The id named H2S but the row reports CO2; the gas part of the id now names CO2. The source part and the running number are unchanged.
H2S_huang1985_h2s_061,renamed,CH4_huang1985_h2s_061,The id named H2S but the row reports CH4; the gas part of the id now names CH4. The source part and the running number are unchanged.
H2S_huang1985_h2s_062,renamed,CO2_huang1985_h2s_062,The id named H2S but the row reports CO2; the gas part of the id now names CO2. The source part and the running number are unchanged.
H2S_huang1985_h2s_065,renamed,CH4_huang1985_h2s_065,The id named H2S but the row reports CH4; the gas part of the id now names CH4. The source part and the running number are unchanged.
H2S_huang1985_h2s_066,renamed,CO2_huang1985_h2s_066,The id named H2S but the row reports CO2; the gas part of the id now names CO2. The source part and the running number are unchanged.
H2S_huang1985_h2s_069,renamed,CH4_huang1985_h2s_069,The id named H2S but the row reports CH4; the gas part of the id now names CH4. The source part and the running number are unchanged.
H2S_huang1985_h2s_070,renamed,CO2_huang1985_h2s_070,The id named H2S but the row reports CO2; the gas part of the id now names CO2. The source part and the running number are unchanged.
H2_braun1900_h2_009,removed,,Removed as a duplicate: a second copy of the Braun 1900 pure-water value; the other copy is kept.
H2_crozieryamamoto1974_h2_043,removed,,Removed as a duplicate: a Crozier & Yamamoto 1974 salinity-zero copy on the sea-water sheet; the copy on the water sheet is kept.
H2_crozieryamamoto1974_h2_044,removed,,Removed as a duplicate: a Crozier & Yamamoto 1974 salinity-zero copy on the sea-water sheet; the copy on the water sheet is kept.
H2_crozieryamamoto1974_h2_045,removed,,Removed as a duplicate: a Crozier & Yamamoto 1974 salinity-zero copy on the sea-water sheet; the copy on the water sheet is kept.
H2_crozieryamamoto1974_h2_046,removed,,Removed as a duplicate: a Crozier & Yamamoto 1974 salinity-zero copy on the sea-water sheet; the copy on the water sheet is kept.
H2_crozieryamamoto1974_h2_047,removed,,Removed as a duplicate: a Crozier & Yamamoto 1974 salinity-zero copy on the sea-water sheet; the copy on the water sheet is kept.
H2_crozieryamamoto1974_h2_048,removed,,Removed as a duplicate: a Crozier & Yamamoto 1974 salinity-zero copy on the sea-water sheet; the copy on the water sheet is kept.
H2_crozieryamamoto1974_h2_049,removed,,Removed as a duplicate: a Crozier & Yamamoto 1974 salinity-zero copy on the sea-water sheet; the copy on the water sheet is kept.
H2_crozieryamamoto1974_h2_050,removed,,Removed as a duplicate: a Crozier & Yamamoto 1974 salinity-zero copy on the sea-water sheet; the copy on the water sheet is kept.
H2_crozieryamamoto1974_h2_051,removed,,Removed as a duplicate: a Crozier & Yamamoto 1974 salinity-zero copy on the sea-water sheet; the copy on the water sheet is kept.
H2_crozieryamamoto1974_h2_052,removed,,Removed as a duplicate: a Crozier & Yamamoto 1974 salinity-zero copy on the sea-water sheet; the copy on the water sheet is kept.
H2_crozieryamamoto1974_h2_053,removed,,Removed as a duplicate: a Crozier & Yamamoto 1974 salinity-zero copy on the sea-water sheet; the copy on the water sheet is kept.
H2_crozieryamamoto1974_h2_054,removed,,Removed as a duplicate: a Crozier & Yamamoto 1974 salinity-zero copy on the sea-water sheet; the copy on the water sheet is kept.
H2_crozieryamamoto1974_h2_055,removed,,Removed as a duplicate: a Crozier & Yamamoto 1974 salinity-zero copy on the sea-water sheet; the copy on the water sheet is kept.
H2_crozieryamamoto1974_h2_056,removed,,Removed as a duplicate: a Crozier & Yamamoto 1974 salinity-zero copy on the sea-water sheet; the copy on the water sheet is kept.
H2_crozieryamamoto1974_h2_057,removed,,Removed as a duplicate: a Crozier & Yamamoto 1974 salinity-zero copy on the sea-water sheet; the copy on the water sheet is kept.
H2_geffcken1904_h2_012,removed,,Removed as a duplicate: an average of single readings that are also listed; the single readings are kept.
H2_geffcken1904_h2_013,removed,,Removed as a duplicate: an average of single readings that are also listed; the single readings are kept.
H2_gordoncohenstandley1977_h2_015,removed,,"Removed as a duplicate: a second copy of one Gordon, Cohen & Standley 1977 reading; the other copy is kept."
H2_hufner1907_h2_004,removed,,Removed as a duplicate: an average of single readings that are also listed; the single readings are kept.
H2_knopp1904_h2_008,removed,,Removed as a duplicate: one Knopp 1904 pure-water reading (293.15 K) printed on four sheets; the first copy is kept.
H2_knopp1904_h2_014,removed,,Removed as a duplicate: one Knopp 1904 pure-water reading (293.15 K) printed on four sheets; the first copy is kept.
H2_knopp1904_h2_021,removed,,Removed as a duplicate: one Knopp 1904 pure-water reading (293.15 K) printed on four sheets; the first copy is kept.
H2_steiner1894alcl3_h2_001,removed,,Removed as a duplicate: one Steiner 1894 pure-water reading (288.2 K) stored on every salt sheet; one copy is kept.
H2_steiner1894cacl2_h2_001,removed,,Removed as a duplicate: one Steiner 1894 pure-water reading (288.2 K) stored on every salt sheet; one copy is kept.
H2_steiner1894k2co3_h2_001,removed,,Removed as a duplicate: one Steiner 1894 pure-water reading (288.2 K) stored on every salt sheet; one copy is kept.
H2_steiner1894kcl_h2_001,removed,,Removed as a duplicate: one Steiner 1894 pure-water reading (288.2 K) stored on every salt sheet; one copy is kept.
H2_steiner1894kno3_h2_001,removed,,Removed as a duplicate: one Steiner 1894 pure-water reading (288.2 K) stored on every salt sheet; one copy is kept.
H2_steiner1894licl_h2_001,removed,,Removed as a duplicate: one Steiner 1894 pure-water reading (288.2 K) stored on every salt sheet; one copy is kept.
H2_steiner1894mgso4_h2_001,removed,,Removed as a duplicate: one Steiner 1894 pure-water reading (288.2 K) stored on every salt sheet; one copy is kept.
H2_steiner1894na2co3_h2_001,removed,,Removed as a duplicate: one Steiner 1894 pure-water reading (288.2 K) stored on every salt sheet; one copy is kept.
H2_steiner1894na2so4_h2_001,removed,,Removed as a duplicate: one Steiner 1894 pure-water reading (288.2 K) stored on every salt sheet; one copy is kept.
H2_steiner1894nano3_h2_001,removed,,Removed as a duplicate: one Steiner 1894 pure-water reading (288.2 K) stored on every salt sheet; one copy is kept.
H2_steiner1894znso4_h2_001,removed,,Removed as a duplicate: one Steiner 1894 pure-water reading (288.2 K) stored on every salt sheet; one copy is kept.
H2_wiebegaddyheins1932_h2_001,removed,,Removed as a duplicate: a compiler's copy of the Wiebe & Gaddy isotherm at 25 C; the rows read from the paper are kept.
H2_wiebegaddyheins1932_h2_002,removed,,Removed as a duplicate: a compiler's copy of the Wiebe & Gaddy isotherm at 25 C; the rows read from the paper are kept.
H2_wiebegaddyheins1932_h2_003,removed,,Removed as a duplicate: a compiler's copy of the Wiebe & Gaddy isotherm at 25 C; the rows read from the paper are kept.
H2_wiebegaddyheins1932_h2_004,removed,,Removed as a duplicate: a compiler's copy of the Wiebe & Gaddy isotherm at 25 C; the rows read from the paper are kept.
H2_winkler1891ber2489_h2_028,removed,,Removed as a duplicate: an average of single readings that are also listed; the single readings are kept.
H2_winkler1891ber2489_h2_029,removed,,Removed as a duplicate: an average of single readings that are also listed; the single readings are kept.
H2_winkler1891ber2489_h2_030,removed,,Removed as a duplicate: an average of single readings that are also listed; the single readings are kept.
H2_winkler1891ber2489_h2_031,removed,,Removed as a duplicate: an average of single readings that are also listed; the single readings are kept.
H2_winkler1891ber2489_h2_032,removed,,Removed as a duplicate: an average of single readings that are also listed; the single readings are kept.
H2_winkler1891ber2489_h2_033,removed,,Removed as a duplicate: an average of single readings that are also listed; the single readings are kept.
N2_hawkinsshilling1936_n2_007,removed,,Removed as a duplicate: a compiler's average of single readings that are also listed; the single readings are kept.
N2_hufner1907_n2_005,removed,,Removed as a duplicate: a compiler's average of single readings that are also listed; the single readings are kept.
N2_vanhinsberg1993_n2_019,retired,,Left out of this release: cannot be identified on the printed figure. This id is not reused.
N2_vanhinsberg1993_n2_020,retired,,Left out of this release: re-plotted from Japas 1985. This id is not reused.
N2_vanhinsberg1993_n2_021,retired,,Left out of this release: re-plotted from Japas 1985. This id is not reused.
N2_vanhinsberg1993_n2_022,retired,,Left out of this release: re-plotted from Japas 1985. This id is not reused.
N2_vanhinsberg1993_n2_023,retired,,Left out of this release: re-plotted from Japas 1985. This id is not reused.
N2_vanhinsberg1993_n2_024,retired,,Left out of this release: re-plotted from Japas 1985. This id is not reused.
N2_vanhinsberg1993_n2_025,retired,,Left out of this release: re-plotted from Japas 1985. This id is not reused.
N2_vanhinsberg1993_n2_026,retired,,Left out of this release: re-plotted from Japas 1985. This id is not reused.
N2_vanhinsberg1993_n2_027,retired,,Left out of this release: re-plotted from Japas 1985. This id is not reused.
N2_vanhinsberg1993_n2_028,retired,,Left out of this release: re-plotted from Japas 1985. This id is not reused.
N2_vanhinsberg1993_n2_030,retired,,Left out of this release: re-plotted from Japas 1985. This id is not reused.
N2_vanhinsberg1993_n2_031,retired,,Left out of this release: re-plotted from Japas 1985. This id is not reused.
N2_vanhinsberg1993_n2_034,retired,,Left out of this release: re-plotted from Japas 1985. This id is not reused.
N2_vanhinsberg1993_n2_035,retired,,Left out of this release: re-plotted from Japas 1985. This id is not reused.
N2_vanhinsberg1993_n2_036,retired,,Left out of this release: re-plotted from Japas 1985. This id is not reused.
N2_vanhinsberg1993_n2_037,retired,,Left out of this release: re-plotted from Japas 1985. This id is not reused.
N2_wiebegaddyheins1932_n2_001,removed,,"Removed as a duplicate: the Wiebe, Gaddy & Heins 1932 rows repeat their 1933 block at 25 C, and the compiler's mole fractions run about 11 % low; the 1933 rows are kept."
N2_wiebegaddyheins1932_n2_002,removed,,"Removed as a duplicate: the Wiebe, Gaddy & Heins 1932 rows repeat their 1933 block at 25 C, and the compiler's mole fractions run about 11 % low; the 1933 rows are kept."
N2_wiebegaddyheins1932_n2_003,removed,,"Removed as a duplicate: the Wiebe, Gaddy & Heins 1932 rows repeat their 1933 block at 25 C, and the compiler's mole fractions run about 11 % low; the 1933 rows are kept."
N2_wiebegaddyheins1932_n2_004,removed,,"Removed as a duplicate: the Wiebe, Gaddy & Heins 1932 rows repeat their 1933 block at 25 C, and the compiler's mole fractions run about 11 % low; the 1933 rows are kept."
N2_wiebegaddyheins1932_n2_005,removed,,"Removed as a duplicate: the Wiebe, Gaddy & Heins 1932 rows repeat their 1933 block at 25 C, and the compiler's mole fractions run about 11 % low; the 1933 rows are kept."
N2_wiebegaddyheins1932_n2_006,removed,,"Removed as a duplicate: the Wiebe, Gaddy & Heins 1932 rows repeat their 1933 block at 25 C, and the compiler's mole fractions run about 11 % low; the 1933 rows are kept."
N2_wiebegaddyheins1932_n2_007,removed,,"Removed as a duplicate: the Wiebe, Gaddy & Heins 1932 rows repeat their 1933 block at 25 C, and the compiler's mole fractions run about 11 % low; the 1933 rows are kept."
N2_wiebegaddyheins1932_n2_008,removed,,"Removed as a duplicate: a further Wiebe, Gaddy & Heins 1932 row repeating their 1933 row at 25 C; the 1933 row is kept."
N2_winkler1891water_n2_001,removed,,Removed as a duplicate: one of the nine compiler means of Winkler 1891; the single readings printed in the source are listed instead.
N2_winkler1891water_n2_002,removed,,Removed as a duplicate: one of the nine compiler means of Winkler 1891; the single readings printed in the source are listed instead.
N2_winkler1891water_n2_003,removed,,Removed as a duplicate: one of the nine compiler means of Winkler 1891; the single readings printed in the source are listed instead.
N2_winkler1891water_n2_004,removed,,Removed as a duplicate: one of the nine compiler means of Winkler 1891; the single readings printed in the source are listed instead.
N2_winkler1891water_n2_005,removed,,Removed as a duplicate: one of the nine compiler means of Winkler 1891; the single readings printed in the source are listed instead.
N2_winkler1891water_n2_006,removed,,Removed as a duplicate: one of the nine compiler means of Winkler 1891; the single readings printed in the source are listed instead.
N2_winkler1891water_n2_007,removed,,Removed as a duplicate: one of the nine compiler means of Winkler 1891; the single readings printed in the source are listed instead.
N2_winkler1891water_n2_008,removed,,Removed as a duplicate: one of the nine compiler means of Winkler 1891; the single readings printed in the source are listed instead.
N2_winkler1891water_n2_009,removed,,Removed as a duplicate: one of the nine compiler means of Winkler 1891; the single readings printed in the source are listed instead.
