public_source_id,bank,bank_key,normalized_rel,internal_point_id,intended_public_route,reason
alassi2022_c2c4,c2c4,c2c4_pts,c2c4/normalized/c2c4_points_normalized.csv,alassi2022:1,core,ancillary bank (derived / non-solubility quantity)
alassi2023_c2c4,c2c4,c2c4_pts,c2c4/normalized/c2c4_points_normalized.csv,alassi2023:1,core,ancillary bank (derived / non-solubility quantity)
amirijafari1972_c2c4,c2c4,c2c4_mix,c2c4/normalized/c2c4_points_normalized.csv,amirijafari1972_missing:100,mix,unresolved total-hydrocarbon aggregate (Amirijafari Xi; no valid gas identity in public schema)
amirijafari1972_c2c4,c2c4,c2c4_mix,c2c4/normalized/c2c4_points_normalized.csv,amirijafari1972_missing:104,mix,unresolved total-hydrocarbon aggregate (Amirijafari Xi; no valid gas identity in public schema)
amirijafari1972_c2c4,c2c4,c2c4_mix,c2c4/normalized/c2c4_points_normalized.csv,amirijafari1972_missing:108,mix,unresolved total-hydrocarbon aggregate (Amirijafari Xi; no valid gas identity in public schema)
amirijafari1972_c2c4,c2c4,c2c4_mix,c2c4/normalized/c2c4_points_normalized.csv,amirijafari1972_missing:12,mix,unresolved total-hydrocarbon aggregate (Amirijafari Xi; no valid gas identity in public schema)
amirijafari1972_c2c4,c2c4,c2c4_mix,c2c4/normalized/c2c4_points_normalized.csv,amirijafari1972_missing:16,mix,unresolved total-hydrocarbon aggregate (Amirijafari Xi; no valid gas identity in public schema)
amirijafari1972_c2c4,c2c4,c2c4_mix,c2c4/normalized/c2c4_points_normalized.csv,amirijafari1972_missing:20,mix,unresolved total-hydrocarbon aggregate (Amirijafari Xi; no valid gas identity in public schema)
amirijafari1972_c2c4,c2c4,c2c4_mix,c2c4/normalized/c2c4_points_normalized.csv,amirijafari1972_missing:24,mix,unresolved total-hydrocarbon aggregate (Amirijafari Xi; no valid gas identity in public schema)
amirijafari1972_c2c4,c2c4,c2c4_mix,c2c4/normalized/c2c4_points_normalized.csv,amirijafari1972_missing:28,mix,unresolved total-hydrocarbon aggregate (Amirijafari Xi; no valid gas identity in public schema)
amirijafari1972_c2c4,c2c4,c2c4_mix,c2c4/normalized/c2c4_points_normalized.csv,amirijafari1972_missing:32,mix,unresolved total-hydrocarbon aggregate (Amirijafari Xi; no valid gas identity in public schema)
amirijafari1972_c2c4,c2c4,c2c4_mix,c2c4/normalized/c2c4_points_normalized.csv,amirijafari1972_missing:36,mix,unresolved total-hydrocarbon aggregate (Amirijafari Xi; no valid gas identity in public schema)
amirijafari1972_c2c4,c2c4,c2c4_mix,c2c4/normalized/c2c4_points_normalized.csv,amirijafari1972_missing:4,mix,unresolved total-hydrocarbon aggregate (Amirijafari Xi; no valid gas identity in public schema)
amirijafari1972_c2c4,c2c4,c2c4_mix,c2c4/normalized/c2c4_points_normalized.csv,amirijafari1972_missing:40,mix,unresolved total-hydrocarbon aggregate (Amirijafari Xi; no valid gas identity in public schema)
amirijafari1972_c2c4,c2c4,c2c4_mix,c2c4/normalized/c2c4_points_normalized.csv,amirijafari1972_missing:44,mix,unresolved total-hydrocarbon aggregate (Amirijafari Xi; no valid gas identity in public schema)
amirijafari1972_c2c4,c2c4,c2c4_mix,c2c4/normalized/c2c4_points_normalized.csv,amirijafari1972_missing:48,mix,unresolved total-hydrocarbon aggregate (Amirijafari Xi; no valid gas identity in public schema)
amirijafari1972_c2c4,c2c4,c2c4_mix,c2c4/normalized/c2c4_points_normalized.csv,amirijafari1972_missing:52,mix,unresolved total-hydrocarbon aggregate (Amirijafari Xi; no valid gas identity in public schema)
amirijafari1972_c2c4,c2c4,c2c4_mix,c2c4/normalized/c2c4_points_normalized.csv,amirijafari1972_missing:56,mix,unresolved total-hydrocarbon aggregate (Amirijafari Xi; no valid gas identity in public schema)
amirijafari1972_c2c4,c2c4,c2c4_mix,c2c4/normalized/c2c4_points_normalized.csv,amirijafari1972_missing:60,mix,unresolved total-hydrocarbon aggregate (Amirijafari Xi; no valid gas identity in public schema)
amirijafari1972_c2c4,c2c4,c2c4_mix,c2c4/normalized/c2c4_points_normalized.csv,amirijafari1972_missing:64,mix,unresolved total-hydrocarbon aggregate (Amirijafari Xi; no valid gas identity in public schema)
amirijafari1972_c2c4,c2c4,c2c4_mix,c2c4/normalized/c2c4_points_normalized.csv,amirijafari1972_missing:68,mix,unresolved total-hydrocarbon aggregate (Amirijafari Xi; no valid gas identity in public schema)
amirijafari1972_c2c4,c2c4,c2c4_mix,c2c4/normalized/c2c4_points_normalized.csv,amirijafari1972_missing:72,mix,unresolved total-hydrocarbon aggregate (Amirijafari Xi; no valid gas identity in public schema)
amirijafari1972_c2c4,c2c4,c2c4_mix,c2c4/normalized/c2c4_points_normalized.csv,amirijafari1972_missing:76,mix,unresolved total-hydrocarbon aggregate (Amirijafari Xi; no valid gas identity in public schema)
amirijafari1972_c2c4,c2c4,c2c4_mix,c2c4/normalized/c2c4_points_normalized.csv,amirijafari1972_missing:8,mix,unresolved total-hydrocarbon aggregate (Amirijafari Xi; no valid gas identity in public schema)
amirijafari1972_c2c4,c2c4,c2c4_mix,c2c4/normalized/c2c4_points_normalized.csv,amirijafari1972_missing:80,mix,unresolved total-hydrocarbon aggregate (Amirijafari Xi; no valid gas identity in public schema)
amirijafari1972_c2c4,c2c4,c2c4_mix,c2c4/normalized/c2c4_points_normalized.csv,amirijafari1972_missing:84,mix,unresolved total-hydrocarbon aggregate (Amirijafari Xi; no valid gas identity in public schema)
amirijafari1972_c2c4,c2c4,c2c4_mix,c2c4/normalized/c2c4_points_normalized.csv,amirijafari1972_missing:88,mix,unresolved total-hydrocarbon aggregate (Amirijafari Xi; no valid gas identity in public schema)
amirijafari1972_c2c4,c2c4,c2c4_mix,c2c4/normalized/c2c4_points_normalized.csv,amirijafari1972_missing:92,mix,unresolved total-hydrocarbon aggregate (Amirijafari Xi; no valid gas identity in public schema)
amirijafari1972_c2c4,c2c4,c2c4_mix,c2c4/normalized/c2c4_points_normalized.csv,amirijafari1972_missing:96,mix,unresolved total-hydrocarbon aggregate (Amirijafari Xi; no valid gas identity in public schema)
bennaim1973_c2c4,c2c4,c2c4_pts,c2c4/normalized/c2c4_points_normalized.csv,bennaim1973:10,core,medium outside the database's scope (D70)
bennaim1973_c2c4,c2c4,c2c4_pts,c2c4/normalized/c2c4_points_normalized.csv,bennaim1973:16,core,medium outside the database's scope (D70)
bennaim1973_c2c4,c2c4,c2c4_pts,c2c4/normalized/c2c4_points_normalized.csv,bennaim1973:17,core,medium outside the database's scope (D70)
bennaim1973_c2c4,c2c4,c2c4_pts,c2c4/normalized/c2c4_points_normalized.csv,bennaim1973:18,core,medium outside the database's scope (D70)
bennaim1973_c2c4,c2c4,c2c4_pts,c2c4/normalized/c2c4_points_normalized.csv,bennaim1973:19,core,medium outside the database's scope (D70)
bennaim1973_c2c4,c2c4,c2c4_pts,c2c4/normalized/c2c4_points_normalized.csv,bennaim1973:20,core,medium outside the database's scope (D70)
bennaim1973_c2c4,c2c4,c2c4_pts,c2c4/normalized/c2c4_points_normalized.csv,bennaim1973:6,core,medium outside the database's scope (D70)
bennaim1973_c2c4,c2c4,c2c4_pts,c2c4/normalized/c2c4_points_normalized.csv,bennaim1973:7,core,medium outside the database's scope (D70)
bennaim1973_c2c4,c2c4,c2c4_pts,c2c4/normalized/c2c4_points_normalized.csv,bennaim1973:8,core,medium outside the database's scope (D70)
bennaim1973_c2c4,c2c4,c2c4_pts,c2c4/normalized/c2c4_points_normalized.csv,bennaim1973:9,core,medium outside the database's scope (D70)
blanco1999_c2c4,c2c4,c2c4_pts,c2c4/normalized/c2c4_points_normalized.csv,blanco1999:101,core,ancillary bank (derived / non-solubility quantity)
mishnina1961_c2c4,c2c4,c2c4_pts,c2c4/normalized/c2c4_points_normalized.csv,c2c4_points_mishnina1961_c2h6_nacl_DIGITIZED:1,core,"figure-digitized cross-check rows (SD06 P4; retained internally as a cross-check set, never printed data)"
mishnina1961_c2c4,c2c4,c2c4_pts,c2c4/normalized/c2c4_points_normalized.csv,c2c4_points_mishnina1961_c2h6_nacl_DIGITIZED:10,core,"figure-digitized cross-check rows (SD06 P4; retained internally as a cross-check set, never printed data)"
mishnina1961_c2c4,c2c4,c2c4_pts,c2c4/normalized/c2c4_points_normalized.csv,c2c4_points_mishnina1961_c2h6_nacl_DIGITIZED:11,core,"figure-digitized cross-check rows (SD06 P4; retained internally as a cross-check set, never printed data)"
mishnina1961_c2c4,c2c4,c2c4_pts,c2c4/normalized/c2c4_points_normalized.csv,c2c4_points_mishnina1961_c2h6_nacl_DIGITIZED:12,core,"figure-digitized cross-check rows (SD06 P4; retained internally as a cross-check set, never printed data)"
mishnina1961_c2c4,c2c4,c2c4_pts,c2c4/normalized/c2c4_points_normalized.csv,c2c4_points_mishnina1961_c2h6_nacl_DIGITIZED:13,core,"figure-digitized cross-check rows (SD06 P4; retained internally as a cross-check set, never printed data)"
mishnina1961_c2c4,c2c4,c2c4_pts,c2c4/normalized/c2c4_points_normalized.csv,c2c4_points_mishnina1961_c2h6_nacl_DIGITIZED:14,core,"figure-digitized cross-check rows (SD06 P4; retained internally as a cross-check set, never printed data)"
mishnina1961_c2c4,c2c4,c2c4_pts,c2c4/normalized/c2c4_points_normalized.csv,c2c4_points_mishnina1961_c2h6_nacl_DIGITIZED:15,core,"figure-digitized cross-check rows (SD06 P4; retained internally as a cross-check set, never printed data)"
mishnina1961_c2c4,c2c4,c2c4_pts,c2c4/normalized/c2c4_points_normalized.csv,c2c4_points_mishnina1961_c2h6_nacl_DIGITIZED:16,core,"figure-digitized cross-check rows (SD06 P4; retained internally as a cross-check set, never printed data)"
mishnina1961_c2c4,c2c4,c2c4_pts,c2c4/normalized/c2c4_points_normalized.csv,c2c4_points_mishnina1961_c2h6_nacl_DIGITIZED:17,core,"figure-digitized cross-check rows (SD06 P4; retained internally as a cross-check set, never printed data)"
mishnina1961_c2c4,c2c4,c2c4_pts,c2c4/normalized/c2c4_points_normalized.csv,c2c4_points_mishnina1961_c2h6_nacl_DIGITIZED:18,core,"figure-digitized cross-check rows (SD06 P4; retained internally as a cross-check set, never printed data)"
mishnina1961_c2c4,c2c4,c2c4_pts,c2c4/normalized/c2c4_points_normalized.csv,c2c4_points_mishnina1961_c2h6_nacl_DIGITIZED:19,core,"figure-digitized cross-check rows (SD06 P4; retained internally as a cross-check set, never printed data)"
mishnina1961_c2c4,c2c4,c2c4_pts,c2c4/normalized/c2c4_points_normalized.csv,c2c4_points_mishnina1961_c2h6_nacl_DIGITIZED:2,core,"figure-digitized cross-check rows (SD06 P4; retained internally as a cross-check set, never printed data)"
mishnina1961_c2c4,c2c4,c2c4_pts,c2c4/normalized/c2c4_points_normalized.csv,c2c4_points_mishnina1961_c2h6_nacl_DIGITIZED:20,core,"figure-digitized cross-check rows (SD06 P4; retained internally as a cross-check set, never printed data)"
mishnina1961_c2c4,c2c4,c2c4_pts,c2c4/normalized/c2c4_points_normalized.csv,c2c4_points_mishnina1961_c2h6_nacl_DIGITIZED:21,core,"figure-digitized cross-check rows (SD06 P4; retained internally as a cross-check set, never printed data)"
mishnina1961_c2c4,c2c4,c2c4_pts,c2c4/normalized/c2c4_points_normalized.csv,c2c4_points_mishnina1961_c2h6_nacl_DIGITIZED:22,core,"figure-digitized cross-check rows (SD06 P4; retained internally as a cross-check set, never printed data)"
mishnina1961_c2c4,c2c4,c2c4_pts,c2c4/normalized/c2c4_points_normalized.csv,c2c4_points_mishnina1961_c2h6_nacl_DIGITIZED:23,core,"figure-digitized cross-check rows (SD06 P4; retained internally as a cross-check set, never printed data)"
mishnina1961_c2c4,c2c4,c2c4_pts,c2c4/normalized/c2c4_points_normalized.csv,c2c4_points_mishnina1961_c2h6_nacl_DIGITIZED:24,core,"figure-digitized cross-check rows (SD06 P4; retained internally as a cross-check set, never printed data)"
mishnina1961_c2c4,c2c4,c2c4_pts,c2c4/normalized/c2c4_points_normalized.csv,c2c4_points_mishnina1961_c2h6_nacl_DIGITIZED:25,core,"figure-digitized cross-check rows (SD06 P4; retained internally as a cross-check set, never printed data)"
mishnina1961_c2c4,c2c4,c2c4_pts,c2c4/normalized/c2c4_points_normalized.csv,c2c4_points_mishnina1961_c2h6_nacl_DIGITIZED:26,core,"figure-digitized cross-check rows (SD06 P4; retained internally as a cross-check set, never printed data)"
mishnina1961_c2c4,c2c4,c2c4_pts,c2c4/normalized/c2c4_points_normalized.csv,c2c4_points_mishnina1961_c2h6_nacl_DIGITIZED:27,core,"figure-digitized cross-check rows (SD06 P4; retained internally as a cross-check set, never printed data)"
mishnina1961_c2c4,c2c4,c2c4_pts,c2c4/normalized/c2c4_points_normalized.csv,c2c4_points_mishnina1961_c2h6_nacl_DIGITIZED:28,core,"figure-digitized cross-check rows (SD06 P4; retained internally as a cross-check set, never printed data)"
mishnina1961_c2c4,c2c4,c2c4_pts,c2c4/normalized/c2c4_points_normalized.csv,c2c4_points_mishnina1961_c2h6_nacl_DIGITIZED:29,core,"figure-digitized cross-check rows (SD06 P4; retained internally as a cross-check set, never printed data)"
mishnina1961_c2c4,c2c4,c2c4_pts,c2c4/normalized/c2c4_points_normalized.csv,c2c4_points_mishnina1961_c2h6_nacl_DIGITIZED:3,core,"figure-digitized cross-check rows (SD06 P4; retained internally as a cross-check set, never printed data)"
mishnina1961_c2c4,c2c4,c2c4_pts,c2c4/normalized/c2c4_points_normalized.csv,c2c4_points_mishnina1961_c2h6_nacl_DIGITIZED:30,core,"figure-digitized cross-check rows (SD06 P4; retained internally as a cross-check set, never printed data)"
mishnina1961_c2c4,c2c4,c2c4_pts,c2c4/normalized/c2c4_points_normalized.csv,c2c4_points_mishnina1961_c2h6_nacl_DIGITIZED:31,core,"figure-digitized cross-check rows (SD06 P4; retained internally as a cross-check set, never printed data)"
mishnina1961_c2c4,c2c4,c2c4_pts,c2c4/normalized/c2c4_points_normalized.csv,c2c4_points_mishnina1961_c2h6_nacl_DIGITIZED:32,core,"figure-digitized cross-check rows (SD06 P4; retained internally as a cross-check set, never printed data)"
mishnina1961_c2c4,c2c4,c2c4_pts,c2c4/normalized/c2c4_points_normalized.csv,c2c4_points_mishnina1961_c2h6_nacl_DIGITIZED:33,core,"figure-digitized cross-check rows (SD06 P4; retained internally as a cross-check set, never printed data)"
mishnina1961_c2c4,c2c4,c2c4_pts,c2c4/normalized/c2c4_points_normalized.csv,c2c4_points_mishnina1961_c2h6_nacl_DIGITIZED:34,core,"figure-digitized cross-check rows (SD06 P4; retained internally as a cross-check set, never printed data)"
mishnina1961_c2c4,c2c4,c2c4_pts,c2c4/normalized/c2c4_points_normalized.csv,c2c4_points_mishnina1961_c2h6_nacl_DIGITIZED:35,core,"figure-digitized cross-check rows (SD06 P4; retained internally as a cross-check set, never printed data)"
mishnina1961_c2c4,c2c4,c2c4_pts,c2c4/normalized/c2c4_points_normalized.csv,c2c4_points_mishnina1961_c2h6_nacl_DIGITIZED:36,core,"figure-digitized cross-check rows (SD06 P4; retained internally as a cross-check set, never printed data)"
mishnina1961_c2c4,c2c4,c2c4_pts,c2c4/normalized/c2c4_points_normalized.csv,c2c4_points_mishnina1961_c2h6_nacl_DIGITIZED:37,core,"figure-digitized cross-check rows (SD06 P4; retained internally as a cross-check set, never printed data)"
mishnina1961_c2c4,c2c4,c2c4_pts,c2c4/normalized/c2c4_points_normalized.csv,c2c4_points_mishnina1961_c2h6_nacl_DIGITIZED:38,core,"figure-digitized cross-check rows (SD06 P4; retained internally as a cross-check set, never printed data)"
mishnina1961_c2c4,c2c4,c2c4_pts,c2c4/normalized/c2c4_points_normalized.csv,c2c4_points_mishnina1961_c2h6_nacl_DIGITIZED:39,core,"figure-digitized cross-check rows (SD06 P4; retained internally as a cross-check set, never printed data)"
mishnina1961_c2c4,c2c4,c2c4_pts,c2c4/normalized/c2c4_points_normalized.csv,c2c4_points_mishnina1961_c2h6_nacl_DIGITIZED:4,core,"figure-digitized cross-check rows (SD06 P4; retained internally as a cross-check set, never printed data)"
mishnina1961_c2c4,c2c4,c2c4_pts,c2c4/normalized/c2c4_points_normalized.csv,c2c4_points_mishnina1961_c2h6_nacl_DIGITIZED:40,core,"figure-digitized cross-check rows (SD06 P4; retained internally as a cross-check set, never printed data)"
mishnina1961_c2c4,c2c4,c2c4_pts,c2c4/normalized/c2c4_points_normalized.csv,c2c4_points_mishnina1961_c2h6_nacl_DIGITIZED:41,core,"figure-digitized cross-check rows (SD06 P4; retained internally as a cross-check set, never printed data)"
mishnina1961_c2c4,c2c4,c2c4_pts,c2c4/normalized/c2c4_points_normalized.csv,c2c4_points_mishnina1961_c2h6_nacl_DIGITIZED:42,core,"figure-digitized cross-check rows (SD06 P4; retained internally as a cross-check set, never printed data)"
mishnina1961_c2c4,c2c4,c2c4_pts,c2c4/normalized/c2c4_points_normalized.csv,c2c4_points_mishnina1961_c2h6_nacl_DIGITIZED:43,core,"figure-digitized cross-check rows (SD06 P4; retained internally as a cross-check set, never printed data)"
mishnina1961_c2c4,c2c4,c2c4_pts,c2c4/normalized/c2c4_points_normalized.csv,c2c4_points_mishnina1961_c2h6_nacl_DIGITIZED:44,core,"figure-digitized cross-check rows (SD06 P4; retained internally as a cross-check set, never printed data)"
mishnina1961_c2c4,c2c4,c2c4_pts,c2c4/normalized/c2c4_points_normalized.csv,c2c4_points_mishnina1961_c2h6_nacl_DIGITIZED:45,core,"figure-digitized cross-check rows (SD06 P4; retained internally as a cross-check set, never printed data)"
mishnina1961_c2c4,c2c4,c2c4_pts,c2c4/normalized/c2c4_points_normalized.csv,c2c4_points_mishnina1961_c2h6_nacl_DIGITIZED:46,core,"figure-digitized cross-check rows (SD06 P4; retained internally as a cross-check set, never printed data)"
mishnina1961_c2c4,c2c4,c2c4_pts,c2c4/normalized/c2c4_points_normalized.csv,c2c4_points_mishnina1961_c2h6_nacl_DIGITIZED:47,core,"figure-digitized cross-check rows (SD06 P4; retained internally as a cross-check set, never printed data)"
mishnina1961_c2c4,c2c4,c2c4_pts,c2c4/normalized/c2c4_points_normalized.csv,c2c4_points_mishnina1961_c2h6_nacl_DIGITIZED:48,core,"figure-digitized cross-check rows (SD06 P4; retained internally as a cross-check set, never printed data)"
mishnina1961_c2c4,c2c4,c2c4_pts,c2c4/normalized/c2c4_points_normalized.csv,c2c4_points_mishnina1961_c2h6_nacl_DIGITIZED:49,core,"figure-digitized cross-check rows (SD06 P4; retained internally as a cross-check set, never printed data)"
mishnina1961_c2c4,c2c4,c2c4_pts,c2c4/normalized/c2c4_points_normalized.csv,c2c4_points_mishnina1961_c2h6_nacl_DIGITIZED:5,core,"figure-digitized cross-check rows (SD06 P4; retained internally as a cross-check set, never printed data)"
mishnina1961_c2c4,c2c4,c2c4_pts,c2c4/normalized/c2c4_points_normalized.csv,c2c4_points_mishnina1961_c2h6_nacl_DIGITIZED:6,core,"figure-digitized cross-check rows (SD06 P4; retained internally as a cross-check set, never printed data)"
mishnina1961_c2c4,c2c4,c2c4_pts,c2c4/normalized/c2c4_points_normalized.csv,c2c4_points_mishnina1961_c2h6_nacl_DIGITIZED:7,core,"figure-digitized cross-check rows (SD06 P4; retained internally as a cross-check set, never printed data)"
mishnina1961_c2c4,c2c4,c2c4_pts,c2c4/normalized/c2c4_points_normalized.csv,c2c4_points_mishnina1961_c2h6_nacl_DIGITIZED:8,core,"figure-digitized cross-check rows (SD06 P4; retained internally as a cross-check set, never printed data)"
mishnina1961_c2c4,c2c4,c2c4_pts,c2c4/normalized/c2c4_points_normalized.csv,c2c4_points_mishnina1961_c2h6_nacl_DIGITIZED:9,core,"figure-digitized cross-check rows (SD06 P4; retained internally as a cross-check set, never printed data)"
yano1974_c2c4,c2c4,c2c4_pts,c2c4/normalized/c2c4_points_normalized.csv,c2c4_points_sds24_salts:110,core,medium outside the database's scope (D70)
yano1974_c2c4,c2c4,c2c4_pts,c2c4/normalized/c2c4_points_normalized.csv,c2c4_points_sds24_salts:111,core,medium outside the database's scope (D70)
yano1974_c2c4,c2c4,c2c4_pts,c2c4/normalized/c2c4_points_normalized.csv,c2c4_points_sds24_salts:112,core,medium outside the database's scope (D70)
yano1974_c2c4,c2c4,c2c4_pts,c2c4/normalized/c2c4_points_normalized.csv,c2c4_points_sds24_salts:113,core,medium outside the database's scope (D70)
rudakovlutsyk1979_c2c4,c2c4,c2c4_pts,c2c4/normalized/c2c4_points_normalized.csv,c2c4_points_sds24_salts:114,core,medium outside the database's scope (D70)
rudakovlutsyk1979_c2c4,c2c4,c2c4_pts,c2c4/normalized/c2c4_points_normalized.csv,c2c4_points_sds24_salts:115,core,medium outside the database's scope (D70)
rudakovlutsyk1979_c2c4,c2c4,c2c4_pts,c2c4/normalized/c2c4_points_normalized.csv,c2c4_points_sds24_salts:116,core,medium outside the database's scope (D70)
rudakovlutsyk1979_c2c4,c2c4,c2c4_pts,c2c4/normalized/c2c4_points_normalized.csv,c2c4_points_sds24_salts:117,core,medium outside the database's scope (D70)
rudakovlutsyk1979_c2c4,c2c4,c2c4_pts,c2c4/normalized/c2c4_points_normalized.csv,c2c4_points_sds24_salts:118,core,medium outside the database's scope (D70)
rudakovlutsyk1979_c2c4,c2c4,c2c4_pts,c2c4/normalized/c2c4_points_normalized.csv,c2c4_points_sds24_salts:119,core,medium outside the database's scope (D70)
rudakovlutsyk1979_c2c4,c2c4,c2c4_pts,c2c4/normalized/c2c4_points_normalized.csv,c2c4_points_sds24_salts:120,core,medium outside the database's scope (D70)
rudakovlutsyk1979_c2c4,c2c4,c2c4_pts,c2c4/normalized/c2c4_points_normalized.csv,c2c4_points_sds24_salts:121,core,medium outside the database's scope (D70)
rudakovlutsyk1979_c2c4,c2c4,c2c4_pts,c2c4/normalized/c2c4_points_normalized.csv,c2c4_points_sds24_salts:122,core,medium outside the database's scope (D70)
rudakovlutsyk1979_c2c4,c2c4,c2c4_pts,c2c4/normalized/c2c4_points_normalized.csv,c2c4_points_sds24_salts:123,core,medium outside the database's scope (D70)
rudakovlutsyk1979_c2c4,c2c4,c2c4_pts,c2c4/normalized/c2c4_points_normalized.csv,c2c4_points_sds24_salts:124,core,medium outside the database's scope (D70)
rudakovlutsyk1979_c2c4,c2c4,c2c4_pts,c2c4/normalized/c2c4_points_normalized.csv,c2c4_points_sds24_salts:125,core,medium outside the database's scope (D70)
rudakovlutsyk1979_c2c4,c2c4,c2c4_pts,c2c4/normalized/c2c4_points_normalized.csv,c2c4_points_sds24_salts:126,core,medium outside the database's scope (D70)
rudakovlutsyk1979_c2c4,c2c4,c2c4_pts,c2c4/normalized/c2c4_points_normalized.csv,c2c4_points_sds24_salts:127,core,medium outside the database's scope (D70)
rudakovlutsyk1979_c2c4,c2c4,c2c4_pts,c2c4/normalized/c2c4_points_normalized.csv,c2c4_points_sds24_salts:128,core,medium outside the database's scope (D70)
rudakovlutsyk1979_c2c4,c2c4,c2c4_pts,c2c4/normalized/c2c4_points_normalized.csv,c2c4_points_sds24_salts:129,core,medium outside the database's scope (D70)
rudakovlutsyk1979_c2c4,c2c4,c2c4_pts,c2c4/normalized/c2c4_points_normalized.csv,c2c4_points_sds24_salts:130,core,medium outside the database's scope (D70)
rudakovlutsyk1979_c2c4,c2c4,c2c4_pts,c2c4/normalized/c2c4_points_normalized.csv,c2c4_points_sds24_salts:131,core,medium outside the database's scope (D70)
rudakovlutsyk1979_c2c4,c2c4,c2c4_pts,c2c4/normalized/c2c4_points_normalized.csv,c2c4_points_sds24_salts:132,core,medium outside the database's scope (D70)
rudakovlutsyk1979_c2c4,c2c4,c2c4_pts,c2c4/normalized/c2c4_points_normalized.csv,c2c4_points_sds24_salts:133,core,medium outside the database's scope (D70)
rudakovlutsyk1979_c2c4,c2c4,c2c4_pts,c2c4/normalized/c2c4_points_normalized.csv,c2c4_points_sds24_salts:134,core,medium outside the database's scope (D70)
rudakovlutsyk1979_c2c4,c2c4,c2c4_pts,c2c4/normalized/c2c4_points_normalized.csv,c2c4_points_sds24_salts:135,core,medium outside the database's scope (D70)
rudakovlutsyk1979_c2c4,c2c4,c2c4_pts,c2c4/normalized/c2c4_points_normalized.csv,c2c4_points_sds24_salts:136,core,medium outside the database's scope (D70)
rudakovlutsyk1979_c2c4,c2c4,c2c4_pts,c2c4/normalized/c2c4_points_normalized.csv,c2c4_points_sds24_salts:137,core,medium outside the database's scope (D70)
rudakovlutsyk1979_c2c4,c2c4,c2c4_pts,c2c4/normalized/c2c4_points_normalized.csv,c2c4_points_sds24_salts:138,core,medium outside the database's scope (D70)
rudakovlutsyk1979_c2c4,c2c4,c2c4_pts,c2c4/normalized/c2c4_points_normalized.csv,c2c4_points_sds24_salts:139,core,medium outside the database's scope (D70)
rudakovlutsyk1979_c2c4,c2c4,c2c4_pts,c2c4/normalized/c2c4_points_normalized.csv,c2c4_points_sds24_salts:140,core,medium outside the database's scope (D70)
morrisonjohnstone1955_c2c4,c2c4,c2c4_pts,c2c4/normalized/c2c4_points_normalized.csv,c2c4_points_sds24_salts:190,core,derived salt-effect parameter; no absolute solubility
claussenpolglase1952_c2c4,c2c4,c2c4_pts,c2c4/normalized/c2c4_points_normalized.csv,claussenpolglase1952:1,core,ancillary bank (derived / non-solubility quantity)
cosgrovewalkley1981_c2c4,c2c4,c2c4_pts,c2c4/normalized/c2c4_points_normalized.csv,cosgrovewalkley1981:1,core,ancillary bank (derived / non-solubility quantity)
cosgrovewalkley1981_c2c4,c2c4,c2c4_pts,c2c4/normalized/c2c4_points_normalized.csv,cosgrovewalkley1981:10,core,medium outside the database's scope (D70)
cosgrovewalkley1981_c2c4,c2c4,c2c4_pts,c2c4/normalized/c2c4_points_normalized.csv,cosgrovewalkley1981:11,core,medium outside the database's scope (D70)
cosgrovewalkley1981_c2c4,c2c4,c2c4_pts,c2c4/normalized/c2c4_points_normalized.csv,cosgrovewalkley1981:12,core,medium outside the database's scope (D70)
cosgrovewalkley1981_c2c4,c2c4,c2c4_pts,c2c4/normalized/c2c4_points_normalized.csv,cosgrovewalkley1981:13,core,medium outside the database's scope (D70)
cosgrovewalkley1981_c2c4,c2c4,c2c4_pts,c2c4/normalized/c2c4_points_normalized.csv,cosgrovewalkley1981:14,core,medium outside the database's scope (D70)
cosgrovewalkley1981_c2c4,c2c4,c2c4_pts,c2c4/normalized/c2c4_points_normalized.csv,cosgrovewalkley1981:9,core,medium outside the database's scope (D70)
culbersonmcketta1951_c2c4,c2c4,c2c4_pts,c2c4/normalized/c2c4_points_normalized.csv,culbersonmcketta1951:1,core,ancillary bank (derived / non-solubility quantity)
morrisonbillett1952_c2c4,c2c4,c2c4_pts,c2c4/normalized/c2c4_points_normalized.csv,morrisonbillett1952:47,core,ancillary bank (derived / non-solubility quantity)
morrisonbillett1952_c2c4,c2c4,c2c4_pts,c2c4/normalized/c2c4_points_normalized.csv,morrisonbillett1952:48,core,ancillary bank (derived / non-solubility quantity)
morrisonbillett1952_c2c4,c2c4,c2c4_pts,c2c4/normalized/c2c4_points_normalized.csv,morrisonbillett1952:49,core,ancillary bank (derived / non-solubility quantity)
morrisonbillett1952_c2c4,c2c4,c2c4_pts,c2c4/normalized/c2c4_points_normalized.csv,morrisonbillett1952:50,core,ancillary bank (derived / non-solubility quantity)
reamer1952_c2c4,c2c4,c2c4_pts,c2c4/normalized/c2c4_points_normalized.csv,reamer1952:159,core,ancillary bank (derived / non-solubility quantity)
reamer1952_c2c4,c2c4,c2c4_pts,c2c4/normalized/c2c4_points_normalized.csv,reamer1952:160,core,ancillary bank (derived / non-solubility quantity)
reamer1952_c2c4,c2c4,c2c4_pts,c2c4/normalized/c2c4_points_normalized.csv,reamer1952:161,core,ancillary bank (derived / non-solubility quantity)
reamer1952_c2c4,c2c4,c2c4_pts,c2c4/normalized/c2c4_points_normalized.csv,reamer1952:162,core,ancillary bank (derived / non-solubility quantity)
reamer1952_c2c4,c2c4,c2c4_pts,c2c4/normalized/c2c4_points_normalized.csv,reamer1952:163,core,ancillary bank (derived / non-solubility quantity)
reamer1952_c2c4,c2c4,c2c4_pts,c2c4/normalized/c2c4_points_normalized.csv,reamer1952:164,core,ancillary bank (derived / non-solubility quantity)
reamer1952_c2c4,c2c4,c2c4_pts,c2c4/normalized/c2c4_points_normalized.csv,reamer1952:165,core,ancillary bank (derived / non-solubility quantity)
reamer1952_c2c4,c2c4,c2c4_pts,c2c4/normalized/c2c4_points_normalized.csv,reamer1952:166,core,ancillary bank (derived / non-solubility quantity)
reamer1952_c2c4,c2c4,c2c4_pts,c2c4/normalized/c2c4_points_normalized.csv,reamer1952:167,core,ancillary bank (derived / non-solubility quantity)
reamer1952_c2c4,c2c4,c2c4_pts,c2c4/normalized/c2c4_points_normalized.csv,reamer1952:168,core,ancillary bank (derived / non-solubility quantity)
reamer1952_c2c4,c2c4,c2c4_pts,c2c4/normalized/c2c4_points_normalized.csv,reamer1952:169,core,ancillary bank (derived / non-solubility quantity)
reamer1952_c2c4,c2c4,c2c4_pts,c2c4/normalized/c2c4_points_normalized.csv,reamer1952:170,core,ancillary bank (derived / non-solubility quantity)
reamer1952_c2c4,c2c4,c2c4_pts,c2c4/normalized/c2c4_points_normalized.csv,reamer1952:171,core,ancillary bank (derived / non-solubility quantity)
reamer1952_c2c4,c2c4,c2c4_pts,c2c4/normalized/c2c4_points_normalized.csv,reamer1952:172,core,ancillary bank (derived / non-solubility quantity)
reamer1952_c2c4,c2c4,c2c4_pts,c2c4/normalized/c2c4_points_normalized.csv,reamer1952:173,core,ancillary bank (derived / non-solubility quantity)
reamer1952_c2c4,c2c4,c2c4_pts,c2c4/normalized/c2c4_points_normalized.csv,reamer1952:174,core,ancillary bank (derived / non-solubility quantity)
reamer1952_c2c4,c2c4,c2c4_pts,c2c4/normalized/c2c4_points_normalized.csv,reamer1952:175,core,ancillary bank (derived / non-solubility quantity)
reamer1952_c2c4,c2c4,c2c4_pts,c2c4/normalized/c2c4_points_normalized.csv,reamer1952:176,core,ancillary bank (derived / non-solubility quantity)
reamer1952_c2c4,c2c4,c2c4_pts,c2c4/normalized/c2c4_points_normalized.csv,reamer1952:177,core,ancillary bank (derived / non-solubility quantity)
reamer1952_c2c4,c2c4,c2c4_pts,c2c4/normalized/c2c4_points_normalized.csv,reamer1952:178,core,ancillary bank (derived / non-solubility quantity)
reamer1952_c2c4,c2c4,c2c4_pts,c2c4/normalized/c2c4_points_normalized.csv,reamer1952:179,core,ancillary bank (derived / non-solubility quantity)
reamer1952_c2c4,c2c4,c2c4_pts,c2c4/normalized/c2c4_points_normalized.csv,reamer1952:180,core,ancillary bank (derived / non-solubility quantity)
reamer1952_c2c4,c2c4,c2c4_pts,c2c4/normalized/c2c4_points_normalized.csv,reamer1952:181,core,ancillary bank (derived / non-solubility quantity)
reamer1952_c2c4,c2c4,c2c4_pts,c2c4/normalized/c2c4_points_normalized.csv,reamer1952:182,core,ancillary bank (derived / non-solubility quantity)
reamer1952_c2c4,c2c4,c2c4_pts,c2c4/normalized/c2c4_points_normalized.csv,reamer1952:183,core,ancillary bank (derived / non-solubility quantity)
reamer1952_c2c4,c2c4,c2c4_pts,c2c4/normalized/c2c4_points_normalized.csv,reamer1952:184,core,ancillary bank (derived / non-solubility quantity)
reamer1952_c2c4,c2c4,c2c4_pts,c2c4/normalized/c2c4_points_normalized.csv,reamer1952:185,core,ancillary bank (derived / non-solubility quantity)
reamer1952_c2c4,c2c4,c2c4_pts,c2c4/normalized/c2c4_points_normalized.csv,reamer1952:186,core,ancillary bank (derived / non-solubility quantity)
reamer1952_c2c4,c2c4,c2c4_pts,c2c4/normalized/c2c4_points_normalized.csv,reamer1952:187,core,ancillary bank (derived / non-solubility quantity)
reamer1952_c2c4,c2c4,c2c4_pts,c2c4/normalized/c2c4_points_normalized.csv,reamer1952:188,core,ancillary bank (derived / non-solubility quantity)
reamer1952_c2c4,c2c4,c2c4_pts,c2c4/normalized/c2c4_points_normalized.csv,reamer1952:189,core,ancillary bank (derived / non-solubility quantity)
reamer1952_c2c4,c2c4,c2c4_pts,c2c4/normalized/c2c4_points_normalized.csv,reamer1952:190,core,ancillary bank (derived / non-solubility quantity)
reamer1952_c2c4,c2c4,c2c4_pts,c2c4/normalized/c2c4_points_normalized.csv,reamer1952:191,core,ancillary bank (derived / non-solubility quantity)
reamer1952_c2c4,c2c4,c2c4_pts,c2c4/normalized/c2c4_points_normalized.csv,reamer1952:192,core,ancillary bank (derived / non-solubility quantity)
reamer1952_c2c4,c2c4,c2c4_pts,c2c4/normalized/c2c4_points_normalized.csv,reamer1952:193,core,ancillary bank (derived / non-solubility quantity)
reamer1952_c2c4,c2c4,c2c4_pts,c2c4/normalized/c2c4_points_normalized.csv,reamer1952:194,core,ancillary bank (derived / non-solubility quantity)
reamer1952_c2c4,c2c4,c2c4_pts,c2c4/normalized/c2c4_points_normalized.csv,reamer1952:195,core,ancillary bank (derived / non-solubility quantity)
reamer1952_c2c4,c2c4,c2c4_pts,c2c4/normalized/c2c4_points_normalized.csv,reamer1952:196,core,ancillary bank (derived / non-solubility quantity)
reamer1952_c2c4,c2c4,c2c4_pts,c2c4/normalized/c2c4_points_normalized.csv,reamer1952:197,core,ancillary bank (derived / non-solubility quantity)
reamer1952_c2c4,c2c4,c2c4_pts,c2c4/normalized/c2c4_points_normalized.csv,reamer1952:198,core,ancillary bank (derived / non-solubility quantity)
reamer1952_c2c4,c2c4,c2c4_pts,c2c4/normalized/c2c4_points_normalized.csv,reamer1952:199,core,ancillary bank (derived / non-solubility quantity)
reamer1952_c2c4,c2c4,c2c4_pts,c2c4/normalized/c2c4_points_normalized.csv,reamer1952:200,core,ancillary bank (derived / non-solubility quantity)
reamer1952_c2c4,c2c4,c2c4_pts,c2c4/normalized/c2c4_points_normalized.csv,reamer1952:201,core,ancillary bank (derived / non-solubility quantity)
reamer1952_c2c4,c2c4,c2c4_pts,c2c4/normalized/c2c4_points_normalized.csv,reamer1952:202,core,ancillary bank (derived / non-solubility quantity)
reamer1952_c2c4,c2c4,c2c4_pts,c2c4/normalized/c2c4_points_normalized.csv,reamer1952:203,core,ancillary bank (derived / non-solubility quantity)
reamer1952_c2c4,c2c4,c2c4_pts,c2c4/normalized/c2c4_points_normalized.csv,reamer1952:204,core,ancillary bank (derived / non-solubility quantity)
reamer1952_c2c4,c2c4,c2c4_pts,c2c4/normalized/c2c4_points_normalized.csv,reamer1952:205,core,ancillary bank (derived / non-solubility quantity)
reamer1952_c2c4,c2c4,c2c4_pts,c2c4/normalized/c2c4_points_normalized.csv,reamer1952:206,core,ancillary bank (derived / non-solubility quantity)
reamer1952_c2c4,c2c4,c2c4_pts,c2c4/normalized/c2c4_points_normalized.csv,reamer1952:207,core,ancillary bank (derived / non-solubility quantity)
reamer1952_c2c4,c2c4,c2c4_pts,c2c4/normalized/c2c4_points_normalized.csv,reamer1952:208,core,ancillary bank (derived / non-solubility quantity)
reamer1952_c2c4,c2c4,c2c4_pts,c2c4/normalized/c2c4_points_normalized.csv,reamer1952:209,core,ancillary bank (derived / non-solubility quantity)
reamer1952_c2c4,c2c4,c2c4_pts,c2c4/normalized/c2c4_points_normalized.csv,reamer1952:210,core,ancillary bank (derived / non-solubility quantity)
reamer1952_c2c4,c2c4,c2c4_pts,c2c4/normalized/c2c4_points_normalized.csv,reamer1952:211,core,ancillary bank (derived / non-solubility quantity)
reamer1952_c2c4,c2c4,c2c4_pts,c2c4/normalized/c2c4_points_normalized.csv,reamer1952:212,core,ancillary bank (derived / non-solubility quantity)
reamer1952_c2c4,c2c4,c2c4_pts,c2c4/normalized/c2c4_points_normalized.csv,reamer1952:213,core,ancillary bank (derived / non-solubility quantity)
reamer1952_c2c4,c2c4,c2c4_pts,c2c4/normalized/c2c4_points_normalized.csv,reamer1952:214,core,ancillary bank (derived / non-solubility quantity)
reamer1952_c2c4,c2c4,c2c4_pts,c2c4/normalized/c2c4_points_normalized.csv,reamer1952:215,core,ancillary bank (derived / non-solubility quantity)
reamer1952_c2c4,c2c4,c2c4_pts,c2c4/normalized/c2c4_points_normalized.csv,reamer1952:216,core,ancillary bank (derived / non-solubility quantity)
reamer1952_c2c4,c2c4,c2c4_pts,c2c4/normalized/c2c4_points_normalized.csv,reamer1952:217,core,ancillary bank (derived / non-solubility quantity)
reamer1952_c2c4,c2c4,c2c4_pts,c2c4/normalized/c2c4_points_normalized.csv,reamer1952:218,core,ancillary bank (derived / non-solubility quantity)
reamer1952_c2c4,c2c4,c2c4_pts,c2c4/normalized/c2c4_points_normalized.csv,reamer1952:219,core,ancillary bank (derived / non-solubility quantity)
reamer1952_c2c4,c2c4,c2c4_pts,c2c4/normalized/c2c4_points_normalized.csv,reamer1952:220,core,ancillary bank (derived / non-solubility quantity)
reamer1952_c2c4,c2c4,c2c4_pts,c2c4/normalized/c2c4_points_normalized.csv,reamer1952:221,core,ancillary bank (derived / non-solubility quantity)
reamer1952_c2c4,c2c4,c2c4_pts,c2c4/normalized/c2c4_points_normalized.csv,reamer1952:222,core,ancillary bank (derived / non-solubility quantity)
reamer1952_c2c4,c2c4,c2c4_pts,c2c4/normalized/c2c4_points_normalized.csv,reamer1952:223,core,ancillary bank (derived / non-solubility quantity)
reamer1952_c2c4,c2c4,c2c4_pts,c2c4/normalized/c2c4_points_normalized.csv,reamer1952:224,core,ancillary bank (derived / non-solubility quantity)
reamer1952_c2c4,c2c4,c2c4_pts,c2c4/normalized/c2c4_points_normalized.csv,reamer1952:225,core,ancillary bank (derived / non-solubility quantity)
reamer1952_c2c4,c2c4,c2c4_pts,c2c4/normalized/c2c4_points_normalized.csv,reamer1952:226,core,ancillary bank (derived / non-solubility quantity)
reamer1952_c2c4,c2c4,c2c4_pts,c2c4/normalized/c2c4_points_normalized.csv,reamer1952:227,core,ancillary bank (derived / non-solubility quantity)
reamer1952_c2c4,c2c4,c2c4_pts,c2c4/normalized/c2c4_points_normalized.csv,reamer1952:228,core,ancillary bank (derived / non-solubility quantity)
reamer1952_c2c4,c2c4,c2c4_pts,c2c4/normalized/c2c4_points_normalized.csv,reamer1952:229,core,ancillary bank (derived / non-solubility quantity)
reamer1952_c2c4,c2c4,c2c4_pts,c2c4/normalized/c2c4_points_normalized.csv,reamer1952:230,core,ancillary bank (derived / non-solubility quantity)
reamer1952_c2c4,c2c4,c2c4_pts,c2c4/normalized/c2c4_points_normalized.csv,reamer1952:231,core,ancillary bank (derived / non-solubility quantity)
reamer1952_c2c4,c2c4,c2c4_pts,c2c4/normalized/c2c4_points_normalized.csv,reamer1952:232,core,ancillary bank (derived / non-solubility quantity)
reamer1952_c2c4,c2c4,c2c4_pts,c2c4/normalized/c2c4_points_normalized.csv,reamer1952:233,core,ancillary bank (derived / non-solubility quantity)
reamer1952_c2c4,c2c4,c2c4_pts,c2c4/normalized/c2c4_points_normalized.csv,reamer1952:234,core,ancillary bank (derived / non-solubility quantity)
reamer1952_c2c4,c2c4,c2c4_pts,c2c4/normalized/c2c4_points_normalized.csv,reamer1952:235,core,ancillary bank (derived / non-solubility quantity)
reamer1952_c2c4,c2c4,c2c4_pts,c2c4/normalized/c2c4_points_normalized.csv,reamer1952:236,core,ancillary bank (derived / non-solubility quantity)
reamer1952_c2c4,c2c4,c2c4_pts,c2c4/normalized/c2c4_points_normalized.csv,reamer1952:237,core,ancillary bank (derived / non-solubility quantity)
reamer1952_c2c4,c2c4,c2c4_pts,c2c4/normalized/c2c4_points_normalized.csv,reamer1952:238,core,ancillary bank (derived / non-solubility quantity)
reamer1952_c2c4,c2c4,c2c4_pts,c2c4/normalized/c2c4_points_normalized.csv,reamer1952:239,core,ancillary bank (derived / non-solubility quantity)
reamer1952_c2c4,c2c4,c2c4_pts,c2c4/normalized/c2c4_points_normalized.csv,reamer1952:74,core,no normalized value and no as-printed value
reamer1952_c2c4,c2c4,c2c4_pts,c2c4/normalized/c2c4_points_normalized.csv,reamer1952:75,core,no normalized value and no as-printed value
rettich1981_c2c4,c2c4,c2c4_pts,c2c4/normalized/c2c4_points_normalized.csv,rettich1981:16,core,ancillary bank (derived / non-solubility quantity)
rettich2024_c2c4,c2c4,c2c4_pts,c2c4/normalized/c2c4_points_normalized.csv,rettich2024:16,core,ancillary bank (derived / non-solubility quantity)
rettich2024_c2c4,c2c4,c2c4_pts,c2c4/normalized/c2c4_points_normalized.csv,rettich2024:17,core,ancillary bank (derived / non-solubility quantity)
rettich2024_c2c4,c2c4,c2c4_pts,c2c4/normalized/c2c4_points_normalized.csv,rettich2024:18,core,ancillary bank (derived / non-solubility quantity)
rettich2024_c2c4,c2c4,c2c4_pts,c2c4/normalized/c2c4_points_normalized.csv,rettich2024:19,core,ancillary bank (derived / non-solubility quantity)
rettich2024_c2c4,c2c4,c2c4_pts,c2c4/normalized/c2c4_points_normalized.csv,rettich2024:20,core,ancillary bank (derived / non-solubility quantity)
rettich2024_c2c4,c2c4,c2c4_pts,c2c4/normalized/c2c4_points_normalized.csv,rettich2024:21,core,ancillary bank (derived / non-solubility quantity)
rettich2024_c2c4,c2c4,c2c4_pts,c2c4/normalized/c2c4_points_normalized.csv,rettich2024:22,core,ancillary bank (derived / non-solubility quantity)
rettich2024_c2c4,c2c4,c2c4_pts,c2c4/normalized/c2c4_points_normalized.csv,rettich2024:23,core,ancillary bank (derived / non-solubility quantity)
rettich2024_c2c4,c2c4,c2c4_pts,c2c4/normalized/c2c4_points_normalized.csv,rettich2024:24,core,ancillary bank (derived / non-solubility quantity)
rice1976_c2c4,c2c4,c2c4_pts,c2c4/normalized/c2c4_points_normalized.csv,rice1976:28,core,ancillary bank (derived / non-solubility quantity)
song2004_c2c4,c2c4,c2c4_yw,c2c4/normalized/c2c4_points_normalized.csv,song2004:11,wc,no normalized value and no as-printed value
song2004_c2c4,c2c4,c2c4_yw,c2c4/normalized/c2c4_points_normalized.csv,song2004:12,wc,no normalized value and no as-printed value
song2004_c2c4,c2c4,c2c4_yw,c2c4/normalized/c2c4_points_normalized.csv,song2004:13,wc,no normalized value and no as-printed value
song2004_c2c4,c2c4,c2c4_yw,c2c4/normalized/c2c4_points_normalized.csv,song2004:14,wc,no normalized value and no as-printed value
song2004_c2c4,c2c4,c2c4_yw,c2c4/normalized/c2c4_points_normalized.csv,song2004:15,wc,no normalized value and no as-printed value
song2004_c2c4,c2c4,c2c4_yw,c2c4/normalized/c2c4_points_normalized.csv,song2004:23,wc,no normalized value and no as-printed value
song2004_c2c4,c2c4,c2c4_yw,c2c4/normalized/c2c4_points_normalized.csv,song2004:24,wc,no normalized value and no as-printed value
song2004_c2c4,c2c4,c2c4_yw,c2c4/normalized/c2c4_points_normalized.csv,song2004:25,wc,no normalized value and no as-printed value
song2004_c2c4,c2c4,c2c4_yw,c2c4/normalized/c2c4_points_normalized.csv,song2004:26,wc,no normalized value and no as-printed value
song2004_c2c4,c2c4,c2c4_yw,c2c4/normalized/c2c4_points_normalized.csv,song2004:29,wc,no normalized value and no as-printed value
song2004_c2c4,c2c4,c2c4_yw,c2c4/normalized/c2c4_points_normalized.csv,song2004:34,wc,no normalized value and no as-printed value
song2004_c2c4,c2c4,c2c4_yw,c2c4/normalized/c2c4_points_normalized.csv,song2004:37,wc,no normalized value and no as-printed value
song2004_c2c4,c2c4,c2c4_yw,c2c4/normalized/c2c4_points_normalized.csv,song2004:38,wc,no normalized value and no as-printed value
song2004_c2c4,c2c4,c2c4_yw,c2c4/normalized/c2c4_points_normalized.csv,song2004:39,wc,no normalized value and no as-printed value
song2004_c2c4,c2c4,c2c4_yw,c2c4/normalized/c2c4_points_normalized.csv,song2004:40,wc,no normalized value and no as-printed value
song2004_c2c4,c2c4,c2c4_yw,c2c4/normalized/c2c4_points_normalized.csv,song2004:6,wc,no normalized value and no as-printed value
song2004_c2c4,c2c4,c2c4_yw,c2c4/normalized/c2c4_points_normalized.csv,song2004:7,wc,no normalized value and no as-printed value
song2004_c2c4,c2c4,c2c4_yw,c2c4/normalized/c2c4_points_normalized.csv,song2004:8,wc,no normalized value and no as-printed value
songkobayashi1994_c2c4,c2c4,c2c4_pts,c2c4/normalized/c2c4_points_normalized.csv,songkobayashi1994:61,core,ancillary bank (derived / non-solubility quantity)
tiepelgubbins1972_c2c4,c2c4,c2c4_pts,c2c4/normalized/c2c4_points_normalized.csv,tiepelgubbins1972:1,core,ancillary bank (derived / non-solubility quantity)
tiepelgubbins1972_c2c4,c2c4,c2c4_pts,c2c4/normalized/c2c4_points_normalized.csv,tiepelgubbins1972:10,core,ancillary bank (derived / non-solubility quantity)
tiepelgubbins1972_c2c4,c2c4,c2c4_pts,c2c4/normalized/c2c4_points_normalized.csv,tiepelgubbins1972:11,core,ancillary bank (derived / non-solubility quantity)
tiepelgubbins1972_c2c4,c2c4,c2c4_pts,c2c4/normalized/c2c4_points_normalized.csv,tiepelgubbins1972:12,core,ancillary bank (derived / non-solubility quantity)
tiepelgubbins1972_c2c4,c2c4,c2c4_pts,c2c4/normalized/c2c4_points_normalized.csv,tiepelgubbins1972:13,core,ancillary bank (derived / non-solubility quantity)
tiepelgubbins1972_c2c4,c2c4,c2c4_pts,c2c4/normalized/c2c4_points_normalized.csv,tiepelgubbins1972:14,core,ancillary bank (derived / non-solubility quantity)
tiepelgubbins1972_c2c4,c2c4,c2c4_pts,c2c4/normalized/c2c4_points_normalized.csv,tiepelgubbins1972:15,core,ancillary bank (derived / non-solubility quantity)
tiepelgubbins1972_c2c4,c2c4,c2c4_pts,c2c4/normalized/c2c4_points_normalized.csv,tiepelgubbins1972:16,core,ancillary bank (derived / non-solubility quantity)
tiepelgubbins1972_c2c4,c2c4,c2c4_pts,c2c4/normalized/c2c4_points_normalized.csv,tiepelgubbins1972:17,core,ancillary bank (derived / non-solubility quantity)
tiepelgubbins1972_c2c4,c2c4,c2c4_pts,c2c4/normalized/c2c4_points_normalized.csv,tiepelgubbins1972:18,core,ancillary bank (derived / non-solubility quantity)
tiepelgubbins1972_c2c4,c2c4,c2c4_pts,c2c4/normalized/c2c4_points_normalized.csv,tiepelgubbins1972:19,core,ancillary bank (derived / non-solubility quantity)
tiepelgubbins1972_c2c4,c2c4,c2c4_pts,c2c4/normalized/c2c4_points_normalized.csv,tiepelgubbins1972:2,core,ancillary bank (derived / non-solubility quantity)
tiepelgubbins1972_c2c4,c2c4,c2c4_pts,c2c4/normalized/c2c4_points_normalized.csv,tiepelgubbins1972:20,core,ancillary bank (derived / non-solubility quantity)
tiepelgubbins1972_c2c4,c2c4,c2c4_pts,c2c4/normalized/c2c4_points_normalized.csv,tiepelgubbins1972:21,core,ancillary bank (derived / non-solubility quantity)
tiepelgubbins1972_c2c4,c2c4,c2c4_pts,c2c4/normalized/c2c4_points_normalized.csv,tiepelgubbins1972:22,core,ancillary bank (derived / non-solubility quantity)
tiepelgubbins1972_c2c4,c2c4,c2c4_pts,c2c4/normalized/c2c4_points_normalized.csv,tiepelgubbins1972:23,core,ancillary bank (derived / non-solubility quantity)
tiepelgubbins1972_c2c4,c2c4,c2c4_pts,c2c4/normalized/c2c4_points_normalized.csv,tiepelgubbins1972:24,core,ancillary bank (derived / non-solubility quantity)
tiepelgubbins1972_c2c4,c2c4,c2c4_pts,c2c4/normalized/c2c4_points_normalized.csv,tiepelgubbins1972:25,core,ancillary bank (derived / non-solubility quantity)
tiepelgubbins1972_c2c4,c2c4,c2c4_pts,c2c4/normalized/c2c4_points_normalized.csv,tiepelgubbins1972:26,core,ancillary bank (derived / non-solubility quantity)
tiepelgubbins1972_c2c4,c2c4,c2c4_pts,c2c4/normalized/c2c4_points_normalized.csv,tiepelgubbins1972:27,core,ancillary bank (derived / non-solubility quantity)
tiepelgubbins1972_c2c4,c2c4,c2c4_pts,c2c4/normalized/c2c4_points_normalized.csv,tiepelgubbins1972:3,core,ancillary bank (derived / non-solubility quantity)
tiepelgubbins1972_c2c4,c2c4,c2c4_pts,c2c4/normalized/c2c4_points_normalized.csv,tiepelgubbins1972:4,core,ancillary bank (derived / non-solubility quantity)
tiepelgubbins1972_c2c4,c2c4,c2c4_pts,c2c4/normalized/c2c4_points_normalized.csv,tiepelgubbins1972:5,core,ancillary bank (derived / non-solubility quantity)
tiepelgubbins1972_c2c4,c2c4,c2c4_pts,c2c4/normalized/c2c4_points_normalized.csv,tiepelgubbins1972:6,core,ancillary bank (derived / non-solubility quantity)
tiepelgubbins1972_c2c4,c2c4,c2c4_pts,c2c4/normalized/c2c4_points_normalized.csv,tiepelgubbins1972:7,core,ancillary bank (derived / non-solubility quantity)
tiepelgubbins1972_c2c4,c2c4,c2c4_pts,c2c4/normalized/c2c4_points_normalized.csv,tiepelgubbins1972:8,core,ancillary bank (derived / non-solubility quantity)
tiepelgubbins1972_c2c4,c2c4,c2c4_pts,c2c4/normalized/c2c4_points_normalized.csv,tiepelgubbins1972:9,core,ancillary bank (derived / non-solubility quantity)
wehemcketta1961nc4h10water_c2c4,c2c4,c2c4_pts,c2c4/normalized/c2c4_points_normalized.csv,wehemcketta1961_nc4h10_water:10,core,no normalized value and no as-printed value
wetlaufer1964_c2c4,c2c4,c2c4_pts,c2c4/normalized/c2c4_points_normalized.csv,wetlaufer1964:13,core,medium outside the database's scope (D70)
wetlaufer1964_c2c4,c2c4,c2c4_pts,c2c4/normalized/c2c4_points_normalized.csv,wetlaufer1964:14,core,medium outside the database's scope (D70)
wetlaufer1964_c2c4,c2c4,c2c4_pts,c2c4/normalized/c2c4_points_normalized.csv,wetlaufer1964:15,core,medium outside the database's scope (D70)
wetlaufer1964_c2c4,c2c4,c2c4_pts,c2c4/normalized/c2c4_points_normalized.csv,wetlaufer1964:16,core,medium outside the database's scope (D70)
wetlaufer1964_c2c4,c2c4,c2c4_pts,c2c4/normalized/c2c4_points_normalized.csv,wetlaufer1964:17,core,medium outside the database's scope (D70)
wetlaufer1964_c2c4,c2c4,c2c4_pts,c2c4/normalized/c2c4_points_normalized.csv,wetlaufer1964:18,core,medium outside the database's scope (D70)
wetlaufer1964_c2c4,c2c4,c2c4_pts,c2c4/normalized/c2c4_points_normalized.csv,wetlaufer1964:22,core,medium outside the database's scope (D70)
wetlaufer1964_c2c4,c2c4,c2c4_pts,c2c4/normalized/c2c4_points_normalized.csv,wetlaufer1964:23,core,medium outside the database's scope (D70)
wetlaufer1964_c2c4,c2c4,c2c4_pts,c2c4/normalized/c2c4_points_normalized.csv,wetlaufer1964:24,core,medium outside the database's scope (D70)
wetlaufer1964_c2c4,c2c4,c2c4_pts,c2c4/normalized/c2c4_points_normalized.csv,wetlaufer1964:25,core,medium outside the database's scope (D70)
wetlaufer1964_c2c4,c2c4,c2c4_pts,c2c4/normalized/c2c4_points_normalized.csv,wetlaufer1964:26,core,medium outside the database's scope (D70)
wetlaufer1964_c2c4,c2c4,c2c4_pts,c2c4/normalized/c2c4_points_normalized.csv,wetlaufer1964:27,core,medium outside the database's scope (D70)
wetlaufer1964_c2c4,c2c4,c2c4_pts,c2c4/normalized/c2c4_points_normalized.csv,wetlaufer1964:31,core,medium outside the database's scope (D70)
wetlaufer1964_c2c4,c2c4,c2c4_pts,c2c4/normalized/c2c4_points_normalized.csv,wetlaufer1964:32,core,medium outside the database's scope (D70)
wetlaufer1964_c2c4,c2c4,c2c4_pts,c2c4/normalized/c2c4_points_normalized.csv,wetlaufer1964:33,core,medium outside the database's scope (D70)
wetlaufer1964_c2c4,c2c4,c2c4_pts,c2c4/normalized/c2c4_points_normalized.csv,wetlaufer1964:34,core,medium outside the database's scope (D70)
wetlaufer1964_c2c4,c2c4,c2c4_pts,c2c4/normalized/c2c4_points_normalized.csv,wetlaufer1964:35,core,medium outside the database's scope (D70)
wetlaufer1964_c2c4,c2c4,c2c4_pts,c2c4/normalized/c2c4_points_normalized.csv,wetlaufer1964:36,core,medium outside the database's scope (D70)
wetlaufer1964_c2c4,c2c4,c2c4_pts,c2c4/normalized/c2c4_points_normalized.csv,wetlaufer1964:4,core,medium outside the database's scope (D70)
wetlaufer1964_c2c4,c2c4,c2c4_pts,c2c4/normalized/c2c4_points_normalized.csv,wetlaufer1964:5,core,medium outside the database's scope (D70)
wetlaufer1964_c2c4,c2c4,c2c4_pts,c2c4/normalized/c2c4_points_normalized.csv,wetlaufer1964:6,core,medium outside the database's scope (D70)
wetlaufer1964_c2c4,c2c4,c2c4_pts,c2c4/normalized/c2c4_points_normalized.csv,wetlaufer1964:7,core,medium outside the database's scope (D70)
wetlaufer1964_c2c4,c2c4,c2c4_pts,c2c4/normalized/c2c4_points_normalized.csv,wetlaufer1964:8,core,medium outside the database's scope (D70)
wetlaufer1964_c2c4,c2c4,c2c4_pts,c2c4/normalized/c2c4_points_normalized.csv,wetlaufer1964:9,core,medium outside the database's scope (D70)
barone1979_ch4,ch4,ch4_pts,ch4/normalized/ch4_points_normalized.csv,barone1979:10,core,medium outside the database's scope (D70)
barone1979_ch4,ch4,ch4_pts,ch4/normalized/ch4_points_normalized.csv,barone1979:11,core,medium outside the database's scope (D70)
barone1979_ch4,ch4,ch4_pts,ch4/normalized/ch4_points_normalized.csv,barone1979:12,core,medium outside the database's scope (D70)
barone1979_ch4,ch4,ch4_pts,ch4/normalized/ch4_points_normalized.csv,barone1979:13,core,medium outside the database's scope (D70)
barone1979_ch4,ch4,ch4_pts,ch4/normalized/ch4_points_normalized.csv,barone1979:14,core,medium outside the database's scope (D70)
barone1979_ch4,ch4,ch4_pts,ch4/normalized/ch4_points_normalized.csv,barone1979:15,core,medium outside the database's scope (D70)
barone1979_ch4,ch4,ch4_pts,ch4/normalized/ch4_points_normalized.csv,barone1979:16,core,medium outside the database's scope (D70)
barone1979_ch4,ch4,ch4_pts,ch4/normalized/ch4_points_normalized.csv,barone1979:17,core,medium outside the database's scope (D70)
barone1979_ch4,ch4,ch4_pts,ch4/normalized/ch4_points_normalized.csv,barone1979:18,core,medium outside the database's scope (D70)
barone1979_ch4,ch4,ch4_pts,ch4/normalized/ch4_points_normalized.csv,barone1979:19,core,medium outside the database's scope (D70)
barone1979_ch4,ch4,ch4_pts,ch4/normalized/ch4_points_normalized.csv,barone1979:20,core,medium outside the database's scope (D70)
barone1979_ch4,ch4,ch4_pts,ch4/normalized/ch4_points_normalized.csv,barone1979:21,core,medium outside the database's scope (D70)
barone1979_ch4,ch4,ch4_pts,ch4/normalized/ch4_points_normalized.csv,barone1979:4,core,medium outside the database's scope (D70)
barone1979_ch4,ch4,ch4_pts,ch4/normalized/ch4_points_normalized.csv,barone1979:5,core,medium outside the database's scope (D70)
barone1979_ch4,ch4,ch4_pts,ch4/normalized/ch4_points_normalized.csv,barone1979:6,core,medium outside the database's scope (D70)
barone1979_ch4,ch4,ch4_pts,ch4/normalized/ch4_points_normalized.csv,barone1979:7,core,medium outside the database's scope (D70)
barone1979_ch4,ch4,ch4_pts,ch4/normalized/ch4_points_normalized.csv,barone1979:8,core,medium outside the database's scope (D70)
barone1979_ch4,ch4,ch4_pts,ch4/normalized/ch4_points_normalized.csv,barone1979:9,core,medium outside the database's scope (D70)
blancosmith1978_ch4,ch4,ch4_pts,ch4/normalized/ch4_points_normalized.csv,blancosmith1978:1,core,medium outside the database's scope (D70)
muccitelliwen1980_ch4,ch4,ch4_pts,ch4/normalized/ch4_points_normalized.csv,ch4_points_sds2728_electrolyte:1,core,medium outside the database's scope (D70)
muccitelliwen1980_ch4,ch4,ch4_pts,ch4/normalized/ch4_points_normalized.csv,ch4_points_sds2728_electrolyte:10,core,medium outside the database's scope (D70)
blancosmith1978_ch4,ch4,ch4_pts,ch4/normalized/ch4_points_normalized.csv,ch4_points_sds2728_electrolyte:100,core,medium outside the database's scope (D70)
blancosmith1978_ch4,ch4,ch4_pts,ch4/normalized/ch4_points_normalized.csv,ch4_points_sds2728_electrolyte:101,core,medium outside the database's scope (D70)
blancosmith1978_ch4,ch4,ch4_pts,ch4/normalized/ch4_points_normalized.csv,ch4_points_sds2728_electrolyte:102,core,medium outside the database's scope (D70)
blancosmith1978_ch4,ch4,ch4_pts,ch4/normalized/ch4_points_normalized.csv,ch4_points_sds2728_electrolyte:103,core,medium outside the database's scope (D70)
blancosmith1978_ch4,ch4,ch4_pts,ch4/normalized/ch4_points_normalized.csv,ch4_points_sds2728_electrolyte:104,core,medium outside the database's scope (D70)
muccitelliwen1980_ch4,ch4,ch4_pts,ch4/normalized/ch4_points_normalized.csv,ch4_points_sds2728_electrolyte:11,core,medium outside the database's scope (D70)
muccitelliwen1980_ch4,ch4,ch4_pts,ch4/normalized/ch4_points_normalized.csv,ch4_points_sds2728_electrolyte:12,core,medium outside the database's scope (D70)
muccitelliwen1980_ch4,ch4,ch4_pts,ch4/normalized/ch4_points_normalized.csv,ch4_points_sds2728_electrolyte:13,core,medium outside the database's scope (D70)
muccitelliwen1980_ch4,ch4,ch4_pts,ch4/normalized/ch4_points_normalized.csv,ch4_points_sds2728_electrolyte:14,core,medium outside the database's scope (D70)
muccitelliwen1980_ch4,ch4,ch4_pts,ch4/normalized/ch4_points_normalized.csv,ch4_points_sds2728_electrolyte:15,core,medium outside the database's scope (D70)
muccitelliwen1980_ch4,ch4,ch4_pts,ch4/normalized/ch4_points_normalized.csv,ch4_points_sds2728_electrolyte:16,core,medium outside the database's scope (D70)
muccitelliwen1980_ch4,ch4,ch4_pts,ch4/normalized/ch4_points_normalized.csv,ch4_points_sds2728_electrolyte:17,core,medium outside the database's scope (D70)
muccitelliwen1980_ch4,ch4,ch4_pts,ch4/normalized/ch4_points_normalized.csv,ch4_points_sds2728_electrolyte:18,core,medium outside the database's scope (D70)
muccitelliwen1980_ch4,ch4,ch4_pts,ch4/normalized/ch4_points_normalized.csv,ch4_points_sds2728_electrolyte:19,core,medium outside the database's scope (D70)
muccitelliwen1980_ch4,ch4,ch4_pts,ch4/normalized/ch4_points_normalized.csv,ch4_points_sds2728_electrolyte:2,core,medium outside the database's scope (D70)
muccitelliwen1980_ch4,ch4,ch4_pts,ch4/normalized/ch4_points_normalized.csv,ch4_points_sds2728_electrolyte:20,core,medium outside the database's scope (D70)
muccitelliwen1980_ch4,ch4,ch4_pts,ch4/normalized/ch4_points_normalized.csv,ch4_points_sds2728_electrolyte:21,core,medium outside the database's scope (D70)
muccitelliwen1980_ch4,ch4,ch4_pts,ch4/normalized/ch4_points_normalized.csv,ch4_points_sds2728_electrolyte:22,core,medium outside the database's scope (D70)
muccitelliwen1980_ch4,ch4,ch4_pts,ch4/normalized/ch4_points_normalized.csv,ch4_points_sds2728_electrolyte:23,core,medium outside the database's scope (D70)
muccitelliwen1980_ch4,ch4,ch4_pts,ch4/normalized/ch4_points_normalized.csv,ch4_points_sds2728_electrolyte:24,core,medium outside the database's scope (D70)
muccitelliwen1980_ch4,ch4,ch4_pts,ch4/normalized/ch4_points_normalized.csv,ch4_points_sds2728_electrolyte:25,core,medium outside the database's scope (D70)
muccitelliwen1980_ch4,ch4,ch4_pts,ch4/normalized/ch4_points_normalized.csv,ch4_points_sds2728_electrolyte:26,core,medium outside the database's scope (D70)
christoff1906_ch4,ch4,ch4_pts,ch4/normalized/ch4_points_normalized.csv,ch4_points_sds2728_electrolyte:27,core,medium outside the database's scope (D70)
christoff1906_ch4,ch4,ch4_pts,ch4/normalized/ch4_points_normalized.csv,ch4_points_sds2728_electrolyte:28,core,medium outside the database's scope (D70)
christoff1906_ch4,ch4,ch4_pts,ch4/normalized/ch4_points_normalized.csv,ch4_points_sds2728_electrolyte:29,core,medium outside the database's scope (D70)
muccitelliwen1980_ch4,ch4,ch4_pts,ch4/normalized/ch4_points_normalized.csv,ch4_points_sds2728_electrolyte:3,core,medium outside the database's scope (D70)
christoff1906_ch4,ch4,ch4_pts,ch4/normalized/ch4_points_normalized.csv,ch4_points_sds2728_electrolyte:30,core,medium outside the database's scope (D70)
rudakovlutsyk1979_ch4,ch4,ch4_pts,ch4/normalized/ch4_points_normalized.csv,ch4_points_sds2728_electrolyte:31,core,medium outside the database's scope (D70)
rudakovlutsyk1979_ch4,ch4,ch4_pts,ch4/normalized/ch4_points_normalized.csv,ch4_points_sds2728_electrolyte:32,core,medium outside the database's scope (D70)
rudakovlutsyk1979_ch4,ch4,ch4_pts,ch4/normalized/ch4_points_normalized.csv,ch4_points_sds2728_electrolyte:33,core,medium outside the database's scope (D70)
rudakovlutsyk1979_ch4,ch4,ch4_pts,ch4/normalized/ch4_points_normalized.csv,ch4_points_sds2728_electrolyte:34,core,medium outside the database's scope (D70)
rudakovlutsyk1979_ch4,ch4,ch4_pts,ch4/normalized/ch4_points_normalized.csv,ch4_points_sds2728_electrolyte:35,core,medium outside the database's scope (D70)
rudakovlutsyk1979_ch4,ch4,ch4_pts,ch4/normalized/ch4_points_normalized.csv,ch4_points_sds2728_electrolyte:36,core,medium outside the database's scope (D70)
rudakovlutsyk1979_ch4,ch4,ch4_pts,ch4/normalized/ch4_points_normalized.csv,ch4_points_sds2728_electrolyte:37,core,medium outside the database's scope (D70)
muccitelliwen1980_ch4,ch4,ch4_pts,ch4/normalized/ch4_points_normalized.csv,ch4_points_sds2728_electrolyte:4,core,medium outside the database's scope (D70)
blountpricewengertarullo1980_ch4,ch4,ch4_pts,ch4/normalized/ch4_points_normalized.csv,ch4_points_sds2728_electrolyte:485,core,range summary; no individual absolute measurement
muccitelliwen1980_ch4,ch4,ch4_pts,ch4/normalized/ch4_points_normalized.csv,ch4_points_sds2728_electrolyte:5,core,medium outside the database's scope (D70)
wenhung1970_ch4,ch4,ch4_pts,ch4/normalized/ch4_points_normalized.csv,ch4_points_sds2728_electrolyte:51,core,medium outside the database's scope (D70)
wenhung1970_ch4,ch4,ch4_pts,ch4/normalized/ch4_points_normalized.csv,ch4_points_sds2728_electrolyte:52,core,medium outside the database's scope (D70)
wenhung1970_ch4,ch4,ch4_pts,ch4/normalized/ch4_points_normalized.csv,ch4_points_sds2728_electrolyte:53,core,medium outside the database's scope (D70)
wenhung1970_ch4,ch4,ch4_pts,ch4/normalized/ch4_points_normalized.csv,ch4_points_sds2728_electrolyte:54,core,medium outside the database's scope (D70)
kobekenton1938_ch4,ch4,ch4_pts,ch4/normalized/ch4_points_normalized.csv,ch4_points_sds2728_electrolyte:540,core,medium outside the database's scope (D70)
wenhung1970_ch4,ch4,ch4_pts,ch4/normalized/ch4_points_normalized.csv,ch4_points_sds2728_electrolyte:55,core,medium outside the database's scope (D70)
wenhung1970_ch4,ch4,ch4_pts,ch4/normalized/ch4_points_normalized.csv,ch4_points_sds2728_electrolyte:56,core,medium outside the database's scope (D70)
shoorwalkergubbins1969_ch4,ch4,ch4_pts,ch4/normalized/ch4_points_normalized.csv,ch4_points_sds2728_electrolyte:568,core,medium outside the database's scope (D70)
shoorwalkergubbins1969_ch4,ch4,ch4_pts,ch4/normalized/ch4_points_normalized.csv,ch4_points_sds2728_electrolyte:569,core,medium outside the database's scope (D70)
wenhung1970_ch4,ch4,ch4_pts,ch4/normalized/ch4_points_normalized.csv,ch4_points_sds2728_electrolyte:57,core,medium outside the database's scope (D70)
shoorwalkergubbins1969_ch4,ch4,ch4_pts,ch4/normalized/ch4_points_normalized.csv,ch4_points_sds2728_electrolyte:570,core,medium outside the database's scope (D70)
shoorwalkergubbins1969_ch4,ch4,ch4_pts,ch4/normalized/ch4_points_normalized.csv,ch4_points_sds2728_electrolyte:571,core,medium outside the database's scope (D70)
shoorwalkergubbins1969_ch4,ch4,ch4_pts,ch4/normalized/ch4_points_normalized.csv,ch4_points_sds2728_electrolyte:572,core,medium outside the database's scope (D70)
shoorwalkergubbins1969_ch4,ch4,ch4_pts,ch4/normalized/ch4_points_normalized.csv,ch4_points_sds2728_electrolyte:573,core,medium outside the database's scope (D70)
shoorwalkergubbins1969_ch4,ch4,ch4_pts,ch4/normalized/ch4_points_normalized.csv,ch4_points_sds2728_electrolyte:574,core,medium outside the database's scope (D70)
shoorwalkergubbins1969_ch4,ch4,ch4_pts,ch4/normalized/ch4_points_normalized.csv,ch4_points_sds2728_electrolyte:575,core,medium outside the database's scope (D70)
shoorwalkergubbins1969_ch4,ch4,ch4_pts,ch4/normalized/ch4_points_normalized.csv,ch4_points_sds2728_electrolyte:576,core,medium outside the database's scope (D70)
shoorwalkergubbins1969_ch4,ch4,ch4_pts,ch4/normalized/ch4_points_normalized.csv,ch4_points_sds2728_electrolyte:577,core,medium outside the database's scope (D70)
shoorwalkergubbins1969_ch4,ch4,ch4_pts,ch4/normalized/ch4_points_normalized.csv,ch4_points_sds2728_electrolyte:578,core,medium outside the database's scope (D70)
shoorwalkergubbins1969_ch4,ch4,ch4_pts,ch4/normalized/ch4_points_normalized.csv,ch4_points_sds2728_electrolyte:579,core,medium outside the database's scope (D70)
wenhung1970_ch4,ch4,ch4_pts,ch4/normalized/ch4_points_normalized.csv,ch4_points_sds2728_electrolyte:58,core,medium outside the database's scope (D70)
shoorwalkergubbins1969_ch4,ch4,ch4_pts,ch4/normalized/ch4_points_normalized.csv,ch4_points_sds2728_electrolyte:580,core,medium outside the database's scope (D70)
shoorwalkergubbins1969_ch4,ch4,ch4_pts,ch4/normalized/ch4_points_normalized.csv,ch4_points_sds2728_electrolyte:581,core,medium outside the database's scope (D70)
shoorwalkergubbins1969_ch4,ch4,ch4_pts,ch4/normalized/ch4_points_normalized.csv,ch4_points_sds2728_electrolyte:582,core,medium outside the database's scope (D70)
shoorwalkergubbins1969_ch4,ch4,ch4_pts,ch4/normalized/ch4_points_normalized.csv,ch4_points_sds2728_electrolyte:583,core,medium outside the database's scope (D70)
shoorwalkergubbins1969_ch4,ch4,ch4_pts,ch4/normalized/ch4_points_normalized.csv,ch4_points_sds2728_electrolyte:584,core,medium outside the database's scope (D70)
shoorwalkergubbins1969_ch4,ch4,ch4_pts,ch4/normalized/ch4_points_normalized.csv,ch4_points_sds2728_electrolyte:585,core,medium outside the database's scope (D70)
shoorwalkergubbins1969_ch4,ch4,ch4_pts,ch4/normalized/ch4_points_normalized.csv,ch4_points_sds2728_electrolyte:586,core,medium outside the database's scope (D70)
shoorwalkergubbins1969_ch4,ch4,ch4_pts,ch4/normalized/ch4_points_normalized.csv,ch4_points_sds2728_electrolyte:587,core,medium outside the database's scope (D70)
shoorwalkergubbins1969_ch4,ch4,ch4_pts,ch4/normalized/ch4_points_normalized.csv,ch4_points_sds2728_electrolyte:588,core,medium outside the database's scope (D70)
shoorwalkergubbins1969_ch4,ch4,ch4_pts,ch4/normalized/ch4_points_normalized.csv,ch4_points_sds2728_electrolyte:589,core,medium outside the database's scope (D70)
wenhung1970_ch4,ch4,ch4_pts,ch4/normalized/ch4_points_normalized.csv,ch4_points_sds2728_electrolyte:59,core,medium outside the database's scope (D70)
shoorwalkergubbins1969_ch4,ch4,ch4_pts,ch4/normalized/ch4_points_normalized.csv,ch4_points_sds2728_electrolyte:590,core,medium outside the database's scope (D70)
shoorwalkergubbins1969_ch4,ch4,ch4_pts,ch4/normalized/ch4_points_normalized.csv,ch4_points_sds2728_electrolyte:591,core,medium outside the database's scope (D70)
muccitelliwen1980_ch4,ch4,ch4_pts,ch4/normalized/ch4_points_normalized.csv,ch4_points_sds2728_electrolyte:6,core,medium outside the database's scope (D70)
wenhung1970_ch4,ch4,ch4_pts,ch4/normalized/ch4_points_normalized.csv,ch4_points_sds2728_electrolyte:60,core,medium outside the database's scope (D70)
wenhung1970_ch4,ch4,ch4_pts,ch4/normalized/ch4_points_normalized.csv,ch4_points_sds2728_electrolyte:61,core,medium outside the database's scope (D70)
wenhung1970_ch4,ch4,ch4_pts,ch4/normalized/ch4_points_normalized.csv,ch4_points_sds2728_electrolyte:62,core,medium outside the database's scope (D70)
wenhung1970_ch4,ch4,ch4_pts,ch4/normalized/ch4_points_normalized.csv,ch4_points_sds2728_electrolyte:63,core,medium outside the database's scope (D70)
wenhung1970_ch4,ch4,ch4_pts,ch4/normalized/ch4_points_normalized.csv,ch4_points_sds2728_electrolyte:64,core,medium outside the database's scope (D70)
wenhung1970_ch4,ch4,ch4_pts,ch4/normalized/ch4_points_normalized.csv,ch4_points_sds2728_electrolyte:65,core,medium outside the database's scope (D70)
wenhung1970_ch4,ch4,ch4_pts,ch4/normalized/ch4_points_normalized.csv,ch4_points_sds2728_electrolyte:66,core,medium outside the database's scope (D70)
muccitelliwen1980_ch4,ch4,ch4_pts,ch4/normalized/ch4_points_normalized.csv,ch4_points_sds2728_electrolyte:661,core,medium outside the database's scope (D70)
muccitelliwen1980_ch4,ch4,ch4_pts,ch4/normalized/ch4_points_normalized.csv,ch4_points_sds2728_electrolyte:662,core,medium outside the database's scope (D70)
muccitelliwen1980_ch4,ch4,ch4_pts,ch4/normalized/ch4_points_normalized.csv,ch4_points_sds2728_electrolyte:663,core,medium outside the database's scope (D70)
muccitelliwen1980_ch4,ch4,ch4_pts,ch4/normalized/ch4_points_normalized.csv,ch4_points_sds2728_electrolyte:664,core,medium outside the database's scope (D70)
muccitelliwen1980_ch4,ch4,ch4_pts,ch4/normalized/ch4_points_normalized.csv,ch4_points_sds2728_electrolyte:665,core,medium outside the database's scope (D70)
muccitelliwen1980_ch4,ch4,ch4_pts,ch4/normalized/ch4_points_normalized.csv,ch4_points_sds2728_electrolyte:666,core,medium outside the database's scope (D70)
muccitelliwen1980_ch4,ch4,ch4_pts,ch4/normalized/ch4_points_normalized.csv,ch4_points_sds2728_electrolyte:667,core,medium outside the database's scope (D70)
muccitelliwen1980_ch4,ch4,ch4_pts,ch4/normalized/ch4_points_normalized.csv,ch4_points_sds2728_electrolyte:668,core,medium outside the database's scope (D70)
muccitelliwen1980_ch4,ch4,ch4_pts,ch4/normalized/ch4_points_normalized.csv,ch4_points_sds2728_electrolyte:669,core,medium outside the database's scope (D70)
wenhung1970_ch4,ch4,ch4_pts,ch4/normalized/ch4_points_normalized.csv,ch4_points_sds2728_electrolyte:67,core,medium outside the database's scope (D70)
muccitelliwen1980_ch4,ch4,ch4_pts,ch4/normalized/ch4_points_normalized.csv,ch4_points_sds2728_electrolyte:670,core,medium outside the database's scope (D70)
muccitelliwen1980_ch4,ch4,ch4_pts,ch4/normalized/ch4_points_normalized.csv,ch4_points_sds2728_electrolyte:671,core,medium outside the database's scope (D70)
muccitelliwen1980_ch4,ch4,ch4_pts,ch4/normalized/ch4_points_normalized.csv,ch4_points_sds2728_electrolyte:672,core,medium outside the database's scope (D70)
muccitelliwen1980_ch4,ch4,ch4_pts,ch4/normalized/ch4_points_normalized.csv,ch4_points_sds2728_electrolyte:673,core,medium outside the database's scope (D70)
muccitelliwen1980_ch4,ch4,ch4_pts,ch4/normalized/ch4_points_normalized.csv,ch4_points_sds2728_electrolyte:674,core,medium outside the database's scope (D70)
muccitelliwen1980_ch4,ch4,ch4_pts,ch4/normalized/ch4_points_normalized.csv,ch4_points_sds2728_electrolyte:675,core,medium outside the database's scope (D70)
muccitelliwen1980_ch4,ch4,ch4_pts,ch4/normalized/ch4_points_normalized.csv,ch4_points_sds2728_electrolyte:676,core,medium outside the database's scope (D70)
muccitelliwen1980_ch4,ch4,ch4_pts,ch4/normalized/ch4_points_normalized.csv,ch4_points_sds2728_electrolyte:677,core,medium outside the database's scope (D70)
muccitelliwen1980_ch4,ch4,ch4_pts,ch4/normalized/ch4_points_normalized.csv,ch4_points_sds2728_electrolyte:678,core,medium outside the database's scope (D70)
muccitelliwen1980_ch4,ch4,ch4_pts,ch4/normalized/ch4_points_normalized.csv,ch4_points_sds2728_electrolyte:679,core,medium outside the database's scope (D70)
wenhung1970_ch4,ch4,ch4_pts,ch4/normalized/ch4_points_normalized.csv,ch4_points_sds2728_electrolyte:68,core,medium outside the database's scope (D70)
muccitelliwen1980_ch4,ch4,ch4_pts,ch4/normalized/ch4_points_normalized.csv,ch4_points_sds2728_electrolyte:680,core,medium outside the database's scope (D70)
muccitelliwen1980_ch4,ch4,ch4_pts,ch4/normalized/ch4_points_normalized.csv,ch4_points_sds2728_electrolyte:681,core,medium outside the database's scope (D70)
muccitelliwen1980_ch4,ch4,ch4_pts,ch4/normalized/ch4_points_normalized.csv,ch4_points_sds2728_electrolyte:682,core,medium outside the database's scope (D70)
muccitelliwen1980_ch4,ch4,ch4_pts,ch4/normalized/ch4_points_normalized.csv,ch4_points_sds2728_electrolyte:683,core,medium outside the database's scope (D70)
muccitelliwen1980_ch4,ch4,ch4_pts,ch4/normalized/ch4_points_normalized.csv,ch4_points_sds2728_electrolyte:684,core,medium outside the database's scope (D70)
muccitelliwen1980_ch4,ch4,ch4_pts,ch4/normalized/ch4_points_normalized.csv,ch4_points_sds2728_electrolyte:685,core,medium outside the database's scope (D70)
muccitelliwen1980_ch4,ch4,ch4_pts,ch4/normalized/ch4_points_normalized.csv,ch4_points_sds2728_electrolyte:686,core,medium outside the database's scope (D70)
muccitelliwen1980_ch4,ch4,ch4_pts,ch4/normalized/ch4_points_normalized.csv,ch4_points_sds2728_electrolyte:687,core,medium outside the database's scope (D70)
muccitelliwen1980_ch4,ch4,ch4_pts,ch4/normalized/ch4_points_normalized.csv,ch4_points_sds2728_electrolyte:688,core,medium outside the database's scope (D70)
muccitelliwen1980_ch4,ch4,ch4_pts,ch4/normalized/ch4_points_normalized.csv,ch4_points_sds2728_electrolyte:689,core,medium outside the database's scope (D70)
wenhung1970_ch4,ch4,ch4_pts,ch4/normalized/ch4_points_normalized.csv,ch4_points_sds2728_electrolyte:69,core,medium outside the database's scope (D70)
boldenhoskinsking1983_ch4,ch4,ch4_pts,ch4/normalized/ch4_points_normalized.csv,ch4_points_sds2728_electrolyte:690,core,medium outside the database's scope (D70)
boldenhoskinsking1983_ch4,ch4,ch4_pts,ch4/normalized/ch4_points_normalized.csv,ch4_points_sds2728_electrolyte:691,core,medium outside the database's scope (D70)
boldenhoskinsking1983_ch4,ch4,ch4_pts,ch4/normalized/ch4_points_normalized.csv,ch4_points_sds2728_electrolyte:692,core,medium outside the database's scope (D70)
boldenhoskinsking1983_ch4,ch4,ch4_pts,ch4/normalized/ch4_points_normalized.csv,ch4_points_sds2728_electrolyte:693,core,medium outside the database's scope (D70)
boldenhoskinsking1983_ch4,ch4,ch4_pts,ch4/normalized/ch4_points_normalized.csv,ch4_points_sds2728_electrolyte:694,core,medium outside the database's scope (D70)
boldenhoskinsking1983_ch4,ch4,ch4_pts,ch4/normalized/ch4_points_normalized.csv,ch4_points_sds2728_electrolyte:695,core,medium outside the database's scope (D70)
boldenhoskinsking1983_ch4,ch4,ch4_pts,ch4/normalized/ch4_points_normalized.csv,ch4_points_sds2728_electrolyte:696,core,medium outside the database's scope (D70)
boldenhoskinsking1983_ch4,ch4,ch4_pts,ch4/normalized/ch4_points_normalized.csv,ch4_points_sds2728_electrolyte:697,core,medium outside the database's scope (D70)
boldenhoskinsking1983_ch4,ch4,ch4_pts,ch4/normalized/ch4_points_normalized.csv,ch4_points_sds2728_electrolyte:698,core,medium outside the database's scope (D70)
boldenhoskinsking1983_ch4,ch4,ch4_pts,ch4/normalized/ch4_points_normalized.csv,ch4_points_sds2728_electrolyte:699,core,medium outside the database's scope (D70)
muccitelliwen1980_ch4,ch4,ch4_pts,ch4/normalized/ch4_points_normalized.csv,ch4_points_sds2728_electrolyte:7,core,medium outside the database's scope (D70)
wenhung1970_ch4,ch4,ch4_pts,ch4/normalized/ch4_points_normalized.csv,ch4_points_sds2728_electrolyte:70,core,medium outside the database's scope (D70)
mathesonking1978_ch4,ch4,ch4_pts,ch4/normalized/ch4_points_normalized.csv,ch4_points_sds2728_electrolyte:700,core,medium outside the database's scope (D70)
mathesonking1978_ch4,ch4,ch4_pts,ch4/normalized/ch4_points_normalized.csv,ch4_points_sds2728_electrolyte:701,core,medium outside the database's scope (D70)
mathesonking1978_ch4,ch4,ch4_pts,ch4/normalized/ch4_points_normalized.csv,ch4_points_sds2728_electrolyte:702,core,medium outside the database's scope (D70)
bennaimbattino1985_ch4,ch4,ch4_pts,ch4/normalized/ch4_points_normalized.csv,ch4_points_sds2728_electrolyte:703,core,medium outside the database's scope (D70)
bennaimbattino1985_ch4,ch4,ch4_pts,ch4/normalized/ch4_points_normalized.csv,ch4_points_sds2728_electrolyte:704,core,medium outside the database's scope (D70)
bennaimbattino1985_ch4,ch4,ch4_pts,ch4/normalized/ch4_points_normalized.csv,ch4_points_sds2728_electrolyte:705,core,medium outside the database's scope (D70)
bennaimbattino1985_ch4,ch4,ch4_pts,ch4/normalized/ch4_points_normalized.csv,ch4_points_sds2728_electrolyte:706,core,medium outside the database's scope (D70)
bennaimbattino1985_ch4,ch4,ch4_pts,ch4/normalized/ch4_points_normalized.csv,ch4_points_sds2728_electrolyte:707,core,medium outside the database's scope (D70)
bennaimbattino1985_ch4,ch4,ch4_pts,ch4/normalized/ch4_points_normalized.csv,ch4_points_sds2728_electrolyte:708,core,medium outside the database's scope (D70)
bennaimbattino1985_ch4,ch4,ch4_pts,ch4/normalized/ch4_points_normalized.csv,ch4_points_sds2728_electrolyte:709,core,medium outside the database's scope (D70)
wenhung1970_ch4,ch4,ch4_pts,ch4/normalized/ch4_points_normalized.csv,ch4_points_sds2728_electrolyte:71,core,medium outside the database's scope (D70)
bennaimbattino1985_ch4,ch4,ch4_pts,ch4/normalized/ch4_points_normalized.csv,ch4_points_sds2728_electrolyte:710,core,medium outside the database's scope (D70)
bennaimbattino1985_ch4,ch4,ch4_pts,ch4/normalized/ch4_points_normalized.csv,ch4_points_sds2728_electrolyte:711,core,medium outside the database's scope (D70)
bennaimbattino1985_ch4,ch4,ch4_pts,ch4/normalized/ch4_points_normalized.csv,ch4_points_sds2728_electrolyte:712,core,medium outside the database's scope (D70)
bennaimbattino1985_ch4,ch4,ch4_pts,ch4/normalized/ch4_points_normalized.csv,ch4_points_sds2728_electrolyte:713,core,medium outside the database's scope (D70)
bennaimbattino1985_ch4,ch4,ch4_pts,ch4/normalized/ch4_points_normalized.csv,ch4_points_sds2728_electrolyte:714,core,medium outside the database's scope (D70)
bennaimbattino1985_ch4,ch4,ch4_pts,ch4/normalized/ch4_points_normalized.csv,ch4_points_sds2728_electrolyte:715,core,medium outside the database's scope (D70)
bennaimbattino1985_ch4,ch4,ch4_pts,ch4/normalized/ch4_points_normalized.csv,ch4_points_sds2728_electrolyte:716,core,medium outside the database's scope (D70)
bennaimbattino1985_ch4,ch4,ch4_pts,ch4/normalized/ch4_points_normalized.csv,ch4_points_sds2728_electrolyte:717,core,medium outside the database's scope (D70)
bennaimbattino1985_ch4,ch4,ch4_pts,ch4/normalized/ch4_points_normalized.csv,ch4_points_sds2728_electrolyte:718,core,medium outside the database's scope (D70)
bennaimbattino1985_ch4,ch4,ch4_pts,ch4/normalized/ch4_points_normalized.csv,ch4_points_sds2728_electrolyte:719,core,medium outside the database's scope (D70)
blancosmith1978_ch4,ch4,ch4_pts,ch4/normalized/ch4_points_normalized.csv,ch4_points_sds2728_electrolyte:72,core,medium outside the database's scope (D70)
bennaimbattino1985_ch4,ch4,ch4_pts,ch4/normalized/ch4_points_normalized.csv,ch4_points_sds2728_electrolyte:720,core,medium outside the database's scope (D70)
bennaimbattino1985_ch4,ch4,ch4_pts,ch4/normalized/ch4_points_normalized.csv,ch4_points_sds2728_electrolyte:721,core,medium outside the database's scope (D70)
bennaimbattino1985_ch4,ch4,ch4_pts,ch4/normalized/ch4_points_normalized.csv,ch4_points_sds2728_electrolyte:722,core,medium outside the database's scope (D70)
bennaimbattino1985_ch4,ch4,ch4_pts,ch4/normalized/ch4_points_normalized.csv,ch4_points_sds2728_electrolyte:723,core,medium outside the database's scope (D70)
bennaimbattino1985_ch4,ch4,ch4_pts,ch4/normalized/ch4_points_normalized.csv,ch4_points_sds2728_electrolyte:724,core,medium outside the database's scope (D70)
bennaimbattino1985_ch4,ch4,ch4_pts,ch4/normalized/ch4_points_normalized.csv,ch4_points_sds2728_electrolyte:725,core,medium outside the database's scope (D70)
bennaimbattino1985_ch4,ch4,ch4_pts,ch4/normalized/ch4_points_normalized.csv,ch4_points_sds2728_electrolyte:726,core,medium outside the database's scope (D70)
bennaimbattino1985_ch4,ch4,ch4_pts,ch4/normalized/ch4_points_normalized.csv,ch4_points_sds2728_electrolyte:727,core,medium outside the database's scope (D70)
bennaimbattino1985_ch4,ch4,ch4_pts,ch4/normalized/ch4_points_normalized.csv,ch4_points_sds2728_electrolyte:728,core,medium outside the database's scope (D70)
bennaimbattino1985_ch4,ch4,ch4_pts,ch4/normalized/ch4_points_normalized.csv,ch4_points_sds2728_electrolyte:729,core,medium outside the database's scope (D70)
blancosmith1978_ch4,ch4,ch4_pts,ch4/normalized/ch4_points_normalized.csv,ch4_points_sds2728_electrolyte:73,core,medium outside the database's scope (D70)
bennaimbattino1985_ch4,ch4,ch4_pts,ch4/normalized/ch4_points_normalized.csv,ch4_points_sds2728_electrolyte:730,core,medium outside the database's scope (D70)
bennaimbattino1985_ch4,ch4,ch4_pts,ch4/normalized/ch4_points_normalized.csv,ch4_points_sds2728_electrolyte:731,core,medium outside the database's scope (D70)
bennaimbattino1985_ch4,ch4,ch4_pts,ch4/normalized/ch4_points_normalized.csv,ch4_points_sds2728_electrolyte:732,core,medium outside the database's scope (D70)
bennaimbattino1985_ch4,ch4,ch4_pts,ch4/normalized/ch4_points_normalized.csv,ch4_points_sds2728_electrolyte:733,core,medium outside the database's scope (D70)
bennaimbattino1985_ch4,ch4,ch4_pts,ch4/normalized/ch4_points_normalized.csv,ch4_points_sds2728_electrolyte:734,core,medium outside the database's scope (D70)
bennaimbattino1985_ch4,ch4,ch4_pts,ch4/normalized/ch4_points_normalized.csv,ch4_points_sds2728_electrolyte:735,core,medium outside the database's scope (D70)
bennaimbattino1985_ch4,ch4,ch4_pts,ch4/normalized/ch4_points_normalized.csv,ch4_points_sds2728_electrolyte:736,core,medium outside the database's scope (D70)
bennaimbattino1985_ch4,ch4,ch4_pts,ch4/normalized/ch4_points_normalized.csv,ch4_points_sds2728_electrolyte:737,core,medium outside the database's scope (D70)
bennaimbattino1985_ch4,ch4,ch4_pts,ch4/normalized/ch4_points_normalized.csv,ch4_points_sds2728_electrolyte:738,core,medium outside the database's scope (D70)
bennaimbattino1985_ch4,ch4,ch4_pts,ch4/normalized/ch4_points_normalized.csv,ch4_points_sds2728_electrolyte:739,core,medium outside the database's scope (D70)
blancosmith1978_ch4,ch4,ch4_pts,ch4/normalized/ch4_points_normalized.csv,ch4_points_sds2728_electrolyte:74,core,medium outside the database's scope (D70)
bennaimbattino1985_ch4,ch4,ch4_pts,ch4/normalized/ch4_points_normalized.csv,ch4_points_sds2728_electrolyte:740,core,medium outside the database's scope (D70)
prapaitrakulking1985_ch4,ch4,ch4_pts,ch4/normalized/ch4_points_normalized.csv,ch4_points_sds2728_electrolyte:741,core,medium outside the database's scope (D70)
prapaitrakulking1985_ch4,ch4,ch4_pts,ch4/normalized/ch4_points_normalized.csv,ch4_points_sds2728_electrolyte:742,core,medium outside the database's scope (D70)
prapaitrakulking1985_ch4,ch4,ch4_pts,ch4/normalized/ch4_points_normalized.csv,ch4_points_sds2728_electrolyte:743,core,medium outside the database's scope (D70)
prapaitrakulking1985_ch4,ch4,ch4_pts,ch4/normalized/ch4_points_normalized.csv,ch4_points_sds2728_electrolyte:744,core,medium outside the database's scope (D70)
prapaitrakulking1985_ch4,ch4,ch4_pts,ch4/normalized/ch4_points_normalized.csv,ch4_points_sds2728_electrolyte:745,core,medium outside the database's scope (D70)
prapaitrakulking1985_ch4,ch4,ch4_pts,ch4/normalized/ch4_points_normalized.csv,ch4_points_sds2728_electrolyte:746,core,medium outside the database's scope (D70)
prapaitrakulking1985_ch4,ch4,ch4_pts,ch4/normalized/ch4_points_normalized.csv,ch4_points_sds2728_electrolyte:747,core,medium outside the database's scope (D70)
prapaitrakulking1985_ch4,ch4,ch4_pts,ch4/normalized/ch4_points_normalized.csv,ch4_points_sds2728_electrolyte:748,core,medium outside the database's scope (D70)
prapaitrakulking1985_ch4,ch4,ch4_pts,ch4/normalized/ch4_points_normalized.csv,ch4_points_sds2728_electrolyte:749,core,medium outside the database's scope (D70)
blancosmith1978_ch4,ch4,ch4_pts,ch4/normalized/ch4_points_normalized.csv,ch4_points_sds2728_electrolyte:75,core,medium outside the database's scope (D70)
prapaitrakulking1985_ch4,ch4,ch4_pts,ch4/normalized/ch4_points_normalized.csv,ch4_points_sds2728_electrolyte:750,core,medium outside the database's scope (D70)
prapaitrakulking1985_ch4,ch4,ch4_pts,ch4/normalized/ch4_points_normalized.csv,ch4_points_sds2728_electrolyte:751,core,medium outside the database's scope (D70)
blancosmith1978_ch4,ch4,ch4_pts,ch4/normalized/ch4_points_normalized.csv,ch4_points_sds2728_electrolyte:76,core,medium outside the database's scope (D70)
blancosmith1978_ch4,ch4,ch4_pts,ch4/normalized/ch4_points_normalized.csv,ch4_points_sds2728_electrolyte:77,core,medium outside the database's scope (D70)
blancosmith1978_ch4,ch4,ch4_pts,ch4/normalized/ch4_points_normalized.csv,ch4_points_sds2728_electrolyte:78,core,medium outside the database's scope (D70)
blancosmith1978_ch4,ch4,ch4_pts,ch4/normalized/ch4_points_normalized.csv,ch4_points_sds2728_electrolyte:79,core,medium outside the database's scope (D70)
muccitelliwen1980_ch4,ch4,ch4_pts,ch4/normalized/ch4_points_normalized.csv,ch4_points_sds2728_electrolyte:8,core,medium outside the database's scope (D70)
blancosmith1978_ch4,ch4,ch4_pts,ch4/normalized/ch4_points_normalized.csv,ch4_points_sds2728_electrolyte:80,core,medium outside the database's scope (D70)
blancosmith1978_ch4,ch4,ch4_pts,ch4/normalized/ch4_points_normalized.csv,ch4_points_sds2728_electrolyte:81,core,medium outside the database's scope (D70)
blancosmith1978_ch4,ch4,ch4_pts,ch4/normalized/ch4_points_normalized.csv,ch4_points_sds2728_electrolyte:82,core,medium outside the database's scope (D70)
blancosmith1978_ch4,ch4,ch4_pts,ch4/normalized/ch4_points_normalized.csv,ch4_points_sds2728_electrolyte:83,core,medium outside the database's scope (D70)
blancosmith1978_ch4,ch4,ch4_pts,ch4/normalized/ch4_points_normalized.csv,ch4_points_sds2728_electrolyte:84,core,medium outside the database's scope (D70)
blancosmith1978_ch4,ch4,ch4_pts,ch4/normalized/ch4_points_normalized.csv,ch4_points_sds2728_electrolyte:85,core,medium outside the database's scope (D70)
blancosmith1978_ch4,ch4,ch4_pts,ch4/normalized/ch4_points_normalized.csv,ch4_points_sds2728_electrolyte:86,core,medium outside the database's scope (D70)
blancosmith1978_ch4,ch4,ch4_pts,ch4/normalized/ch4_points_normalized.csv,ch4_points_sds2728_electrolyte:87,core,medium outside the database's scope (D70)
blancosmith1978_ch4,ch4,ch4_pts,ch4/normalized/ch4_points_normalized.csv,ch4_points_sds2728_electrolyte:88,core,medium outside the database's scope (D70)
blancosmith1978_ch4,ch4,ch4_pts,ch4/normalized/ch4_points_normalized.csv,ch4_points_sds2728_electrolyte:89,core,medium outside the database's scope (D70)
muccitelliwen1980_ch4,ch4,ch4_pts,ch4/normalized/ch4_points_normalized.csv,ch4_points_sds2728_electrolyte:9,core,medium outside the database's scope (D70)
blancosmith1978_ch4,ch4,ch4_pts,ch4/normalized/ch4_points_normalized.csv,ch4_points_sds2728_electrolyte:90,core,medium outside the database's scope (D70)
blancosmith1978_ch4,ch4,ch4_pts,ch4/normalized/ch4_points_normalized.csv,ch4_points_sds2728_electrolyte:91,core,medium outside the database's scope (D70)
blancosmith1978_ch4,ch4,ch4_pts,ch4/normalized/ch4_points_normalized.csv,ch4_points_sds2728_electrolyte:92,core,medium outside the database's scope (D70)
blancosmith1978_ch4,ch4,ch4_pts,ch4/normalized/ch4_points_normalized.csv,ch4_points_sds2728_electrolyte:93,core,medium outside the database's scope (D70)
blancosmith1978_ch4,ch4,ch4_pts,ch4/normalized/ch4_points_normalized.csv,ch4_points_sds2728_electrolyte:94,core,medium outside the database's scope (D70)
blancosmith1978_ch4,ch4,ch4_pts,ch4/normalized/ch4_points_normalized.csv,ch4_points_sds2728_electrolyte:95,core,medium outside the database's scope (D70)
blancosmith1978_ch4,ch4,ch4_pts,ch4/normalized/ch4_points_normalized.csv,ch4_points_sds2728_electrolyte:96,core,medium outside the database's scope (D70)
blancosmith1978_ch4,ch4,ch4_pts,ch4/normalized/ch4_points_normalized.csv,ch4_points_sds2728_electrolyte:97,core,medium outside the database's scope (D70)
blancosmith1978_ch4,ch4,ch4_pts,ch4/normalized/ch4_points_normalized.csv,ch4_points_sds2728_electrolyte:98,core,medium outside the database's scope (D70)
blancosmith1978_ch4,ch4,ch4_pts,ch4/normalized/ch4_points_normalized.csv,ch4_points_sds2728_electrolyte:99,core,medium outside the database's scope (D70)
schroder1969_ch4,ch4,ch4_pts,ch4/normalized/ch4_points_normalized.csv,ch4_points_sds2728_water:299,core,no printed state point and no normalized value
cui2026_ch4,ch4,ch4_mix,ch4/normalized/ch4_points_normalized.csv,cui2026:4,mix,no normalized value and no as-printed value
folas2007_ch4,ch4,ch4_pts,ch4/normalized/ch4_points_normalized.csv,folas2007:1,core,medium outside the database's scope (D70)
folas2007_ch4,ch4,ch4_yw,ch4/normalized/ch4_points_normalized.csv,folas2007:10,wc,medium outside the database's scope (D70)
folas2007_ch4,ch4,ch4_yw,ch4/normalized/ch4_points_normalized.csv,folas2007:11,wc,medium outside the database's scope (D70)
folas2007_ch4,ch4,ch4_yw,ch4/normalized/ch4_points_normalized.csv,folas2007:12,wc,medium outside the database's scope (D70)
folas2007_ch4,ch4,ch4_yw,ch4/normalized/ch4_points_normalized.csv,folas2007:13,wc,medium outside the database's scope (D70)
folas2007_ch4,ch4,ch4_yw,ch4/normalized/ch4_points_normalized.csv,folas2007:14,wc,medium outside the database's scope (D70)
folas2007_ch4,ch4,ch4_yw,ch4/normalized/ch4_points_normalized.csv,folas2007:15,wc,medium outside the database's scope (D70)
folas2007_ch4,ch4,ch4_pts,ch4/normalized/ch4_points_normalized.csv,folas2007:16,core,medium outside the database's scope (D70)
folas2007_ch4,ch4,ch4_yw,ch4/normalized/ch4_points_normalized.csv,folas2007:17,wc,medium outside the database's scope (D70)
folas2007_ch4,ch4,ch4_yw,ch4/normalized/ch4_points_normalized.csv,folas2007:18,wc,medium outside the database's scope (D70)
folas2007_ch4,ch4,ch4_pts,ch4/normalized/ch4_points_normalized.csv,folas2007:19,core,medium outside the database's scope (D70)
folas2007_ch4,ch4,ch4_pts,ch4/normalized/ch4_points_normalized.csv,folas2007:2,core,medium outside the database's scope (D70)
folas2007_ch4,ch4,ch4_yw,ch4/normalized/ch4_points_normalized.csv,folas2007:20,wc,medium outside the database's scope (D70)
folas2007_ch4,ch4,ch4_yw,ch4/normalized/ch4_points_normalized.csv,folas2007:21,wc,medium outside the database's scope (D70)
folas2007_ch4,ch4,ch4_pts,ch4/normalized/ch4_points_normalized.csv,folas2007:22,core,medium outside the database's scope (D70)
folas2007_ch4,ch4,ch4_yw,ch4/normalized/ch4_points_normalized.csv,folas2007:23,wc,medium outside the database's scope (D70)
folas2007_ch4,ch4,ch4_yw,ch4/normalized/ch4_points_normalized.csv,folas2007:24,wc,medium outside the database's scope (D70)
folas2007_ch4,ch4,ch4_pts,ch4/normalized/ch4_points_normalized.csv,folas2007:25,core,medium outside the database's scope (D70)
folas2007_ch4,ch4,ch4_yw,ch4/normalized/ch4_points_normalized.csv,folas2007:26,wc,medium outside the database's scope (D70)
folas2007_ch4,ch4,ch4_yw,ch4/normalized/ch4_points_normalized.csv,folas2007:27,wc,medium outside the database's scope (D70)
folas2007_ch4,ch4,ch4_pts,ch4/normalized/ch4_points_normalized.csv,folas2007:28,core,medium outside the database's scope (D70)
folas2007_ch4,ch4,ch4_yw,ch4/normalized/ch4_points_normalized.csv,folas2007:29,wc,medium outside the database's scope (D70)
folas2007_ch4,ch4,ch4_pts,ch4/normalized/ch4_points_normalized.csv,folas2007:3,core,medium outside the database's scope (D70)
folas2007_ch4,ch4,ch4_yw,ch4/normalized/ch4_points_normalized.csv,folas2007:30,wc,medium outside the database's scope (D70)
folas2007_ch4,ch4,ch4_pts,ch4/normalized/ch4_points_normalized.csv,folas2007:31,core,medium outside the database's scope (D70)
folas2007_ch4,ch4,ch4_yw,ch4/normalized/ch4_points_normalized.csv,folas2007:32,wc,medium outside the database's scope (D70)
folas2007_ch4,ch4,ch4_yw,ch4/normalized/ch4_points_normalized.csv,folas2007:33,wc,medium outside the database's scope (D70)
folas2007_ch4,ch4,ch4_pts,ch4/normalized/ch4_points_normalized.csv,folas2007:4,core,medium outside the database's scope (D70)
folas2007_ch4,ch4,ch4_pts,ch4/normalized/ch4_points_normalized.csv,folas2007:5,core,medium outside the database's scope (D70)
folas2007_ch4,ch4,ch4_pts,ch4/normalized/ch4_points_normalized.csv,folas2007:6,core,medium outside the database's scope (D70)
folas2007_ch4,ch4,ch4_yw,ch4/normalized/ch4_points_normalized.csv,folas2007:7,wc,medium outside the database's scope (D70)
folas2007_ch4,ch4,ch4_yw,ch4/normalized/ch4_points_normalized.csv,folas2007:8,wc,medium outside the database's scope (D70)
folas2007_ch4,ch4,ch4_yw,ch4/normalized/ch4_points_normalized.csv,folas2007:9,wc,medium outside the database's scope (D70)
kastanidis2017_ch4,ch4,ch4_mix,ch4/normalized/ch4_points_normalized.csv,kastanidis2017_mixed:70,mix,no normalized value and no as-printed value
kastanidis2017_ch4,ch4,ch4_mix,ch4/normalized/ch4_points_normalized.csv,kastanidis2017_mixed:96,mix,no normalized value and no as-printed value
mohebbi2012_ch4,ch4,ch4_pts,ch4/normalized/ch4_points_normalized.csv,mohebbi2012:1,core,no printed state point and no normalized value
shoorgubbins1969_ch4,ch4,ch4_pts,ch4/normalized/ch4_points_normalized.csv,shoorgubbins1969:1,core,medium outside the database's scope (D70)
shoorgubbins1969_ch4,ch4,ch4_pts,ch4/normalized/ch4_points_normalized.csv,shoorgubbins1969:2,core,medium outside the database's scope (D70)
shoorgubbins1969_ch4,ch4,ch4_pts,ch4/normalized/ch4_points_normalized.csv,shoorgubbins1969:3,core,medium outside the database's scope (D70)
shoorgubbins1969_ch4,ch4,ch4_pts,ch4/normalized/ch4_points_normalized.csv,shoorgubbins1969:4,core,medium outside the database's scope (D70)
shoorgubbins1969_ch4,ch4,ch4_pts,ch4/normalized/ch4_points_normalized.csv,shoorgubbins1969:5,core,medium outside the database's scope (D70)
shoorgubbins1969_ch4,ch4,ch4_pts,ch4/normalized/ch4_points_normalized.csv,shoorgubbins1969:6,core,medium outside the database's scope (D70)
wang2003_ch4,ch4,ch4_pts,ch4/normalized/ch4_points_normalized.csv,wang2003:100,core,medium outside the database's scope (D70)
wang2003_ch4,ch4,ch4_pts,ch4/normalized/ch4_points_normalized.csv,wang2003:101,core,medium outside the database's scope (D70)
wang2003_ch4,ch4,ch4_pts,ch4/normalized/ch4_points_normalized.csv,wang2003:102,core,medium outside the database's scope (D70)
wang2003_ch4,ch4,ch4_pts,ch4/normalized/ch4_points_normalized.csv,wang2003:103,core,medium outside the database's scope (D70)
wang2003_ch4,ch4,ch4_pts,ch4/normalized/ch4_points_normalized.csv,wang2003:104,core,medium outside the database's scope (D70)
wang2003_ch4,ch4,ch4_pts,ch4/normalized/ch4_points_normalized.csv,wang2003:105,core,medium outside the database's scope (D70)
wang2003_ch4,ch4,ch4_pts,ch4/normalized/ch4_points_normalized.csv,wang2003:106,core,medium outside the database's scope (D70)
wang2003_ch4,ch4,ch4_pts,ch4/normalized/ch4_points_normalized.csv,wang2003:107,core,medium outside the database's scope (D70)
wang2003_ch4,ch4,ch4_pts,ch4/normalized/ch4_points_normalized.csv,wang2003:108,core,medium outside the database's scope (D70)
wang2003_ch4,ch4,ch4_pts,ch4/normalized/ch4_points_normalized.csv,wang2003:109,core,medium outside the database's scope (D70)
wang2003_ch4,ch4,ch4_pts,ch4/normalized/ch4_points_normalized.csv,wang2003:110,core,medium outside the database's scope (D70)
wang2003_ch4,ch4,ch4_pts,ch4/normalized/ch4_points_normalized.csv,wang2003:111,core,medium outside the database's scope (D70)
wang2003_ch4,ch4,ch4_pts,ch4/normalized/ch4_points_normalized.csv,wang2003:112,core,medium outside the database's scope (D70)
wang2003_ch4,ch4,ch4_pts,ch4/normalized/ch4_points_normalized.csv,wang2003:113,core,medium outside the database's scope (D70)
wang2003_ch4,ch4,ch4_pts,ch4/normalized/ch4_points_normalized.csv,wang2003:114,core,medium outside the database's scope (D70)
wang2003_ch4,ch4,ch4_pts,ch4/normalized/ch4_points_normalized.csv,wang2003:115,core,medium outside the database's scope (D70)
wang2003_ch4,ch4,ch4_pts,ch4/normalized/ch4_points_normalized.csv,wang2003:116,core,medium outside the database's scope (D70)
wang2003_ch4,ch4,ch4_pts,ch4/normalized/ch4_points_normalized.csv,wang2003:117,core,medium outside the database's scope (D70)
wang2003_ch4,ch4,ch4_pts,ch4/normalized/ch4_points_normalized.csv,wang2003:118,core,medium outside the database's scope (D70)
wang2003_ch4,ch4,ch4_pts,ch4/normalized/ch4_points_normalized.csv,wang2003:119,core,medium outside the database's scope (D70)
wang2003_ch4,ch4,ch4_pts,ch4/normalized/ch4_points_normalized.csv,wang2003:120,core,medium outside the database's scope (D70)
wang2003_ch4,ch4,ch4_pts,ch4/normalized/ch4_points_normalized.csv,wang2003:121,core,medium outside the database's scope (D70)
wang2003_ch4,ch4,ch4_pts,ch4/normalized/ch4_points_normalized.csv,wang2003:122,core,medium outside the database's scope (D70)
wang2003_ch4,ch4,ch4_pts,ch4/normalized/ch4_points_normalized.csv,wang2003:123,core,medium outside the database's scope (D70)
wang2003_ch4,ch4,ch4_pts,ch4/normalized/ch4_points_normalized.csv,wang2003:124,core,medium outside the database's scope (D70)
wang2003_ch4,ch4,ch4_pts,ch4/normalized/ch4_points_normalized.csv,wang2003:125,core,medium outside the database's scope (D70)
wang2003_ch4,ch4,ch4_pts,ch4/normalized/ch4_points_normalized.csv,wang2003:126,core,medium outside the database's scope (D70)
wang2003_ch4,ch4,ch4_pts,ch4/normalized/ch4_points_normalized.csv,wang2003:127,core,medium outside the database's scope (D70)
wang2003_ch4,ch4,ch4_pts,ch4/normalized/ch4_points_normalized.csv,wang2003:128,core,medium outside the database's scope (D70)
wang2003_ch4,ch4,ch4_pts,ch4/normalized/ch4_points_normalized.csv,wang2003:129,core,medium outside the database's scope (D70)
wang2003_ch4,ch4,ch4_pts,ch4/normalized/ch4_points_normalized.csv,wang2003:130,core,medium outside the database's scope (D70)
wang2003_ch4,ch4,ch4_pts,ch4/normalized/ch4_points_normalized.csv,wang2003:131,core,medium outside the database's scope (D70)
wang2003_ch4,ch4,ch4_pts,ch4/normalized/ch4_points_normalized.csv,wang2003:132,core,medium outside the database's scope (D70)
wang2003_ch4,ch4,ch4_pts,ch4/normalized/ch4_points_normalized.csv,wang2003:133,core,medium outside the database's scope (D70)
wang2003_ch4,ch4,ch4_pts,ch4/normalized/ch4_points_normalized.csv,wang2003:134,core,medium outside the database's scope (D70)
wang2003_ch4,ch4,ch4_pts,ch4/normalized/ch4_points_normalized.csv,wang2003:135,core,medium outside the database's scope (D70)
wang2003_ch4,ch4,ch4_pts,ch4/normalized/ch4_points_normalized.csv,wang2003:136,core,medium outside the database's scope (D70)
wang2003_ch4,ch4,ch4_pts,ch4/normalized/ch4_points_normalized.csv,wang2003:137,core,medium outside the database's scope (D70)
wang2003_ch4,ch4,ch4_pts,ch4/normalized/ch4_points_normalized.csv,wang2003:138,core,medium outside the database's scope (D70)
wang2003_ch4,ch4,ch4_pts,ch4/normalized/ch4_points_normalized.csv,wang2003:139,core,medium outside the database's scope (D70)
wang2003_ch4,ch4,ch4_pts,ch4/normalized/ch4_points_normalized.csv,wang2003:140,core,medium outside the database's scope (D70)
wang2003_ch4,ch4,ch4_pts,ch4/normalized/ch4_points_normalized.csv,wang2003:141,core,medium outside the database's scope (D70)
wang2003_ch4,ch4,ch4_pts,ch4/normalized/ch4_points_normalized.csv,wang2003:142,core,medium outside the database's scope (D70)
wang2003_ch4,ch4,ch4_pts,ch4/normalized/ch4_points_normalized.csv,wang2003:143,core,medium outside the database's scope (D70)
wang2003_ch4,ch4,ch4_pts,ch4/normalized/ch4_points_normalized.csv,wang2003:144,core,medium outside the database's scope (D70)
wang2003_ch4,ch4,ch4_pts,ch4/normalized/ch4_points_normalized.csv,wang2003:145,core,medium outside the database's scope (D70)
wang2003_ch4,ch4,ch4_pts,ch4/normalized/ch4_points_normalized.csv,wang2003:146,core,medium outside the database's scope (D70)
wang2003_ch4,ch4,ch4_pts,ch4/normalized/ch4_points_normalized.csv,wang2003:147,core,medium outside the database's scope (D70)
wang2003_ch4,ch4,ch4_pts,ch4/normalized/ch4_points_normalized.csv,wang2003:148,core,medium outside the database's scope (D70)
wang2003_ch4,ch4,ch4_pts,ch4/normalized/ch4_points_normalized.csv,wang2003:149,core,medium outside the database's scope (D70)
wang2003_ch4,ch4,ch4_pts,ch4/normalized/ch4_points_normalized.csv,wang2003:150,core,medium outside the database's scope (D70)
wang2003_ch4,ch4,ch4_pts,ch4/normalized/ch4_points_normalized.csv,wang2003:151,core,medium outside the database's scope (D70)
wang2003_ch4,ch4,ch4_pts,ch4/normalized/ch4_points_normalized.csv,wang2003:152,core,medium outside the database's scope (D70)
wang2003_ch4,ch4,ch4_pts,ch4/normalized/ch4_points_normalized.csv,wang2003:153,core,medium outside the database's scope (D70)
wang2003_ch4,ch4,ch4_pts,ch4/normalized/ch4_points_normalized.csv,wang2003:154,core,medium outside the database's scope (D70)
wang2003_ch4,ch4,ch4_pts,ch4/normalized/ch4_points_normalized.csv,wang2003:155,core,medium outside the database's scope (D70)
wang2003_ch4,ch4,ch4_pts,ch4/normalized/ch4_points_normalized.csv,wang2003:156,core,medium outside the database's scope (D70)
wang2003_ch4,ch4,ch4_pts,ch4/normalized/ch4_points_normalized.csv,wang2003:157,core,medium outside the database's scope (D70)
wang2003_ch4,ch4,ch4_pts,ch4/normalized/ch4_points_normalized.csv,wang2003:158,core,medium outside the database's scope (D70)
wang2003_ch4,ch4,ch4_pts,ch4/normalized/ch4_points_normalized.csv,wang2003:159,core,medium outside the database's scope (D70)
wang2003_ch4,ch4,ch4_pts,ch4/normalized/ch4_points_normalized.csv,wang2003:160,core,medium outside the database's scope (D70)
wang2003_ch4,ch4,ch4_pts,ch4/normalized/ch4_points_normalized.csv,wang2003:161,core,medium outside the database's scope (D70)
wang2003_ch4,ch4,ch4_pts,ch4/normalized/ch4_points_normalized.csv,wang2003:162,core,medium outside the database's scope (D70)
wang2003_ch4,ch4,ch4_pts,ch4/normalized/ch4_points_normalized.csv,wang2003:163,core,medium outside the database's scope (D70)
wang2003_ch4,ch4,ch4_pts,ch4/normalized/ch4_points_normalized.csv,wang2003:164,core,medium outside the database's scope (D70)
wang2003_ch4,ch4,ch4_pts,ch4/normalized/ch4_points_normalized.csv,wang2003:165,core,medium outside the database's scope (D70)
wang2003_ch4,ch4,ch4_pts,ch4/normalized/ch4_points_normalized.csv,wang2003:166,core,medium outside the database's scope (D70)
wang2003_ch4,ch4,ch4_pts,ch4/normalized/ch4_points_normalized.csv,wang2003:167,core,medium outside the database's scope (D70)
wang2003_ch4,ch4,ch4_pts,ch4/normalized/ch4_points_normalized.csv,wang2003:168,core,medium outside the database's scope (D70)
wang2003_ch4,ch4,ch4_pts,ch4/normalized/ch4_points_normalized.csv,wang2003:169,core,medium outside the database's scope (D70)
wang2003_ch4,ch4,ch4_pts,ch4/normalized/ch4_points_normalized.csv,wang2003:170,core,medium outside the database's scope (D70)
wang2003_ch4,ch4,ch4_pts,ch4/normalized/ch4_points_normalized.csv,wang2003:171,core,medium outside the database's scope (D70)
wang2003_ch4,ch4,ch4_pts,ch4/normalized/ch4_points_normalized.csv,wang2003:172,core,medium outside the database's scope (D70)
wang2003_ch4,ch4,ch4_pts,ch4/normalized/ch4_points_normalized.csv,wang2003:173,core,medium outside the database's scope (D70)
wang2003_ch4,ch4,ch4_pts,ch4/normalized/ch4_points_normalized.csv,wang2003:174,core,medium outside the database's scope (D70)
wang2003_ch4,ch4,ch4_pts,ch4/normalized/ch4_points_normalized.csv,wang2003:175,core,medium outside the database's scope (D70)
wang2003_ch4,ch4,ch4_pts,ch4/normalized/ch4_points_normalized.csv,wang2003:176,core,medium outside the database's scope (D70)
wang2003_ch4,ch4,ch4_pts,ch4/normalized/ch4_points_normalized.csv,wang2003:177,core,medium outside the database's scope (D70)
wang2003_ch4,ch4,ch4_pts,ch4/normalized/ch4_points_normalized.csv,wang2003:178,core,medium outside the database's scope (D70)
wang2003_ch4,ch4,ch4_pts,ch4/normalized/ch4_points_normalized.csv,wang2003:179,core,medium outside the database's scope (D70)
wang2003_ch4,ch4,ch4_pts,ch4/normalized/ch4_points_normalized.csv,wang2003:18,core,medium outside the database's scope (D70)
wang2003_ch4,ch4,ch4_pts,ch4/normalized/ch4_points_normalized.csv,wang2003:180,core,medium outside the database's scope (D70)
wang2003_ch4,ch4,ch4_pts,ch4/normalized/ch4_points_normalized.csv,wang2003:181,core,medium outside the database's scope (D70)
wang2003_ch4,ch4,ch4_pts,ch4/normalized/ch4_points_normalized.csv,wang2003:182,core,medium outside the database's scope (D70)
wang2003_ch4,ch4,ch4_pts,ch4/normalized/ch4_points_normalized.csv,wang2003:183,core,medium outside the database's scope (D70)
wang2003_ch4,ch4,ch4_pts,ch4/normalized/ch4_points_normalized.csv,wang2003:184,core,medium outside the database's scope (D70)
wang2003_ch4,ch4,ch4_pts,ch4/normalized/ch4_points_normalized.csv,wang2003:185,core,medium outside the database's scope (D70)
wang2003_ch4,ch4,ch4_pts,ch4/normalized/ch4_points_normalized.csv,wang2003:186,core,medium outside the database's scope (D70)
wang2003_ch4,ch4,ch4_pts,ch4/normalized/ch4_points_normalized.csv,wang2003:187,core,medium outside the database's scope (D70)
wang2003_ch4,ch4,ch4_pts,ch4/normalized/ch4_points_normalized.csv,wang2003:188,core,medium outside the database's scope (D70)
wang2003_ch4,ch4,ch4_pts,ch4/normalized/ch4_points_normalized.csv,wang2003:189,core,medium outside the database's scope (D70)
wang2003_ch4,ch4,ch4_pts,ch4/normalized/ch4_points_normalized.csv,wang2003:19,core,medium outside the database's scope (D70)
wang2003_ch4,ch4,ch4_pts,ch4/normalized/ch4_points_normalized.csv,wang2003:190,core,medium outside the database's scope (D70)
wang2003_ch4,ch4,ch4_pts,ch4/normalized/ch4_points_normalized.csv,wang2003:191,core,medium outside the database's scope (D70)
wang2003_ch4,ch4,ch4_pts,ch4/normalized/ch4_points_normalized.csv,wang2003:192,core,medium outside the database's scope (D70)
wang2003_ch4,ch4,ch4_pts,ch4/normalized/ch4_points_normalized.csv,wang2003:193,core,medium outside the database's scope (D70)
wang2003_ch4,ch4,ch4_pts,ch4/normalized/ch4_points_normalized.csv,wang2003:194,core,medium outside the database's scope (D70)
wang2003_ch4,ch4,ch4_pts,ch4/normalized/ch4_points_normalized.csv,wang2003:195,core,medium outside the database's scope (D70)
wang2003_ch4,ch4,ch4_pts,ch4/normalized/ch4_points_normalized.csv,wang2003:196,core,medium outside the database's scope (D70)
wang2003_ch4,ch4,ch4_pts,ch4/normalized/ch4_points_normalized.csv,wang2003:197,core,medium outside the database's scope (D70)
wang2003_ch4,ch4,ch4_pts,ch4/normalized/ch4_points_normalized.csv,wang2003:198,core,medium outside the database's scope (D70)
wang2003_ch4,ch4,ch4_pts,ch4/normalized/ch4_points_normalized.csv,wang2003:199,core,medium outside the database's scope (D70)
wang2003_ch4,ch4,ch4_pts,ch4/normalized/ch4_points_normalized.csv,wang2003:20,core,medium outside the database's scope (D70)
wang2003_ch4,ch4,ch4_pts,ch4/normalized/ch4_points_normalized.csv,wang2003:200,core,medium outside the database's scope (D70)
wang2003_ch4,ch4,ch4_pts,ch4/normalized/ch4_points_normalized.csv,wang2003:201,core,medium outside the database's scope (D70)
wang2003_ch4,ch4,ch4_pts,ch4/normalized/ch4_points_normalized.csv,wang2003:202,core,medium outside the database's scope (D70)
wang2003_ch4,ch4,ch4_pts,ch4/normalized/ch4_points_normalized.csv,wang2003:203,core,medium outside the database's scope (D70)
wang2003_ch4,ch4,ch4_pts,ch4/normalized/ch4_points_normalized.csv,wang2003:204,core,medium outside the database's scope (D70)
wang2003_ch4,ch4,ch4_pts,ch4/normalized/ch4_points_normalized.csv,wang2003:205,core,medium outside the database's scope (D70)
wang2003_ch4,ch4,ch4_pts,ch4/normalized/ch4_points_normalized.csv,wang2003:206,core,medium outside the database's scope (D70)
wang2003_ch4,ch4,ch4_pts,ch4/normalized/ch4_points_normalized.csv,wang2003:207,core,medium outside the database's scope (D70)
wang2003_ch4,ch4,ch4_pts,ch4/normalized/ch4_points_normalized.csv,wang2003:208,core,medium outside the database's scope (D70)
wang2003_ch4,ch4,ch4_pts,ch4/normalized/ch4_points_normalized.csv,wang2003:209,core,medium outside the database's scope (D70)
wang2003_ch4,ch4,ch4_pts,ch4/normalized/ch4_points_normalized.csv,wang2003:21,core,medium outside the database's scope (D70)
wang2003_ch4,ch4,ch4_pts,ch4/normalized/ch4_points_normalized.csv,wang2003:210,core,medium outside the database's scope (D70)
wang2003_ch4,ch4,ch4_pts,ch4/normalized/ch4_points_normalized.csv,wang2003:211,core,medium outside the database's scope (D70)
wang2003_ch4,ch4,ch4_pts,ch4/normalized/ch4_points_normalized.csv,wang2003:212,core,medium outside the database's scope (D70)
wang2003_ch4,ch4,ch4_pts,ch4/normalized/ch4_points_normalized.csv,wang2003:213,core,medium outside the database's scope (D70)
wang2003_ch4,ch4,ch4_pts,ch4/normalized/ch4_points_normalized.csv,wang2003:214,core,medium outside the database's scope (D70)
wang2003_ch4,ch4,ch4_pts,ch4/normalized/ch4_points_normalized.csv,wang2003:215,core,medium outside the database's scope (D70)
wang2003_ch4,ch4,ch4_pts,ch4/normalized/ch4_points_normalized.csv,wang2003:216,core,medium outside the database's scope (D70)
wang2003_ch4,ch4,ch4_pts,ch4/normalized/ch4_points_normalized.csv,wang2003:217,core,medium outside the database's scope (D70)
wang2003_ch4,ch4,ch4_pts,ch4/normalized/ch4_points_normalized.csv,wang2003:218,core,medium outside the database's scope (D70)
wang2003_ch4,ch4,ch4_pts,ch4/normalized/ch4_points_normalized.csv,wang2003:219,core,medium outside the database's scope (D70)
wang2003_ch4,ch4,ch4_pts,ch4/normalized/ch4_points_normalized.csv,wang2003:22,core,medium outside the database's scope (D70)
wang2003_ch4,ch4,ch4_pts,ch4/normalized/ch4_points_normalized.csv,wang2003:220,core,medium outside the database's scope (D70)
wang2003_ch4,ch4,ch4_pts,ch4/normalized/ch4_points_normalized.csv,wang2003:221,core,medium outside the database's scope (D70)
wang2003_ch4,ch4,ch4_pts,ch4/normalized/ch4_points_normalized.csv,wang2003:222,core,medium outside the database's scope (D70)
wang2003_ch4,ch4,ch4_pts,ch4/normalized/ch4_points_normalized.csv,wang2003:223,core,medium outside the database's scope (D70)
wang2003_ch4,ch4,ch4_pts,ch4/normalized/ch4_points_normalized.csv,wang2003:224,core,medium outside the database's scope (D70)
wang2003_ch4,ch4,ch4_pts,ch4/normalized/ch4_points_normalized.csv,wang2003:225,core,medium outside the database's scope (D70)
wang2003_ch4,ch4,ch4_pts,ch4/normalized/ch4_points_normalized.csv,wang2003:226,core,medium outside the database's scope (D70)
wang2003_ch4,ch4,ch4_pts,ch4/normalized/ch4_points_normalized.csv,wang2003:227,core,medium outside the database's scope (D70)
wang2003_ch4,ch4,ch4_pts,ch4/normalized/ch4_points_normalized.csv,wang2003:228,core,medium outside the database's scope (D70)
wang2003_ch4,ch4,ch4_pts,ch4/normalized/ch4_points_normalized.csv,wang2003:229,core,medium outside the database's scope (D70)
wang2003_ch4,ch4,ch4_pts,ch4/normalized/ch4_points_normalized.csv,wang2003:23,core,medium outside the database's scope (D70)
wang2003_ch4,ch4,ch4_pts,ch4/normalized/ch4_points_normalized.csv,wang2003:230,core,medium outside the database's scope (D70)
wang2003_ch4,ch4,ch4_pts,ch4/normalized/ch4_points_normalized.csv,wang2003:231,core,medium outside the database's scope (D70)
wang2003_ch4,ch4,ch4_pts,ch4/normalized/ch4_points_normalized.csv,wang2003:232,core,medium outside the database's scope (D70)
wang2003_ch4,ch4,ch4_pts,ch4/normalized/ch4_points_normalized.csv,wang2003:233,core,medium outside the database's scope (D70)
wang2003_ch4,ch4,ch4_pts,ch4/normalized/ch4_points_normalized.csv,wang2003:234,core,medium outside the database's scope (D70)
wang2003_ch4,ch4,ch4_pts,ch4/normalized/ch4_points_normalized.csv,wang2003:235,core,medium outside the database's scope (D70)
wang2003_ch4,ch4,ch4_pts,ch4/normalized/ch4_points_normalized.csv,wang2003:236,core,medium outside the database's scope (D70)
wang2003_ch4,ch4,ch4_pts,ch4/normalized/ch4_points_normalized.csv,wang2003:237,core,medium outside the database's scope (D70)
wang2003_ch4,ch4,ch4_pts,ch4/normalized/ch4_points_normalized.csv,wang2003:238,core,medium outside the database's scope (D70)
wang2003_ch4,ch4,ch4_pts,ch4/normalized/ch4_points_normalized.csv,wang2003:239,core,medium outside the database's scope (D70)
wang2003_ch4,ch4,ch4_pts,ch4/normalized/ch4_points_normalized.csv,wang2003:24,core,medium outside the database's scope (D70)
wang2003_ch4,ch4,ch4_pts,ch4/normalized/ch4_points_normalized.csv,wang2003:240,core,medium outside the database's scope (D70)
wang2003_ch4,ch4,ch4_pts,ch4/normalized/ch4_points_normalized.csv,wang2003:241,core,medium outside the database's scope (D70)
wang2003_ch4,ch4,ch4_pts,ch4/normalized/ch4_points_normalized.csv,wang2003:242,core,medium outside the database's scope (D70)
wang2003_ch4,ch4,ch4_pts,ch4/normalized/ch4_points_normalized.csv,wang2003:243,core,medium outside the database's scope (D70)
wang2003_ch4,ch4,ch4_pts,ch4/normalized/ch4_points_normalized.csv,wang2003:244,core,medium outside the database's scope (D70)
wang2003_ch4,ch4,ch4_pts,ch4/normalized/ch4_points_normalized.csv,wang2003:245,core,medium outside the database's scope (D70)
wang2003_ch4,ch4,ch4_pts,ch4/normalized/ch4_points_normalized.csv,wang2003:246,core,medium outside the database's scope (D70)
wang2003_ch4,ch4,ch4_pts,ch4/normalized/ch4_points_normalized.csv,wang2003:247,core,medium outside the database's scope (D70)
wang2003_ch4,ch4,ch4_pts,ch4/normalized/ch4_points_normalized.csv,wang2003:248,core,medium outside the database's scope (D70)
wang2003_ch4,ch4,ch4_pts,ch4/normalized/ch4_points_normalized.csv,wang2003:249,core,medium outside the database's scope (D70)
wang2003_ch4,ch4,ch4_pts,ch4/normalized/ch4_points_normalized.csv,wang2003:25,core,medium outside the database's scope (D70)
wang2003_ch4,ch4,ch4_pts,ch4/normalized/ch4_points_normalized.csv,wang2003:250,core,medium outside the database's scope (D70)
wang2003_ch4,ch4,ch4_pts,ch4/normalized/ch4_points_normalized.csv,wang2003:251,core,medium outside the database's scope (D70)
wang2003_ch4,ch4,ch4_pts,ch4/normalized/ch4_points_normalized.csv,wang2003:252,core,medium outside the database's scope (D70)
wang2003_ch4,ch4,ch4_pts,ch4/normalized/ch4_points_normalized.csv,wang2003:253,core,medium outside the database's scope (D70)
wang2003_ch4,ch4,ch4_pts,ch4/normalized/ch4_points_normalized.csv,wang2003:26,core,medium outside the database's scope (D70)
wang2003_ch4,ch4,ch4_mix,ch4/normalized/ch4_points_normalized.csv,wang2003:261,mix,medium outside the database's scope (D70)
wang2003_ch4,ch4,ch4_mix,ch4/normalized/ch4_points_normalized.csv,wang2003:262,mix,medium outside the database's scope (D70)
wang2003_ch4,ch4,ch4_mix,ch4/normalized/ch4_points_normalized.csv,wang2003:263,mix,medium outside the database's scope (D70)
wang2003_ch4,ch4,ch4_mix,ch4/normalized/ch4_points_normalized.csv,wang2003:264,mix,medium outside the database's scope (D70)
wang2003_ch4,ch4,ch4_mix,ch4/normalized/ch4_points_normalized.csv,wang2003:265,mix,medium outside the database's scope (D70)
wang2003_ch4,ch4,ch4_mix,ch4/normalized/ch4_points_normalized.csv,wang2003:266,mix,medium outside the database's scope (D70)
wang2003_ch4,ch4,ch4_mix,ch4/normalized/ch4_points_normalized.csv,wang2003:267,mix,medium outside the database's scope (D70)
wang2003_ch4,ch4,ch4_mix,ch4/normalized/ch4_points_normalized.csv,wang2003:268,mix,medium outside the database's scope (D70)
wang2003_ch4,ch4,ch4_mix,ch4/normalized/ch4_points_normalized.csv,wang2003:269,mix,medium outside the database's scope (D70)
wang2003_ch4,ch4,ch4_pts,ch4/normalized/ch4_points_normalized.csv,wang2003:27,core,medium outside the database's scope (D70)
wang2003_ch4,ch4,ch4_mix,ch4/normalized/ch4_points_normalized.csv,wang2003:270,mix,medium outside the database's scope (D70)
wang2003_ch4,ch4,ch4_mix,ch4/normalized/ch4_points_normalized.csv,wang2003:271,mix,medium outside the database's scope (D70)
wang2003_ch4,ch4,ch4_mix,ch4/normalized/ch4_points_normalized.csv,wang2003:272,mix,medium outside the database's scope (D70)
wang2003_ch4,ch4,ch4_mix,ch4/normalized/ch4_points_normalized.csv,wang2003:273,mix,medium outside the database's scope (D70)
wang2003_ch4,ch4,ch4_mix,ch4/normalized/ch4_points_normalized.csv,wang2003:274,mix,medium outside the database's scope (D70)
wang2003_ch4,ch4,ch4_mix,ch4/normalized/ch4_points_normalized.csv,wang2003:275,mix,medium outside the database's scope (D70)
wang2003_ch4,ch4,ch4_mix,ch4/normalized/ch4_points_normalized.csv,wang2003:276,mix,medium outside the database's scope (D70)
wang2003_ch4,ch4,ch4_mix,ch4/normalized/ch4_points_normalized.csv,wang2003:277,mix,medium outside the database's scope (D70)
wang2003_ch4,ch4,ch4_mix,ch4/normalized/ch4_points_normalized.csv,wang2003:278,mix,medium outside the database's scope (D70)
wang2003_ch4,ch4,ch4_mix,ch4/normalized/ch4_points_normalized.csv,wang2003:279,mix,medium outside the database's scope (D70)
wang2003_ch4,ch4,ch4_pts,ch4/normalized/ch4_points_normalized.csv,wang2003:28,core,medium outside the database's scope (D70)
wang2003_ch4,ch4,ch4_mix,ch4/normalized/ch4_points_normalized.csv,wang2003:280,mix,medium outside the database's scope (D70)
wang2003_ch4,ch4,ch4_mix,ch4/normalized/ch4_points_normalized.csv,wang2003:281,mix,medium outside the database's scope (D70)
wang2003_ch4,ch4,ch4_mix,ch4/normalized/ch4_points_normalized.csv,wang2003:282,mix,medium outside the database's scope (D70)
wang2003_ch4,ch4,ch4_mix,ch4/normalized/ch4_points_normalized.csv,wang2003:283,mix,medium outside the database's scope (D70)
wang2003_ch4,ch4,ch4_mix,ch4/normalized/ch4_points_normalized.csv,wang2003:284,mix,medium outside the database's scope (D70)
wang2003_ch4,ch4,ch4_mix,ch4/normalized/ch4_points_normalized.csv,wang2003:285,mix,medium outside the database's scope (D70)
wang2003_ch4,ch4,ch4_mix,ch4/normalized/ch4_points_normalized.csv,wang2003:286,mix,medium outside the database's scope (D70)
wang2003_ch4,ch4,ch4_mix,ch4/normalized/ch4_points_normalized.csv,wang2003:287,mix,medium outside the database's scope (D70)
wang2003_ch4,ch4,ch4_mix,ch4/normalized/ch4_points_normalized.csv,wang2003:288,mix,medium outside the database's scope (D70)
wang2003_ch4,ch4,ch4_mix,ch4/normalized/ch4_points_normalized.csv,wang2003:289,mix,medium outside the database's scope (D70)
wang2003_ch4,ch4,ch4_pts,ch4/normalized/ch4_points_normalized.csv,wang2003:29,core,medium outside the database's scope (D70)
wang2003_ch4,ch4,ch4_mix,ch4/normalized/ch4_points_normalized.csv,wang2003:290,mix,medium outside the database's scope (D70)
wang2003_ch4,ch4,ch4_mix,ch4/normalized/ch4_points_normalized.csv,wang2003:291,mix,medium outside the database's scope (D70)
wang2003_ch4,ch4,ch4_mix,ch4/normalized/ch4_points_normalized.csv,wang2003:292,mix,medium outside the database's scope (D70)
wang2003_ch4,ch4,ch4_mix,ch4/normalized/ch4_points_normalized.csv,wang2003:293,mix,medium outside the database's scope (D70)
wang2003_ch4,ch4,ch4_mix,ch4/normalized/ch4_points_normalized.csv,wang2003:294,mix,medium outside the database's scope (D70)
wang2003_ch4,ch4,ch4_mix,ch4/normalized/ch4_points_normalized.csv,wang2003:295,mix,medium outside the database's scope (D70)
wang2003_ch4,ch4,ch4_mix,ch4/normalized/ch4_points_normalized.csv,wang2003:296,mix,medium outside the database's scope (D70)
wang2003_ch4,ch4,ch4_mix,ch4/normalized/ch4_points_normalized.csv,wang2003:297,mix,medium outside the database's scope (D70)
wang2003_ch4,ch4,ch4_mix,ch4/normalized/ch4_points_normalized.csv,wang2003:298,mix,medium outside the database's scope (D70)
wang2003_ch4,ch4,ch4_mix,ch4/normalized/ch4_points_normalized.csv,wang2003:299,mix,medium outside the database's scope (D70)
wang2003_ch4,ch4,ch4_pts,ch4/normalized/ch4_points_normalized.csv,wang2003:30,core,medium outside the database's scope (D70)
wang2003_ch4,ch4,ch4_mix,ch4/normalized/ch4_points_normalized.csv,wang2003:300,mix,medium outside the database's scope (D70)
wang2003_ch4,ch4,ch4_mix,ch4/normalized/ch4_points_normalized.csv,wang2003:301,mix,medium outside the database's scope (D70)
wang2003_ch4,ch4,ch4_mix,ch4/normalized/ch4_points_normalized.csv,wang2003:302,mix,medium outside the database's scope (D70)
wang2003_ch4,ch4,ch4_mix,ch4/normalized/ch4_points_normalized.csv,wang2003:303,mix,medium outside the database's scope (D70)
wang2003_ch4,ch4,ch4_mix,ch4/normalized/ch4_points_normalized.csv,wang2003:304,mix,medium outside the database's scope (D70)
wang2003_ch4,ch4,ch4_mix,ch4/normalized/ch4_points_normalized.csv,wang2003:305,mix,medium outside the database's scope (D70)
wang2003_ch4,ch4,ch4_mix,ch4/normalized/ch4_points_normalized.csv,wang2003:306,mix,medium outside the database's scope (D70)
wang2003_ch4,ch4,ch4_mix,ch4/normalized/ch4_points_normalized.csv,wang2003:307,mix,medium outside the database's scope (D70)
wang2003_ch4,ch4,ch4_mix,ch4/normalized/ch4_points_normalized.csv,wang2003:308,mix,medium outside the database's scope (D70)
wang2003_ch4,ch4,ch4_mix,ch4/normalized/ch4_points_normalized.csv,wang2003:309,mix,medium outside the database's scope (D70)
wang2003_ch4,ch4,ch4_pts,ch4/normalized/ch4_points_normalized.csv,wang2003:31,core,medium outside the database's scope (D70)
wang2003_ch4,ch4,ch4_mix,ch4/normalized/ch4_points_normalized.csv,wang2003:310,mix,medium outside the database's scope (D70)
wang2003_ch4,ch4,ch4_mix,ch4/normalized/ch4_points_normalized.csv,wang2003:311,mix,medium outside the database's scope (D70)
wang2003_ch4,ch4,ch4_mix,ch4/normalized/ch4_points_normalized.csv,wang2003:312,mix,medium outside the database's scope (D70)
wang2003_ch4,ch4,ch4_mix,ch4/normalized/ch4_points_normalized.csv,wang2003:313,mix,medium outside the database's scope (D70)
wang2003_ch4,ch4,ch4_mix,ch4/normalized/ch4_points_normalized.csv,wang2003:314,mix,medium outside the database's scope (D70)
wang2003_ch4,ch4,ch4_mix,ch4/normalized/ch4_points_normalized.csv,wang2003:315,mix,medium outside the database's scope (D70)
wang2003_ch4,ch4,ch4_mix,ch4/normalized/ch4_points_normalized.csv,wang2003:316,mix,medium outside the database's scope (D70)
wang2003_ch4,ch4,ch4_mix,ch4/normalized/ch4_points_normalized.csv,wang2003:317,mix,medium outside the database's scope (D70)
wang2003_ch4,ch4,ch4_mix,ch4/normalized/ch4_points_normalized.csv,wang2003:318,mix,medium outside the database's scope (D70)
wang2003_ch4,ch4,ch4_mix,ch4/normalized/ch4_points_normalized.csv,wang2003:319,mix,medium outside the database's scope (D70)
wang2003_ch4,ch4,ch4_pts,ch4/normalized/ch4_points_normalized.csv,wang2003:32,core,medium outside the database's scope (D70)
wang2003_ch4,ch4,ch4_mix,ch4/normalized/ch4_points_normalized.csv,wang2003:320,mix,medium outside the database's scope (D70)
wang2003_ch4,ch4,ch4_mix,ch4/normalized/ch4_points_normalized.csv,wang2003:321,mix,medium outside the database's scope (D70)
wang2003_ch4,ch4,ch4_mix,ch4/normalized/ch4_points_normalized.csv,wang2003:322,mix,medium outside the database's scope (D70)
wang2003_ch4,ch4,ch4_mix,ch4/normalized/ch4_points_normalized.csv,wang2003:323,mix,medium outside the database's scope (D70)
wang2003_ch4,ch4,ch4_mix,ch4/normalized/ch4_points_normalized.csv,wang2003:324,mix,medium outside the database's scope (D70)
wang2003_ch4,ch4,ch4_mix,ch4/normalized/ch4_points_normalized.csv,wang2003:325,mix,medium outside the database's scope (D70)
wang2003_ch4,ch4,ch4_mix,ch4/normalized/ch4_points_normalized.csv,wang2003:326,mix,medium outside the database's scope (D70)
wang2003_ch4,ch4,ch4_mix,ch4/normalized/ch4_points_normalized.csv,wang2003:327,mix,medium outside the database's scope (D70)
wang2003_ch4,ch4,ch4_mix,ch4/normalized/ch4_points_normalized.csv,wang2003:328,mix,medium outside the database's scope (D70)
wang2003_ch4,ch4,ch4_mix,ch4/normalized/ch4_points_normalized.csv,wang2003:329,mix,medium outside the database's scope (D70)
wang2003_ch4,ch4,ch4_pts,ch4/normalized/ch4_points_normalized.csv,wang2003:33,core,medium outside the database's scope (D70)
wang2003_ch4,ch4,ch4_mix,ch4/normalized/ch4_points_normalized.csv,wang2003:330,mix,medium outside the database's scope (D70)
wang2003_ch4,ch4,ch4_mix,ch4/normalized/ch4_points_normalized.csv,wang2003:331,mix,medium outside the database's scope (D70)
wang2003_ch4,ch4,ch4_mix,ch4/normalized/ch4_points_normalized.csv,wang2003:332,mix,medium outside the database's scope (D70)
wang2003_ch4,ch4,ch4_mix,ch4/normalized/ch4_points_normalized.csv,wang2003:333,mix,medium outside the database's scope (D70)
wang2003_ch4,ch4,ch4_mix,ch4/normalized/ch4_points_normalized.csv,wang2003:334,mix,medium outside the database's scope (D70)
wang2003_ch4,ch4,ch4_mix,ch4/normalized/ch4_points_normalized.csv,wang2003:335,mix,medium outside the database's scope (D70)
wang2003_ch4,ch4,ch4_mix,ch4/normalized/ch4_points_normalized.csv,wang2003:336,mix,medium outside the database's scope (D70)
wang2003_ch4,ch4,ch4_mix,ch4/normalized/ch4_points_normalized.csv,wang2003:337,mix,medium outside the database's scope (D70)
wang2003_ch4,ch4,ch4_mix,ch4/normalized/ch4_points_normalized.csv,wang2003:338,mix,medium outside the database's scope (D70)
wang2003_ch4,ch4,ch4_mix,ch4/normalized/ch4_points_normalized.csv,wang2003:339,mix,medium outside the database's scope (D70)
wang2003_ch4,ch4,ch4_pts,ch4/normalized/ch4_points_normalized.csv,wang2003:34,core,medium outside the database's scope (D70)
wang2003_ch4,ch4,ch4_mix,ch4/normalized/ch4_points_normalized.csv,wang2003:340,mix,medium outside the database's scope (D70)
wang2003_ch4,ch4,ch4_mix,ch4/normalized/ch4_points_normalized.csv,wang2003:341,mix,medium outside the database's scope (D70)
wang2003_ch4,ch4,ch4_mix,ch4/normalized/ch4_points_normalized.csv,wang2003:342,mix,medium outside the database's scope (D70)
wang2003_ch4,ch4,ch4_mix,ch4/normalized/ch4_points_normalized.csv,wang2003:343,mix,medium outside the database's scope (D70)
wang2003_ch4,ch4,ch4_mix,ch4/normalized/ch4_points_normalized.csv,wang2003:344,mix,medium outside the database's scope (D70)
wang2003_ch4,ch4,ch4_mix,ch4/normalized/ch4_points_normalized.csv,wang2003:345,mix,medium outside the database's scope (D70)
wang2003_ch4,ch4,ch4_mix,ch4/normalized/ch4_points_normalized.csv,wang2003:346,mix,medium outside the database's scope (D70)
wang2003_ch4,ch4,ch4_mix,ch4/normalized/ch4_points_normalized.csv,wang2003:347,mix,medium outside the database's scope (D70)
wang2003_ch4,ch4,ch4_mix,ch4/normalized/ch4_points_normalized.csv,wang2003:348,mix,medium outside the database's scope (D70)
wang2003_ch4,ch4,ch4_mix,ch4/normalized/ch4_points_normalized.csv,wang2003:349,mix,medium outside the database's scope (D70)
wang2003_ch4,ch4,ch4_pts,ch4/normalized/ch4_points_normalized.csv,wang2003:35,core,medium outside the database's scope (D70)
wang2003_ch4,ch4,ch4_mix,ch4/normalized/ch4_points_normalized.csv,wang2003:350,mix,medium outside the database's scope (D70)
wang2003_ch4,ch4,ch4_mix,ch4/normalized/ch4_points_normalized.csv,wang2003:351,mix,medium outside the database's scope (D70)
wang2003_ch4,ch4,ch4_mix,ch4/normalized/ch4_points_normalized.csv,wang2003:352,mix,medium outside the database's scope (D70)
wang2003_ch4,ch4,ch4_pts,ch4/normalized/ch4_points_normalized.csv,wang2003:36,core,medium outside the database's scope (D70)
wang2003_ch4,ch4,ch4_pts,ch4/normalized/ch4_points_normalized.csv,wang2003:37,core,medium outside the database's scope (D70)
wang2003_ch4,ch4,ch4_pts,ch4/normalized/ch4_points_normalized.csv,wang2003:38,core,medium outside the database's scope (D70)
wang2003_ch4,ch4,ch4_pts,ch4/normalized/ch4_points_normalized.csv,wang2003:39,core,medium outside the database's scope (D70)
wang2003_ch4,ch4,ch4_pts,ch4/normalized/ch4_points_normalized.csv,wang2003:40,core,medium outside the database's scope (D70)
wang2003_ch4,ch4,ch4_pts,ch4/normalized/ch4_points_normalized.csv,wang2003:41,core,medium outside the database's scope (D70)
wang2003_ch4,ch4,ch4_pts,ch4/normalized/ch4_points_normalized.csv,wang2003:42,core,medium outside the database's scope (D70)
wang2003_ch4,ch4,ch4_pts,ch4/normalized/ch4_points_normalized.csv,wang2003:43,core,medium outside the database's scope (D70)
wang2003_ch4,ch4,ch4_pts,ch4/normalized/ch4_points_normalized.csv,wang2003:44,core,medium outside the database's scope (D70)
wang2003_ch4,ch4,ch4_pts,ch4/normalized/ch4_points_normalized.csv,wang2003:45,core,medium outside the database's scope (D70)
wang2003_ch4,ch4,ch4_pts,ch4/normalized/ch4_points_normalized.csv,wang2003:46,core,medium outside the database's scope (D70)
wang2003_ch4,ch4,ch4_pts,ch4/normalized/ch4_points_normalized.csv,wang2003:47,core,medium outside the database's scope (D70)
wang2003_ch4,ch4,ch4_pts,ch4/normalized/ch4_points_normalized.csv,wang2003:48,core,medium outside the database's scope (D70)
wang2003_ch4,ch4,ch4_pts,ch4/normalized/ch4_points_normalized.csv,wang2003:49,core,medium outside the database's scope (D70)
wang2003_ch4,ch4,ch4_pts,ch4/normalized/ch4_points_normalized.csv,wang2003:50,core,medium outside the database's scope (D70)
wang2003_ch4,ch4,ch4_pts,ch4/normalized/ch4_points_normalized.csv,wang2003:51,core,medium outside the database's scope (D70)
wang2003_ch4,ch4,ch4_pts,ch4/normalized/ch4_points_normalized.csv,wang2003:52,core,medium outside the database's scope (D70)
wang2003_ch4,ch4,ch4_pts,ch4/normalized/ch4_points_normalized.csv,wang2003:53,core,medium outside the database's scope (D70)
wang2003_ch4,ch4,ch4_pts,ch4/normalized/ch4_points_normalized.csv,wang2003:54,core,medium outside the database's scope (D70)
wang2003_ch4,ch4,ch4_pts,ch4/normalized/ch4_points_normalized.csv,wang2003:55,core,medium outside the database's scope (D70)
wang2003_ch4,ch4,ch4_pts,ch4/normalized/ch4_points_normalized.csv,wang2003:56,core,medium outside the database's scope (D70)
wang2003_ch4,ch4,ch4_pts,ch4/normalized/ch4_points_normalized.csv,wang2003:57,core,medium outside the database's scope (D70)
wang2003_ch4,ch4,ch4_pts,ch4/normalized/ch4_points_normalized.csv,wang2003:58,core,medium outside the database's scope (D70)
wang2003_ch4,ch4,ch4_pts,ch4/normalized/ch4_points_normalized.csv,wang2003:59,core,medium outside the database's scope (D70)
wang2003_ch4,ch4,ch4_pts,ch4/normalized/ch4_points_normalized.csv,wang2003:60,core,medium outside the database's scope (D70)
wang2003_ch4,ch4,ch4_pts,ch4/normalized/ch4_points_normalized.csv,wang2003:61,core,medium outside the database's scope (D70)
wang2003_ch4,ch4,ch4_pts,ch4/normalized/ch4_points_normalized.csv,wang2003:62,core,medium outside the database's scope (D70)
wang2003_ch4,ch4,ch4_pts,ch4/normalized/ch4_points_normalized.csv,wang2003:63,core,medium outside the database's scope (D70)
wang2003_ch4,ch4,ch4_pts,ch4/normalized/ch4_points_normalized.csv,wang2003:64,core,medium outside the database's scope (D70)
wang2003_ch4,ch4,ch4_pts,ch4/normalized/ch4_points_normalized.csv,wang2003:65,core,medium outside the database's scope (D70)
wang2003_ch4,ch4,ch4_pts,ch4/normalized/ch4_points_normalized.csv,wang2003:66,core,medium outside the database's scope (D70)
wang2003_ch4,ch4,ch4_pts,ch4/normalized/ch4_points_normalized.csv,wang2003:67,core,medium outside the database's scope (D70)
wang2003_ch4,ch4,ch4_pts,ch4/normalized/ch4_points_normalized.csv,wang2003:68,core,medium outside the database's scope (D70)
wang2003_ch4,ch4,ch4_pts,ch4/normalized/ch4_points_normalized.csv,wang2003:69,core,medium outside the database's scope (D70)
wang2003_ch4,ch4,ch4_pts,ch4/normalized/ch4_points_normalized.csv,wang2003:70,core,medium outside the database's scope (D70)
wang2003_ch4,ch4,ch4_pts,ch4/normalized/ch4_points_normalized.csv,wang2003:71,core,medium outside the database's scope (D70)
wang2003_ch4,ch4,ch4_pts,ch4/normalized/ch4_points_normalized.csv,wang2003:72,core,medium outside the database's scope (D70)
wang2003_ch4,ch4,ch4_pts,ch4/normalized/ch4_points_normalized.csv,wang2003:73,core,medium outside the database's scope (D70)
wang2003_ch4,ch4,ch4_pts,ch4/normalized/ch4_points_normalized.csv,wang2003:74,core,medium outside the database's scope (D70)
wang2003_ch4,ch4,ch4_pts,ch4/normalized/ch4_points_normalized.csv,wang2003:75,core,medium outside the database's scope (D70)
wang2003_ch4,ch4,ch4_pts,ch4/normalized/ch4_points_normalized.csv,wang2003:76,core,medium outside the database's scope (D70)
wang2003_ch4,ch4,ch4_pts,ch4/normalized/ch4_points_normalized.csv,wang2003:77,core,medium outside the database's scope (D70)
wang2003_ch4,ch4,ch4_pts,ch4/normalized/ch4_points_normalized.csv,wang2003:78,core,medium outside the database's scope (D70)
wang2003_ch4,ch4,ch4_pts,ch4/normalized/ch4_points_normalized.csv,wang2003:79,core,medium outside the database's scope (D70)
wang2003_ch4,ch4,ch4_pts,ch4/normalized/ch4_points_normalized.csv,wang2003:80,core,medium outside the database's scope (D70)
wang2003_ch4,ch4,ch4_pts,ch4/normalized/ch4_points_normalized.csv,wang2003:81,core,medium outside the database's scope (D70)
wang2003_ch4,ch4,ch4_pts,ch4/normalized/ch4_points_normalized.csv,wang2003:82,core,medium outside the database's scope (D70)
wang2003_ch4,ch4,ch4_pts,ch4/normalized/ch4_points_normalized.csv,wang2003:83,core,medium outside the database's scope (D70)
wang2003_ch4,ch4,ch4_pts,ch4/normalized/ch4_points_normalized.csv,wang2003:84,core,medium outside the database's scope (D70)
wang2003_ch4,ch4,ch4_pts,ch4/normalized/ch4_points_normalized.csv,wang2003:85,core,medium outside the database's scope (D70)
wang2003_ch4,ch4,ch4_pts,ch4/normalized/ch4_points_normalized.csv,wang2003:86,core,medium outside the database's scope (D70)
wang2003_ch4,ch4,ch4_pts,ch4/normalized/ch4_points_normalized.csv,wang2003:87,core,medium outside the database's scope (D70)
wang2003_ch4,ch4,ch4_pts,ch4/normalized/ch4_points_normalized.csv,wang2003:88,core,medium outside the database's scope (D70)
wang2003_ch4,ch4,ch4_pts,ch4/normalized/ch4_points_normalized.csv,wang2003:89,core,medium outside the database's scope (D70)
wang2003_ch4,ch4,ch4_pts,ch4/normalized/ch4_points_normalized.csv,wang2003:90,core,medium outside the database's scope (D70)
wang2003_ch4,ch4,ch4_pts,ch4/normalized/ch4_points_normalized.csv,wang2003:91,core,medium outside the database's scope (D70)
wang2003_ch4,ch4,ch4_pts,ch4/normalized/ch4_points_normalized.csv,wang2003:92,core,medium outside the database's scope (D70)
wang2003_ch4,ch4,ch4_pts,ch4/normalized/ch4_points_normalized.csv,wang2003:93,core,medium outside the database's scope (D70)
wang2003_ch4,ch4,ch4_pts,ch4/normalized/ch4_points_normalized.csv,wang2003:94,core,medium outside the database's scope (D70)
wang2003_ch4,ch4,ch4_pts,ch4/normalized/ch4_points_normalized.csv,wang2003:95,core,medium outside the database's scope (D70)
wang2003_ch4,ch4,ch4_pts,ch4/normalized/ch4_points_normalized.csv,wang2003:96,core,medium outside the database's scope (D70)
wang2003_ch4,ch4,ch4_pts,ch4/normalized/ch4_points_normalized.csv,wang2003:97,core,medium outside the database's scope (D70)
wang2003_ch4,ch4,ch4_pts,ch4/normalized/ch4_points_normalized.csv,wang2003:98,core,medium outside the database's scope (D70)
wang2003_ch4,ch4,ch4_pts,ch4/normalized/ch4_points_normalized.csv,wang2003:99,core,medium outside the database's scope (D70)
wise2016_ch4,ch4,ch4_pts,ch4/normalized/ch4_points_normalized.csv,wise2016:1,core,medium outside the database's scope (D70)
wise2016_ch4,ch4,ch4_pts,ch4/normalized/ch4_points_normalized.csv,wise2016:10,core,medium outside the database's scope (D70)
wise2016_ch4,ch4,ch4_pts,ch4/normalized/ch4_points_normalized.csv,wise2016:11,core,medium outside the database's scope (D70)
wise2016_ch4,ch4,ch4_pts,ch4/normalized/ch4_points_normalized.csv,wise2016:12,core,medium outside the database's scope (D70)
wise2016_ch4,ch4,ch4_pts,ch4/normalized/ch4_points_normalized.csv,wise2016:13,core,medium outside the database's scope (D70)
wise2016_ch4,ch4,ch4_pts,ch4/normalized/ch4_points_normalized.csv,wise2016:14,core,medium outside the database's scope (D70)
wise2016_ch4,ch4,ch4_pts,ch4/normalized/ch4_points_normalized.csv,wise2016:15,core,medium outside the database's scope (D70)
wise2016_ch4,ch4,ch4_pts,ch4/normalized/ch4_points_normalized.csv,wise2016:16,core,medium outside the database's scope (D70)
wise2016_ch4,ch4,ch4_pts,ch4/normalized/ch4_points_normalized.csv,wise2016:17,core,medium outside the database's scope (D70)
wise2016_ch4,ch4,ch4_pts,ch4/normalized/ch4_points_normalized.csv,wise2016:18,core,medium outside the database's scope (D70)
wise2016_ch4,ch4,ch4_pts,ch4/normalized/ch4_points_normalized.csv,wise2016:19,core,medium outside the database's scope (D70)
wise2016_ch4,ch4,ch4_pts,ch4/normalized/ch4_points_normalized.csv,wise2016:2,core,medium outside the database's scope (D70)
wise2016_ch4,ch4,ch4_pts,ch4/normalized/ch4_points_normalized.csv,wise2016:20,core,medium outside the database's scope (D70)
wise2016_ch4,ch4,ch4_pts,ch4/normalized/ch4_points_normalized.csv,wise2016:21,core,medium outside the database's scope (D70)
wise2016_ch4,ch4,ch4_pts,ch4/normalized/ch4_points_normalized.csv,wise2016:22,core,medium outside the database's scope (D70)
wise2016_ch4,ch4,ch4_pts,ch4/normalized/ch4_points_normalized.csv,wise2016:23,core,medium outside the database's scope (D70)
wise2016_ch4,ch4,ch4_pts,ch4/normalized/ch4_points_normalized.csv,wise2016:24,core,medium outside the database's scope (D70)
wise2016_ch4,ch4,ch4_pts,ch4/normalized/ch4_points_normalized.csv,wise2016:25,core,medium outside the database's scope (D70)
wise2016_ch4,ch4,ch4_pts,ch4/normalized/ch4_points_normalized.csv,wise2016:26,core,medium outside the database's scope (D70)
wise2016_ch4,ch4,ch4_pts,ch4/normalized/ch4_points_normalized.csv,wise2016:27,core,medium outside the database's scope (D70)
wise2016_ch4,ch4,ch4_pts,ch4/normalized/ch4_points_normalized.csv,wise2016:28,core,medium outside the database's scope (D70)
wise2016_ch4,ch4,ch4_pts,ch4/normalized/ch4_points_normalized.csv,wise2016:29,core,medium outside the database's scope (D70)
wise2016_ch4,ch4,ch4_pts,ch4/normalized/ch4_points_normalized.csv,wise2016:3,core,medium outside the database's scope (D70)
wise2016_ch4,ch4,ch4_pts,ch4/normalized/ch4_points_normalized.csv,wise2016:30,core,medium outside the database's scope (D70)
wise2016_ch4,ch4,ch4_pts,ch4/normalized/ch4_points_normalized.csv,wise2016:31,core,medium outside the database's scope (D70)
wise2016_ch4,ch4,ch4_pts,ch4/normalized/ch4_points_normalized.csv,wise2016:32,core,medium outside the database's scope (D70)
wise2016_ch4,ch4,ch4_pts,ch4/normalized/ch4_points_normalized.csv,wise2016:33,core,medium outside the database's scope (D70)
wise2016_ch4,ch4,ch4_pts,ch4/normalized/ch4_points_normalized.csv,wise2016:34,core,medium outside the database's scope (D70)
wise2016_ch4,ch4,ch4_pts,ch4/normalized/ch4_points_normalized.csv,wise2016:35,core,medium outside the database's scope (D70)
wise2016_ch4,ch4,ch4_pts,ch4/normalized/ch4_points_normalized.csv,wise2016:36,core,medium outside the database's scope (D70)
wise2016_ch4,ch4,ch4_pts,ch4/normalized/ch4_points_normalized.csv,wise2016:37,core,medium outside the database's scope (D70)
wise2016_ch4,ch4,ch4_pts,ch4/normalized/ch4_points_normalized.csv,wise2016:38,core,medium outside the database's scope (D70)
wise2016_ch4,ch4,ch4_pts,ch4/normalized/ch4_points_normalized.csv,wise2016:39,core,medium outside the database's scope (D70)
wise2016_ch4,ch4,ch4_pts,ch4/normalized/ch4_points_normalized.csv,wise2016:4,core,medium outside the database's scope (D70)
wise2016_ch4,ch4,ch4_pts,ch4/normalized/ch4_points_normalized.csv,wise2016:40,core,medium outside the database's scope (D70)
wise2016_ch4,ch4,ch4_pts,ch4/normalized/ch4_points_normalized.csv,wise2016:41,core,medium outside the database's scope (D70)
wise2016_ch4,ch4,ch4_pts,ch4/normalized/ch4_points_normalized.csv,wise2016:42,core,medium outside the database's scope (D70)
wise2016_ch4,ch4,ch4_pts,ch4/normalized/ch4_points_normalized.csv,wise2016:43,core,medium outside the database's scope (D70)
wise2016_ch4,ch4,ch4_pts,ch4/normalized/ch4_points_normalized.csv,wise2016:44,core,medium outside the database's scope (D70)
wise2016_ch4,ch4,ch4_pts,ch4/normalized/ch4_points_normalized.csv,wise2016:45,core,medium outside the database's scope (D70)
wise2016_ch4,ch4,ch4_pts,ch4/normalized/ch4_points_normalized.csv,wise2016:46,core,medium outside the database's scope (D70)
wise2016_ch4,ch4,ch4_pts,ch4/normalized/ch4_points_normalized.csv,wise2016:47,core,medium outside the database's scope (D70)
wise2016_ch4,ch4,ch4_pts,ch4/normalized/ch4_points_normalized.csv,wise2016:48,core,medium outside the database's scope (D70)
wise2016_ch4,ch4,ch4_pts,ch4/normalized/ch4_points_normalized.csv,wise2016:49,core,medium outside the database's scope (D70)
wise2016_ch4,ch4,ch4_pts,ch4/normalized/ch4_points_normalized.csv,wise2016:5,core,medium outside the database's scope (D70)
wise2016_ch4,ch4,ch4_pts,ch4/normalized/ch4_points_normalized.csv,wise2016:50,core,medium outside the database's scope (D70)
wise2016_ch4,ch4,ch4_pts,ch4/normalized/ch4_points_normalized.csv,wise2016:51,core,medium outside the database's scope (D70)
wise2016_ch4,ch4,ch4_pts,ch4/normalized/ch4_points_normalized.csv,wise2016:52,core,medium outside the database's scope (D70)
wise2016_ch4,ch4,ch4_pts,ch4/normalized/ch4_points_normalized.csv,wise2016:53,core,medium outside the database's scope (D70)
wise2016_ch4,ch4,ch4_pts,ch4/normalized/ch4_points_normalized.csv,wise2016:54,core,medium outside the database's scope (D70)
wise2016_ch4,ch4,ch4_pts,ch4/normalized/ch4_points_normalized.csv,wise2016:55,core,medium outside the database's scope (D70)
wise2016_ch4,ch4,ch4_pts,ch4/normalized/ch4_points_normalized.csv,wise2016:56,core,medium outside the database's scope (D70)
wise2016_ch4,ch4,ch4_pts,ch4/normalized/ch4_points_normalized.csv,wise2016:57,core,medium outside the database's scope (D70)
wise2016_ch4,ch4,ch4_pts,ch4/normalized/ch4_points_normalized.csv,wise2016:58,core,medium outside the database's scope (D70)
wise2016_ch4,ch4,ch4_pts,ch4/normalized/ch4_points_normalized.csv,wise2016:59,core,medium outside the database's scope (D70)
wise2016_ch4,ch4,ch4_pts,ch4/normalized/ch4_points_normalized.csv,wise2016:6,core,medium outside the database's scope (D70)
wise2016_ch4,ch4,ch4_pts,ch4/normalized/ch4_points_normalized.csv,wise2016:60,core,medium outside the database's scope (D70)
wise2016_ch4,ch4,ch4_pts,ch4/normalized/ch4_points_normalized.csv,wise2016:61,core,medium outside the database's scope (D70)
wise2016_ch4,ch4,ch4_pts,ch4/normalized/ch4_points_normalized.csv,wise2016:62,core,medium outside the database's scope (D70)
wise2016_ch4,ch4,ch4_pts,ch4/normalized/ch4_points_normalized.csv,wise2016:63,core,medium outside the database's scope (D70)
wise2016_ch4,ch4,ch4_pts,ch4/normalized/ch4_points_normalized.csv,wise2016:64,core,medium outside the database's scope (D70)
wise2016_ch4,ch4,ch4_pts,ch4/normalized/ch4_points_normalized.csv,wise2016:65,core,medium outside the database's scope (D70)
wise2016_ch4,ch4,ch4_pts,ch4/normalized/ch4_points_normalized.csv,wise2016:66,core,medium outside the database's scope (D70)
wise2016_ch4,ch4,ch4_pts,ch4/normalized/ch4_points_normalized.csv,wise2016:67,core,medium outside the database's scope (D70)
wise2016_ch4,ch4,ch4_pts,ch4/normalized/ch4_points_normalized.csv,wise2016:68,core,medium outside the database's scope (D70)
wise2016_ch4,ch4,ch4_pts,ch4/normalized/ch4_points_normalized.csv,wise2016:69,core,medium outside the database's scope (D70)
wise2016_ch4,ch4,ch4_pts,ch4/normalized/ch4_points_normalized.csv,wise2016:7,core,medium outside the database's scope (D70)
wise2016_ch4,ch4,ch4_pts,ch4/normalized/ch4_points_normalized.csv,wise2016:70,core,medium outside the database's scope (D70)
wise2016_ch4,ch4,ch4_pts,ch4/normalized/ch4_points_normalized.csv,wise2016:71,core,medium outside the database's scope (D70)
wise2016_ch4,ch4,ch4_pts,ch4/normalized/ch4_points_normalized.csv,wise2016:72,core,medium outside the database's scope (D70)
wise2016_ch4,ch4,ch4_pts,ch4/normalized/ch4_points_normalized.csv,wise2016:73,core,medium outside the database's scope (D70)
wise2016_ch4,ch4,ch4_pts,ch4/normalized/ch4_points_normalized.csv,wise2016:74,core,medium outside the database's scope (D70)
wise2016_ch4,ch4,ch4_pts,ch4/normalized/ch4_points_normalized.csv,wise2016:75,core,medium outside the database's scope (D70)
wise2016_ch4,ch4,ch4_pts,ch4/normalized/ch4_points_normalized.csv,wise2016:76,core,medium outside the database's scope (D70)
wise2016_ch4,ch4,ch4_pts,ch4/normalized/ch4_points_normalized.csv,wise2016:8,core,medium outside the database's scope (D70)
wise2016_ch4,ch4,ch4_pts,ch4/normalized/ch4_points_normalized.csv,wise2016:9,core,medium outside the database's scope (D70)
yokoyama1988_ch4,ch4,ch4_pts,ch4/normalized/ch4_points_normalized.csv,yokoyama1988:10,core,medium outside the database's scope (D70)
yokoyama1988_ch4,ch4,ch4_pts,ch4/normalized/ch4_points_normalized.csv,yokoyama1988:11,core,medium outside the database's scope (D70)
yokoyama1988_ch4,ch4,ch4_pts,ch4/normalized/ch4_points_normalized.csv,yokoyama1988:12,core,medium outside the database's scope (D70)
yokoyama1988_ch4,ch4,ch4_pts,ch4/normalized/ch4_points_normalized.csv,yokoyama1988:13,core,medium outside the database's scope (D70)
yokoyama1988_ch4,ch4,ch4_pts,ch4/normalized/ch4_points_normalized.csv,yokoyama1988:14,core,medium outside the database's scope (D70)
yokoyama1988_ch4,ch4,ch4_pts,ch4/normalized/ch4_points_normalized.csv,yokoyama1988:15,core,medium outside the database's scope (D70)
yokoyama1988_ch4,ch4,ch4_pts,ch4/normalized/ch4_points_normalized.csv,yokoyama1988:16,core,medium outside the database's scope (D70)
yokoyama1988_ch4,ch4,ch4_pts,ch4/normalized/ch4_points_normalized.csv,yokoyama1988:17,core,medium outside the database's scope (D70)
yokoyama1988_ch4,ch4,ch4_pts,ch4/normalized/ch4_points_normalized.csv,yokoyama1988:18,core,medium outside the database's scope (D70)
yokoyama1988_ch4,ch4,ch4_pts,ch4/normalized/ch4_points_normalized.csv,yokoyama1988:19,core,medium outside the database's scope (D70)
yokoyama1988_ch4,ch4,ch4_pts,ch4/normalized/ch4_points_normalized.csv,yokoyama1988:20,core,medium outside the database's scope (D70)
yokoyama1988_ch4,ch4,ch4_pts,ch4/normalized/ch4_points_normalized.csv,yokoyama1988:21,core,medium outside the database's scope (D70)
yokoyama1988_ch4,ch4,ch4_pts,ch4/normalized/ch4_points_normalized.csv,yokoyama1988:22,core,medium outside the database's scope (D70)
yokoyama1988_ch4,ch4,ch4_pts,ch4/normalized/ch4_points_normalized.csv,yokoyama1988:23,core,medium outside the database's scope (D70)
yokoyama1988_ch4,ch4,ch4_pts,ch4/normalized/ch4_points_normalized.csv,yokoyama1988:24,core,medium outside the database's scope (D70)
yokoyama1988_ch4,ch4,ch4_pts,ch4/normalized/ch4_points_normalized.csv,yokoyama1988:25,core,medium outside the database's scope (D70)
yokoyama1988_ch4,ch4,ch4_pts,ch4/normalized/ch4_points_normalized.csv,yokoyama1988:26,core,medium outside the database's scope (D70)
yokoyama1988_ch4,ch4,ch4_pts,ch4/normalized/ch4_points_normalized.csv,yokoyama1988:27,core,medium outside the database's scope (D70)
yokoyama1988_ch4,ch4,ch4_pts,ch4/normalized/ch4_points_normalized.csv,yokoyama1988:28,core,medium outside the database's scope (D70)
yokoyama1988_ch4,ch4,ch4_pts,ch4/normalized/ch4_points_normalized.csv,yokoyama1988:29,core,medium outside the database's scope (D70)
yokoyama1988_ch4,ch4,ch4_pts,ch4/normalized/ch4_points_normalized.csv,yokoyama1988:30,core,medium outside the database's scope (D70)
yokoyama1988_ch4,ch4,ch4_pts,ch4/normalized/ch4_points_normalized.csv,yokoyama1988:7,core,medium outside the database's scope (D70)
yokoyama1988_ch4,ch4,ch4_pts,ch4/normalized/ch4_points_normalized.csv,yokoyama1988:8,core,medium outside the database's scope (D70)
yokoyama1988_ch4,ch4,ch4_pts,ch4/normalized/ch4_points_normalized.csv,yokoyama1988:9,core,medium outside the database's scope (D70)
zvawanda2024_ch4,ch4,ch4_pts,ch4/normalized/ch4_points_normalized.csv,zvawanda2024:1,core,medium outside the database's scope (D70)
zvawanda2024_ch4,ch4,ch4_pts,ch4/normalized/ch4_points_normalized.csv,zvawanda2024:10,core,medium outside the database's scope (D70)
zvawanda2024_ch4,ch4,ch4_pts,ch4/normalized/ch4_points_normalized.csv,zvawanda2024:11,core,medium outside the database's scope (D70)
zvawanda2024_ch4,ch4,ch4_pts,ch4/normalized/ch4_points_normalized.csv,zvawanda2024:12,core,medium outside the database's scope (D70)
zvawanda2024_ch4,ch4,ch4_pts,ch4/normalized/ch4_points_normalized.csv,zvawanda2024:13,core,medium outside the database's scope (D70)
zvawanda2024_ch4,ch4,ch4_pts,ch4/normalized/ch4_points_normalized.csv,zvawanda2024:14,core,medium outside the database's scope (D70)
zvawanda2024_ch4,ch4,ch4_pts,ch4/normalized/ch4_points_normalized.csv,zvawanda2024:15,core,medium outside the database's scope (D70)
zvawanda2024_ch4,ch4,ch4_pts,ch4/normalized/ch4_points_normalized.csv,zvawanda2024:16,core,medium outside the database's scope (D70)
zvawanda2024_ch4,ch4,ch4_pts,ch4/normalized/ch4_points_normalized.csv,zvawanda2024:17,core,medium outside the database's scope (D70)
zvawanda2024_ch4,ch4,ch4_pts,ch4/normalized/ch4_points_normalized.csv,zvawanda2024:18,core,medium outside the database's scope (D70)
zvawanda2024_ch4,ch4,ch4_pts,ch4/normalized/ch4_points_normalized.csv,zvawanda2024:19,core,medium outside the database's scope (D70)
zvawanda2024_ch4,ch4,ch4_pts,ch4/normalized/ch4_points_normalized.csv,zvawanda2024:2,core,medium outside the database's scope (D70)
zvawanda2024_ch4,ch4,ch4_pts,ch4/normalized/ch4_points_normalized.csv,zvawanda2024:20,core,medium outside the database's scope (D70)
zvawanda2024_ch4,ch4,ch4_pts,ch4/normalized/ch4_points_normalized.csv,zvawanda2024:21,core,medium outside the database's scope (D70)
zvawanda2024_ch4,ch4,ch4_pts,ch4/normalized/ch4_points_normalized.csv,zvawanda2024:22,core,medium outside the database's scope (D70)
zvawanda2024_ch4,ch4,ch4_pts,ch4/normalized/ch4_points_normalized.csv,zvawanda2024:23,core,medium outside the database's scope (D70)
zvawanda2024_ch4,ch4,ch4_pts,ch4/normalized/ch4_points_normalized.csv,zvawanda2024:24,core,medium outside the database's scope (D70)
zvawanda2024_ch4,ch4,ch4_pts,ch4/normalized/ch4_points_normalized.csv,zvawanda2024:25,core,medium outside the database's scope (D70)
zvawanda2024_ch4,ch4,ch4_pts,ch4/normalized/ch4_points_normalized.csv,zvawanda2024:26,core,medium outside the database's scope (D70)
zvawanda2024_ch4,ch4,ch4_pts,ch4/normalized/ch4_points_normalized.csv,zvawanda2024:27,core,medium outside the database's scope (D70)
zvawanda2024_ch4,ch4,ch4_pts,ch4/normalized/ch4_points_normalized.csv,zvawanda2024:28,core,medium outside the database's scope (D70)
zvawanda2024_ch4,ch4,ch4_pts,ch4/normalized/ch4_points_normalized.csv,zvawanda2024:29,core,medium outside the database's scope (D70)
zvawanda2024_ch4,ch4,ch4_pts,ch4/normalized/ch4_points_normalized.csv,zvawanda2024:3,core,medium outside the database's scope (D70)
zvawanda2024_ch4,ch4,ch4_pts,ch4/normalized/ch4_points_normalized.csv,zvawanda2024:30,core,medium outside the database's scope (D70)
zvawanda2024_ch4,ch4,ch4_pts,ch4/normalized/ch4_points_normalized.csv,zvawanda2024:31,core,medium outside the database's scope (D70)
zvawanda2024_ch4,ch4,ch4_pts,ch4/normalized/ch4_points_normalized.csv,zvawanda2024:32,core,medium outside the database's scope (D70)
zvawanda2024_ch4,ch4,ch4_pts,ch4/normalized/ch4_points_normalized.csv,zvawanda2024:33,core,medium outside the database's scope (D70)
zvawanda2024_ch4,ch4,ch4_pts,ch4/normalized/ch4_points_normalized.csv,zvawanda2024:34,core,medium outside the database's scope (D70)
zvawanda2024_ch4,ch4,ch4_pts,ch4/normalized/ch4_points_normalized.csv,zvawanda2024:35,core,medium outside the database's scope (D70)
zvawanda2024_ch4,ch4,ch4_pts,ch4/normalized/ch4_points_normalized.csv,zvawanda2024:36,core,medium outside the database's scope (D70)
zvawanda2024_ch4,ch4,ch4_pts,ch4/normalized/ch4_points_normalized.csv,zvawanda2024:37,core,medium outside the database's scope (D70)
zvawanda2024_ch4,ch4,ch4_pts,ch4/normalized/ch4_points_normalized.csv,zvawanda2024:38,core,medium outside the database's scope (D70)
zvawanda2024_ch4,ch4,ch4_pts,ch4/normalized/ch4_points_normalized.csv,zvawanda2024:39,core,medium outside the database's scope (D70)
zvawanda2024_ch4,ch4,ch4_pts,ch4/normalized/ch4_points_normalized.csv,zvawanda2024:4,core,medium outside the database's scope (D70)
zvawanda2024_ch4,ch4,ch4_pts,ch4/normalized/ch4_points_normalized.csv,zvawanda2024:40,core,medium outside the database's scope (D70)
zvawanda2024_ch4,ch4,ch4_pts,ch4/normalized/ch4_points_normalized.csv,zvawanda2024:41,core,medium outside the database's scope (D70)
zvawanda2024_ch4,ch4,ch4_pts,ch4/normalized/ch4_points_normalized.csv,zvawanda2024:42,core,medium outside the database's scope (D70)
zvawanda2024_ch4,ch4,ch4_pts,ch4/normalized/ch4_points_normalized.csv,zvawanda2024:43,core,medium outside the database's scope (D70)
zvawanda2024_ch4,ch4,ch4_pts,ch4/normalized/ch4_points_normalized.csv,zvawanda2024:44,core,medium outside the database's scope (D70)
zvawanda2024_ch4,ch4,ch4_pts,ch4/normalized/ch4_points_normalized.csv,zvawanda2024:45,core,medium outside the database's scope (D70)
zvawanda2024_ch4,ch4,ch4_pts,ch4/normalized/ch4_points_normalized.csv,zvawanda2024:46,core,medium outside the database's scope (D70)
zvawanda2024_ch4,ch4,ch4_pts,ch4/normalized/ch4_points_normalized.csv,zvawanda2024:47,core,medium outside the database's scope (D70)
zvawanda2024_ch4,ch4,ch4_pts,ch4/normalized/ch4_points_normalized.csv,zvawanda2024:48,core,medium outside the database's scope (D70)
zvawanda2024_ch4,ch4,ch4_pts,ch4/normalized/ch4_points_normalized.csv,zvawanda2024:49,core,medium outside the database's scope (D70)
zvawanda2024_ch4,ch4,ch4_pts,ch4/normalized/ch4_points_normalized.csv,zvawanda2024:5,core,medium outside the database's scope (D70)
zvawanda2024_ch4,ch4,ch4_pts,ch4/normalized/ch4_points_normalized.csv,zvawanda2024:50,core,medium outside the database's scope (D70)
zvawanda2024_ch4,ch4,ch4_pts,ch4/normalized/ch4_points_normalized.csv,zvawanda2024:51,core,medium outside the database's scope (D70)
zvawanda2024_ch4,ch4,ch4_pts,ch4/normalized/ch4_points_normalized.csv,zvawanda2024:52,core,medium outside the database's scope (D70)
zvawanda2024_ch4,ch4,ch4_pts,ch4/normalized/ch4_points_normalized.csv,zvawanda2024:53,core,medium outside the database's scope (D70)
zvawanda2024_ch4,ch4,ch4_pts,ch4/normalized/ch4_points_normalized.csv,zvawanda2024:54,core,medium outside the database's scope (D70)
zvawanda2024_ch4,ch4,ch4_pts,ch4/normalized/ch4_points_normalized.csv,zvawanda2024:55,core,medium outside the database's scope (D70)
zvawanda2024_ch4,ch4,ch4_pts,ch4/normalized/ch4_points_normalized.csv,zvawanda2024:56,core,medium outside the database's scope (D70)
zvawanda2024_ch4,ch4,ch4_pts,ch4/normalized/ch4_points_normalized.csv,zvawanda2024:57,core,medium outside the database's scope (D70)
zvawanda2024_ch4,ch4,ch4_pts,ch4/normalized/ch4_points_normalized.csv,zvawanda2024:58,core,medium outside the database's scope (D70)
zvawanda2024_ch4,ch4,ch4_pts,ch4/normalized/ch4_points_normalized.csv,zvawanda2024:59,core,medium outside the database's scope (D70)
zvawanda2024_ch4,ch4,ch4_pts,ch4/normalized/ch4_points_normalized.csv,zvawanda2024:6,core,medium outside the database's scope (D70)
zvawanda2024_ch4,ch4,ch4_pts,ch4/normalized/ch4_points_normalized.csv,zvawanda2024:60,core,medium outside the database's scope (D70)
zvawanda2024_ch4,ch4,ch4_pts,ch4/normalized/ch4_points_normalized.csv,zvawanda2024:61,core,medium outside the database's scope (D70)
zvawanda2024_ch4,ch4,ch4_pts,ch4/normalized/ch4_points_normalized.csv,zvawanda2024:62,core,medium outside the database's scope (D70)
zvawanda2024_ch4,ch4,ch4_pts,ch4/normalized/ch4_points_normalized.csv,zvawanda2024:63,core,medium outside the database's scope (D70)
zvawanda2024_ch4,ch4,ch4_pts,ch4/normalized/ch4_points_normalized.csv,zvawanda2024:64,core,medium outside the database's scope (D70)
zvawanda2024_ch4,ch4,ch4_pts,ch4/normalized/ch4_points_normalized.csv,zvawanda2024:65,core,medium outside the database's scope (D70)
zvawanda2024_ch4,ch4,ch4_pts,ch4/normalized/ch4_points_normalized.csv,zvawanda2024:66,core,medium outside the database's scope (D70)
zvawanda2024_ch4,ch4,ch4_pts,ch4/normalized/ch4_points_normalized.csv,zvawanda2024:67,core,medium outside the database's scope (D70)
zvawanda2024_ch4,ch4,ch4_pts,ch4/normalized/ch4_points_normalized.csv,zvawanda2024:68,core,medium outside the database's scope (D70)
zvawanda2024_ch4,ch4,ch4_pts,ch4/normalized/ch4_points_normalized.csv,zvawanda2024:69,core,medium outside the database's scope (D70)
zvawanda2024_ch4,ch4,ch4_pts,ch4/normalized/ch4_points_normalized.csv,zvawanda2024:7,core,medium outside the database's scope (D70)
zvawanda2024_ch4,ch4,ch4_pts,ch4/normalized/ch4_points_normalized.csv,zvawanda2024:70,core,medium outside the database's scope (D70)
zvawanda2024_ch4,ch4,ch4_pts,ch4/normalized/ch4_points_normalized.csv,zvawanda2024:8,core,medium outside the database's scope (D70)
zvawanda2024_ch4,ch4,ch4_pts,ch4/normalized/ch4_points_normalized.csv,zvawanda2024:9,core,medium outside the database's scope (D70)
serpa2017_co2,co2,co2_pts,co2/normalized/co2_points_normalized.csv,thermoml:418,core,medium outside the database's scope (D70)
serpa2017_co2,co2,co2_pts,co2/normalized/co2_points_normalized.csv,thermoml:419,core,medium outside the database's scope (D70)
serpa2017_co2,co2,co2_pts,co2/normalized/co2_points_normalized.csv,thermoml:420,core,medium outside the database's scope (D70)
serpa2017_co2,co2,co2_pts,co2/normalized/co2_points_normalized.csv,thermoml:421,core,medium outside the database's scope (D70)
serpa2017_co2,co2,co2_pts,co2/normalized/co2_points_normalized.csv,thermoml:422,core,medium outside the database's scope (D70)
serpa2017_co2,co2,co2_pts,co2/normalized/co2_points_normalized.csv,thermoml:423,core,medium outside the database's scope (D70)
serpa2017_co2,co2,co2_pts,co2/normalized/co2_points_normalized.csv,thermoml:424,core,medium outside the database's scope (D70)
serpa2017_co2,co2,co2_pts,co2/normalized/co2_points_normalized.csv,thermoml:425,core,medium outside the database's scope (D70)
serpa2017_co2,co2,co2_pts,co2/normalized/co2_points_normalized.csv,thermoml:426,core,medium outside the database's scope (D70)
serpa2017_co2,co2,co2_pts,co2/normalized/co2_points_normalized.csv,thermoml:427,core,medium outside the database's scope (D70)
serpa2017_co2,co2,co2_pts,co2/normalized/co2_points_normalized.csv,thermoml:428,core,medium outside the database's scope (D70)
serpa2017_co2,co2,co2_pts,co2/normalized/co2_points_normalized.csv,thermoml:429,core,medium outside the database's scope (D70)
serpa2017_co2,co2,co2_pts,co2/normalized/co2_points_normalized.csv,thermoml:430,core,medium outside the database's scope (D70)
serpa2017_co2,co2,co2_pts,co2/normalized/co2_points_normalized.csv,thermoml:431,core,medium outside the database's scope (D70)
serpa2017_co2,co2,co2_pts,co2/normalized/co2_points_normalized.csv,thermoml:432,core,medium outside the database's scope (D70)
serpa2017_co2,co2,co2_pts,co2/normalized/co2_points_normalized.csv,thermoml:433,core,medium outside the database's scope (D70)
serpa2017_co2,co2,co2_pts,co2/normalized/co2_points_normalized.csv,thermoml:434,core,medium outside the database's scope (D70)
serpa2017_co2,co2,co2_pts,co2/normalized/co2_points_normalized.csv,thermoml:435,core,medium outside the database's scope (D70)
serpa2017_co2,co2,co2_pts,co2/normalized/co2_points_normalized.csv,thermoml:436,core,medium outside the database's scope (D70)
serpa2017_co2,co2,co2_pts,co2/normalized/co2_points_normalized.csv,thermoml:437,core,medium outside the database's scope (D70)
serpa2017_co2,co2,co2_pts,co2/normalized/co2_points_normalized.csv,thermoml:438,core,medium outside the database's scope (D70)
serpa2017_co2,co2,co2_pts,co2/normalized/co2_points_normalized.csv,thermoml:439,core,medium outside the database's scope (D70)
serpa2017_co2,co2,co2_pts,co2/normalized/co2_points_normalized.csv,thermoml:440,core,medium outside the database's scope (D70)
serpa2017_co2,co2,co2_pts,co2/normalized/co2_points_normalized.csv,thermoml:441,core,medium outside the database's scope (D70)
serpa2017_co2,co2,co2_pts,co2/normalized/co2_points_normalized.csv,thermoml:442,core,medium outside the database's scope (D70)
serpa2017_co2,co2,co2_pts,co2/normalized/co2_points_normalized.csv,thermoml:443,core,medium outside the database's scope (D70)
serpa2017_co2,co2,co2_pts,co2/normalized/co2_points_normalized.csv,thermoml:444,core,medium outside the database's scope (D70)
serpa2017_co2,co2,co2_pts,co2/normalized/co2_points_normalized.csv,thermoml:445,core,medium outside the database's scope (D70)
serpa2017_co2,co2,co2_pts,co2/normalized/co2_points_normalized.csv,thermoml:446,core,medium outside the database's scope (D70)
findlayshen1912_h2,h2,h2_pts,h2/normalized/h2_points_normalized.csv,findlayshen1912.csv:13,core,medium outside the database's scope (D70)
findlayshen1912_h2,h2,h2_pts,h2/normalized/h2_points_normalized.csv,findlayshen1912.csv:14,core,medium outside the database's scope (D70)
findlayshen1912_h2,h2,h2_pts,h2/normalized/h2_points_normalized.csv,findlayshen1912.csv:15,core,medium outside the database's scope (D70)
findlayshen1912_h2,h2,h2_pts,h2/normalized/h2_points_normalized.csv,findlayshen1912.csv:16,core,medium outside the database's scope (D70)
findlayshen1912_h2,h2,h2_pts,h2/normalized/h2_points_normalized.csv,findlayshen1912.csv:17,core,medium outside the database's scope (D70)
findlayshen1912_h2,h2,h2_pts,h2/normalized/h2_points_normalized.csv,findlayshen1912.csv:18,core,medium outside the database's scope (D70)
findlayshen1912_h2,h2,h2_pts,h2/normalized/h2_points_normalized.csv,findlayshen1912.csv:19,core,medium outside the database's scope (D70)
findlayshen1912_h2,h2,h2_pts,h2/normalized/h2_points_normalized.csv,findlayshen1912.csv:20,core,medium outside the database's scope (D70)
findlayshen1912_h2,h2,h2_pts,h2/normalized/h2_points_normalized.csv,findlayshen1912.csv:21,core,medium outside the database's scope (D70)
findlayshen1912_h2,h2,h2_pts,h2/normalized/h2_points_normalized.csv,findlayshen1912.csv:22,core,medium outside the database's scope (D70)
findlayshen1912_h2,h2,h2_pts,h2/normalized/h2_points_normalized.csv,findlayshen1912.csv:23,core,medium outside the database's scope (D70)
findlayshen1912_h2,h2,h2_pts,h2/normalized/h2_points_normalized.csv,findlayshen1912.csv:24,core,medium outside the database's scope (D70)
findlayshen1912_h2,h2,h2_pts,h2/normalized/h2_points_normalized.csv,findlayshen1912.csv:25,core,medium outside the database's scope (D70)
findlayshen1912_h2,h2,h2_pts,h2/normalized/h2_points_normalized.csv,findlayshen1912.csv:26,core,medium outside the database's scope (D70)
findlayshen1912_h2,h2,h2_pts,h2/normalized/h2_points_normalized.csv,findlayshen1912.csv:27,core,medium outside the database's scope (D70)
findlayshen1912_h2,h2,h2_pts,h2/normalized/h2_points_normalized.csv,findlayshen1912.csv:28,core,medium outside the database's scope (D70)
findlayshen1912_h2,h2,h2_pts,h2/normalized/h2_points_normalized.csv,findlayshen1912.csv:29,core,medium outside the database's scope (D70)
findlayshen1912_h2,h2,h2_pts,h2/normalized/h2_points_normalized.csv,findlayshen1912.csv:30,core,medium outside the database's scope (D70)
findlayshen1912_h2,h2,h2_pts,h2/normalized/h2_points_normalized.csv,findlayshen1912.csv:31,core,medium outside the database's scope (D70)
findlayshen1912_h2,h2,h2_pts,h2/normalized/h2_points_normalized.csv,findlayshen1912.csv:32,core,medium outside the database's scope (D70)
findlayshen1912_h2,h2,h2_pts,h2/normalized/h2_points_normalized.csv,findlayshen1912.csv:33,core,medium outside the database's scope (D70)
findlayshen1912_h2,h2,h2_pts,h2/normalized/h2_points_normalized.csv,findlayshen1912.csv:34,core,medium outside the database's scope (D70)
findlayshen1912_h2,h2,h2_pts,h2/normalized/h2_points_normalized.csv,findlayshen1912.csv:35,core,medium outside the database's scope (D70)
findlayshen1912_h2,h2,h2_pts,h2/normalized/h2_points_normalized.csv,findlayshen1912.csv:36,core,medium outside the database's scope (D70)
findlayshen1912_h2,h2,h2_pts,h2/normalized/h2_points_normalized.csv,findlayshen1912.csv:37,core,medium outside the database's scope (D70)
findlayshen1912_h2,h2,h2_pts,h2/normalized/h2_points_normalized.csv,findlayshen1912.csv:38,core,medium outside the database's scope (D70)
findlayshen1912_h2,h2,h2_pts,h2/normalized/h2_points_normalized.csv,findlayshen1912.csv:39,core,medium outside the database's scope (D70)
findlayshen1912_h2,h2,h2_pts,h2/normalized/h2_points_normalized.csv,findlayshen1912.csv:40,core,medium outside the database's scope (D70)
findlayshen1912_h2,h2,h2_pts,h2/normalized/h2_points_normalized.csv,findlayshen1912.csv:41,core,medium outside the database's scope (D70)
findlayshen1912_h2,h2,h2_pts,h2/normalized/h2_points_normalized.csv,findlayshen1912.csv:42,core,medium outside the database's scope (D70)
findlayshen1912_h2,h2,h2_pts,h2/normalized/h2_points_normalized.csv,findlayshen1912.csv:43,core,medium outside the database's scope (D70)
findlayshen1912_h2,h2,h2_pts,h2/normalized/h2_points_normalized.csv,findlayshen1912.csv:44,core,medium outside the database's scope (D70)
geffcken1904_h2,h2,h2_pts,h2/normalized/h2_points_normalized.csv,sds56_salt.csv:262,core,medium outside the database's scope (D70)
geffcken1904_h2,h2,h2_pts,h2/normalized/h2_points_normalized.csv,sds56_salt.csv:263,core,medium outside the database's scope (D70)
geffcken1904_h2,h2,h2_pts,h2/normalized/h2_points_normalized.csv,sds56_salt.csv:264,core,medium outside the database's scope (D70)
geffcken1904_h2,h2,h2_pts,h2/normalized/h2_points_normalized.csv,sds56_salt.csv:265,core,medium outside the database's scope (D70)
geffcken1904_h2,h2,h2_pts,h2/normalized/h2_points_normalized.csv,sds56_salt.csv:266,core,medium outside the database's scope (D70)
geffcken1904_h2,h2,h2_pts,h2/normalized/h2_points_normalized.csv,sds56_salt.csv:267,core,medium outside the database's scope (D70)
geffcken1904_h2,h2,h2_pts,h2/normalized/h2_points_normalized.csv,sds56_salt.csv:268,core,medium outside the database's scope (D70)
geffcken1904_h2,h2,h2_pts,h2/normalized/h2_points_normalized.csv,sds56_salt.csv:269,core,medium outside the database's scope (D70)
geffcken1904_h2,h2,h2_pts,h2/normalized/h2_points_normalized.csv,sds56_salt.csv:270,core,medium outside the database's scope (D70)
geffcken1904_h2,h2,h2_pts,h2/normalized/h2_points_normalized.csv,sds56_salt.csv:271,core,medium outside the database's scope (D70)
geffcken1904_h2,h2,h2_pts,h2/normalized/h2_points_normalized.csv,sds56_salt.csv:272,core,medium outside the database's scope (D70)
geffcken1904_h2,h2,h2_pts,h2/normalized/h2_points_normalized.csv,sds56_salt.csv:273,core,medium outside the database's scope (D70)
geffcken1904_h2,h2,h2_pts,h2/normalized/h2_points_normalized.csv,sds56_salt.csv:274,core,medium outside the database's scope (D70)
geffcken1904_h2,h2,h2_pts,h2/normalized/h2_points_normalized.csv,sds56_salt.csv:275,core,medium outside the database's scope (D70)
geffcken1904_h2,h2,h2_pts,h2/normalized/h2_points_normalized.csv,sds56_salt.csv:276,core,medium outside the database's scope (D70)
geffcken1904_h2,h2,h2_pts,h2/normalized/h2_points_normalized.csv,sds56_salt.csv:277,core,medium outside the database's scope (D70)
geffcken1904_h2,h2,h2_pts,h2/normalized/h2_points_normalized.csv,sds56_salt.csv:278,core,medium outside the database's scope (D70)
geffcken1904_h2,h2,h2_pts,h2/normalized/h2_points_normalized.csv,sds56_salt.csv:279,core,medium outside the database's scope (D70)
geffcken1904_h2,h2,h2_pts,h2/normalized/h2_points_normalized.csv,sds56_salt.csv:280,core,medium outside the database's scope (D70)
geffcken1904_h2,h2,h2_pts,h2/normalized/h2_points_normalized.csv,sds56_salt.csv:281,core,medium outside the database's scope (D70)
christoff1906_h2,h2,h2_pts,h2/normalized/h2_points_normalized.csv,sds56_salt.csv:282,core,medium outside the database's scope (D70)
christoff1906_h2,h2,h2_pts,h2/normalized/h2_points_normalized.csv,sds56_salt.csv:283,core,medium outside the database's scope (D70)
christoff1906_h2,h2,h2_pts,h2/normalized/h2_points_normalized.csv,sds56_salt.csv:284,core,medium outside the database's scope (D70)
christoff1906_h2,h2,h2_pts,h2/normalized/h2_points_normalized.csv,sds56_salt.csv:285,core,medium outside the database's scope (D70)
bruhngerlachpawlek1965_h2,h2,h2_pts,h2/normalized/h2_points_normalized.csv,sds56_salt.csv:286,core,medium outside the database's scope (D70)
bruhngerlachpawlek1965_h2,h2,h2_pts,h2/normalized/h2_points_normalized.csv,sds56_salt.csv:287,core,medium outside the database's scope (D70)
bruhngerlachpawlek1965_h2,h2,h2_pts,h2/normalized/h2_points_normalized.csv,sds56_salt.csv:288,core,medium outside the database's scope (D70)
bruhngerlachpawlek1965_h2,h2,h2_pts,h2/normalized/h2_points_normalized.csv,sds56_salt.csv:289,core,medium outside the database's scope (D70)
bruhngerlachpawlek1965_h2,h2,h2_pts,h2/normalized/h2_points_normalized.csv,sds56_salt.csv:290,core,medium outside the database's scope (D70)
bruhngerlachpawlek1965_h2,h2,h2_pts,h2/normalized/h2_points_normalized.csv,sds56_salt.csv:291,core,medium outside the database's scope (D70)
bruhngerlachpawlek1965_h2,h2,h2_pts,h2/normalized/h2_points_normalized.csv,sds56_salt.csv:292,core,medium outside the database's scope (D70)
bruhngerlachpawlek1965_h2,h2,h2_pts,h2/normalized/h2_points_normalized.csv,sds56_salt.csv:293,core,medium outside the database's scope (D70)
bruhngerlachpawlek1965_h2,h2,h2_pts,h2/normalized/h2_points_normalized.csv,sds56_salt.csv:294,core,medium outside the database's scope (D70)
bruhngerlachpawlek1965_h2,h2,h2_pts,h2/normalized/h2_points_normalized.csv,sds56_salt.csv:295,core,medium outside the database's scope (D70)
bruhngerlachpawlek1965_h2,h2,h2_pts,h2/normalized/h2_points_normalized.csv,sds56_salt.csv:296,core,medium outside the database's scope (D70)
bruhngerlachpawlek1965_h2,h2,h2_pts,h2/normalized/h2_points_normalized.csv,sds56_salt.csv:297,core,medium outside the database's scope (D70)
bruhngerlachpawlek1965_h2,h2,h2_pts,h2/normalized/h2_points_normalized.csv,sds56_salt.csv:298,core,medium outside the database's scope (D70)
ruetschiamlie1966_h2,h2,h2_pts,h2/normalized/h2_points_normalized.csv,sds56_salt.csv:299,core,medium outside the database's scope (D70)
ruetschiamlie1966_h2,h2,h2_pts,h2/normalized/h2_points_normalized.csv,sds56_salt.csv:300,core,medium outside the database's scope (D70)
ruetschiamlie1966_h2,h2,h2_pts,h2/normalized/h2_points_normalized.csv,sds56_salt.csv:301,core,medium outside the database's scope (D70)
ruetschiamlie1966_h2,h2,h2_pts,h2/normalized/h2_points_normalized.csv,sds56_salt.csv:302,core,medium outside the database's scope (D70)
ruetschiamlie1966_h2,h2,h2_pts,h2/normalized/h2_points_normalized.csv,sds56_salt.csv:303,core,medium outside the database's scope (D70)
ruetschiamlie1966_h2,h2,h2_pts,h2/normalized/h2_points_normalized.csv,sds56_salt.csv:304,core,medium outside the database's scope (D70)
ruetschiamlie1966_h2,h2,h2_pts,h2/normalized/h2_points_normalized.csv,sds56_salt.csv:305,core,medium outside the database's scope (D70)
ruetschiamlie1966_h2,h2,h2_pts,h2/normalized/h2_points_normalized.csv,sds56_salt.csv:306,core,medium outside the database's scope (D70)
ruetschiamlie1966_h2,h2,h2_pts,h2/normalized/h2_points_normalized.csv,sds56_salt.csv:307,core,medium outside the database's scope (D70)
ruetschiamlie1966_h2,h2,h2_pts,h2/normalized/h2_points_normalized.csv,sds56_salt.csv:308,core,medium outside the database's scope (D70)
ruetschiamlie1966_h2,h2,h2_pts,h2/normalized/h2_points_normalized.csv,sds56_salt.csv:309,core,medium outside the database's scope (D70)
ruetschiamlie1966_h2,h2,h2_pts,h2/normalized/h2_points_normalized.csv,sds56_salt.csv:310,core,medium outside the database's scope (D70)
ruetschiamlie1966_h2,h2,h2_pts,h2/normalized/h2_points_normalized.csv,sds56_salt.csv:311,core,medium outside the database's scope (D70)
ruetschiamlie1966_h2,h2,h2_pts,h2/normalized/h2_points_normalized.csv,sds56_salt.csv:312,core,medium outside the database's scope (D70)
geffcken1904_h2,h2,h2_pts,h2/normalized/h2_points_normalized.csv,sds56_salt.csv:313,core,medium outside the database's scope (D70)
geffcken1904_h2,h2,h2_pts,h2/normalized/h2_points_normalized.csv,sds56_salt.csv:314,core,medium outside the database's scope (D70)
geffcken1904_h2,h2,h2_pts,h2/normalized/h2_points_normalized.csv,sds56_salt.csv:315,core,medium outside the database's scope (D70)
geffcken1904_h2,h2,h2_pts,h2/normalized/h2_points_normalized.csv,sds56_salt.csv:316,core,medium outside the database's scope (D70)
geffcken1904_h2,h2,h2_pts,h2/normalized/h2_points_normalized.csv,sds56_salt.csv:317,core,medium outside the database's scope (D70)
geffcken1904_h2,h2,h2_pts,h2/normalized/h2_points_normalized.csv,sds56_salt.csv:318,core,medium outside the database's scope (D70)
geffcken1904_h2,h2,h2_pts,h2/normalized/h2_points_normalized.csv,sds56_salt.csv:319,core,medium outside the database's scope (D70)
geffcken1904_h2,h2,h2_pts,h2/normalized/h2_points_normalized.csv,sds56_salt.csv:320,core,medium outside the database's scope (D70)
geffcken1904_h2,h2,h2_pts,h2/normalized/h2_points_normalized.csv,sds56_salt.csv:321,core,medium outside the database's scope (D70)
geffcken1904_h2,h2,h2_pts,h2/normalized/h2_points_normalized.csv,sds56_salt.csv:322,core,medium outside the database's scope (D70)
bruhngerlachpawlek1965_h2,h2,h2_pts,h2/normalized/h2_points_normalized.csv,sds56_salt.csv:323,core,medium outside the database's scope (D70)
bruhngerlachpawlek1965_h2,h2,h2_pts,h2/normalized/h2_points_normalized.csv,sds56_salt.csv:324,core,medium outside the database's scope (D70)
bruhngerlachpawlek1965_h2,h2,h2_pts,h2/normalized/h2_points_normalized.csv,sds56_salt.csv:325,core,medium outside the database's scope (D70)
bruhngerlachpawlek1965_h2,h2,h2_pts,h2/normalized/h2_points_normalized.csv,sds56_salt.csv:326,core,medium outside the database's scope (D70)
bruhngerlachpawlek1965_h2,h2,h2_pts,h2/normalized/h2_points_normalized.csv,sds56_salt.csv:327,core,medium outside the database's scope (D70)
bruhngerlachpawlek1965_h2,h2,h2_pts,h2/normalized/h2_points_normalized.csv,sds56_salt.csv:328,core,medium outside the database's scope (D70)
bruhngerlachpawlek1965_h2,h2,h2_pts,h2/normalized/h2_points_normalized.csv,sds56_salt.csv:329,core,medium outside the database's scope (D70)
bruhngerlachpawlek1965_h2,h2,h2_pts,h2/normalized/h2_points_normalized.csv,sds56_salt.csv:330,core,medium outside the database's scope (D70)
bruhngerlachpawlek1965_h2,h2,h2_pts,h2/normalized/h2_points_normalized.csv,sds56_salt.csv:331,core,medium outside the database's scope (D70)
bruhngerlachpawlek1965_h2,h2,h2_pts,h2/normalized/h2_points_normalized.csv,sds56_salt.csv:332,core,medium outside the database's scope (D70)
bruhngerlachpawlek1965_h2,h2,h2_pts,h2/normalized/h2_points_normalized.csv,sds56_salt.csv:333,core,medium outside the database's scope (D70)
bruhngerlachpawlek1965_h2,h2,h2_pts,h2/normalized/h2_points_normalized.csv,sds56_salt.csv:334,core,medium outside the database's scope (D70)
bruhngerlachpawlek1965_h2,h2,h2_pts,h2/normalized/h2_points_normalized.csv,sds56_salt.csv:335,core,medium outside the database's scope (D70)
bruhngerlachpawlek1965_h2,h2,h2_pts,h2/normalized/h2_points_normalized.csv,sds56_salt.csv:336,core,medium outside the database's scope (D70)
bruhngerlachpawlek1965_h2,h2,h2_pts,h2/normalized/h2_points_normalized.csv,sds56_salt.csv:337,core,medium outside the database's scope (D70)
shkolnikova1959_h2,h2,h2_pts,h2/normalized/h2_points_normalized.csv,sds56_salt.csv:430,core,medium outside the database's scope (D70)
shkolnikova1959_h2,h2,h2_pts,h2/normalized/h2_points_normalized.csv,sds56_salt.csv:431,core,medium outside the database's scope (D70)
shkolnikova1959_h2,h2,h2_pts,h2/normalized/h2_points_normalized.csv,sds56_salt.csv:432,core,medium outside the database's scope (D70)
shkolnikova1959_h2,h2,h2_pts,h2/normalized/h2_points_normalized.csv,sds56_salt.csv:433,core,medium outside the database's scope (D70)
shkolnikova1959_h2,h2,h2_pts,h2/normalized/h2_points_normalized.csv,sds56_salt.csv:434,core,medium outside the database's scope (D70)
shkolnikova1959_h2,h2,h2_pts,h2/normalized/h2_points_normalized.csv,sds56_salt.csv:435,core,medium outside the database's scope (D70)
shkolnikova1959_h2,h2,h2_pts,h2/normalized/h2_points_normalized.csv,sds56_salt.csv:436,core,medium outside the database's scope (D70)
shkolnikova1959_h2,h2,h2_pts,h2/normalized/h2_points_normalized.csv,sds56_salt.csv:437,core,medium outside the database's scope (D70)
shkolnikova1959_h2,h2,h2_pts,h2/normalized/h2_points_normalized.csv,sds56_salt.csv:438,core,medium outside the database's scope (D70)
shkolnikova1959_h2,h2,h2_pts,h2/normalized/h2_points_normalized.csv,sds56_salt.csv:487,core,medium outside the database's scope (D70)
shkolnikova1959_h2,h2,h2_pts,h2/normalized/h2_points_normalized.csv,sds56_salt.csv:488,core,medium outside the database's scope (D70)
shkolnikova1959_h2,h2,h2_pts,h2/normalized/h2_points_normalized.csv,sds56_salt.csv:489,core,medium outside the database's scope (D70)
shkolnikova1959_h2,h2,h2_pts,h2/normalized/h2_points_normalized.csv,sds56_salt.csv:490,core,medium outside the database's scope (D70)
shkolnikova1959_h2,h2,h2_pts,h2/normalized/h2_points_normalized.csv,sds56_salt.csv:491,core,medium outside the database's scope (D70)
shkolnikova1959_h2,h2,h2_pts,h2/normalized/h2_points_normalized.csv,sds56_salt.csv:492,core,medium outside the database's scope (D70)
stephanhatfieldpeoplespray1956_h2,h2,h2_pts,h2/normalized/h2_points_normalized.csv,sds56_salt.csv:502,core,medium outside the database's scope (D70)
stephanhatfieldpeoplespray1956_h2,h2,h2_pts,h2/normalized/h2_points_normalized.csv,sds56_salt.csv:503,core,medium outside the database's scope (D70)
stephanhatfieldpeoplespray1956_h2,h2,h2_pts,h2/normalized/h2_points_normalized.csv,sds56_salt.csv:504,core,medium outside the database's scope (D70)
stephanhatfieldpeoplespray1956_h2,h2,h2_pts,h2/normalized/h2_points_normalized.csv,sds56_salt.csv:505,core,medium outside the database's scope (D70)
stephanhatfieldpeoplespray1956_h2,h2,h2_pts,h2/normalized/h2_points_normalized.csv,sds56_salt.csv:506,core,medium outside the database's scope (D70)
stephanhatfieldpeoplespray1956_h2,h2,h2_pts,h2/normalized/h2_points_normalized.csv,sds56_salt.csv:507,core,medium outside the database's scope (D70)
stephanhatfieldpeoplespray1956_h2,h2,h2_pts,h2/normalized/h2_points_normalized.csv,sds56_salt.csv:508,core,medium outside the database's scope (D70)
stephanhatfieldpeoplespray1956_h2,h2,h2_pts,h2/normalized/h2_points_normalized.csv,sds56_salt.csv:509,core,medium outside the database's scope (D70)
stephanhatfieldpeoplespray1956_h2,h2,h2_pts,h2/normalized/h2_points_normalized.csv,sds56_salt.csv:510,core,medium outside the database's scope (D70)
stephanhatfieldpeoplespray1956_h2,h2,h2_pts,h2/normalized/h2_points_normalized.csv,sds56_salt.csv:511,core,medium outside the database's scope (D70)
stephanhatfieldpeoplespray1956_h2,h2,h2_pts,h2/normalized/h2_points_normalized.csv,sds56_salt.csv:512,core,medium outside the database's scope (D70)
stephanhatfieldpeoplespray1956_h2,h2,h2_pts,h2/normalized/h2_points_normalized.csv,sds56_salt.csv:513,core,medium outside the database's scope (D70)
stephanhatfieldpeoplespray1956_h2,h2,h2_pts,h2/normalized/h2_points_normalized.csv,sds56_salt.csv:514,core,medium outside the database's scope (D70)
stephanhatfieldpeoplespray1956_h2,h2,h2_pts,h2/normalized/h2_points_normalized.csv,sds56_salt.csv:515,core,medium outside the database's scope (D70)
stephanhatfieldpeoplespray1956_h2,h2,h2_pts,h2/normalized/h2_points_normalized.csv,sds56_salt.csv:516,core,medium outside the database's scope (D70)
stephanhatfieldpeoplespray1956_h2,h2,h2_pts,h2/normalized/h2_points_normalized.csv,sds56_salt.csv:517,core,medium outside the database's scope (D70)
stephanhatfieldpeoplespray1956_h2,h2,h2_pts,h2/normalized/h2_points_normalized.csv,sds56_salt.csv:518,core,medium outside the database's scope (D70)
stephanhatfieldpeoplespray1956_h2,h2,h2_pts,h2/normalized/h2_points_normalized.csv,sds56_salt.csv:519,core,medium outside the database's scope (D70)
stephanhatfieldpeoplespray1956_h2,h2,h2_pts,h2/normalized/h2_points_normalized.csv,sds56_salt.csv:520,core,medium outside the database's scope (D70)
stephanhatfieldpeoplespray1956_h2,h2,h2_pts,h2/normalized/h2_points_normalized.csv,sds56_salt.csv:521,core,medium outside the database's scope (D70)
stephanhatfieldpeoplespray1956_h2,h2,h2_pts,h2/normalized/h2_points_normalized.csv,sds56_salt.csv:522,core,medium outside the database's scope (D70)
stephanhatfieldpeoplespray1956_h2,h2,h2_pts,h2/normalized/h2_points_normalized.csv,sds56_salt.csv:523,core,medium outside the database's scope (D70)
stephanhatfieldpeoplespray1956_h2,h2,h2_pts,h2/normalized/h2_points_normalized.csv,sds56_salt.csv:524,core,medium outside the database's scope (D70)
stephanhatfieldpeoplespray1956_h2,h2,h2_pts,h2/normalized/h2_points_normalized.csv,sds56_salt.csv:525,core,medium outside the database's scope (D70)
stephanhatfieldpeoplespray1956_h2,h2,h2_pts,h2/normalized/h2_points_normalized.csv,sds56_salt.csv:526,core,medium outside the database's scope (D70)
stephanhatfieldpeoplespray1956_h2,h2,h2_pts,h2/normalized/h2_points_normalized.csv,sds56_salt.csv:527,core,medium outside the database's scope (D70)
stephanhatfieldpeoplespray1956_h2,h2,h2_pts,h2/normalized/h2_points_normalized.csv,sds56_salt.csv:528,core,medium outside the database's scope (D70)
stephanhatfieldpeoplespray1956_h2,h2,h2_pts,h2/normalized/h2_points_normalized.csv,sds56_salt.csv:529,core,medium outside the database's scope (D70)
stephanhatfieldpeoplespray1956_h2,h2,h2_pts,h2/normalized/h2_points_normalized.csv,sds56_salt.csv:530,core,medium outside the database's scope (D70)
stephanhatfieldpeoplespray1956_h2,h2,h2_pts,h2/normalized/h2_points_normalized.csv,sds56_salt.csv:531,core,medium outside the database's scope (D70)
stephanhatfieldpeoplespray1956_h2,h2,h2_pts,h2/normalized/h2_points_normalized.csv,sds56_salt.csv:532,core,medium outside the database's scope (D70)
stephanhatfieldpeoplespray1956_h2,h2,h2_pts,h2/normalized/h2_points_normalized.csv,sds56_salt.csv:533,core,medium outside the database's scope (D70)
stephanhatfieldpeoplespray1956_h2,h2,h2_pts,h2/normalized/h2_points_normalized.csv,sds56_salt.csv:534,core,medium outside the database's scope (D70)
stephanhatfieldpeoplespray1956_h2,h2,h2_pts,h2/normalized/h2_points_normalized.csv,sds56_salt.csv:535,core,medium outside the database's scope (D70)
stephanhatfieldpeoplespray1956_h2,h2,h2_pts,h2/normalized/h2_points_normalized.csv,sds56_salt.csv:536,core,medium outside the database's scope (D70)
stephanhatfieldpeoplespray1956_h2,h2,h2_pts,h2/normalized/h2_points_normalized.csv,sds56_salt.csv:537,core,medium outside the database's scope (D70)
stephanhatfieldpeoplespray1956_h2,h2,h2_pts,h2/normalized/h2_points_normalized.csv,sds56_salt.csv:538,core,medium outside the database's scope (D70)
stephanhatfieldpeoplespray1956_h2,h2,h2_pts,h2/normalized/h2_points_normalized.csv,sds56_salt.csv:539,core,medium outside the database's scope (D70)
stephanhatfieldpeoplespray1956_h2,h2,h2_pts,h2/normalized/h2_points_normalized.csv,sds56_salt.csv:540,core,medium outside the database's scope (D70)
stephanhatfieldpeoplespray1956_h2,h2,h2_pts,h2/normalized/h2_points_normalized.csv,sds56_salt.csv:541,core,medium outside the database's scope (D70)
stephanhatfieldpeoplespray1956_h2,h2,h2_pts,h2/normalized/h2_points_normalized.csv,sds56_salt.csv:542,core,medium outside the database's scope (D70)
stephanhatfieldpeoplespray1956_h2,h2,h2_pts,h2/normalized/h2_points_normalized.csv,sds56_salt.csv:543,core,medium outside the database's scope (D70)
stephanhatfieldpeoplespray1956_h2,h2,h2_pts,h2/normalized/h2_points_normalized.csv,sds56_salt.csv:544,core,medium outside the database's scope (D70)
stephanhatfieldpeoplespray1956_h2,h2,h2_pts,h2/normalized/h2_points_normalized.csv,sds56_salt.csv:545,core,medium outside the database's scope (D70)
stephanhatfieldpeoplespray1956_h2,h2,h2_pts,h2/normalized/h2_points_normalized.csv,sds56_salt.csv:546,core,medium outside the database's scope (D70)
stephanhatfieldpeoplespray1956_h2,h2,h2_pts,h2/normalized/h2_points_normalized.csv,sds56_salt.csv:547,core,medium outside the database's scope (D70)
stephanhatfieldpeoplespray1956_h2,h2,h2_pts,h2/normalized/h2_points_normalized.csv,sds56_salt.csv:548,core,medium outside the database's scope (D70)
stephanhatfieldpeoplespray1956_h2,h2,h2_pts,h2/normalized/h2_points_normalized.csv,sds56_salt.csv:549,core,medium outside the database's scope (D70)
stephanhatfieldpeoplespray1956_h2,h2,h2_pts,h2/normalized/h2_points_normalized.csv,sds56_salt.csv:550,core,medium outside the database's scope (D70)
stephanhatfieldpeoplespray1956_h2,h2,h2_pts,h2/normalized/h2_points_normalized.csv,sds56_salt.csv:551,core,medium outside the database's scope (D70)
stephanhatfieldpeoplespray1956_h2,h2,h2_pts,h2/normalized/h2_points_normalized.csv,sds56_salt.csv:552,core,medium outside the database's scope (D70)
stephanhatfieldpeoplespray1956_h2,h2,h2_pts,h2/normalized/h2_points_normalized.csv,sds56_salt.csv:553,core,medium outside the database's scope (D70)
stephanhatfieldpeoplespray1956_h2,h2,h2_pts,h2/normalized/h2_points_normalized.csv,sds56_salt.csv:554,core,medium outside the database's scope (D70)
stephanhatfieldpeoplespray1956_h2,h2,h2_pts,h2/normalized/h2_points_normalized.csv,sds56_salt.csv:555,core,medium outside the database's scope (D70)
stephanhatfieldpeoplespray1956_h2,h2,h2_pts,h2/normalized/h2_points_normalized.csv,sds56_salt.csv:556,core,medium outside the database's scope (D70)
stephanhatfieldpeoplespray1956_h2,h2,h2_pts,h2/normalized/h2_points_normalized.csv,sds56_salt.csv:557,core,medium outside the database's scope (D70)
stephanhatfieldpeoplespray1956_h2,h2,h2_pts,h2/normalized/h2_points_normalized.csv,sds56_salt.csv:558,core,medium outside the database's scope (D70)
stephanhatfieldpeoplespray1956_h2,h2,h2_pts,h2/normalized/h2_points_normalized.csv,sds56_salt.csv:559,core,medium outside the database's scope (D70)
stephanhatfieldpeoplespray1956_h2,h2,h2_pts,h2/normalized/h2_points_normalized.csv,sds56_salt.csv:560,core,medium outside the database's scope (D70)
stephanhatfieldpeoplespray1956_h2,h2,h2_pts,h2/normalized/h2_points_normalized.csv,sds56_salt.csv:561,core,medium outside the database's scope (D70)
stephanhatfieldpeoplespray1956_h2,h2,h2_pts,h2/normalized/h2_points_normalized.csv,sds56_salt.csv:562,core,medium outside the database's scope (D70)
stephanhatfieldpeoplespray1956_h2,h2,h2_pts,h2/normalized/h2_points_normalized.csv,sds56_salt.csv:563,core,medium outside the database's scope (D70)
stephanhatfieldpeoplespray1956_h2,h2,h2_pts,h2/normalized/h2_points_normalized.csv,sds56_salt.csv:564,core,medium outside the database's scope (D70)
stephanhatfieldpeoplespray1956_h2,h2,h2_pts,h2/normalized/h2_points_normalized.csv,sds56_salt.csv:565,core,medium outside the database's scope (D70)
stephanhatfieldpeoplespray1956_h2,h2,h2_pts,h2/normalized/h2_points_normalized.csv,sds56_salt.csv:566,core,medium outside the database's scope (D70)
stephanhatfieldpeoplespray1956_h2,h2,h2_pts,h2/normalized/h2_points_normalized.csv,sds56_salt.csv:567,core,medium outside the database's scope (D70)
stephanhatfieldpeoplespray1956_h2,h2,h2_pts,h2/normalized/h2_points_normalized.csv,sds56_salt.csv:568,core,medium outside the database's scope (D70)
stephanhatfieldpeoplespray1956_h2,h2,h2_pts,h2/normalized/h2_points_normalized.csv,sds56_salt.csv:569,core,medium outside the database's scope (D70)
stephanhatfieldpeoplespray1956_h2,h2,h2_pts,h2/normalized/h2_points_normalized.csv,sds56_salt.csv:570,core,medium outside the database's scope (D70)
stephanhatfieldpeoplespray1956_h2,h2,h2_pts,h2/normalized/h2_points_normalized.csv,sds56_salt.csv:571,core,medium outside the database's scope (D70)
stephanhatfieldpeoplespray1956_h2,h2,h2_pts,h2/normalized/h2_points_normalized.csv,sds56_salt.csv:572,core,medium outside the database's scope (D70)
stephanhatfieldpeoplespray1956_h2,h2,h2_pts,h2/normalized/h2_points_normalized.csv,sds56_salt.csv:573,core,medium outside the database's scope (D70)
stephanhatfieldpeoplespray1956_h2,h2,h2_pts,h2/normalized/h2_points_normalized.csv,sds56_salt.csv:574,core,medium outside the database's scope (D70)
stephanhatfieldpeoplespray1956_h2,h2,h2_pts,h2/normalized/h2_points_normalized.csv,sds56_salt.csv:575,core,medium outside the database's scope (D70)
stephanhatfieldpeoplespray1956_h2,h2,h2_pts,h2/normalized/h2_points_normalized.csv,sds56_salt.csv:576,core,medium outside the database's scope (D70)
stephanhatfieldpeoplespray1956_h2,h2,h2_pts,h2/normalized/h2_points_normalized.csv,sds56_salt.csv:577,core,medium outside the database's scope (D70)
stephanhatfieldpeoplespray1956_h2,h2,h2_pts,h2/normalized/h2_points_normalized.csv,sds56_salt.csv:578,core,medium outside the database's scope (D70)
stephanhatfieldpeoplespray1956_h2,h2,h2_pts,h2/normalized/h2_points_normalized.csv,sds56_salt.csv:579,core,medium outside the database's scope (D70)
stephanhatfieldpeoplespray1956_h2,h2,h2_pts,h2/normalized/h2_points_normalized.csv,sds56_salt.csv:580,core,medium outside the database's scope (D70)
stephanhatfieldpeoplespray1956_h2,h2,h2_pts,h2/normalized/h2_points_normalized.csv,sds56_salt.csv:581,core,medium outside the database's scope (D70)
stephanhatfieldpeoplespray1956_h2,h2,h2_pts,h2/normalized/h2_points_normalized.csv,sds56_salt.csv:582,core,medium outside the database's scope (D70)
stephanhatfieldpeoplespray1956_h2,h2,h2_pts,h2/normalized/h2_points_normalized.csv,sds56_salt.csv:583,core,medium outside the database's scope (D70)
stephanhatfieldpeoplespray1956_h2,h2,h2_pts,h2/normalized/h2_points_normalized.csv,sds56_salt.csv:584,core,medium outside the database's scope (D70)
stephanhatfieldpeoplespray1956_h2,h2,h2_pts,h2/normalized/h2_points_normalized.csv,sds56_salt.csv:585,core,medium outside the database's scope (D70)
stephanhatfieldpeoplespray1956_h2,h2,h2_pts,h2/normalized/h2_points_normalized.csv,sds56_salt.csv:586,core,medium outside the database's scope (D70)
stephanhatfieldpeoplespray1956_h2,h2,h2_pts,h2/normalized/h2_points_normalized.csv,sds56_salt.csv:587,core,medium outside the database's scope (D70)
stephanhatfieldpeoplespray1956_h2,h2,h2_pts,h2/normalized/h2_points_normalized.csv,sds56_salt.csv:588,core,medium outside the database's scope (D70)
stephanhatfieldpeoplespray1956_h2,h2,h2_pts,h2/normalized/h2_points_normalized.csv,sds56_salt.csv:589,core,medium outside the database's scope (D70)
stephanhatfieldpeoplespray1956_h2,h2,h2_pts,h2/normalized/h2_points_normalized.csv,sds56_salt.csv:590,core,medium outside the database's scope (D70)
stephanhatfieldpeoplespray1956_h2,h2,h2_pts,h2/normalized/h2_points_normalized.csv,sds56_salt.csv:591,core,medium outside the database's scope (D70)
stephanhatfieldpeoplespray1956_h2,h2,h2_pts,h2/normalized/h2_points_normalized.csv,sds56_salt.csv:592,core,medium outside the database's scope (D70)
stephanhatfieldpeoplespray1956_h2,h2,h2_pts,h2/normalized/h2_points_normalized.csv,sds56_salt.csv:593,core,medium outside the database's scope (D70)
stephanhatfieldpeoplespray1956_h2,h2,h2_pts,h2/normalized/h2_points_normalized.csv,sds56_salt.csv:594,core,medium outside the database's scope (D70)
stephanhatfieldpeoplespray1956_h2,h2,h2_pts,h2/normalized/h2_points_normalized.csv,sds56_salt.csv:595,core,medium outside the database's scope (D70)
stephanhatfieldpeoplespray1956_h2,h2,h2_pts,h2/normalized/h2_points_normalized.csv,sds56_salt.csv:596,core,medium outside the database's scope (D70)
stephanhatfieldpeoplespray1956_h2,h2,h2_pts,h2/normalized/h2_points_normalized.csv,sds56_salt.csv:597,core,medium outside the database's scope (D70)
stephanhatfieldpeoplespray1956_h2,h2,h2_pts,h2/normalized/h2_points_normalized.csv,sds56_salt.csv:598,core,medium outside the database's scope (D70)
stephanhatfieldpeoplespray1956_h2,h2,h2_pts,h2/normalized/h2_points_normalized.csv,sds56_salt.csv:599,core,medium outside the database's scope (D70)
stephanhatfieldpeoplespray1956_h2,h2,h2_pts,h2/normalized/h2_points_normalized.csv,sds56_salt.csv:600,core,medium outside the database's scope (D70)
stephanhatfieldpeoplespray1956_h2,h2,h2_pts,h2/normalized/h2_points_normalized.csv,sds56_salt.csv:601,core,medium outside the database's scope (D70)
stephanhatfieldpeoplespray1956_h2,h2,h2_pts,h2/normalized/h2_points_normalized.csv,sds56_salt.csv:602,core,medium outside the database's scope (D70)
stephanhatfieldpeoplespray1956_h2,h2,h2_pts,h2/normalized/h2_points_normalized.csv,sds56_salt.csv:603,core,medium outside the database's scope (D70)
stephanhatfieldpeoplespray1956_h2,h2,h2_pts,h2/normalized/h2_points_normalized.csv,sds56_salt.csv:604,core,medium outside the database's scope (D70)
stephanhatfieldpeoplespray1956_h2,h2,h2_pts,h2/normalized/h2_points_normalized.csv,sds56_salt.csv:605,core,medium outside the database's scope (D70)
stephanhatfieldpeoplespray1956_h2,h2,h2_pts,h2/normalized/h2_points_normalized.csv,sds56_salt.csv:606,core,medium outside the database's scope (D70)
stephanhatfieldpeoplespray1956_h2,h2,h2_pts,h2/normalized/h2_points_normalized.csv,sds56_salt.csv:607,core,medium outside the database's scope (D70)
stephanhatfieldpeoplespray1956_h2,h2,h2_pts,h2/normalized/h2_points_normalized.csv,sds56_salt.csv:608,core,medium outside the database's scope (D70)
stephanhatfieldpeoplespray1956_h2,h2,h2_pts,h2/normalized/h2_points_normalized.csv,sds56_salt.csv:609,core,medium outside the database's scope (D70)
stephanhatfieldpeoplespray1956_h2,h2,h2_pts,h2/normalized/h2_points_normalized.csv,sds56_salt.csv:610,core,medium outside the database's scope (D70)
stephanhatfieldpeoplespray1956_h2,h2,h2_pts,h2/normalized/h2_points_normalized.csv,sds56_salt.csv:611,core,medium outside the database's scope (D70)
stephanhatfieldpeoplespray1956_h2,h2,h2_pts,h2/normalized/h2_points_normalized.csv,sds56_salt.csv:612,core,medium outside the database's scope (D70)
stephanhatfieldpeoplespray1956_h2,h2,h2_pts,h2/normalized/h2_points_normalized.csv,sds56_salt.csv:613,core,medium outside the database's scope (D70)
stephanhatfieldpeoplespray1956_h2,h2,h2_pts,h2/normalized/h2_points_normalized.csv,sds56_salt.csv:614,core,medium outside the database's scope (D70)
stephanhatfieldpeoplespray1956_h2,h2,h2_pts,h2/normalized/h2_points_normalized.csv,sds56_salt.csv:615,core,medium outside the database's scope (D70)
stephanhatfieldpeoplespray1956_h2,h2,h2_pts,h2/normalized/h2_points_normalized.csv,sds56_salt.csv:616,core,medium outside the database's scope (D70)
stephanhatfieldpeoplespray1956_h2,h2,h2_pts,h2/normalized/h2_points_normalized.csv,sds56_salt.csv:617,core,medium outside the database's scope (D70)
stephanhatfieldpeoplespray1956_h2,h2,h2_pts,h2/normalized/h2_points_normalized.csv,sds56_salt.csv:618,core,medium outside the database's scope (D70)
stephanhatfieldpeoplespray1956_h2,h2,h2_pts,h2/normalized/h2_points_normalized.csv,sds56_salt.csv:619,core,medium outside the database's scope (D70)
stephanhatfieldpeoplespray1956_h2,h2,h2_pts,h2/normalized/h2_points_normalized.csv,sds56_salt.csv:620,core,medium outside the database's scope (D70)
stephanhatfieldpeoplespray1956_h2,h2,h2_pts,h2/normalized/h2_points_normalized.csv,sds56_salt.csv:621,core,medium outside the database's scope (D70)
stephanhatfieldpeoplespray1956_h2,h2,h2_pts,h2/normalized/h2_points_normalized.csv,sds56_salt.csv:622,core,medium outside the database's scope (D70)
stephanhatfieldpeoplespray1956_h2,h2,h2_pts,h2/normalized/h2_points_normalized.csv,sds56_salt.csv:623,core,medium outside the database's scope (D70)
stephanhatfieldpeoplespray1956_h2,h2,h2_pts,h2/normalized/h2_points_normalized.csv,sds56_salt.csv:624,core,medium outside the database's scope (D70)
stephanhatfieldpeoplespray1956_h2,h2,h2_pts,h2/normalized/h2_points_normalized.csv,sds56_salt.csv:625,core,medium outside the database's scope (D70)
stephanhatfieldpeoplespray1956_h2,h2,h2_pts,h2/normalized/h2_points_normalized.csv,sds56_salt.csv:626,core,medium outside the database's scope (D70)
stephanhatfieldpeoplespray1956_h2,h2,h2_pts,h2/normalized/h2_points_normalized.csv,sds56_salt.csv:627,core,medium outside the database's scope (D70)
stephanhatfieldpeoplespray1956_h2,h2,h2_pts,h2/normalized/h2_points_normalized.csv,sds56_salt.csv:628,core,medium outside the database's scope (D70)
stephanhatfieldpeoplespray1956_h2,h2,h2_pts,h2/normalized/h2_points_normalized.csv,sds56_salt.csv:629,core,medium outside the database's scope (D70)
stephanhatfieldpeoplespray1956_h2,h2,h2_pts,h2/normalized/h2_points_normalized.csv,sds56_salt.csv:630,core,medium outside the database's scope (D70)
geffcken1904_h2,h2,h2_pts,h2/normalized/h2_points_normalized.csv,sds56_salt.csv:680,core,medium outside the database's scope (D70)
geffcken1904_h2,h2,h2_pts,h2/normalized/h2_points_normalized.csv,sds56_salt.csv:681,core,medium outside the database's scope (D70)
geffcken1904_h2,h2,h2_pts,h2/normalized/h2_points_normalized.csv,sds56_salt.csv:682,core,medium outside the database's scope (D70)
geffcken1904_h2,h2,h2_pts,h2/normalized/h2_points_normalized.csv,sds56_salt.csv:683,core,medium outside the database's scope (D70)
geffcken1904_h2,h2,h2_pts,h2/normalized/h2_points_normalized.csv,sds56_salt.csv:684,core,medium outside the database's scope (D70)
geffcken1904_h2,h2,h2_pts,h2/normalized/h2_points_normalized.csv,sds56_salt.csv:685,core,medium outside the database's scope (D70)
geffcken1904_h2,h2,h2_pts,h2/normalized/h2_points_normalized.csv,sds56_salt.csv:686,core,medium outside the database's scope (D70)
geffcken1904_h2,h2,h2_pts,h2/normalized/h2_points_normalized.csv,sds56_salt.csv:687,core,medium outside the database's scope (D70)
geffcken1904_h2,h2,h2_pts,h2/normalized/h2_points_normalized.csv,sds56_salt.csv:688,core,medium outside the database's scope (D70)
geffcken1904_h2,h2,h2_pts,h2/normalized/h2_points_normalized.csv,sds56_salt.csv:689,core,medium outside the database's scope (D70)
bruhngerlachpawlek1965_h2,h2,h2_pts,h2/normalized/h2_points_normalized.csv,sds56_salt.csv:690,core,medium outside the database's scope (D70)
bruhngerlachpawlek1965_h2,h2,h2_pts,h2/normalized/h2_points_normalized.csv,sds56_salt.csv:691,core,medium outside the database's scope (D70)
bruhngerlachpawlek1965_h2,h2,h2_pts,h2/normalized/h2_points_normalized.csv,sds56_salt.csv:692,core,medium outside the database's scope (D70)
bruhngerlachpawlek1965_h2,h2,h2_pts,h2/normalized/h2_points_normalized.csv,sds56_salt.csv:693,core,medium outside the database's scope (D70)
bruhngerlachpawlek1965_h2,h2,h2_pts,h2/normalized/h2_points_normalized.csv,sds56_salt.csv:694,core,medium outside the database's scope (D70)
bruhngerlachpawlek1965_h2,h2,h2_pts,h2/normalized/h2_points_normalized.csv,sds56_salt.csv:695,core,medium outside the database's scope (D70)
bruhngerlachpawlek1965_h2,h2,h2_pts,h2/normalized/h2_points_normalized.csv,sds56_salt.csv:696,core,medium outside the database's scope (D70)
bruhngerlachpawlek1965_h2,h2,h2_pts,h2/normalized/h2_points_normalized.csv,sds56_salt.csv:697,core,medium outside the database's scope (D70)
bruhngerlachpawlek1965_h2,h2,h2_pts,h2/normalized/h2_points_normalized.csv,sds56_salt.csv:698,core,medium outside the database's scope (D70)
bruhngerlachpawlek1965_h2,h2,h2_pts,h2/normalized/h2_points_normalized.csv,sds56_salt.csv:699,core,medium outside the database's scope (D70)
bruhngerlachpawlek1965_h2,h2,h2_pts,h2/normalized/h2_points_normalized.csv,sds56_salt.csv:700,core,medium outside the database's scope (D70)
bruhngerlachpawlek1965_h2,h2,h2_pts,h2/normalized/h2_points_normalized.csv,sds56_salt.csv:701,core,medium outside the database's scope (D70)
bruhngerlachpawlek1965_h2,h2,h2_pts,h2/normalized/h2_points_normalized.csv,sds56_salt.csv:702,core,medium outside the database's scope (D70)
bruhngerlachpawlek1965_h2,h2,h2_pts,h2/normalized/h2_points_normalized.csv,sds56_salt.csv:703,core,medium outside the database's scope (D70)
bruhngerlachpawlek1965_h2,h2,h2_pts,h2/normalized/h2_points_normalized.csv,sds56_salt.csv:704,core,medium outside the database's scope (D70)
kobekenton1938_h2,h2,h2_pts,h2/normalized/h2_points_normalized.csv,sds56_salt.csv:771,core,medium outside the database's scope (D70)
kobekenton1938_h2,h2,h2_pts,h2/normalized/h2_points_normalized.csv,sds56_salt.csv:772,core,medium outside the database's scope (D70)
longodelivoriapapadopoulos1970_h2,h2,h2_pts,h2/normalized/h2_points_normalized.csv,sds56_salt.csv:773,core,medium outside the database's scope (D70)
geffcken1904_h2,h2,h2_pts,h2/normalized/h2_points_normalized.csv,sds56_salt.csv:791,core,medium outside the database's scope (D70)
geffcken1904_h2,h2,h2_pts,h2/normalized/h2_points_normalized.csv,sds56_salt.csv:792,core,medium outside the database's scope (D70)
geffcken1904_h2,h2,h2_pts,h2/normalized/h2_points_normalized.csv,sds56_salt.csv:793,core,medium outside the database's scope (D70)
geffcken1904_h2,h2,h2_pts,h2/normalized/h2_points_normalized.csv,sds56_salt.csv:794,core,medium outside the database's scope (D70)
geffcken1904_h2,h2,h2_pts,h2/normalized/h2_points_normalized.csv,sds56_salt.csv:795,core,medium outside the database's scope (D70)
bruhngerlachpawlek1965_h2,h2,h2_pts,h2/normalized/h2_points_normalized.csv,sds56_salt.csv:796,core,medium outside the database's scope (D70)
bruhngerlachpawlek1965_h2,h2,h2_pts,h2/normalized/h2_points_normalized.csv,sds56_salt.csv:797,core,medium outside the database's scope (D70)
bruhngerlachpawlek1965_h2,h2,h2_pts,h2/normalized/h2_points_normalized.csv,sds56_salt.csv:798,core,medium outside the database's scope (D70)
bruhngerlachpawlek1965_h2,h2,h2_pts,h2/normalized/h2_points_normalized.csv,sds56_salt.csv:799,core,medium outside the database's scope (D70)
bruhngerlachpawlek1965_h2,h2,h2_pts,h2/normalized/h2_points_normalized.csv,sds56_salt.csv:800,core,medium outside the database's scope (D70)
bruhngerlachpawlek1965_h2,h2,h2_pts,h2/normalized/h2_points_normalized.csv,sds56_salt.csv:801,core,medium outside the database's scope (D70)
bruhngerlachpawlek1965_h2,h2,h2_pts,h2/normalized/h2_points_normalized.csv,sds56_salt.csv:802,core,medium outside the database's scope (D70)
bruhngerlachpawlek1965_h2,h2,h2_pts,h2/normalized/h2_points_normalized.csv,sds56_salt.csv:803,core,medium outside the database's scope (D70)
bruhngerlachpawlek1965_h2,h2,h2_pts,h2/normalized/h2_points_normalized.csv,sds56_salt.csv:804,core,medium outside the database's scope (D70)
bruhngerlachpawlek1965_h2,h2,h2_pts,h2/normalized/h2_points_normalized.csv,sds56_salt.csv:805,core,medium outside the database's scope (D70)
bruhngerlachpawlek1965_h2,h2,h2_pts,h2/normalized/h2_points_normalized.csv,sds56_salt.csv:806,core,medium outside the database's scope (D70)
bruhngerlachpawlek1965_h2,h2,h2_pts,h2/normalized/h2_points_normalized.csv,sds56_salt.csv:807,core,medium outside the database's scope (D70)
knasterapelbaum1964_h2,h2,h2_pts,h2/normalized/h2_points_normalized.csv,sds56_salt.csv:808,core,medium outside the database's scope (D70)
knasterapelbaum1964_h2,h2,h2_pts,h2/normalized/h2_points_normalized.csv,sds56_salt.csv:809,core,medium outside the database's scope (D70)
knasterapelbaum1964_h2,h2,h2_pts,h2/normalized/h2_points_normalized.csv,sds56_salt.csv:810,core,medium outside the database's scope (D70)
knasterapelbaum1964_h2,h2,h2_pts,h2/normalized/h2_points_normalized.csv,sds56_salt.csv:811,core,medium outside the database's scope (D70)
knasterapelbaum1964_h2,h2,h2_pts,h2/normalized/h2_points_normalized.csv,sds56_salt.csv:812,core,medium outside the database's scope (D70)
knasterapelbaum1964_h2,h2,h2_pts,h2/normalized/h2_points_normalized.csv,sds56_salt.csv:813,core,medium outside the database's scope (D70)
knasterapelbaum1964_h2,h2,h2_pts,h2/normalized/h2_points_normalized.csv,sds56_salt.csv:814,core,medium outside the database's scope (D70)
knasterapelbaum1964_h2,h2,h2_pts,h2/normalized/h2_points_normalized.csv,sds56_salt.csv:815,core,medium outside the database's scope (D70)
knasterapelbaum1964_h2,h2,h2_pts,h2/normalized/h2_points_normalized.csv,sds56_salt.csv:816,core,medium outside the database's scope (D70)
knasterapelbaum1964_h2,h2,h2_pts,h2/normalized/h2_points_normalized.csv,sds56_salt.csv:817,core,medium outside the database's scope (D70)
knasterapelbaum1964_h2,h2,h2_pts,h2/normalized/h2_points_normalized.csv,sds56_salt.csv:818,core,medium outside the database's scope (D70)
knasterapelbaum1964_h2,h2,h2_pts,h2/normalized/h2_points_normalized.csv,sds56_salt.csv:819,core,medium outside the database's scope (D70)
knasterapelbaum1964_h2,h2,h2_pts,h2/normalized/h2_points_normalized.csv,sds56_salt.csv:820,core,medium outside the database's scope (D70)
knasterapelbaum1964_h2,h2,h2_pts,h2/normalized/h2_points_normalized.csv,sds56_salt.csv:821,core,medium outside the database's scope (D70)
knasterapelbaum1964_h2,h2,h2_pts,h2/normalized/h2_points_normalized.csv,sds56_salt.csv:822,core,medium outside the database's scope (D70)
ruetschiamlie1966_h2,h2,h2_pts,h2/normalized/h2_points_normalized.csv,sds56_salt.csv:823,core,medium outside the database's scope (D70)
ruetschiamlie1966_h2,h2,h2_pts,h2/normalized/h2_points_normalized.csv,sds56_salt.csv:824,core,medium outside the database's scope (D70)
ruetschiamlie1966_h2,h2,h2_pts,h2/normalized/h2_points_normalized.csv,sds56_salt.csv:825,core,medium outside the database's scope (D70)
ruetschiamlie1966_h2,h2,h2_pts,h2/normalized/h2_points_normalized.csv,sds56_salt.csv:826,core,medium outside the database's scope (D70)
ruetschiamlie1966_h2,h2,h2_pts,h2/normalized/h2_points_normalized.csv,sds56_salt.csv:827,core,medium outside the database's scope (D70)
ruetschiamlie1966_h2,h2,h2_pts,h2/normalized/h2_points_normalized.csv,sds56_salt.csv:828,core,medium outside the database's scope (D70)
ruetschiamlie1966_h2,h2,h2_pts,h2/normalized/h2_points_normalized.csv,sds56_salt.csv:829,core,medium outside the database's scope (D70)
ruetschiamlie1966_h2,h2,h2_pts,h2/normalized/h2_points_normalized.csv,sds56_salt.csv:830,core,medium outside the database's scope (D70)
ruetschiamlie1966_h2,h2,h2_pts,h2/normalized/h2_points_normalized.csv,sds56_salt.csv:831,core,medium outside the database's scope (D70)
ruetschiamlie1966_h2,h2,h2_pts,h2/normalized/h2_points_normalized.csv,sds56_salt.csv:832,core,medium outside the database's scope (D70)
shoorwalkergubbins1969_h2,h2,h2_pts,h2/normalized/h2_points_normalized.csv,sds56_salt.csv:833,core,medium outside the database's scope (D70)
shoorwalkergubbins1969_h2,h2,h2_pts,h2/normalized/h2_points_normalized.csv,sds56_salt.csv:834,core,medium outside the database's scope (D70)
shoorwalkergubbins1969_h2,h2,h2_pts,h2/normalized/h2_points_normalized.csv,sds56_salt.csv:835,core,medium outside the database's scope (D70)
shoorwalkergubbins1969_h2,h2,h2_pts,h2/normalized/h2_points_normalized.csv,sds56_salt.csv:836,core,medium outside the database's scope (D70)
shoorwalkergubbins1969_h2,h2,h2_pts,h2/normalized/h2_points_normalized.csv,sds56_salt.csv:837,core,medium outside the database's scope (D70)
shoorwalkergubbins1969_h2,h2,h2_pts,h2/normalized/h2_points_normalized.csv,sds56_salt.csv:838,core,medium outside the database's scope (D70)
shoorwalkergubbins1969_h2,h2,h2_pts,h2/normalized/h2_points_normalized.csv,sds56_salt.csv:839,core,medium outside the database's scope (D70)
shoorwalkergubbins1969_h2,h2,h2_pts,h2/normalized/h2_points_normalized.csv,sds56_salt.csv:840,core,medium outside the database's scope (D70)
shoorwalkergubbins1969_h2,h2,h2_pts,h2/normalized/h2_points_normalized.csv,sds56_salt.csv:841,core,medium outside the database's scope (D70)
shoorwalkergubbins1969_h2,h2,h2_pts,h2/normalized/h2_points_normalized.csv,sds56_salt.csv:842,core,medium outside the database's scope (D70)
shoorwalkergubbins1969_h2,h2,h2_pts,h2/normalized/h2_points_normalized.csv,sds56_salt.csv:843,core,medium outside the database's scope (D70)
shoorwalkergubbins1969_h2,h2,h2_pts,h2/normalized/h2_points_normalized.csv,sds56_salt.csv:844,core,medium outside the database's scope (D70)
shoorwalkergubbins1969_h2,h2,h2_pts,h2/normalized/h2_points_normalized.csv,sds56_salt.csv:845,core,medium outside the database's scope (D70)
shoorwalkergubbins1969_h2,h2,h2_pts,h2/normalized/h2_points_normalized.csv,sds56_salt.csv:846,core,medium outside the database's scope (D70)
shoorwalkergubbins1969_h2,h2,h2_pts,h2/normalized/h2_points_normalized.csv,sds56_salt.csv:847,core,medium outside the database's scope (D70)
shoorwalkergubbins1969_h2,h2,h2_pts,h2/normalized/h2_points_normalized.csv,sds56_salt.csv:848,core,medium outside the database's scope (D70)
shoorwalkergubbins1969_h2,h2,h2_pts,h2/normalized/h2_points_normalized.csv,sds56_salt.csv:849,core,medium outside the database's scope (D70)
shoorwalkergubbins1969_h2,h2,h2_pts,h2/normalized/h2_points_normalized.csv,sds56_salt.csv:850,core,medium outside the database's scope (D70)
shoorwalkergubbins1969_h2,h2,h2_pts,h2/normalized/h2_points_normalized.csv,sds56_salt.csv:851,core,medium outside the database's scope (D70)
shoorwalkergubbins1969_h2,h2,h2_pts,h2/normalized/h2_points_normalized.csv,sds56_salt.csv:852,core,medium outside the database's scope (D70)
shoorwalkergubbins1969_h2,h2,h2_pts,h2/normalized/h2_points_normalized.csv,sds56_salt.csv:853,core,medium outside the database's scope (D70)
shoorwalkergubbins1969_h2,h2,h2_pts,h2/normalized/h2_points_normalized.csv,sds56_salt.csv:854,core,medium outside the database's scope (D70)
shoorwalkergubbins1969_h2,h2,h2_pts,h2/normalized/h2_points_normalized.csv,sds56_salt.csv:855,core,medium outside the database's scope (D70)
shoorwalkergubbins1969_h2,h2,h2_pts,h2/normalized/h2_points_normalized.csv,sds56_salt.csv:856,core,medium outside the database's scope (D70)
shoorwalkergubbins1969_h2,h2,h2_pts,h2/normalized/h2_points_normalized.csv,sds56_salt.csv:857,core,medium outside the database's scope (D70)
shoorwalkergubbins1969_h2,h2,h2_pts,h2/normalized/h2_points_normalized.csv,sds56_salt.csv:858,core,medium outside the database's scope (D70)
shoorwalkergubbins1969_h2,h2,h2_pts,h2/normalized/h2_points_normalized.csv,sds56_salt.csv:859,core,medium outside the database's scope (D70)
shoorwalkergubbins1969_h2,h2,h2_pts,h2/normalized/h2_points_normalized.csv,sds56_salt.csv:860,core,medium outside the database's scope (D70)
shoorwalkergubbins1969_h2,h2,h2_pts,h2/normalized/h2_points_normalized.csv,sds56_salt.csv:861,core,medium outside the database's scope (D70)
shoorwalkergubbins1969_h2,h2,h2_pts,h2/normalized/h2_points_normalized.csv,sds56_salt.csv:862,core,medium outside the database's scope (D70)
shoorwalkergubbins1969_h2,h2,h2_pts,h2/normalized/h2_points_normalized.csv,sds56_salt.csv:863,core,medium outside the database's scope (D70)
shoorwalkergubbins1969_h2,h2,h2_pts,h2/normalized/h2_points_normalized.csv,sds56_salt.csv:864,core,medium outside the database's scope (D70)
longoetal1970_h2,h2,h2_pts,h2/normalized/h2_points_normalized.csv,sds56_water.csv:144,core,medium outside the database's scope (D70)
powerstegall1970_h2,h2,h2_pts,h2/normalized/h2_points_normalized.csv,sds56_water.csv:145,core,medium outside the database's scope (D70)
clarkeglew1971table3_h2s,h2s,h2s_pts,h2s/normalized/h2s_points_normalized.csv,clarke-glew1971_table3_HHS:1,core,ancillary bank (derived / non-solubility quantity)
clarkeglew1971table3_h2s,h2s,h2s_pts,h2s/normalized/h2s_points_normalized.csv,clarke-glew1971_table3_HHS:10,core,ancillary bank (derived / non-solubility quantity)
clarkeglew1971table3_h2s,h2s,h2s_pts,h2s/normalized/h2s_points_normalized.csv,clarke-glew1971_table3_HHS:11,core,ancillary bank (derived / non-solubility quantity)
clarkeglew1971table3_h2s,h2s,h2s_pts,h2s/normalized/h2s_points_normalized.csv,clarke-glew1971_table3_HHS:2,core,ancillary bank (derived / non-solubility quantity)
clarkeglew1971table3_h2s,h2s,h2s_pts,h2s/normalized/h2s_points_normalized.csv,clarke-glew1971_table3_HHS:3,core,ancillary bank (derived / non-solubility quantity)
clarkeglew1971table3_h2s,h2s,h2s_pts,h2s/normalized/h2s_points_normalized.csv,clarke-glew1971_table3_HHS:4,core,ancillary bank (derived / non-solubility quantity)
clarkeglew1971table3_h2s,h2s,h2s_pts,h2s/normalized/h2s_points_normalized.csv,clarke-glew1971_table3_HHS:5,core,ancillary bank (derived / non-solubility quantity)
clarkeglew1971table3_h2s,h2s,h2s_pts,h2s/normalized/h2s_points_normalized.csv,clarke-glew1971_table3_HHS:6,core,ancillary bank (derived / non-solubility quantity)
clarkeglew1971table3_h2s,h2s,h2s_pts,h2s/normalized/h2s_points_normalized.csv,clarke-glew1971_table3_HHS:7,core,ancillary bank (derived / non-solubility quantity)
clarkeglew1971table3_h2s,h2s,h2s_pts,h2s/normalized/h2s_points_normalized.csv,clarke-glew1971_table3_HHS:8,core,ancillary bank (derived / non-solubility quantity)
clarkeglew1971table3_h2s,h2s,h2s_pts,h2s/normalized/h2s_points_normalized.csv,clarke-glew1971_table3_HHS:9,core,ancillary bank (derived / non-solubility quantity)
gamsjaeger1967_h2s,h2s,h2s_pts,h2s/normalized/h2s_points_normalized.csv,gamsjaeger1967:10,core,medium outside the database's scope (D70)
gamsjaeger1967_h2s,h2s,h2s_pts,h2s/normalized/h2s_points_normalized.csv,gamsjaeger1967:11,core,medium outside the database's scope (D70)
gamsjaeger1967_h2s,h2s,h2s_pts,h2s/normalized/h2s_points_normalized.csv,gamsjaeger1967:12,core,medium outside the database's scope (D70)
gamsjaeger1967_h2s,h2s,h2s_pts,h2s/normalized/h2s_points_normalized.csv,gamsjaeger1967:13,core,medium outside the database's scope (D70)
gamsjaeger1967_h2s,h2s,h2s_pts,h2s/normalized/h2s_points_normalized.csv,gamsjaeger1967:14,core,medium outside the database's scope (D70)
gamsjaeger1967_h2s,h2s,h2s_pts,h2s/normalized/h2s_points_normalized.csv,gamsjaeger1967:15,core,medium outside the database's scope (D70)
gamsjaeger1967_h2s,h2s,h2s_pts,h2s/normalized/h2s_points_normalized.csv,gamsjaeger1967:16,core,medium outside the database's scope (D70)
gamsjaeger1967_h2s,h2s,h2s_pts,h2s/normalized/h2s_points_normalized.csv,gamsjaeger1967:17,core,medium outside the database's scope (D70)
gamsjaeger1967_h2s,h2s,h2s_pts,h2s/normalized/h2s_points_normalized.csv,gamsjaeger1967:18,core,medium outside the database's scope (D70)
gamsjaeger1967_h2s,h2s,h2s_pts,h2s/normalized/h2s_points_normalized.csv,gamsjaeger1967:19,core,medium outside the database's scope (D70)
gamsjaeger1967_h2s,h2s,h2s_pts,h2s/normalized/h2s_points_normalized.csv,gamsjaeger1967:2,core,medium outside the database's scope (D70)
gamsjaeger1967_h2s,h2s,h2s_pts,h2s/normalized/h2s_points_normalized.csv,gamsjaeger1967:20,core,medium outside the database's scope (D70)
gamsjaeger1967_h2s,h2s,h2s_pts,h2s/normalized/h2s_points_normalized.csv,gamsjaeger1967:21,core,medium outside the database's scope (D70)
gamsjaeger1967_h2s,h2s,h2s_pts,h2s/normalized/h2s_points_normalized.csv,gamsjaeger1967:22,core,medium outside the database's scope (D70)
gamsjaeger1967_h2s,h2s,h2s_pts,h2s/normalized/h2s_points_normalized.csv,gamsjaeger1967:23,core,medium outside the database's scope (D70)
gamsjaeger1967_h2s,h2s,h2s_pts,h2s/normalized/h2s_points_normalized.csv,gamsjaeger1967:24,core,medium outside the database's scope (D70)
gamsjaeger1967_h2s,h2s,h2s_pts,h2s/normalized/h2s_points_normalized.csv,gamsjaeger1967:25,core,medium outside the database's scope (D70)
gamsjaeger1967_h2s,h2s,h2s_pts,h2s/normalized/h2s_points_normalized.csv,gamsjaeger1967:26,core,medium outside the database's scope (D70)
gamsjaeger1967_h2s,h2s,h2s_pts,h2s/normalized/h2s_points_normalized.csv,gamsjaeger1967:27,core,medium outside the database's scope (D70)
gamsjaeger1967_h2s,h2s,h2s_pts,h2s/normalized/h2s_points_normalized.csv,gamsjaeger1967:28,core,medium outside the database's scope (D70)
gamsjaeger1967_h2s,h2s,h2s_pts,h2s/normalized/h2s_points_normalized.csv,gamsjaeger1967:29,core,medium outside the database's scope (D70)
gamsjaeger1967_h2s,h2s,h2s_pts,h2s/normalized/h2s_points_normalized.csv,gamsjaeger1967:3,core,medium outside the database's scope (D70)
gamsjaeger1967_h2s,h2s,h2s_pts,h2s/normalized/h2s_points_normalized.csv,gamsjaeger1967:30,core,medium outside the database's scope (D70)
gamsjaeger1967_h2s,h2s,h2s_pts,h2s/normalized/h2s_points_normalized.csv,gamsjaeger1967:31,core,medium outside the database's scope (D70)
gamsjaeger1967_h2s,h2s,h2s_pts,h2s/normalized/h2s_points_normalized.csv,gamsjaeger1967:32,core,medium outside the database's scope (D70)
gamsjaeger1967_h2s,h2s,h2s_pts,h2s/normalized/h2s_points_normalized.csv,gamsjaeger1967:33,core,medium outside the database's scope (D70)
gamsjaeger1967_h2s,h2s,h2s_pts,h2s/normalized/h2s_points_normalized.csv,gamsjaeger1967:34,core,medium outside the database's scope (D70)
gamsjaeger1967_h2s,h2s,h2s_pts,h2s/normalized/h2s_points_normalized.csv,gamsjaeger1967:35,core,medium outside the database's scope (D70)
gamsjaeger1967_h2s,h2s,h2s_pts,h2s/normalized/h2s_points_normalized.csv,gamsjaeger1967:36,core,medium outside the database's scope (D70)
gamsjaeger1967_h2s,h2s,h2s_pts,h2s/normalized/h2s_points_normalized.csv,gamsjaeger1967:4,core,medium outside the database's scope (D70)
gamsjaeger1967_h2s,h2s,h2s_pts,h2s/normalized/h2s_points_normalized.csv,gamsjaeger1967:5,core,medium outside the database's scope (D70)
gamsjaeger1967_h2s,h2s,h2s_pts,h2s/normalized/h2s_points_normalized.csv,gamsjaeger1967:6,core,medium outside the database's scope (D70)
gamsjaeger1967_h2s,h2s,h2s_pts,h2s/normalized/h2s_points_normalized.csv,gamsjaeger1967:7,core,medium outside the database's scope (D70)
gamsjaeger1967_h2s,h2s,h2s_pts,h2s/normalized/h2s_points_normalized.csv,gamsjaeger1967:8,core,medium outside the database's scope (D70)
gamsjaeger1967_h2s,h2s,h2s_pts,h2s/normalized/h2s_points_normalized.csv,gamsjaeger1967:9,core,medium outside the database's scope (D70)
gamsjaeger1969_h2s,h2s,h2s_pts,h2s/normalized/h2s_points_normalized.csv,gamsjaeger1969:1,core,medium outside the database's scope (D70)
gamsjaeger1969_h2s,h2s,h2s_pts,h2s/normalized/h2s_points_normalized.csv,gamsjaeger1969:10,core,medium outside the database's scope (D70)
gamsjaeger1969_h2s,h2s,h2s_pts,h2s/normalized/h2s_points_normalized.csv,gamsjaeger1969:11,core,medium outside the database's scope (D70)
gamsjaeger1969_h2s,h2s,h2s_pts,h2s/normalized/h2s_points_normalized.csv,gamsjaeger1969:12,core,medium outside the database's scope (D70)
gamsjaeger1969_h2s,h2s,h2s_pts,h2s/normalized/h2s_points_normalized.csv,gamsjaeger1969:13,core,medium outside the database's scope (D70)
gamsjaeger1969_h2s,h2s,h2s_pts,h2s/normalized/h2s_points_normalized.csv,gamsjaeger1969:14,core,medium outside the database's scope (D70)
gamsjaeger1969_h2s,h2s,h2s_pts,h2s/normalized/h2s_points_normalized.csv,gamsjaeger1969:15,core,medium outside the database's scope (D70)
gamsjaeger1969_h2s,h2s,h2s_pts,h2s/normalized/h2s_points_normalized.csv,gamsjaeger1969:16,core,medium outside the database's scope (D70)
gamsjaeger1969_h2s,h2s,h2s_pts,h2s/normalized/h2s_points_normalized.csv,gamsjaeger1969:17,core,medium outside the database's scope (D70)
gamsjaeger1969_h2s,h2s,h2s_pts,h2s/normalized/h2s_points_normalized.csv,gamsjaeger1969:18,core,medium outside the database's scope (D70)
gamsjaeger1969_h2s,h2s,h2s_pts,h2s/normalized/h2s_points_normalized.csv,gamsjaeger1969:19,core,medium outside the database's scope (D70)
gamsjaeger1969_h2s,h2s,h2s_pts,h2s/normalized/h2s_points_normalized.csv,gamsjaeger1969:2,core,medium outside the database's scope (D70)
gamsjaeger1969_h2s,h2s,h2s_pts,h2s/normalized/h2s_points_normalized.csv,gamsjaeger1969:20,core,medium outside the database's scope (D70)
gamsjaeger1969_h2s,h2s,h2s_pts,h2s/normalized/h2s_points_normalized.csv,gamsjaeger1969:21,core,medium outside the database's scope (D70)
gamsjaeger1969_h2s,h2s,h2s_pts,h2s/normalized/h2s_points_normalized.csv,gamsjaeger1969:22,core,medium outside the database's scope (D70)
gamsjaeger1969_h2s,h2s,h2s_pts,h2s/normalized/h2s_points_normalized.csv,gamsjaeger1969:23,core,medium outside the database's scope (D70)
gamsjaeger1969_h2s,h2s,h2s_pts,h2s/normalized/h2s_points_normalized.csv,gamsjaeger1969:25,core,medium outside the database's scope (D70)
gamsjaeger1969_h2s,h2s,h2s_pts,h2s/normalized/h2s_points_normalized.csv,gamsjaeger1969:26,core,medium outside the database's scope (D70)
gamsjaeger1969_h2s,h2s,h2s_pts,h2s/normalized/h2s_points_normalized.csv,gamsjaeger1969:27,core,medium outside the database's scope (D70)
gamsjaeger1969_h2s,h2s,h2s_pts,h2s/normalized/h2s_points_normalized.csv,gamsjaeger1969:28,core,medium outside the database's scope (D70)
gamsjaeger1969_h2s,h2s,h2s_pts,h2s/normalized/h2s_points_normalized.csv,gamsjaeger1969:29,core,medium outside the database's scope (D70)
gamsjaeger1969_h2s,h2s,h2s_pts,h2s/normalized/h2s_points_normalized.csv,gamsjaeger1969:3,core,medium outside the database's scope (D70)
gamsjaeger1969_h2s,h2s,h2s_pts,h2s/normalized/h2s_points_normalized.csv,gamsjaeger1969:30,core,medium outside the database's scope (D70)
gamsjaeger1969_h2s,h2s,h2s_pts,h2s/normalized/h2s_points_normalized.csv,gamsjaeger1969:31,core,medium outside the database's scope (D70)
gamsjaeger1969_h2s,h2s,h2s_pts,h2s/normalized/h2s_points_normalized.csv,gamsjaeger1969:32,core,medium outside the database's scope (D70)
gamsjaeger1969_h2s,h2s,h2s_pts,h2s/normalized/h2s_points_normalized.csv,gamsjaeger1969:33,core,medium outside the database's scope (D70)
gamsjaeger1969_h2s,h2s,h2s_pts,h2s/normalized/h2s_points_normalized.csv,gamsjaeger1969:34,core,medium outside the database's scope (D70)
gamsjaeger1969_h2s,h2s,h2s_pts,h2s/normalized/h2s_points_normalized.csv,gamsjaeger1969:35,core,medium outside the database's scope (D70)
gamsjaeger1969_h2s,h2s,h2s_pts,h2s/normalized/h2s_points_normalized.csv,gamsjaeger1969:36,core,medium outside the database's scope (D70)
gamsjaeger1969_h2s,h2s,h2s_pts,h2s/normalized/h2s_points_normalized.csv,gamsjaeger1969:37,core,medium outside the database's scope (D70)
gamsjaeger1969_h2s,h2s,h2s_pts,h2s/normalized/h2s_points_normalized.csv,gamsjaeger1969:38,core,medium outside the database's scope (D70)
gamsjaeger1969_h2s,h2s,h2s_pts,h2s/normalized/h2s_points_normalized.csv,gamsjaeger1969:39,core,medium outside the database's scope (D70)
gamsjaeger1969_h2s,h2s,h2s_pts,h2s/normalized/h2s_points_normalized.csv,gamsjaeger1969:4,core,medium outside the database's scope (D70)
gamsjaeger1969_h2s,h2s,h2s_pts,h2s/normalized/h2s_points_normalized.csv,gamsjaeger1969:40,core,medium outside the database's scope (D70)
gamsjaeger1969_h2s,h2s,h2s_pts,h2s/normalized/h2s_points_normalized.csv,gamsjaeger1969:5,core,medium outside the database's scope (D70)
gamsjaeger1969_h2s,h2s,h2s_pts,h2s/normalized/h2s_points_normalized.csv,gamsjaeger1969:6,core,medium outside the database's scope (D70)
gamsjaeger1969_h2s,h2s,h2s_pts,h2s/normalized/h2s_points_normalized.csv,gamsjaeger1969:7,core,medium outside the database's scope (D70)
gamsjaeger1969_h2s,h2s,h2s_pts,h2s/normalized/h2s_points_normalized.csv,gamsjaeger1969:8,core,medium outside the database's scope (D70)
gamsjaeger1969_h2s,h2s,h2s_pts,h2s/normalized/h2s_points_normalized.csv,gamsjaeger1969:9,core,medium outside the database's scope (D70)
kendallandrews1921_h2s,h2s,h2s_pts,h2s/normalized/h2s_points_normalized.csv,h2s_points_sds32_salts:10,core,medium outside the database's scope (D70)
kendallandrews1921_h2s,h2s,h2s_pts,h2s/normalized/h2s_points_normalized.csv,h2s_points_sds32_salts:11,core,medium outside the database's scope (D70)
kapustinskyanvaer1941_h2s,h2s,h2s_pts,h2s/normalized/h2s_points_normalized.csv,h2s_points_sds32_salts:12,core,medium outside the database's scope (D70)
kapustinskyanvaer1941_h2s,h2s,h2s_pts,h2s/normalized/h2s_points_normalized.csv,h2s_points_sds32_salts:13,core,medium outside the database's scope (D70)
kapustinskyanvaer1941_h2s,h2s,h2s_pts,h2s/normalized/h2s_points_normalized.csv,h2s_points_sds32_salts:14,core,medium outside the database's scope (D70)
kozintseva1964_h2s,h2s,h2s_pts,h2s/normalized/h2s_points_normalized.csv,h2s_points_sds32_salts:144,core,no normalized value and no as-printed value
kozintseva1964_h2s,h2s,h2s_pts,h2s/normalized/h2s_points_normalized.csv,h2s_points_sds32_salts:145,core,no normalized value and no as-printed value
kozintseva1964_h2s,h2s,h2s_pts,h2s/normalized/h2s_points_normalized.csv,h2s_points_sds32_salts:146,core,no normalized value and no as-printed value
kozintseva1964_h2s,h2s,h2s_pts,h2s/normalized/h2s_points_normalized.csv,h2s_points_sds32_salts:147,core,no normalized value and no as-printed value
kozintseva1964_h2s,h2s,h2s_pts,h2s/normalized/h2s_points_normalized.csv,h2s_points_sds32_salts:148,core,no normalized value and no as-printed value
kozintseva1964_h2s,h2s,h2s_pts,h2s/normalized/h2s_points_normalized.csv,h2s_points_sds32_salts:149,core,no normalized value and no as-printed value
kapustinskyanvaer1941_h2s,h2s,h2s_pts,h2s/normalized/h2s_points_normalized.csv,h2s_points_sds32_salts:15,core,medium outside the database's scope (D70)
kozintseva1964_h2s,h2s,h2s_pts,h2s/normalized/h2s_points_normalized.csv,h2s_points_sds32_salts:150,core,no normalized value and no as-printed value
kozintseva1964_h2s,h2s,h2s_pts,h2s/normalized/h2s_points_normalized.csv,h2s_points_sds32_salts:151,core,no normalized value and no as-printed value
kozintseva1964_h2s,h2s,h2s_pts,h2s/normalized/h2s_points_normalized.csv,h2s_points_sds32_salts:152,core,no normalized value and no as-printed value
kozintseva1964_h2s,h2s,h2s_pts,h2s/normalized/h2s_points_normalized.csv,h2s_points_sds32_salts:153,core,no normalized value and no as-printed value
kozintseva1964_h2s,h2s,h2s_pts,h2s/normalized/h2s_points_normalized.csv,h2s_points_sds32_salts:154,core,no normalized value and no as-printed value
kozintseva1964_h2s,h2s,h2s_pts,h2s/normalized/h2s_points_normalized.csv,h2s_points_sds32_salts:155,core,no normalized value and no as-printed value
kapustinskyanvaer1941_h2s,h2s,h2s_pts,h2s/normalized/h2s_points_normalized.csv,h2s_points_sds32_salts:16,core,medium outside the database's scope (D70)
pollitzer1909_h2s,h2s,h2s_pts,h2s/normalized/h2s_points_normalized.csv,h2s_points_sds32_salts:17,core,medium outside the database's scope (D70)
pollitzer1909_h2s,h2s,h2s_pts,h2s/normalized/h2s_points_normalized.csv,h2s_points_sds32_salts:18,core,medium outside the database's scope (D70)
pollitzer1909_h2s,h2s,h2s_pts,h2s/normalized/h2s_points_normalized.csv,h2s_points_sds32_salts:19,core,medium outside the database's scope (D70)
kendallandrews1921_h2s,h2s,h2s_pts,h2s/normalized/h2s_points_normalized.csv,h2s_points_sds32_salts:2,core,medium outside the database's scope (D70)
pollitzer1909_h2s,h2s,h2s_pts,h2s/normalized/h2s_points_normalized.csv,h2s_points_sds32_salts:20,core,medium outside the database's scope (D70)
pollitzer1909_h2s,h2s,h2s_pts,h2s/normalized/h2s_points_normalized.csv,h2s_points_sds32_salts:21,core,medium outside the database's scope (D70)
pollitzer1909_h2s,h2s,h2s_pts,h2s/normalized/h2s_points_normalized.csv,h2s_points_sds32_salts:22,core,medium outside the database's scope (D70)
pollitzer1909_h2s,h2s,h2s_pts,h2s/normalized/h2s_points_normalized.csv,h2s_points_sds32_salts:23,core,medium outside the database's scope (D70)
pollitzer1909_h2s,h2s,h2s_pts,h2s/normalized/h2s_points_normalized.csv,h2s_points_sds32_salts:24,core,medium outside the database's scope (D70)
pollitzer1909_h2s,h2s,h2s_pts,h2s/normalized/h2s_points_normalized.csv,h2s_points_sds32_salts:25,core,medium outside the database's scope (D70)
pollitzer1909_h2s,h2s,h2s_pts,h2s/normalized/h2s_points_normalized.csv,h2s_points_sds32_salts:26,core,medium outside the database's scope (D70)
pollitzer1909_h2s,h2s,h2s_pts,h2s/normalized/h2s_points_normalized.csv,h2s_points_sds32_salts:27,core,medium outside the database's scope (D70)
pollitzer1909_h2s,h2s,h2s_pts,h2s/normalized/h2s_points_normalized.csv,h2s_points_sds32_salts:28,core,medium outside the database's scope (D70)
aleksandrovayaroshchuk1978_h2s,h2s,h2s_pts,h2s/normalized/h2s_points_normalized.csv,h2s_points_sds32_salts:29,core,medium outside the database's scope (D70)
kendallandrews1921_h2s,h2s,h2s_pts,h2s/normalized/h2s_points_normalized.csv,h2s_points_sds32_salts:3,core,medium outside the database's scope (D70)
aleksandrovayaroshchuk1978_h2s,h2s,h2s_pts,h2s/normalized/h2s_points_normalized.csv,h2s_points_sds32_salts:30,core,medium outside the database's scope (D70)
aleksandrovayaroshchuk1978_h2s,h2s,h2s_pts,h2s/normalized/h2s_points_normalized.csv,h2s_points_sds32_salts:31,core,medium outside the database's scope (D70)
kapustinskyanvaer1941_h2s,h2s,h2s_pts,h2s/normalized/h2s_points_normalized.csv,h2s_points_sds32_salts:32,core,medium outside the database's scope (D70)
kapustinskyanvaer1941_h2s,h2s,h2s_pts,h2s/normalized/h2s_points_normalized.csv,h2s_points_sds32_salts:33,core,medium outside the database's scope (D70)
kapustinskyanvaer1941_h2s,h2s,h2s_pts,h2s/normalized/h2s_points_normalized.csv,h2s_points_sds32_salts:34,core,medium outside the database's scope (D70)
kapustinskyanvaer1941_h2s,h2s,h2s_pts,h2s/normalized/h2s_points_normalized.csv,h2s_points_sds32_salts:35,core,medium outside the database's scope (D70)
kapustinskyanvaer1941_h2s,h2s,h2s_pts,h2s/normalized/h2s_points_normalized.csv,h2s_points_sds32_salts:36,core,medium outside the database's scope (D70)
kapustinskyanvaer1941_h2s,h2s,h2s_pts,h2s/normalized/h2s_points_normalized.csv,h2s_points_sds32_salts:37,core,medium outside the database's scope (D70)
kapustinskyanvaer1941_h2s,h2s,h2s_pts,h2s/normalized/h2s_points_normalized.csv,h2s_points_sds32_salts:38,core,medium outside the database's scope (D70)
kapustinskyanvaer1941_h2s,h2s,h2s_pts,h2s/normalized/h2s_points_normalized.csv,h2s_points_sds32_salts:39,core,medium outside the database's scope (D70)
kendallandrews1921_h2s,h2s,h2s_pts,h2s/normalized/h2s_points_normalized.csv,h2s_points_sds32_salts:4,core,medium outside the database's scope (D70)
kapustinskyanvaer1941_h2s,h2s,h2s_pts,h2s/normalized/h2s_points_normalized.csv,h2s_points_sds32_salts:40,core,medium outside the database's scope (D70)
kapustinskyanvaer1941_h2s,h2s,h2s_pts,h2s/normalized/h2s_points_normalized.csv,h2s_points_sds32_salts:41,core,medium outside the database's scope (D70)
kapustinskyanvaer1941_h2s,h2s,h2s_pts,h2s/normalized/h2s_points_normalized.csv,h2s_points_sds32_salts:42,core,medium outside the database's scope (D70)
gamsjagerschindler1969_h2s,h2s,h2s_pts,h2s/normalized/h2s_points_normalized.csv,h2s_points_sds32_salts:44,core,medium outside the database's scope (D70)
gamsjagerschindler1969_h2s,h2s,h2s_pts,h2s/normalized/h2s_points_normalized.csv,h2s_points_sds32_salts:45,core,medium outside the database's scope (D70)
kendallandrews1921_h2s,h2s,h2s_pts,h2s/normalized/h2s_points_normalized.csv,h2s_points_sds32_salts:5,core,medium outside the database's scope (D70)
gamsjagerschindler1969_h2s,h2s,h2s_pts,h2s/normalized/h2s_points_normalized.csv,h2s_points_sds32_salts:50,core,medium outside the database's scope (D70)
gamsjagerschindler1969_h2s,h2s,h2s_pts,h2s/normalized/h2s_points_normalized.csv,h2s_points_sds32_salts:52,core,medium outside the database's scope (D70)
gamsjagerschindler1969_h2s,h2s,h2s_pts,h2s/normalized/h2s_points_normalized.csv,h2s_points_sds32_salts:53,core,medium outside the database's scope (D70)
gamsjagerschindler1969_h2s,h2s,h2s_pts,h2s/normalized/h2s_points_normalized.csv,h2s_points_sds32_salts:54,core,medium outside the database's scope (D70)
gamsjagerschindler1969_h2s,h2s,h2s_pts,h2s/normalized/h2s_points_normalized.csv,h2s_points_sds32_salts:55,core,medium outside the database's scope (D70)
gamsjagerschindler1969_h2s,h2s,h2s_pts,h2s/normalized/h2s_points_normalized.csv,h2s_points_sds32_salts:56,core,medium outside the database's scope (D70)
gamsjagerschindler1969_h2s,h2s,h2s_pts,h2s/normalized/h2s_points_normalized.csv,h2s_points_sds32_salts:57,core,medium outside the database's scope (D70)
kendallandrews1921_h2s,h2s,h2s_pts,h2s/normalized/h2s_points_normalized.csv,h2s_points_sds32_salts:6,core,medium outside the database's scope (D70)
gamsjagerschindler1969_h2s,h2s,h2s_pts,h2s/normalized/h2s_points_normalized.csv,h2s_points_sds32_salts:61,core,medium outside the database's scope (D70)
gamsjagerschindler1969_h2s,h2s,h2s_pts,h2s/normalized/h2s_points_normalized.csv,h2s_points_sds32_salts:62,core,medium outside the database's scope (D70)
gamsjagerschindler1969_h2s,h2s,h2s_pts,h2s/normalized/h2s_points_normalized.csv,h2s_points_sds32_salts:63,core,medium outside the database's scope (D70)
gamsjagerschindler1969_h2s,h2s,h2s_pts,h2s/normalized/h2s_points_normalized.csv,h2s_points_sds32_salts:65,core,medium outside the database's scope (D70)
gamsjagerschindler1969_h2s,h2s,h2s_pts,h2s/normalized/h2s_points_normalized.csv,h2s_points_sds32_salts:67,core,medium outside the database's scope (D70)
kendallandrews1921_h2s,h2s,h2s_pts,h2s/normalized/h2s_points_normalized.csv,h2s_points_sds32_salts:7,core,medium outside the database's scope (D70)
gamsjagerschindler1969_h2s,h2s,h2s_pts,h2s/normalized/h2s_points_normalized.csv,h2s_points_sds32_salts:71,core,medium outside the database's scope (D70)
gamsjagerschindler1969_h2s,h2s,h2s_pts,h2s/normalized/h2s_points_normalized.csv,h2s_points_sds32_salts:72,core,medium outside the database's scope (D70)
gamsjagerschindler1969_h2s,h2s,h2s_pts,h2s/normalized/h2s_points_normalized.csv,h2s_points_sds32_salts:76,core,medium outside the database's scope (D70)
gamsjagerschindler1969_h2s,h2s,h2s_pts,h2s/normalized/h2s_points_normalized.csv,h2s_points_sds32_salts:79,core,medium outside the database's scope (D70)
kendallandrews1921_h2s,h2s,h2s_pts,h2s/normalized/h2s_points_normalized.csv,h2s_points_sds32_salts:8,core,medium outside the database's scope (D70)
gamsjagerschindler1969_h2s,h2s,h2s_pts,h2s/normalized/h2s_points_normalized.csv,h2s_points_sds32_salts:81,core,medium outside the database's scope (D70)
gamsjagerschindler1969_h2s,h2s,h2s_pts,h2s/normalized/h2s_points_normalized.csv,h2s_points_sds32_salts:82,core,medium outside the database's scope (D70)
kendallandrews1921_h2s,h2s,h2s_pts,h2s/normalized/h2s_points_normalized.csv,h2s_points_sds32_salts:9,core,medium outside the database's scope (D70)
huang1985_h2s,h2s,h2s_mix,h2s/normalized/h2s_points_normalized.csv,huang1985_mixed:86,pb,no printed state point and no normalized value
huang1985_h2s,h2s,h2s_mix,h2s/normalized/h2s_points_normalized.csv,huang1985_mixed:87,pb,no printed state point and no normalized value
huang1985_h2s,h2s,h2s_mix,h2s/normalized/h2s_points_normalized.csv,huang1985_mixed:88,pb,no printed state point and no normalized value
koschel2013_h2s,h2s,h2s_pts,h2s/normalized/h2s_points_normalized.csv,koschel2013:39,core,ancillary bank (derived / non-solubility quantity)
koschel2013_h2s,h2s,h2s_pts,h2s/normalized/h2s_points_normalized.csv,koschel2013:40,core,ancillary bank (derived / non-solubility quantity)
koschel2013_h2s,h2s,h2s_pts,h2s/normalized/h2s_points_normalized.csv,koschel2013:41,core,ancillary bank (derived / non-solubility quantity)
koschel2013_h2s,h2s,h2s_pts,h2s/normalized/h2s_points_normalized.csv,koschel2013:42,core,ancillary bank (derived / non-solubility quantity)
koschel2013_h2s,h2s,h2s_pts,h2s/normalized/h2s_points_normalized.csv,koschel2013:43,core,ancillary bank (derived / non-solubility quantity)
koschel2013_h2s,h2s,h2s_pts,h2s/normalized/h2s_points_normalized.csv,koschel2013:44,core,ancillary bank (derived / non-solubility quantity)
koschel2013_h2s,h2s,h2s_pts,h2s/normalized/h2s_points_normalized.csv,koschel2013:45,core,ancillary bank (derived / non-solubility quantity)
koschel2013_h2s,h2s,h2s_pts,h2s/normalized/h2s_points_normalized.csv,koschel2013:46,core,ancillary bank (derived / non-solubility quantity)
koschel2013_h2s,h2s,h2s_pts,h2s/normalized/h2s_points_normalized.csv,koschel2013:47,core,ancillary bank (derived / non-solubility quantity)
koschel2013_h2s,h2s,h2s_pts,h2s/normalized/h2s_points_normalized.csv,koschel2013:48,core,ancillary bank (derived / non-solubility quantity)
koschel2013_h2s,h2s,h2s_pts,h2s/normalized/h2s_points_normalized.csv,koschel2013:49,core,ancillary bank (derived / non-solubility quantity)
koschel2013_h2s,h2s,h2s_pts,h2s/normalized/h2s_points_normalized.csv,koschel2013:50,core,ancillary bank (derived / non-solubility quantity)
koschel2013_h2s,h2s,h2s_pts,h2s/normalized/h2s_points_normalized.csv,koschel2013:51,core,ancillary bank (derived / non-solubility quantity)
koschel2013_h2s,h2s,h2s_pts,h2s/normalized/h2s_points_normalized.csv,koschel2013:52,core,ancillary bank (derived / non-solubility quantity)
koschel2013_h2s,h2s,h2s_pts,h2s/normalized/h2s_points_normalized.csv,koschel2013:53,core,ancillary bank (derived / non-solubility quantity)
koschel2013_h2s,h2s,h2s_pts,h2s/normalized/h2s_points_normalized.csv,koschel2013:54,core,ancillary bank (derived / non-solubility quantity)
koschel2013_h2s,h2s,h2s_pts,h2s/normalized/h2s_points_normalized.csv,koschel2013:55,core,ancillary bank (derived / non-solubility quantity)
koschel2013_h2s,h2s,h2s_pts,h2s/normalized/h2s_points_normalized.csv,koschel2013:56,core,ancillary bank (derived / non-solubility quantity)
koschel2013_h2s,h2s,h2s_pts,h2s/normalized/h2s_points_normalized.csv,koschel2013:57,core,ancillary bank (derived / non-solubility quantity)
koschel2013_h2s,h2s,h2s_pts,h2s/normalized/h2s_points_normalized.csv,koschel2013:58,core,ancillary bank (derived / non-solubility quantity)
koschel2013_h2s,h2s,h2s_pts,h2s/normalized/h2s_points_normalized.csv,koschel2013:59,core,ancillary bank (derived / non-solubility quantity)
koschel2013_h2s,h2s,h2s_pts,h2s/normalized/h2s_points_normalized.csv,koschel2013:60,core,ancillary bank (derived / non-solubility quantity)
koschel2013_h2s,h2s,h2s_pts,h2s/normalized/h2s_points_normalized.csv,koschel2013:61,core,ancillary bank (derived / non-solubility quantity)
koschel2013_h2s,h2s,h2s_pts,h2s/normalized/h2s_points_normalized.csv,koschel2013:62,core,ancillary bank (derived / non-solubility quantity)
koschel2013_h2s,h2s,h2s_pts,h2s/normalized/h2s_points_normalized.csv,koschel2013:63,core,ancillary bank (derived / non-solubility quantity)
koschel2013_h2s,h2s,h2s_pts,h2s/normalized/h2s_points_normalized.csv,koschel2013:64,core,ancillary bank (derived / non-solubility quantity)
koschel2013_h2s,h2s,h2s_pts,h2s/normalized/h2s_points_normalized.csv,koschel2013:65,core,ancillary bank (derived / non-solubility quantity)
koschel2013_h2s,h2s,h2s_pts,h2s/normalized/h2s_points_normalized.csv,koschel2013:66,core,ancillary bank (derived / non-solubility quantity)
koschel2013_h2s,h2s,h2s_pts,h2s/normalized/h2s_points_normalized.csv,koschel2013:67,core,ancillary bank (derived / non-solubility quantity)
koschel2013_h2s,h2s,h2s_pts,h2s/normalized/h2s_points_normalized.csv,koschel2013:68,core,ancillary bank (derived / non-solubility quantity)
koschel2013_h2s,h2s,h2s_pts,h2s/normalized/h2s_points_normalized.csv,koschel2013:69,core,ancillary bank (derived / non-solubility quantity)
koschel2013_h2s,h2s,h2s_pts,h2s/normalized/h2s_points_normalized.csv,koschel2013:70,core,ancillary bank (derived / non-solubility quantity)
koschel2013_h2s,h2s,h2s_pts,h2s/normalized/h2s_points_normalized.csv,koschel2013:71,core,ancillary bank (derived / non-solubility quantity)
koschel2013_h2s,h2s,h2s_pts,h2s/normalized/h2s_points_normalized.csv,koschel2013:72,core,ancillary bank (derived / non-solubility quantity)
koschel2013_h2s,h2s,h2s_pts,h2s/normalized/h2s_points_normalized.csv,koschel2013:73,core,ancillary bank (derived / non-solubility quantity)
koschel2013_h2s,h2s,h2s_pts,h2s/normalized/h2s_points_normalized.csv,koschel2013:74,core,ancillary bank (derived / non-solubility quantity)
koschel2013_h2s,h2s,h2s_pts,h2s/normalized/h2s_points_normalized.csv,koschel2013:75,core,ancillary bank (derived / non-solubility quantity)
koschel2013_h2s,h2s,h2s_pts,h2s/normalized/h2s_points_normalized.csv,koschel2013:76,core,ancillary bank (derived / non-solubility quantity)
koschel2013_h2s,h2s,h2s_pts,h2s/normalized/h2s_points_normalized.csv,koschel2013:77,core,ancillary bank (derived / non-solubility quantity)
koschel2013_h2s,h2s,h2s_pts,h2s/normalized/h2s_points_normalized.csv,koschel2013:78,core,ancillary bank (derived / non-solubility quantity)
koschel2013_h2s,h2s,h2s_pts,h2s/normalized/h2s_points_normalized.csv,koschel2013:79,core,ancillary bank (derived / non-solubility quantity)
selleck1952_h2s,h2s,h2s_pts,h2s/normalized/h2s_points_normalized.csv,selleck1952:75,core,ancillary bank (derived / non-solubility quantity)
selleck1952_h2s,h2s,h2s_pts,h2s/normalized/h2s_points_normalized.csv,selleck1952:76,core,ancillary bank (derived / non-solubility quantity)
selleck1952_h2s,h2s,h2s_pts,h2s/normalized/h2s_points_normalized.csv,selleck1952:77,core,ancillary bank (derived / non-solubility quantity)
selleck1952_h2s,h2s,h2s_pts,h2s/normalized/h2s_points_normalized.csv,selleck1952:78,core,ancillary bank (derived / non-solubility quantity)
selleck1952_h2s,h2s,h2s_pts,h2s/normalized/h2s_points_normalized.csv,selleck1952:79,core,ancillary bank (derived / non-solubility quantity)
selleck1952_h2s,h2s,h2s_pts,h2s/normalized/h2s_points_normalized.csv,selleck1952:80,core,ancillary bank (derived / non-solubility quantity)
selleck1952_h2s,h2s,h2s_pts,h2s/normalized/h2s_points_normalized.csv,selleck1952:81,core,ancillary bank (derived / non-solubility quantity)
selleck1952_h2s,h2s,h2s_pts,h2s/normalized/h2s_points_normalized.csv,selleck1952:82,core,ancillary bank (derived / non-solubility quantity)
selleck1952_h2s,h2s,h2s_pts,h2s/normalized/h2s_points_normalized.csv,selleck1952:83,core,ancillary bank (derived / non-solubility quantity)
selleck1952_h2s,h2s,h2s_pts,h2s/normalized/h2s_points_normalized.csv,selleck1952:84,core,ancillary bank (derived / non-solubility quantity)
selleck1952_h2s,h2s,h2s_pts,h2s/normalized/h2s_points_normalized.csv,selleck1952:85,core,ancillary bank (derived / non-solubility quantity)
selleck1952_h2s,h2s,h2s_pts,h2s/normalized/h2s_points_normalized.csv,selleck1952:86,core,ancillary bank (derived / non-solubility quantity)
selleck1952_h2s,h2s,h2s_pts,h2s/normalized/h2s_points_normalized.csv,selleck1952:87,core,ancillary bank (derived / non-solubility quantity)
selleck1952_h2s,h2s,h2s_pts,h2s/normalized/h2s_points_normalized.csv,selleck1952:88,core,ancillary bank (derived / non-solubility quantity)
selleck1952_h2s,h2s,h2s_pts,h2s/normalized/h2s_points_normalized.csv,selleck1952:89,core,ancillary bank (derived / non-solubility quantity)
selleck1952_h2s,h2s,h2s_pts,h2s/normalized/h2s_points_normalized.csv,selleck1952:90,core,ancillary bank (derived / non-solubility quantity)
selleck1952_h2s,h2s,h2s_pts,h2s/normalized/h2s_points_normalized.csv,selleck1952:91,core,ancillary bank (derived / non-solubility quantity)
zezin2011_h2s,h2s,h2s_pts,h2s/normalized/h2s_points_normalized.csv,zezin2011:1,core,ancillary bank (derived / non-solubility quantity)
zezin2011_h2s,h2s,h2s_pts,h2s/normalized/h2s_points_normalized.csv,zezin2011:10,core,ancillary bank (derived / non-solubility quantity)
zezin2011_h2s,h2s,h2s_pts,h2s/normalized/h2s_points_normalized.csv,zezin2011:11,core,ancillary bank (derived / non-solubility quantity)
zezin2011_h2s,h2s,h2s_pts,h2s/normalized/h2s_points_normalized.csv,zezin2011:12,core,ancillary bank (derived / non-solubility quantity)
zezin2011_h2s,h2s,h2s_pts,h2s/normalized/h2s_points_normalized.csv,zezin2011:13,core,ancillary bank (derived / non-solubility quantity)
zezin2011_h2s,h2s,h2s_pts,h2s/normalized/h2s_points_normalized.csv,zezin2011:14,core,ancillary bank (derived / non-solubility quantity)
zezin2011_h2s,h2s,h2s_pts,h2s/normalized/h2s_points_normalized.csv,zezin2011:15,core,ancillary bank (derived / non-solubility quantity)
zezin2011_h2s,h2s,h2s_pts,h2s/normalized/h2s_points_normalized.csv,zezin2011:16,core,ancillary bank (derived / non-solubility quantity)
zezin2011_h2s,h2s,h2s_pts,h2s/normalized/h2s_points_normalized.csv,zezin2011:17,core,ancillary bank (derived / non-solubility quantity)
zezin2011_h2s,h2s,h2s_pts,h2s/normalized/h2s_points_normalized.csv,zezin2011:18,core,ancillary bank (derived / non-solubility quantity)
zezin2011_h2s,h2s,h2s_pts,h2s/normalized/h2s_points_normalized.csv,zezin2011:19,core,ancillary bank (derived / non-solubility quantity)
zezin2011_h2s,h2s,h2s_pts,h2s/normalized/h2s_points_normalized.csv,zezin2011:2,core,ancillary bank (derived / non-solubility quantity)
zezin2011_h2s,h2s,h2s_pts,h2s/normalized/h2s_points_normalized.csv,zezin2011:20,core,ancillary bank (derived / non-solubility quantity)
zezin2011_h2s,h2s,h2s_pts,h2s/normalized/h2s_points_normalized.csv,zezin2011:21,core,ancillary bank (derived / non-solubility quantity)
zezin2011_h2s,h2s,h2s_pts,h2s/normalized/h2s_points_normalized.csv,zezin2011:22,core,ancillary bank (derived / non-solubility quantity)
zezin2011_h2s,h2s,h2s_pts,h2s/normalized/h2s_points_normalized.csv,zezin2011:23,core,ancillary bank (derived / non-solubility quantity)
zezin2011_h2s,h2s,h2s_pts,h2s/normalized/h2s_points_normalized.csv,zezin2011:24,core,ancillary bank (derived / non-solubility quantity)
zezin2011_h2s,h2s,h2s_pts,h2s/normalized/h2s_points_normalized.csv,zezin2011:25,core,ancillary bank (derived / non-solubility quantity)
zezin2011_h2s,h2s,h2s_pts,h2s/normalized/h2s_points_normalized.csv,zezin2011:26,core,ancillary bank (derived / non-solubility quantity)
zezin2011_h2s,h2s,h2s_pts,h2s/normalized/h2s_points_normalized.csv,zezin2011:27,core,ancillary bank (derived / non-solubility quantity)
zezin2011_h2s,h2s,h2s_pts,h2s/normalized/h2s_points_normalized.csv,zezin2011:28,core,ancillary bank (derived / non-solubility quantity)
zezin2011_h2s,h2s,h2s_pts,h2s/normalized/h2s_points_normalized.csv,zezin2011:29,core,ancillary bank (derived / non-solubility quantity)
zezin2011_h2s,h2s,h2s_pts,h2s/normalized/h2s_points_normalized.csv,zezin2011:3,core,ancillary bank (derived / non-solubility quantity)
zezin2011_h2s,h2s,h2s_pts,h2s/normalized/h2s_points_normalized.csv,zezin2011:30,core,ancillary bank (derived / non-solubility quantity)
zezin2011_h2s,h2s,h2s_pts,h2s/normalized/h2s_points_normalized.csv,zezin2011:31,core,ancillary bank (derived / non-solubility quantity)
zezin2011_h2s,h2s,h2s_pts,h2s/normalized/h2s_points_normalized.csv,zezin2011:32,core,ancillary bank (derived / non-solubility quantity)
zezin2011_h2s,h2s,h2s_pts,h2s/normalized/h2s_points_normalized.csv,zezin2011:33,core,ancillary bank (derived / non-solubility quantity)
zezin2011_h2s,h2s,h2s_pts,h2s/normalized/h2s_points_normalized.csv,zezin2011:34,core,ancillary bank (derived / non-solubility quantity)
zezin2011_h2s,h2s,h2s_pts,h2s/normalized/h2s_points_normalized.csv,zezin2011:35,core,ancillary bank (derived / non-solubility quantity)
zezin2011_h2s,h2s,h2s_pts,h2s/normalized/h2s_points_normalized.csv,zezin2011:36,core,ancillary bank (derived / non-solubility quantity)
zezin2011_h2s,h2s,h2s_pts,h2s/normalized/h2s_points_normalized.csv,zezin2011:37,core,ancillary bank (derived / non-solubility quantity)
zezin2011_h2s,h2s,h2s_pts,h2s/normalized/h2s_points_normalized.csv,zezin2011:38,core,ancillary bank (derived / non-solubility quantity)
zezin2011_h2s,h2s,h2s_pts,h2s/normalized/h2s_points_normalized.csv,zezin2011:39,core,ancillary bank (derived / non-solubility quantity)
zezin2011_h2s,h2s,h2s_pts,h2s/normalized/h2s_points_normalized.csv,zezin2011:4,core,ancillary bank (derived / non-solubility quantity)
zezin2011_h2s,h2s,h2s_pts,h2s/normalized/h2s_points_normalized.csv,zezin2011:40,core,ancillary bank (derived / non-solubility quantity)
zezin2011_h2s,h2s,h2s_pts,h2s/normalized/h2s_points_normalized.csv,zezin2011:41,core,ancillary bank (derived / non-solubility quantity)
zezin2011_h2s,h2s,h2s_pts,h2s/normalized/h2s_points_normalized.csv,zezin2011:42,core,ancillary bank (derived / non-solubility quantity)
zezin2011_h2s,h2s,h2s_pts,h2s/normalized/h2s_points_normalized.csv,zezin2011:43,core,ancillary bank (derived / non-solubility quantity)
zezin2011_h2s,h2s,h2s_pts,h2s/normalized/h2s_points_normalized.csv,zezin2011:44,core,ancillary bank (derived / non-solubility quantity)
zezin2011_h2s,h2s,h2s_pts,h2s/normalized/h2s_points_normalized.csv,zezin2011:5,core,ancillary bank (derived / non-solubility quantity)
zezin2011_h2s,h2s,h2s_pts,h2s/normalized/h2s_points_normalized.csv,zezin2011:6,core,ancillary bank (derived / non-solubility quantity)
zezin2011_h2s,h2s,h2s_pts,h2s/normalized/h2s_points_normalized.csv,zezin2011:7,core,ancillary bank (derived / non-solubility quantity)
zezin2011_h2s,h2s,h2s_pts,h2s/normalized/h2s_points_normalized.csv,zezin2011:8,core,ancillary bank (derived / non-solubility quantity)
zezin2011_h2s,h2s,h2s_pts,h2s/normalized/h2s_points_normalized.csv,zezin2011:9,core,ancillary bank (derived / non-solubility quantity)
christoff1906_n2,n2,n2_pts,n2/normalized/n2_points_normalized.csv,n2_points_sds10_salt.csv:207,core,medium outside the database's scope (D70)
christoff1906_n2,n2,n2_pts,n2/normalized/n2_points_normalized.csv,n2_points_sds10_salt.csv:208,core,medium outside the database's scope (D70)
christoff1906_n2,n2,n2_pts,n2/normalized/n2_points_normalized.csv,n2_points_sds10_salt.csv:209,core,medium outside the database's scope (D70)
bohr1910_n2,n2,n2_pts,n2/normalized/n2_points_normalized.csv,n2_points_sds10_salt.csv:211,core,medium outside the database's scope (D70)
bohr1910_n2,n2,n2_pts,n2/normalized/n2_points_normalized.csv,n2_points_sds10_salt.csv:212,core,medium outside the database's scope (D70)
bohr1910_n2,n2,n2_pts,n2/normalized/n2_points_normalized.csv,n2_points_sds10_salt.csv:213,core,medium outside the database's scope (D70)
bohr1910_n2,n2,n2_pts,n2/normalized/n2_points_normalized.csv,n2_points_sds10_salt.csv:214,core,medium outside the database's scope (D70)
bohr1910_n2,n2,n2_pts,n2/normalized/n2_points_normalized.csv,n2_points_sds10_salt.csv:215,core,medium outside the database's scope (D70)
bohr1910_n2,n2,n2_pts,n2/normalized/n2_points_normalized.csv,n2_points_sds10_salt.csv:216,core,medium outside the database's scope (D70)
bohr1910_n2,n2,n2_pts,n2/normalized/n2_points_normalized.csv,n2_points_sds10_salt.csv:217,core,medium outside the database's scope (D70)
bohr1910_n2,n2,n2_pts,n2/normalized/n2_points_normalized.csv,n2_points_sds10_salt.csv:218,core,medium outside the database's scope (D70)
shapka1974_n2,n2,n2_pts,n2/normalized/n2_points_normalized.csv,n2_points_sds10_salt.csv:226,core,medium outside the database's scope (D70)
shapka1974_n2,n2,n2_pts,n2/normalized/n2_points_normalized.csv,n2_points_sds10_salt.csv:227,core,medium outside the database's scope (D70)
shapka1974_n2,n2,n2_pts,n2/normalized/n2_points_normalized.csv,n2_points_sds10_salt.csv:228,core,medium outside the database's scope (D70)
shapka1974_n2,n2,n2_pts,n2/normalized/n2_points_normalized.csv,n2_points_sds10_salt.csv:229,core,medium outside the database's scope (D70)
shapka1974_n2,n2,n2_pts,n2/normalized/n2_points_normalized.csv,n2_points_sds10_salt.csv:230,core,medium outside the database's scope (D70)
shapka1974_n2,n2,n2_pts,n2/normalized/n2_points_normalized.csv,n2_points_sds10_salt.csv:231,core,medium outside the database's scope (D70)
shapka1974_n2,n2,n2_pts,n2/normalized/n2_points_normalized.csv,n2_points_sds10_salt.csv:232,core,medium outside the database's scope (D70)
shapka1974_n2,n2,n2_pts,n2/normalized/n2_points_normalized.csv,n2_points_sds10_salt.csv:233,core,medium outside the database's scope (D70)
shapka1974_n2,n2,n2_pts,n2/normalized/n2_points_normalized.csv,n2_points_sds10_salt.csv:234,core,medium outside the database's scope (D70)
shapka1974_n2,n2,n2_pts,n2/normalized/n2_points_normalized.csv,n2_points_sds10_salt.csv:235,core,medium outside the database's scope (D70)
shapka1974_n2,n2,n2_pts,n2/normalized/n2_points_normalized.csv,n2_points_sds10_salt.csv:236,core,medium outside the database's scope (D70)
shapka1974_n2,n2,n2_pts,n2/normalized/n2_points_normalized.csv,n2_points_sds10_salt.csv:237,core,medium outside the database's scope (D70)
shapka1974_n2,n2,n2_pts,n2/normalized/n2_points_normalized.csv,n2_points_sds10_salt.csv:238,core,medium outside the database's scope (D70)
shapka1974_n2,n2,n2_pts,n2/normalized/n2_points_normalized.csv,n2_points_sds10_salt.csv:239,core,medium outside the database's scope (D70)
shapka1974_n2,n2,n2_pts,n2/normalized/n2_points_normalized.csv,n2_points_sds10_salt.csv:240,core,medium outside the database's scope (D70)
shapka1974_n2,n2,n2_pts,n2/normalized/n2_points_normalized.csv,n2_points_sds10_salt.csv:241,core,medium outside the database's scope (D70)
shapka1974_n2,n2,n2_pts,n2/normalized/n2_points_normalized.csv,n2_points_sds10_salt.csv:242,core,medium outside the database's scope (D70)
shapka1974_n2,n2,n2_pts,n2/normalized/n2_points_normalized.csv,n2_points_sds10_salt.csv:243,core,medium outside the database's scope (D70)
shapka1974_n2,n2,n2_pts,n2/normalized/n2_points_normalized.csv,n2_points_sds10_salt.csv:244,core,medium outside the database's scope (D70)
shapka1974_n2,n2,n2_pts,n2/normalized/n2_points_normalized.csv,n2_points_sds10_salt.csv:245,core,medium outside the database's scope (D70)
shapka1974_n2,n2,n2_pts,n2/normalized/n2_points_normalized.csv,n2_points_sds10_salt.csv:246,core,medium outside the database's scope (D70)
shapka1974_n2,n2,n2_pts,n2/normalized/n2_points_normalized.csv,n2_points_sds10_salt.csv:247,core,medium outside the database's scope (D70)
shapka1974_n2,n2,n2_pts,n2/normalized/n2_points_normalized.csv,n2_points_sds10_salt.csv:248,core,medium outside the database's scope (D70)
shapka1974_n2,n2,n2_pts,n2/normalized/n2_points_normalized.csv,n2_points_sds10_salt.csv:249,core,medium outside the database's scope (D70)
shapka1974_n2,n2,n2_pts,n2/normalized/n2_points_normalized.csv,n2_points_sds10_salt.csv:250,core,medium outside the database's scope (D70)
shapka1974_n2,n2,n2_pts,n2/normalized/n2_points_normalized.csv,n2_points_sds10_salt.csv:251,core,medium outside the database's scope (D70)
shapka1974_n2,n2,n2_pts,n2/normalized/n2_points_normalized.csv,n2_points_sds10_salt.csv:252,core,medium outside the database's scope (D70)
shapka1974_n2,n2,n2_pts,n2/normalized/n2_points_normalized.csv,n2_points_sds10_salt.csv:253,core,medium outside the database's scope (D70)
shapka1974_n2,n2,n2_pts,n2/normalized/n2_points_normalized.csv,n2_points_sds10_salt.csv:254,core,medium outside the database's scope (D70)
shapka1974_n2,n2,n2_pts,n2/normalized/n2_points_normalized.csv,n2_points_sds10_salt.csv:255,core,medium outside the database's scope (D70)
shapka1974_n2,n2,n2_pts,n2/normalized/n2_points_normalized.csv,n2_points_sds10_salt.csv:256,core,medium outside the database's scope (D70)
shapka1974_n2,n2,n2_pts,n2/normalized/n2_points_normalized.csv,n2_points_sds10_salt.csv:257,core,medium outside the database's scope (D70)
shapka1974_n2,n2,n2_pts,n2/normalized/n2_points_normalized.csv,n2_points_sds10_salt.csv:258,core,medium outside the database's scope (D70)
shkolnikova1959_n2,n2,n2_pts,n2/normalized/n2_points_normalized.csv,n2_points_sds10_salt.csv:259,core,medium outside the database's scope (D70)
shkolnikova1959_n2,n2,n2_pts,n2/normalized/n2_points_normalized.csv,n2_points_sds10_salt.csv:260,core,medium outside the database's scope (D70)
shkolnikova1959_n2,n2,n2_pts,n2/normalized/n2_points_normalized.csv,n2_points_sds10_salt.csv:261,core,medium outside the database's scope (D70)
shkolnikova1959_n2,n2,n2_pts,n2/normalized/n2_points_normalized.csv,n2_points_sds10_salt.csv:262,core,medium outside the database's scope (D70)
shkolnikova1959_n2,n2,n2_pts,n2/normalized/n2_points_normalized.csv,n2_points_sds10_salt.csv:263,core,medium outside the database's scope (D70)
shkolnikova1959_n2,n2,n2_pts,n2/normalized/n2_points_normalized.csv,n2_points_sds10_salt.csv:264,core,medium outside the database's scope (D70)
shkolnikova1959_n2,n2,n2_pts,n2/normalized/n2_points_normalized.csv,n2_points_sds10_salt.csv:265,core,medium outside the database's scope (D70)
shkolnikova1959_n2,n2,n2_pts,n2/normalized/n2_points_normalized.csv,n2_points_sds10_salt.csv:266,core,medium outside the database's scope (D70)
shkolnikova1959_n2,n2,n2_pts,n2/normalized/n2_points_normalized.csv,n2_points_sds10_salt.csv:267,core,medium outside the database's scope (D70)
shkolnikova1959_n2,n2,n2_pts,n2/normalized/n2_points_normalized.csv,n2_points_sds10_salt.csv:268,core,medium outside the database's scope (D70)
shkolnikova1959_n2,n2,n2_pts,n2/normalized/n2_points_normalized.csv,n2_points_sds10_salt.csv:269,core,medium outside the database's scope (D70)
shkolnikova1959_n2,n2,n2_pts,n2/normalized/n2_points_normalized.csv,n2_points_sds10_salt.csv:270,core,medium outside the database's scope (D70)
shkolnikova1959_n2,n2,n2_pts,n2/normalized/n2_points_normalized.csv,n2_points_sds10_salt.csv:271,core,medium outside the database's scope (D70)
shkolnikova1959_n2,n2,n2_pts,n2/normalized/n2_points_normalized.csv,n2_points_sds10_salt.csv:272,core,medium outside the database's scope (D70)
shkolnikova1959_n2,n2,n2_pts,n2/normalized/n2_points_normalized.csv,n2_points_sds10_salt.csv:273,core,medium outside the database's scope (D70)
levinastsibarovskaya1939_n2,n2,n2_pts,n2/normalized/n2_points_normalized.csv,n2_points_sds10_salt.csv:313,core,medium outside the database's scope (D70)
levinastsibarovskaya1939_n2,n2,n2_pts,n2/normalized/n2_points_normalized.csv,n2_points_sds10_salt.csv:314,core,medium outside the database's scope (D70)
levinastsibarovskaya1939_n2,n2,n2_pts,n2/normalized/n2_points_normalized.csv,n2_points_sds10_salt.csv:315,core,medium outside the database's scope (D70)
levinastsibarovskaya1939_n2,n2,n2_pts,n2/normalized/n2_points_normalized.csv,n2_points_sds10_salt.csv:316,core,medium outside the database's scope (D70)
levinastsibarovskaya1939_n2,n2,n2_pts,n2/normalized/n2_points_normalized.csv,n2_points_sds10_salt.csv:321,core,medium outside the database's scope (D70)
levinastsibarovskaya1939_n2,n2,n2_pts,n2/normalized/n2_points_normalized.csv,n2_points_sds10_salt.csv:322,core,medium outside the database's scope (D70)
levinastsibarovskaya1939_n2,n2,n2_pts,n2/normalized/n2_points_normalized.csv,n2_points_sds10_salt.csv:323,core,medium outside the database's scope (D70)
levinastsibarovskaya1939_n2,n2,n2_pts,n2/normalized/n2_points_normalized.csv,n2_points_sds10_salt.csv:324,core,medium outside the database's scope (D70)
levinastsibarovskaya1939_n2,n2,n2_pts,n2/normalized/n2_points_normalized.csv,n2_points_sds10_salt.csv:329,core,medium outside the database's scope (D70)
levinastsibarovskaya1939_n2,n2,n2_pts,n2/normalized/n2_points_normalized.csv,n2_points_sds10_salt.csv:330,core,medium outside the database's scope (D70)
levinastsibarovskaya1939_n2,n2,n2_pts,n2/normalized/n2_points_normalized.csv,n2_points_sds10_salt.csv:331,core,medium outside the database's scope (D70)
levinastsibarovskaya1939_n2,n2,n2_pts,n2/normalized/n2_points_normalized.csv,n2_points_sds10_salt.csv:332,core,medium outside the database's scope (D70)
levinastsibarovskaya1939_n2,n2,n2_pts,n2/normalized/n2_points_normalized.csv,n2_points_sds10_salt.csv:337,core,medium outside the database's scope (D70)
levinastsibarovskaya1939_n2,n2,n2_pts,n2/normalized/n2_points_normalized.csv,n2_points_sds10_salt.csv:338,core,medium outside the database's scope (D70)
levinastsibarovskaya1939_n2,n2,n2_pts,n2/normalized/n2_points_normalized.csv,n2_points_sds10_salt.csv:339,core,medium outside the database's scope (D70)
levinastsibarovskaya1939_n2,n2,n2_pts,n2/normalized/n2_points_normalized.csv,n2_points_sds10_salt.csv:340,core,medium outside the database's scope (D70)
levinastsibarovskaya1939_n2,n2,n2_pts,n2/normalized/n2_points_normalized.csv,n2_points_sds10_salt.csv:345,core,medium outside the database's scope (D70)
levinastsibarovskaya1939_n2,n2,n2_pts,n2/normalized/n2_points_normalized.csv,n2_points_sds10_salt.csv:346,core,medium outside the database's scope (D70)
levinastsibarovskaya1939_n2,n2,n2_pts,n2/normalized/n2_points_normalized.csv,n2_points_sds10_salt.csv:347,core,medium outside the database's scope (D70)
levinastsibarovskaya1939_n2,n2,n2_pts,n2/normalized/n2_points_normalized.csv,n2_points_sds10_salt.csv:348,core,medium outside the database's scope (D70)
levinastsibarovskaya1939_n2,n2,n2_pts,n2/normalized/n2_points_normalized.csv,n2_points_sds10_salt.csv:353,core,medium outside the database's scope (D70)
levinastsibarovskaya1939_n2,n2,n2_pts,n2/normalized/n2_points_normalized.csv,n2_points_sds10_salt.csv:354,core,medium outside the database's scope (D70)
levinastsibarovskaya1939_n2,n2,n2_pts,n2/normalized/n2_points_normalized.csv,n2_points_sds10_salt.csv:355,core,medium outside the database's scope (D70)
levinastsibarovskaya1939_n2,n2,n2_pts,n2/normalized/n2_points_normalized.csv,n2_points_sds10_salt.csv:356,core,medium outside the database's scope (D70)
levinastsibarovskaya1939_n2,n2,n2_pts,n2/normalized/n2_points_normalized.csv,n2_points_sds10_salt.csv:361,core,medium outside the database's scope (D70)
levinastsibarovskaya1939_n2,n2,n2_pts,n2/normalized/n2_points_normalized.csv,n2_points_sds10_salt.csv:362,core,medium outside the database's scope (D70)
levinastsibarovskaya1939_n2,n2,n2_pts,n2/normalized/n2_points_normalized.csv,n2_points_sds10_salt.csv:363,core,medium outside the database's scope (D70)
levinastsibarovskaya1939_n2,n2,n2_pts,n2/normalized/n2_points_normalized.csv,n2_points_sds10_salt.csv:364,core,medium outside the database's scope (D70)
levinastsibarovskaya1939_n2,n2,n2_pts,n2/normalized/n2_points_normalized.csv,n2_points_sds10_salt.csv:369,core,medium outside the database's scope (D70)
levinastsibarovskaya1939_n2,n2,n2_pts,n2/normalized/n2_points_normalized.csv,n2_points_sds10_salt.csv:370,core,medium outside the database's scope (D70)
levinastsibarovskaya1939_n2,n2,n2_pts,n2/normalized/n2_points_normalized.csv,n2_points_sds10_salt.csv:371,core,medium outside the database's scope (D70)
levinastsibarovskaya1939_n2,n2,n2_pts,n2/normalized/n2_points_normalized.csv,n2_points_sds10_salt.csv:372,core,medium outside the database's scope (D70)
levinastsibarovskaya1939_n2,n2,n2_pts,n2/normalized/n2_points_normalized.csv,n2_points_sds10_salt.csv:377,core,medium outside the database's scope (D70)
levinastsibarovskaya1939_n2,n2,n2_pts,n2/normalized/n2_points_normalized.csv,n2_points_sds10_salt.csv:378,core,medium outside the database's scope (D70)
levinastsibarovskaya1939_n2,n2,n2_pts,n2/normalized/n2_points_normalized.csv,n2_points_sds10_salt.csv:379,core,medium outside the database's scope (D70)
levinastsibarovskaya1939_n2,n2,n2_pts,n2/normalized/n2_points_normalized.csv,n2_points_sds10_salt.csv:380,core,medium outside the database's scope (D70)
levinastsibarovskaya1939_n2,n2,n2_pts,n2/normalized/n2_points_normalized.csv,n2_points_sds10_salt.csv:385,core,medium outside the database's scope (D70)
levinastsibarovskaya1939_n2,n2,n2_pts,n2/normalized/n2_points_normalized.csv,n2_points_sds10_salt.csv:386,core,medium outside the database's scope (D70)
levinastsibarovskaya1939_n2,n2,n2_pts,n2/normalized/n2_points_normalized.csv,n2_points_sds10_salt.csv:387,core,medium outside the database's scope (D70)
levinastsibarovskaya1939_n2,n2,n2_pts,n2/normalized/n2_points_normalized.csv,n2_points_sds10_salt.csv:388,core,medium outside the database's scope (D70)
kobekenton1938_n2,n2,n2_pts,n2/normalized/n2_points_normalized.csv,n2_points_sds10_salt.csv:648,core,medium outside the database's scope (D70)
kobekenton1938_n2,n2,n2_pts,n2/normalized/n2_points_normalized.csv,n2_points_sds10_salt.csv:649,core,medium outside the database's scope (D70)
kobekenton1938_n2,n2,n2_pts,n2/normalized/n2_points_normalized.csv,n2_points_sds10_salt.csv:656,core,medium outside the database's scope (D70)
muromachi2017_n2,n2,n2_pts,n2/normalized/n2_points_normalized.csv,n2_points_thermoml.csv:1,core,medium outside the database's scope (D70)
muromachi2017_n2,n2,n2_pts,n2/normalized/n2_points_normalized.csv,n2_points_thermoml.csv:2,core,medium outside the database's scope (D70)
muromachi2017_n2,n2,n2_pts,n2/normalized/n2_points_normalized.csv,n2_points_thermoml.csv:3,core,medium outside the database's scope (D70)
muromachi2017_n2,n2,n2_pts,n2/normalized/n2_points_normalized.csv,n2_points_thermoml.csv:4,core,medium outside the database's scope (D70)
muromachi2017_n2,n2,n2_pts,n2/normalized/n2_points_normalized.csv,n2_points_thermoml.csv:5,core,medium outside the database's scope (D70)
muromachi2017_n2,n2,n2_pts,n2/normalized/n2_points_normalized.csv,n2_points_thermoml.csv:6,core,medium outside the database's scope (D70)
muromachi2017_n2,n2,n2_pts,n2/normalized/n2_points_normalized.csv,n2_points_thermoml.csv:7,core,medium outside the database's scope (D70)
muromachi2017_n2,n2,n2_pts,n2/normalized/n2_points_normalized.csv,n2_points_thermoml.csv:8,core,medium outside the database's scope (D70)
muromachi2017_n2,n2,n2_pts,n2/normalized/n2_points_normalized.csv,n2_points_thermoml.csv:9,core,medium outside the database's scope (D70)
